2025-09-10 23:36:43,675 - INFO - [scripts.law.logic.url_checker] - URL 유효성 검증 성공: https://www.law.go.kr/LSW/lsAstSc.do?tabMenuId=437&cptOfiCd=1352000
2025-09-10 23:36:45,401 - INFO - [scripts.law.logic.list_scraper] - 목록 페이지로 이동 중: https://www.law.go.kr/LSW/lsAstSc.do?tabMenuId=437&cptOfiCd=1352000
2025-09-10 23:36:46,773 - INFO - [scripts.law.logic.list_scraper] - 총 8 페이지를 확인했습니다.
2025-09-10 23:36:46,773 - INFO - [scripts.law.logic.list_scraper] - --- 1 / 8 페이지 처리 중 ---
2025-09-10 23:36:46,853 - INFO - [scripts.law.logic.list_scraper] -   - 발견: 의료법
2025-09-10 23:36:46,863 - INFO - [scripts.law.logic.list_scraper] -   - 발견: 의료법
2025-09-10 23:36:46,872 - INFO - [scripts.law.logic.list_scraper] -   - 발견: 의료법 시행령
2025-09-10 23:36:46,882 - INFO - [scripts.law.logic.list_scraper] -   - 발견: 의료법 시행규칙
2025-09-10 23:36:46,898 - INFO - [scripts.law.logic.list_scraper] -   - 발견: 의료법
2025-09-10 23:36:46,911 - INFO - [scripts.law.logic.list_scraper] -   - 발견: 노인복지법 시행규칙
2025-09-10 23:36:46,923 - INFO - [scripts.law.logic.list_scraper] -   - 발견: 노인복지법
2025-09-10 23:36:46,940 - INFO - [scripts.law.logic.list_scraper] -   - 발견: 노인복지법
2025-09-10 23:36:46,954 - INFO - [scripts.law.logic.list_scraper] -   - 발견: 노인복지법
2025-09-10 23:36:46,967 - INFO - [scripts.law.logic.list_scraper] -   - 발견: 노인복지법
2025-09-10 23:36:46,980 - INFO - [scripts.law.logic.list_scraper] -   - 발견: 노인복지법
2025-09-10 23:36:46,988 - INFO - [scripts.law.logic.list_scraper] -   - 발견: 국민건강증진법
2025-09-10 23:36:46,999 - INFO - [scripts.law.logic.list_scraper] -   - 발견: 노인복지법 시행령
2025-09-10 23:36:47,010 - INFO - [scripts.law.logic.list_scraper] -   - 발견: 국민건강증진법
2025-09-10 23:36:47,018 - INFO - [scripts.law.logic.list_scraper] -   - 발견: 국민건강증진법
2025-09-10 23:36:47,044 - INFO - [scripts.law.logic.list_scraper] -   - 발견: 노인장기요양보험법
2025-09-10 23:36:47,070 - INFO - [scripts.law.logic.list_scraper] -   - 발견: 국민건강증진법 시행령
2025-09-10 23:36:47,077 - INFO - [scripts.law.logic.list_scraper] -   - 발견: 노인장기요양보험법 시행령
2025-09-10 23:36:47,095 - INFO - [scripts.law.logic.list_scraper] -   - 발견: 노인장기요양보험법 시행규칙
2025-09-10 23:36:47,102 - INFO - [scripts.law.logic.list_scraper] -   - 발견: 아동복지법 시행령
2025-09-10 23:36:47,111 - INFO - [scripts.law.logic.list_scraper] -   - 발견: 국민건강증진법 시행규칙
2025-09-10 23:36:47,117 - INFO - [scripts.law.logic.list_scraper] -   - 발견: 국민건강증진법
2025-09-10 23:36:47,134 - INFO - [scripts.law.logic.list_scraper] -   - 발견: 약사법 시행령
2025-09-10 23:36:47,144 - INFO - [scripts.law.logic.list_scraper] -   - 발견: 생명윤리 및 안전에 관한 법률 시행규칙
2025-09-10 23:36:47,151 - INFO - [scripts.law.logic.list_scraper] -   - 발견: 약사법
2025-09-10 23:36:47,157 - INFO - [scripts.law.logic.list_scraper] -   - 발견: 생명윤리 및 안전에 관한 법률
2025-09-10 23:36:47,170 - INFO - [scripts.law.logic.list_scraper] -   - 발견: 약사법 시행규칙
2025-09-10 23:36:47,180 - INFO - [scripts.law.logic.list_scraper] -   - 발견: 생명윤리 및 안전에 관한 법률 시행규칙
2025-09-10 23:36:47,188 - INFO - [scripts.law.logic.list_scraper] -   - 발견: 아동복지법
2025-09-10 23:36:47,194 - INFO - [scripts.law.logic.list_scraper] -   - 발견: 아동복지법 시행규칙
2025-09-10 23:36:47,200 - INFO - [scripts.law.logic.list_scraper] -   - 발견: 약사법
2025-09-10 23:36:47,204 - INFO - [scripts.law.logic.list_scraper] -   - 발견: 아동복지법
2025-09-10 23:36:47,212 - INFO - [scripts.law.logic.list_scraper] -   - 발견: 아동복지법
2025-09-10 23:36:47,224 - INFO - [scripts.law.logic.list_scraper] -   - 발견: 약사법 시행규칙
2025-09-10 23:36:47,233 - INFO - [scripts.law.logic.list_scraper] -   - 발견: 생명윤리 및 안전에 관한 법률 시행령
2025-09-10 23:36:47,241 - INFO - [scripts.law.logic.list_scraper] -   - 발견: 국민건강보험법 시행령
2025-09-10 23:36:47,248 - INFO - [scripts.law.logic.list_scraper] -   - 발견: 보건의료기술 진흥법 시행령
2025-09-10 23:36:47,255 - INFO - [scripts.law.logic.list_scraper] -   - 발견: 사회복지사업법 시행규칙
2025-09-10 23:36:47,274 - INFO - [scripts.law.logic.list_scraper] -   - 발견: 응급의료에 관한 법률
2025-09-10 23:36:47,285 - INFO - [scripts.law.logic.list_scraper] -   - 발견: 응급의료에 관한 법률
2025-09-10 23:36:47,290 - INFO - [scripts.law.logic.list_scraper] -   - 발견: 사회복지사 등의 처우 및 지위 향상을 위한 법률 시행령
2025-09-10 23:36:47,296 - INFO - [scripts.law.logic.list_scraper] -   - 발견: 호스피스ㆍ완화의료 및 임종과정에 있는 환자의 연명의료결정에 관한 법률 시행령
2025-09-10 23:36:47,305 - INFO - [scripts.law.logic.list_scraper] -   - 발견: 호스피스ㆍ완화의료 및 임종과정에 있는 환자의 연명의료결정에 관한 법률
2025-09-10 23:36:47,322 - INFO - [scripts.law.logic.list_scraper] -   - 발견: 장애인복지법 시행규칙
2025-09-10 23:36:47,333 - INFO - [scripts.law.logic.list_scraper] -   - 발견: 장애인ㆍ노인ㆍ임산부 등의 편의증진 보장에 관한 법률 시행규칙
2025-09-10 23:36:47,339 - INFO - [scripts.law.logic.list_scraper] -   - 발견: 호스피스ㆍ완화의료 및 임종과정에 있는 환자의 연명의료결정에 관한 법률
2025-09-10 23:36:47,348 - INFO - [scripts.law.logic.list_scraper] -   - 발견: 응급의료에 관한 법률 시행령
2025-09-10 23:36:47,354 - INFO - [scripts.law.logic.list_scraper] -   - 발견: 사회복지사업법
2025-09-10 23:36:47,370 - INFO - [scripts.law.logic.list_scraper] -   - 발견: 사회복지사 등의 처우 및 지위 향상을 위한 법률
2025-09-10 23:36:47,380 - INFO - [scripts.law.logic.list_scraper] -   - 발견: 장애인ㆍ노인ㆍ임산부 등의 편의증진 보장에 관한 법률 시행령
2025-09-10 23:36:47,380 - INFO - [scripts.law.logic.list_scraper] - --- 2 / 8 페이지 처리 중 ---
2025-09-10 23:36:47,380 - INFO - [scripts.law.logic.list_scraper] - 2 페이지로 이동합니다...
2025-09-10 23:36:47,522 - INFO - [scripts.law.logic.list_scraper] - 페이지 이동 완료.
2025-09-10 23:36:47,570 - INFO - [scripts.law.logic.list_scraper] -   - 발견: 장애인복지법
2025-09-10 23:36:47,575 - INFO - [scripts.law.logic.list_scraper] -   - 발견: 사회복지사업법
2025-09-10 23:36:47,589 - INFO - [scripts.law.logic.list_scraper] -   - 발견: 국민건강보험법 시행규칙
2025-09-10 23:36:47,598 - INFO - [scripts.law.logic.list_scraper] -   - 발견: 공중위생관리법 시행규칙
2025-09-10 23:36:47,608 - INFO - [scripts.law.logic.list_scraper] -   - 발견: 장애아동 복지지원법 시행규칙
2025-09-10 23:36:47,625 - INFO - [scripts.law.logic.list_scraper] -   - 발견: 공중위생관리법 시행령
2025-09-10 23:36:47,635 - INFO - [scripts.law.logic.list_scraper] -   - 발견: 응급의료에 관한 법률
2025-09-10 23:36:47,645 - INFO - [scripts.law.logic.list_scraper] -   - 발견: 장애인복지법 시행령
2025-09-10 23:36:47,658 - INFO - [scripts.law.logic.list_scraper] -   - 발견: 호스피스ㆍ완화의료 및 임종과정에 있는 환자의 연명의료결정에 관한 법률 시행규칙
2025-09-10 23:36:47,669 - INFO - [scripts.law.logic.list_scraper] -   - 발견: 국민건강보험법
2025-09-10 23:36:47,678 - INFO - [scripts.law.logic.list_scraper] -   - 발견: 응급의료에 관한 법률 시행규칙
2025-09-10 23:36:47,684 - INFO - [scripts.law.logic.list_scraper] -   - 발견: 장애인ㆍ노인ㆍ임산부 등의 편의증진 보장에 관한 법률
2025-09-10 23:36:47,696 - INFO - [scripts.law.logic.list_scraper] -   - 발견: 응급의료에 관한 법률
2025-09-10 23:36:47,712 - INFO - [scripts.law.logic.list_scraper] -   - 발견: 장애인ㆍ노인ㆍ임산부 등의 편의증진 보장에 관한 법률
2025-09-10 23:36:47,720 - INFO - [scripts.law.logic.list_scraper] -   - 발견: 장애인복지법
2025-09-10 23:36:47,729 - INFO - [scripts.law.logic.list_scraper] -   - 발견: 국민건강보험 요양급여의 기준에 관한 규칙
2025-09-10 23:36:47,736 - INFO - [scripts.law.logic.list_scraper] -   - 발견: 장애아동 복지지원법 시행령
2025-09-10 23:36:47,753 - INFO - [scripts.law.logic.list_scraper] -   - 발견: 국민기초생활 보장법 시행령
2025-09-10 23:36:47,773 - INFO - [scripts.law.logic.list_scraper] -   - 발견: 공중위생관리법
2025-09-10 23:36:47,789 - INFO - [scripts.law.logic.list_scraper] -   - 발견: 사회복지사업법 시행령
2025-09-10 23:36:47,804 - INFO - [scripts.law.logic.list_scraper] -   - 발견: 국민기초생활 보장법
2025-09-10 23:36:47,816 - INFO - [scripts.law.logic.list_scraper] -   - 발견: 장애아동 복지지원법
2025-09-10 23:36:47,833 - INFO - [scripts.law.logic.list_scraper] -   - 발견: 장애아동 복지지원법
2025-09-10 23:36:47,844 - INFO - [scripts.law.logic.list_scraper] -   - 발견: 장애인복지법
2025-09-10 23:36:47,852 - INFO - [scripts.law.logic.list_scraper] -   - 발견: 국민기초생활 보장법 시행규칙
2025-09-10 23:36:47,868 - INFO - [scripts.law.logic.list_scraper] -   - 발견: 가족돌봄 등 위기아동ㆍ청년 지원에 관한 법률
2025-09-10 23:36:47,878 - INFO - [scripts.law.logic.list_scraper] -   - 발견: 노숙인 등의 복지 및 자립지원에 관한 법률
2025-09-10 23:36:47,887 - INFO - [scripts.law.logic.list_scraper] -   - 발견: 마약류 관리에 관한 법률
2025-09-10 23:36:47,898 - INFO - [scripts.law.logic.list_scraper] -   - 발견: 재난적의료비 지원에 관한 법률 시행령
2025-09-10 23:36:47,910 - INFO - [scripts.law.logic.list_scraper] -   - 발견: 국제입양에 관한 법률
2025-09-10 23:36:47,932 - INFO - [scripts.law.logic.list_scraper] -   - 발견: 장애인활동 지원에 관한 법률 시행령
2025-09-10 23:36:48,124 - INFO - [scripts.law.logic.list_scraper] -   - 발견: 전문간호사 자격인정 등에 관한 규칙
2025-09-10 23:36:48,214 - INFO - [scripts.law.logic.list_scraper] -   - 발견: 발달장애인 권리보장 및 지원에 관한 법률 시행규칙
2025-09-10 23:36:48,221 - INFO - [scripts.law.logic.list_scraper] -   - 발견: 저출산ㆍ고령사회기본법 시행령
2025-09-10 23:36:48,235 - INFO - [scripts.law.logic.list_scraper] -   - 발견: 의료기사 등에 관한 법률
2025-09-10 23:36:48,272 - INFO - [scripts.law.logic.list_scraper] -   - 발견: 장애인 건강권 및 의료접근성 보장에 관한 법률
2025-09-10 23:36:48,281 - INFO - [scripts.law.logic.list_scraper] -   - 발견: 전문의의 수련 및 자격 인정 등에 관한 규정 시행규칙
2025-09-10 23:36:48,292 - INFO - [scripts.law.logic.list_scraper] -   - 발견: 장애인활동 지원에 관한 법률 시행규칙
2025-09-10 23:36:48,302 - INFO - [scripts.law.logic.list_scraper] -   - 발견: 자살예방 및 생명존중문화 조성을 위한 법률 시행규칙
2025-09-10 23:36:48,314 - INFO - [scripts.law.logic.list_scraper] -   - 발견: 지역보건법 시행령
2025-09-10 23:36:48,336 - INFO - [scripts.law.logic.list_scraper] -   - 발견: 장애인 건강권 및 의료접근성 보장에 관한 법률 시행령
2025-09-10 23:36:48,361 - INFO - [scripts.law.logic.list_scraper] -   - 발견: 심뇌혈관질환의 예방 및 관리에 관한 법률 시행규칙
2025-09-10 23:36:48,368 - INFO - [scripts.law.logic.list_scraper] -   - 발견: 장애인차별금지 및 권리구제 등에 관한 법률
2025-09-10 23:36:48,379 - INFO - [scripts.law.logic.list_scraper] -   - 발견: 보건복지부 소관 비상대비에 관한 법률 시행규칙
2025-09-10 23:36:48,394 - INFO - [scripts.law.logic.list_scraper] -   - 발견: 장애인연금법
2025-09-10 23:36:48,408 - INFO - [scripts.law.logic.list_scraper] -   - 발견: 한국보건의료인국가시험원법 시행령
2025-09-10 23:36:48,421 - INFO - [scripts.law.logic.list_scraper] -   - 발견: 보건의료인력지원법
2025-09-10 23:36:48,428 - INFO - [scripts.law.logic.list_scraper] -   - 발견: 보건의료기본법
2025-09-10 23:36:48,437 - INFO - [scripts.law.logic.list_scraper] -   - 발견: 사회서비스 지원 및 사회서비스원 설립ㆍ운영에 관한 법률
2025-09-10 23:36:48,448 - INFO - [scripts.law.logic.list_scraper] -   - 발견: 장기등 이식에 관한 법률
2025-09-10 23:36:48,448 - INFO - [scripts.law.logic.list_scraper] - --- 3 / 8 페이지 처리 중 ---
2025-09-10 23:36:48,448 - INFO - [scripts.law.logic.list_scraper] - 3 페이지로 이동합니다...
2025-09-10 23:36:48,588 - INFO - [scripts.law.logic.list_scraper] - 페이지 이동 완료.
2025-09-10 23:36:48,649 - INFO - [scripts.law.logic.list_scraper] -   - 발견: 발달장애인 권리보장 및 지원에 관한 법률
2025-09-10 23:36:48,660 - INFO - [scripts.law.logic.list_scraper] -   - 발견: 감염병의 예방 및 관리에 관한 법률 시행규칙
2025-09-10 23:36:48,666 - INFO - [scripts.law.logic.list_scraper] -   - 발견: 농어촌주민의 보건복지 증진을 위한 특별법 시행령
2025-09-10 23:36:48,672 - INFO - [scripts.law.logic.list_scraper] -   - 발견: 정신건강증진 및 정신질환자 복지서비스 지원에 관한 법률 시행령
2025-09-10 23:36:48,679 - INFO - [scripts.law.logic.list_scraper] -   - 발견: 모자보건법 시행령
2025-09-10 23:36:48,689 - INFO - [scripts.law.logic.list_scraper] -   - 발견: 보건의료인력지원법
2025-09-10 23:36:48,697 - INFO - [scripts.law.logic.list_scraper] -   - 발견: 희귀질환관리법 시행령
2025-09-10 23:36:48,706 - INFO - [scripts.law.logic.list_scraper] -   - 발견: 공중보건장학을 위한 특례법 시행규칙
2025-09-10 23:36:48,714 - INFO - [scripts.law.logic.list_scraper] -   - 발견: 농어촌 등 보건의료를 위한 특별조치법
2025-09-10 23:36:48,721 - INFO - [scripts.law.logic.list_scraper] -   - 발견: 국민영양관리법 시행규칙
2025-09-10 23:36:48,730 - INFO - [scripts.law.logic.list_scraper] -   - 발견: 장사 등에 관한 법률 시행령
2025-09-10 23:36:48,734 - INFO - [scripts.law.logic.list_scraper] -   - 발견: 특수의료장비의 설치 및 운영에 관한 규칙
2025-09-10 23:36:48,738 - INFO - [scripts.law.logic.list_scraper] -   - 발견: 상급종합병원의 지정 및 평가에 관한 규칙
2025-09-10 23:36:48,744 - INFO - [scripts.law.logic.list_scraper] -   - 발견: 노인 일자리 및 사회활동 지원에 관한 법률 시행규칙
2025-09-10 23:36:48,749 - INFO - [scripts.law.logic.list_scraper] -   - 발견: 전문의의 수련 및 자격 인정 등에 관한 규정
2025-09-10 23:36:48,755 - INFO - [scripts.law.logic.list_scraper] -   - 발견: 위기 임신 및 보호출산 지원과 아동 보호에 관한 특별법 시행령
2025-09-10 23:36:48,760 - INFO - [scripts.law.logic.list_scraper] -   - 발견: 국민영양관리법
2025-09-10 23:36:48,765 - INFO - [scripts.law.logic.list_scraper] -   - 발견: 공공보건의료에 관한 법률
2025-09-10 23:36:48,769 - INFO - [scripts.law.logic.list_scraper] -   - 발견: 공공보건의료에 관한 법률 시행령
2025-09-10 23:36:48,775 - INFO - [scripts.law.logic.list_scraper] -   - 발견: 보건복지부 및 질병관리청 소관 비영리법인의 설립 및 감독에 관한 규칙
2025-09-10 23:36:48,780 - INFO - [scripts.law.logic.list_scraper] -   - 발견: 국립중앙의료원의 설립 및 운영에 관한 법률 시행령
2025-09-10 23:36:48,786 - INFO - [scripts.law.logic.list_scraper] -   - 발견: 한국보건산업진흥원법 시행령
2025-09-10 23:36:48,790 - INFO - [scripts.law.logic.list_scraper] -   - 발견: 천연물신약 연구개발 촉진법 시행령
2025-09-10 23:36:48,796 - INFO - [scripts.law.logic.list_scraper] -   - 발견: 대한노인회 지원에 관한 법률 시행령
2025-09-10 23:36:48,800 - INFO - [scripts.law.logic.list_scraper] -   - 발견: 농어촌주민의 보건복지 증진을 위한 특별법
2025-09-10 23:36:48,805 - INFO - [scripts.law.logic.list_scraper] -   - 발견: 마약류 관리에 관한 법률
2025-09-10 23:36:48,811 - INFO - [scripts.law.logic.list_scraper] -   - 발견: 감염병의 예방 및 관리에 관한 법률 시행령
2025-09-10 23:36:48,815 - INFO - [scripts.law.logic.list_scraper] -   - 발견: 장애인연금법 시행규칙
2025-09-10 23:36:48,819 - INFO - [scripts.law.logic.list_scraper] -   - 발견: 국내입양에 관한 특별법
2025-09-10 23:36:48,824 - INFO - [scripts.law.logic.list_scraper] -   - 발견: 마약류 관리에 관한 법률
2025-09-10 23:36:48,829 - INFO - [scripts.law.logic.list_scraper] -   - 발견: 의료유사업자에 관한 규칙
2025-09-10 23:36:48,835 - INFO - [scripts.law.logic.list_scraper] -   - 발견: 사회보장기본법 시행령
2025-09-10 23:36:48,845 - INFO - [scripts.law.logic.list_scraper] -   - 발견: 지역보건법
2025-09-10 23:36:48,853 - INFO - [scripts.law.logic.list_scraper] -   - 발견: 장기등 이식에 관한 법률 시행령
2025-09-10 23:36:48,858 - INFO - [scripts.law.logic.list_scraper] -   - 발견: 건강검진기본법 시행규칙
2025-09-10 23:36:48,873 - INFO - [scripts.law.logic.list_scraper] -   - 발견: 첨단재생의료 및 첨단바이오의약품 안전 및 지원에 관한 법률 시행령
2025-09-10 23:36:48,887 - INFO - [scripts.law.logic.list_scraper] -   - 발견: 노후준비 지원법 시행령
2025-09-10 23:36:48,905 - INFO - [scripts.law.logic.list_scraper] -   - 발견: 장애인활동 지원에 관한 법률
2025-09-10 23:36:48,926 - INFO - [scripts.law.logic.list_scraper] -   - 발견: 노인 일자리 및 사회활동 지원에 관한 법률
2025-09-10 23:36:48,945 - INFO - [scripts.law.logic.list_scraper] -   - 발견: 의료 해외진출 및 외국인환자 유치 지원에 관한 법률 시행령
2025-09-10 23:36:48,954 - INFO - [scripts.law.logic.list_scraper] -   - 발견: 첨단의료복합단지 육성에 관한 특별법
2025-09-10 23:36:48,961 - INFO - [scripts.law.logic.list_scraper] -   - 발견: 치매관리법 시행규칙
2025-09-10 23:36:48,975 - INFO - [scripts.law.logic.list_scraper] -   - 발견: 장애인ㆍ노인 등을 위한 보조기기 지원 및 활용촉진에 관한 법률 시행규칙
2025-09-10 23:36:48,982 - INFO - [scripts.law.logic.list_scraper] -   - 발견: 기초연금법 시행령
2025-09-10 23:36:48,993 - INFO - [scripts.law.logic.list_scraper] -   - 발견: 한국국제보건의료재단법
2025-09-10 23:36:49,003 - INFO - [scripts.law.logic.list_scraper] -   - 발견: 국민연금과 직역연금의 연계에 관한 법률 시행규칙
2025-09-10 23:36:49,010 - INFO - [scripts.law.logic.list_scraper] -   - 발견: 국민연금과 직역연금의 연계에 관한 법률
2025-09-10 23:36:49,021 - INFO - [scripts.law.logic.list_scraper] -   - 발견: 대한적십자사 조직법 시행령
2025-09-10 23:36:49,031 - INFO - [scripts.law.logic.list_scraper] -   - 발견: 건강검진기본법
2025-09-10 23:36:49,043 - INFO - [scripts.law.logic.list_scraper] -   - 발견: 한센인피해사건의 진상규명 및 피해자 지원 등에 관한 법률 시행령
2025-09-10 23:36:49,043 - INFO - [scripts.law.logic.list_scraper] - --- 4 / 8 페이지 처리 중 ---
2025-09-10 23:36:49,043 - INFO - [scripts.law.logic.list_scraper] - 4 페이지로 이동합니다...
2025-09-10 23:36:49,185 - INFO - [scripts.law.logic.list_scraper] - 페이지 이동 완료.
2025-09-10 23:36:49,225 - INFO - [scripts.law.logic.list_scraper] -   - 발견: 국립중앙의료원의 설립 및 운영에 관한 법률
2025-09-10 23:36:49,235 - INFO - [scripts.law.logic.list_scraper] -   - 발견: 국립중앙의료원의 설립 및 운영에 관한 법률 시행규칙
2025-09-10 23:36:49,240 - INFO - [scripts.law.logic.list_scraper] -   - 발견: 전문약사의 자격 인정 등에 관한 규칙
2025-09-10 23:36:49,246 - INFO - [scripts.law.logic.list_scraper] -   - 발견: 보건의료기본법
2025-09-10 23:36:49,250 - INFO - [scripts.law.logic.list_scraper] -   - 발견: 국민연금법 시행규칙
2025-09-10 23:36:49,256 - INFO - [scripts.law.logic.list_scraper] -   - 발견: 실종아동등의 보호 및 지원에 관한 법률
2025-09-10 23:36:49,262 - INFO - [scripts.law.logic.list_scraper] -   - 발견: 기초연금법 시행규칙
2025-09-10 23:36:49,273 - INFO - [scripts.law.logic.list_scraper] -   - 발견: 사회보장급여의 이용ㆍ제공 및 수급권자 발굴에 관한 법률 시행령
2025-09-10 23:36:49,284 - INFO - [scripts.law.logic.list_scraper] -   - 발견: 보건복지부와 그 소속기관 직제 시행규칙
2025-09-10 23:36:49,298 - INFO - [scripts.law.logic.list_scraper] -   - 발견: 희귀질환관리법
2025-09-10 23:36:49,306 - INFO - [scripts.law.logic.list_scraper] -   - 발견: 마약류 중독자 치료보호 등에 관한 규칙
2025-09-10 23:36:49,312 - INFO - [scripts.law.logic.list_scraper] -   - 발견: 한의약 육성법
2025-09-10 23:36:49,319 - INFO - [scripts.law.logic.list_scraper] -   - 발견: 재난적의료비 지원에 관한 법률 시행규칙
2025-09-10 23:36:49,331 - INFO - [scripts.law.logic.list_scraper] -   - 발견: 사회보장급여의 이용ㆍ제공 및 수급권자 발굴에 관한 법률 시행규칙
2025-09-10 23:36:49,359 - INFO - [scripts.law.logic.list_scraper] -   - 발견: 인체조직안전 및 관리 등에 관한 법률
2025-09-10 23:36:49,380 - INFO - [scripts.law.logic.list_scraper] -   - 발견: 의사의 조건부 면허에 관한 규칙
2025-09-10 23:36:49,395 - INFO - [scripts.law.logic.list_scraper] -   - 발견: 재난적의료비 지원에 관한 법률
2025-09-10 23:36:49,401 - INFO - [scripts.law.logic.list_scraper] -   - 발견: 전문약사의 자격 인정 등에 관한 규칙
2025-09-10 23:36:49,405 - INFO - [scripts.law.logic.list_scraper] -   - 발견: 환자안전법 시행령
2025-09-10 23:36:49,444 - INFO - [scripts.law.logic.list_scraper] -   - 발견: 노후준비 지원법 시행규칙
2025-09-10 23:36:49,450 - INFO - [scripts.law.logic.list_scraper] -   - 발견: 국민연금과 직역연금의 연계에 관한 법률 시행령
2025-09-10 23:36:49,454 - INFO - [scripts.law.logic.list_scraper] -   - 발견: 시체 해부 및 보존 등에 관한 법률 시행규칙
2025-09-10 23:36:49,461 - INFO - [scripts.law.logic.list_scraper] -   - 발견: 중증장애인생산품 우선구매 특별법 시행규칙
2025-09-10 23:36:49,466 - INFO - [scripts.law.logic.list_scraper] -   - 발견: 대한노인회 지원에 관한 법률 시행규칙
2025-09-10 23:36:49,474 - INFO - [scripts.law.logic.list_scraper] -   - 발견: 발달장애인 권리보장 및 지원에 관한 법률
2025-09-10 23:36:49,481 - INFO - [scripts.law.logic.list_scraper] -   - 발견: 의료ㆍ요양 등 지역 돌봄의 통합지원에 관한 법률
2025-09-10 23:36:49,485 - INFO - [scripts.law.logic.list_scraper] -   - 발견: 발달장애인 권리보장 및 지원에 관한 법률
2025-09-10 23:36:49,490 - INFO - [scripts.law.logic.list_scraper] -   - 발견: 공중보건장학을 위한 특례법
2025-09-10 23:36:49,498 - INFO - [scripts.law.logic.list_scraper] -   - 발견: 보건의료인력 수급추계위원회 규칙
2025-09-10 23:36:49,502 - INFO - [scripts.law.logic.list_scraper] -   - 발견: 감염병의 예방 및 관리에 관한 법률
2025-09-10 23:36:49,509 - INFO - [scripts.law.logic.list_scraper] -   - 발견: 국민연금법 시행령
2025-09-10 23:36:49,518 - INFO - [scripts.law.logic.list_scraper] -   - 발견: 의료급여법
2025-09-10 23:36:49,523 - INFO - [scripts.law.logic.list_scraper] -   - 발견: 보건의료기본법
2025-09-10 23:36:49,531 - INFO - [scripts.law.logic.list_scraper] -   - 발견: 사회복지공동모금회법
2025-09-10 23:36:49,536 - INFO - [scripts.law.logic.list_scraper] -   - 발견: 구급차의 기준 및 응급환자이송업의 시설 등 기준에 관한 규칙
2025-09-10 23:36:49,544 - INFO - [scripts.law.logic.list_scraper] -   - 발견: 노숙인 등의 복지 및 자립지원에 관한 법률 시행규칙
2025-09-10 23:36:49,551 - INFO - [scripts.law.logic.list_scraper] -   - 발견: 장사 등에 관한 법률 시행규칙
2025-09-10 23:36:49,557 - INFO - [scripts.law.logic.list_scraper] -   - 발견: 첨단재생의료 및 첨단바이오의약품 안전 및 지원에 관한 법률
2025-09-10 23:36:49,565 - INFO - [scripts.law.logic.list_scraper] -   - 발견: 의사상자 등 예우 및 지원에 관한 법률 시행령
2025-09-10 23:36:49,573 - INFO - [scripts.law.logic.list_scraper] -   - 발견: 모자보건법 시행규칙
2025-09-10 23:36:49,584 - INFO - [scripts.law.logic.list_scraper] -   - 발견: 전공의의 수련환경 개선 및 지위 향상을 위한 법률 시행규칙
2025-09-10 23:36:49,591 - INFO - [scripts.law.logic.list_scraper] -   - 발견: 장애인ㆍ노인 등을 위한 보조기기 지원 및 활용촉진에 관한 법률
2025-09-10 23:36:49,596 - INFO - [scripts.law.logic.list_scraper] -   - 발견: 전공의의 수련환경 개선 및 지위 향상을 위한 법률
2025-09-10 23:36:49,602 - INFO - [scripts.law.logic.list_scraper] -   - 발견: 사회서비스 지원 및 사회서비스원 설립ㆍ운영에 관한 법률
2025-09-10 23:36:49,608 - INFO - [scripts.law.logic.list_scraper] -   - 발견: 한의사전문의의 수련 및 자격 인정 등에 관한 규정
2025-09-10 23:36:49,616 - INFO - [scripts.law.logic.list_scraper] -   - 발견: 긴급복지지원법
2025-09-10 23:36:49,622 - INFO - [scripts.law.logic.list_scraper] -   - 발견: 농어촌 등 보건의료를 위한 특별조치법 시행령
2025-09-10 23:36:49,632 - INFO - [scripts.law.logic.list_scraper] -   - 발견: 공공보건의료에 관한 법률 시행규칙
2025-09-10 23:36:49,641 - INFO - [scripts.law.logic.list_scraper] -   - 발견: 긴급복지지원법 시행규칙
2025-09-10 23:36:49,648 - INFO - [scripts.law.logic.list_scraper] -   - 발견: 장애물 없는 생활환경 인증에 관한 규칙
2025-09-10 23:36:49,648 - INFO - [scripts.law.logic.list_scraper] - --- 5 / 8 페이지 처리 중 ---
2025-09-10 23:36:49,648 - INFO - [scripts.law.logic.list_scraper] - 5 페이지로 이동합니다...
2025-09-10 23:36:49,781 - INFO - [scripts.law.logic.list_scraper] - 페이지 이동 완료.
2025-09-10 23:36:49,822 - INFO - [scripts.law.logic.list_scraper] -   - 발견: 암관리법 시행규칙
2025-09-10 23:36:49,826 - INFO - [scripts.law.logic.list_scraper] -   - 발견: 의료기기산업 육성 및 혁신의료기기 지원법 시행령
2025-09-10 23:36:49,832 - INFO - [scripts.law.logic.list_scraper] -   - 발견: 가족돌봄 등 위기아동ㆍ청년 지원에 관한 법률
2025-09-10 23:36:49,836 - INFO - [scripts.law.logic.list_scraper] -   - 발견: 담배의 유해성 관리에 관한 법률
2025-09-10 23:36:49,848 - INFO - [scripts.law.logic.list_scraper] -   - 발견: 국제입양에 관한 법률 시행규칙
2025-09-10 23:36:49,859 - INFO - [scripts.law.logic.list_scraper] -   - 발견: 농어촌주민의 보건복지 증진을 위한 특별법
2025-09-10 23:36:49,868 - INFO - [scripts.law.logic.list_scraper] -   - 발견: 진단용 방사선 발생장치의 안전관리에 관한 규칙
2025-09-10 23:36:49,875 - INFO - [scripts.law.logic.list_scraper] -   - 발견: 의료사고 피해구제 및 의료분쟁 조정 등에 관한 법률
2025-09-10 23:36:49,885 - INFO - [scripts.law.logic.list_scraper] -   - 발견: 의료급여법 시행규칙
2025-09-10 23:36:49,893 - INFO - [scripts.law.logic.list_scraper] -   - 발견: 보건의료기술 진흥법
2025-09-10 23:36:49,901 - INFO - [scripts.law.logic.list_scraper] -   - 발견: 사회서비스 이용 및 이용권 관리에 관한 법률 시행령
2025-09-10 23:36:49,915 - INFO - [scripts.law.logic.list_scraper] -   - 발견: 사회보장급여의 이용ㆍ제공 및 수급권자 발굴에 관한 법률
2025-09-10 23:36:49,925 - INFO - [scripts.law.logic.list_scraper] -   - 발견: 보건의료기본법 시행령
2025-09-10 23:36:49,946 - INFO - [scripts.law.logic.list_scraper] -   - 발견: 중증장애인생산품 우선구매 특별법 시행령
2025-09-10 23:36:49,952 - INFO - [scripts.law.logic.list_scraper] -   - 발견: 제약산업 육성 및 지원에 관한 특별법
2025-09-10 23:36:49,960 - INFO - [scripts.law.logic.list_scraper] -   - 발견: 의료기기산업 육성 및 혁신의료기기 지원법
2025-09-10 23:36:49,967 - INFO - [scripts.law.logic.list_scraper] -   - 발견: 제대혈 관리 및 연구에 관한 법률
2025-09-10 23:36:49,973 - INFO - [scripts.law.logic.list_scraper] -   - 발견: 치매관리법
2025-09-10 23:36:49,981 - INFO - [scripts.law.logic.list_scraper] -   - 발견: 고독사 예방 및 관리에 관한 법률 시행령
2025-09-10 23:36:49,986 - INFO - [scripts.law.logic.list_scraper] -   - 발견: 고독사 예방 및 관리에 관한 법률
2025-09-10 23:36:49,995 - INFO - [scripts.law.logic.list_scraper] -   - 발견: 장애인연금법 시행령
2025-09-10 23:36:50,004 - INFO - [scripts.law.logic.list_scraper] -   - 발견: 보건의료인력지원법 시행령
2025-09-10 23:36:50,012 - INFO - [scripts.law.logic.list_scraper] -   - 발견: 보호시설에 있는 미성년자의 후견 직무에 관한 법률
2025-09-10 23:36:50,019 - INFO - [scripts.law.logic.list_scraper] -   - 발견: 전문약사의 자격 인정 등에 관한 규정
2025-09-10 23:36:50,029 - INFO - [scripts.law.logic.list_scraper] -   - 발견: 한국보건복지인재원법
2025-09-10 23:36:50,043 - INFO - [scripts.law.logic.list_scraper] -   - 발견: 발달장애인 권리보장 및 지원에 관한 법률 시행령
2025-09-10 23:36:50,057 - INFO - [scripts.law.logic.list_scraper] -   - 발견: 의료기관 회계기준 규칙
2025-09-10 23:36:50,303 - INFO - [scripts.law.logic.list_scraper] -   - 발견: 한의약 육성법 시행령
2025-09-10 23:36:50,366 - INFO - [scripts.law.logic.list_scraper] -   - 발견: 보건복지부 소속 국립병원 및 국립재활원 임상연구비 지급규칙
2025-09-10 23:36:50,411 - INFO - [scripts.law.logic.list_scraper] -   - 발견: 한센인피해사건의 진상규명 및 피해자 지원 등에 관한 법률
2025-09-10 23:36:50,432 - INFO - [scripts.law.logic.list_scraper] -   - 발견: 천연물신약 연구개발 촉진법
2025-09-10 23:36:50,449 - INFO - [scripts.law.logic.list_scraper] -   - 발견: 효행 장려 및 지원에 관한 법률
2025-09-10 23:36:50,467 - INFO - [scripts.law.logic.list_scraper] -   - 발견: 사회복지공동모금회법 시행규칙
2025-09-10 23:36:50,488 - INFO - [scripts.law.logic.list_scraper] -   - 발견: 아동의 빈곤예방 및 지원 등에 관한 법률 시행규칙
2025-09-10 23:36:50,499 - INFO - [scripts.law.logic.list_scraper] -   - 발견: 모자보건법
2025-09-10 23:36:50,529 - INFO - [scripts.law.logic.list_scraper] -   - 발견: 장애인차별금지 및 권리구제 등에 관한 법률
2025-09-10 23:36:50,547 - INFO - [scripts.law.logic.list_scraper] -   - 발견: 장기등 이식에 관한 법률 시행규칙
2025-09-10 23:36:50,562 - INFO - [scripts.law.logic.list_scraper] -   - 발견: 의료사고 피해구제 및 의료분쟁 조정 등에 관한 법률 시행령
2025-09-10 23:36:50,570 - INFO - [scripts.law.logic.list_scraper] -   - 발견: 지역보건법 시행규칙
2025-09-10 23:36:50,576 - INFO - [scripts.law.logic.list_scraper] -   - 발견: 간호법
2025-09-10 23:36:50,587 - INFO - [scripts.law.logic.list_scraper] -   - 발견: 정신건강증진 및 정신질환자 복지서비스 지원에 관한 법률 시행규칙
2025-09-10 23:36:50,593 - INFO - [scripts.law.logic.list_scraper] -   - 발견: 한의사전문의의 수련 및 자격 인정 등에 관한 규정 시행규칙
2025-09-10 23:36:50,603 - INFO - [scripts.law.logic.list_scraper] -   - 발견: 노후준비 지원법
2025-09-10 23:36:50,616 - INFO - [scripts.law.logic.list_scraper] -   - 발견: 제대혈 관리 및 연구에 관한 법률 시행규칙
2025-09-10 23:36:50,631 - INFO - [scripts.law.logic.list_scraper] -   - 발견: 전공의의 수련환경 개선 및 지위 향상을 위한 법률 시행령
2025-09-10 23:36:50,646 - INFO - [scripts.law.logic.list_scraper] -   - 발견: 사회서비스 지원 및 사회서비스원 설립ㆍ운영에 관한 법률 시행령
2025-09-10 23:36:50,661 - INFO - [scripts.law.logic.list_scraper] -   - 발견: 자살예방 및 생명존중문화 조성을 위한 법률 시행령
2025-09-10 23:36:50,677 - INFO - [scripts.law.logic.list_scraper] -   - 발견: 장애인 건강권 및 의료접근성 보장에 관한 법률 시행규칙
2025-09-10 23:36:50,689 - INFO - [scripts.law.logic.list_scraper] -   - 발견: 인체조직안전 및 관리 등에 관한 법률 시행령
2025-09-10 23:36:50,705 - INFO - [scripts.law.logic.list_scraper] -   - 발견: 혈액관리법 시행령
2025-09-10 23:36:50,706 - INFO - [scripts.law.logic.list_scraper] - --- 6 / 8 페이지 처리 중 ---
2025-09-10 23:36:50,706 - INFO - [scripts.law.logic.list_scraper] - 6 페이지로 이동합니다...
2025-09-10 23:36:50,861 - INFO - [scripts.law.logic.list_scraper] - 페이지 이동 완료.
2025-09-10 23:36:50,963 - INFO - [scripts.law.logic.list_scraper] -   - 발견: 사회서비스 지원 및 사회서비스원 설립ㆍ운영에 관한 법률 시행규칙
2025-09-10 23:36:50,976 - INFO - [scripts.law.logic.list_scraper] -   - 발견: 의료기기산업 육성 및 혁신의료기기 지원법 시행규칙
2025-09-10 23:36:50,986 - INFO - [scripts.law.logic.list_scraper] -   - 발견: 식품등 기부 활성화에 관한 법률 시행령
2025-09-10 23:36:51,004 - INFO - [scripts.law.logic.list_scraper] -   - 발견: 제약산업 육성 및 지원에 관한 특별법 시행규칙
2025-09-10 23:36:51,014 - INFO - [scripts.law.logic.list_scraper] -   - 발견: 효행 장려 및 지원에 관한 법률 시행령
2025-09-10 23:36:51,033 - INFO - [scripts.law.logic.list_scraper] -   - 발견: 한국보건산업진흥원법
2025-09-10 23:36:51,046 - INFO - [scripts.law.logic.list_scraper] -   - 발견: 지방의료원의 설립 및 운영에 관한 법률 시행규칙
2025-09-10 23:36:51,059 - INFO - [scripts.law.logic.list_scraper] -   - 발견: 노인 일자리 및 사회활동 지원에 관한 법률
2025-09-10 23:36:51,076 - INFO - [scripts.law.logic.list_scraper] -   - 발견: 아동의 빈곤예방 및 지원 등에 관한 법률
2025-09-10 23:36:51,098 - INFO - [scripts.law.logic.list_scraper] -   - 발견: 신의료기술평가에 관한 규칙
2025-09-10 23:36:51,110 - INFO - [scripts.law.logic.list_scraper] -   - 발견: 실종아동등의 보호 및 지원에 관한 법률 시행령
2025-09-10 23:36:51,124 - INFO - [scripts.law.logic.list_scraper] -   - 발견: 장애인차별금지 및 권리구제 등에 관한 법률 시행령
2025-09-10 23:36:51,137 - INFO - [scripts.law.logic.list_scraper] -   - 발견: 국내입양에 관한 특별법 시행령
2025-09-10 23:36:51,150 - INFO - [scripts.law.logic.list_scraper] -   - 발견: 국민연금법 시행규칙
2025-09-10 23:36:51,171 - INFO - [scripts.law.logic.list_scraper] -   - 발견: 간호법 시행령
2025-09-10 23:36:51,186 - INFO - [scripts.law.logic.list_scraper] -   - 발견: 구강보건법
2025-09-10 23:36:51,196 - INFO - [scripts.law.logic.list_scraper] -   - 발견: 의료기관세탁물 관리규칙
2025-09-10 23:36:51,210 - INFO - [scripts.law.logic.list_scraper] -   - 발견: 치과의사전문의의 수련 및 자격 인정 등에 관한 규정 시행규칙
2025-09-10 23:36:51,217 - INFO - [scripts.law.logic.list_scraper] -   - 발견: 사회서비스 이용 및 이용권 관리에 관한 법률
2025-09-10 23:36:51,230 - INFO - [scripts.law.logic.list_scraper] -   - 발견: 의사상자 등 예우 및 지원에 관한 법률 시행규칙
2025-09-10 23:36:51,247 - INFO - [scripts.law.logic.list_scraper] -   - 발견: 고령친화산업 진흥법 시행령
2025-09-10 23:36:51,271 - INFO - [scripts.law.logic.list_scraper] -   - 발견: 어린이ㆍ노인 및 장애인 보호구역의 지정 및 관리에 관한 규칙
2025-09-10 23:36:51,295 - INFO - [scripts.law.logic.list_scraper] -   - 발견: 자살예방 및 생명존중문화 조성을 위한 법률
2025-09-10 23:36:51,307 - INFO - [scripts.law.logic.list_scraper] -   - 발견: 의료 해외진출 및 외국인환자 유치 지원에 관한 법률
2025-09-10 23:36:51,329 - INFO - [scripts.law.logic.list_scraper] -   - 발견: 치매관리법 시행령
2025-09-10 23:36:51,339 - INFO - [scripts.law.logic.list_scraper] -   - 발견: 아동수당법
2025-09-10 23:36:51,352 - INFO - [scripts.law.logic.list_scraper] -   - 발견: 구강보건법 시행규칙
2025-09-10 23:36:51,363 - INFO - [scripts.law.logic.list_scraper] -   - 발견: 농어촌주민의 보건복지 증진을 위한 특별법 시행규칙
2025-09-10 23:36:51,379 - INFO - [scripts.law.logic.list_scraper] -   - 발견: 제약산업 육성 및 지원에 관한 특별법 시행령
2025-09-10 23:36:51,395 - INFO - [scripts.law.logic.list_scraper] -   - 발견: 시체 해부 및 보존에 관한 법률 시행령
2025-09-10 23:36:51,407 - INFO - [scripts.law.logic.list_scraper] -   - 발견: 고령친화산업 진흥법
2025-09-10 23:36:51,424 - INFO - [scripts.law.logic.list_scraper] -   - 발견: 노숙인 등의 복지 및 자립지원에 관한 법률 시행령
2025-09-10 23:36:51,441 - INFO - [scripts.law.logic.list_scraper] -   - 발견: 보건복지부장관의 소속 청장 지휘에 관한 규칙
2025-09-10 23:36:51,451 - INFO - [scripts.law.logic.list_scraper] -   - 발견: 인체조직안전 및 관리 등에 관한 법률 시행규칙
2025-09-10 23:36:51,465 - INFO - [scripts.law.logic.list_scraper] -   - 발견: 효행 장려 및 지원에 관한 법률 시행규칙
2025-09-10 23:36:51,475 - INFO - [scripts.law.logic.list_scraper] -   - 발견: 보건의료요원장학금규정
2025-09-10 23:36:51,487 - INFO - [scripts.law.logic.list_scraper] -   - 발견: 전공의의 수련환경 개선 및 지위 향상을 위한 법률
2025-09-10 23:36:51,502 - INFO - [scripts.law.logic.list_scraper] -   - 발견: 정신건강증진 및 정신질환자 복지서비스 지원에 관한 법률
2025-09-10 23:36:51,514 - INFO - [scripts.law.logic.list_scraper] -   - 발견: 국민연금법
2025-09-10 23:36:51,535 - INFO - [scripts.law.logic.list_scraper] -   - 발견: 정신건강증진 및 정신질환자 복지서비스 지원에 관한 법률
2025-09-10 23:36:51,554 - INFO - [scripts.law.logic.list_scraper] -   - 발견: 의료기기법
2025-09-10 23:36:51,563 - INFO - [scripts.law.logic.list_scraper] -   - 발견: 위기 임신 및 보호출산 지원과 아동 보호에 관한 특별법 시행규칙
2025-09-10 23:36:51,577 - INFO - [scripts.law.logic.list_scraper] -   - 발견: 농어촌 등 보건의료를 위한 특별조치법 시행규칙
2025-09-10 23:36:51,594 - INFO - [scripts.law.logic.list_scraper] -   - 발견: 의료기기 유통 및 판매질서 유지에 관한 규칙
2025-09-10 23:36:51,610 - INFO - [scripts.law.logic.list_scraper] -   - 발견: 암관리법
2025-09-10 23:36:51,629 - INFO - [scripts.law.logic.list_scraper] -   - 발견: 안마사에 관한 규칙
2025-09-10 23:36:51,638 - INFO - [scripts.law.logic.list_scraper] -   - 발견: 혈액관리법 시행규칙
2025-09-10 23:36:51,657 - INFO - [scripts.law.logic.list_scraper] -   - 발견: 의사상자 등 예우 및 지원에 관한 법률
2025-09-10 23:36:51,671 - INFO - [scripts.law.logic.list_scraper] -   - 발견: 보건의료기술 진흥법 시행규칙
2025-09-10 23:36:51,688 - INFO - [scripts.law.logic.list_scraper] -   - 발견: 고독사 예방 및 관리에 관한 법률 시행규칙
2025-09-10 23:36:51,688 - INFO - [scripts.law.logic.list_scraper] - --- 7 / 8 페이지 처리 중 ---
2025-09-10 23:36:51,688 - INFO - [scripts.law.logic.list_scraper] - 7 페이지로 이동합니다...
2025-09-10 23:36:51,831 - INFO - [scripts.law.logic.list_scraper] - 페이지 이동 완료.
2025-09-10 23:36:51,908 - INFO - [scripts.law.logic.list_scraper] -   - 발견: 아동의 빈곤예방 및 지원 등에 관한 법률 시행령
2025-09-10 23:36:51,938 - INFO - [scripts.law.logic.list_scraper] -   - 발견: 국민영양관리법 시행령
2025-09-10 23:36:51,959 - INFO - [scripts.law.logic.list_scraper] -   - 발견: 아동수당법 시행령
2025-09-10 23:36:51,971 - INFO - [scripts.law.logic.list_scraper] -   - 발견: 저출산ㆍ고령사회 기본법 시행규칙
2025-09-10 23:36:51,980 - INFO - [scripts.law.logic.list_scraper] -   - 발견: 지방의료원의 설립 및 운영에 관한 법률
2025-09-10 23:36:51,989 - INFO - [scripts.law.logic.list_scraper] -   - 발견: 장기요양기관 재무ㆍ회계 규칙
2025-09-10 23:36:52,009 - INFO - [scripts.law.logic.list_scraper] -   - 발견: 한센인피해사건의 진상규명 및 피해자 지원 등에 관한 법률 시행규칙
2025-09-10 23:36:52,022 - INFO - [scripts.law.logic.list_scraper] -   - 발견: 보건의료인력지원법 시행규칙
2025-09-10 23:36:52,039 - INFO - [scripts.law.logic.list_scraper] -   - 발견: 한국보건의료인국가시험원법
2025-09-10 23:36:52,059 - INFO - [scripts.law.logic.list_scraper] -   - 발견: 아동의 빈곤예방 및 지원 등에 관한 법률
2025-09-10 23:36:52,070 - INFO - [scripts.law.logic.list_scraper] -   - 발견: 국립소록도병원 운영규칙
2025-09-10 23:36:52,090 - INFO - [scripts.law.logic.list_scraper] -   - 발견: 병상 수급계획의 수립 및 조정에 관한 규칙
2025-09-10 23:36:52,108 - INFO - [scripts.law.logic.list_scraper] -   - 발견: 보건범죄단속에관한특별조치법시행령
2025-09-10 23:36:52,133 - INFO - [scripts.law.logic.list_scraper] -   - 발견: 국민연금법 시행령
2025-09-10 23:36:52,143 - INFO - [scripts.law.logic.list_scraper] -   - 발견: 사회복지공동모금회법
2025-09-10 23:36:52,155 - INFO - [scripts.law.logic.list_scraper] -   - 발견: 감염병의 예방 및 관리에 관한 법률
2025-09-10 23:36:52,174 - INFO - [scripts.law.logic.list_scraper] -   - 발견: 제대혈 관리 및 연구에 관한 법률 시행령
2025-09-10 23:36:52,186 - INFO - [scripts.law.logic.list_scraper] -   - 발견: 심뇌혈관질환의 예방 및 관리에 관한 법률 시행령
2025-09-10 23:36:52,202 - INFO - [scripts.law.logic.list_scraper] -   - 발견: 사회보장기본법
2025-09-10 23:36:52,217 - INFO - [scripts.law.logic.list_scraper] -   - 발견: 의료사고 피해구제 및 의료분쟁 조정 등에 관한 법률 시행규칙
2025-09-10 23:36:52,230 - INFO - [scripts.law.logic.list_scraper] -   - 발견: 모자보건법
2025-09-10 23:36:52,246 - INFO - [scripts.law.logic.list_scraper] -   - 발견: 첨단재생의료 안전 및 지원에 관한 규칙
2025-09-10 23:36:52,260 - INFO - [scripts.law.logic.list_scraper] -   - 발견: 국민연금법
2025-09-10 23:36:52,270 - INFO - [scripts.law.logic.list_scraper] -   - 발견: 경제자유구역 내 외국의료기관의 개설허가절차 등에 관한 규칙
2025-09-10 23:36:52,282 - INFO - [scripts.law.logic.list_scraper] -   - 발견: 의료급여법 시행령
2025-09-10 23:36:52,298 - INFO - [scripts.law.logic.list_scraper] -   - 발견: 한국인 원자폭탄 피해자 지원을 위한 특별법 시행령
2025-09-10 23:36:52,326 - INFO - [scripts.law.logic.list_scraper] -   - 발견: 한국인 원자폭탄 피해자 지원을 위한 특별법
2025-09-10 23:36:52,343 - INFO - [scripts.law.logic.list_scraper] -   - 발견: 첨단의료복합단지 육성에 관한 특별법 시행규칙
2025-09-10 23:36:52,360 - INFO - [scripts.law.logic.list_scraper] -   - 발견: 건강검진기본법 시행령
2025-09-10 23:36:52,425 - INFO - [scripts.law.logic.list_scraper] -   - 발견: 긴급복지지원법 시행령
2025-09-10 23:36:52,697 - INFO - [scripts.law.logic.list_scraper] -   - 발견: 아동수당법 시행규칙
2025-09-10 23:36:52,721 - INFO - [scripts.law.logic.list_scraper] -   - 발견: 사회보장기본법 시행규칙
2025-09-10 23:36:52,763 - INFO - [scripts.law.logic.list_scraper] -   - 발견: 노숙인 등의 복지 및 자립지원에 관한 법률
2025-09-10 23:36:52,788 - INFO - [scripts.law.logic.list_scraper] -   - 발견: 식품등 기부 활성화에 관한 법률 시행규칙
2025-09-10 23:36:52,810 - INFO - [scripts.law.logic.list_scraper] -   - 발견: 장애인ㆍ노인 등을 위한 보조기기 지원 및 활용촉진에 관한 법률 시행령
2025-09-10 23:36:52,838 - INFO - [scripts.law.logic.list_scraper] -   - 발견: 장애인 건강권 및 의료접근성 보장에 관한 법률
2025-09-10 23:36:52,878 - INFO - [scripts.law.logic.list_scraper] -   - 발견: 노인 일자리 및 사회활동 지원에 관한 법률
2025-09-10 23:36:52,916 - INFO - [scripts.law.logic.list_scraper] -   - 발견: 국내입양에 관한 특별법 시행규칙
2025-09-10 23:36:52,941 - INFO - [scripts.law.logic.list_scraper] -   - 발견: 간호법 시행규칙
2025-09-10 23:36:52,956 - INFO - [scripts.law.logic.list_scraper] -   - 발견: 환자안전법
2025-09-10 23:36:52,972 - INFO - [scripts.law.logic.list_scraper] -   - 발견: 보건복지부와 그 소속기관 직제
2025-09-10 23:36:52,990 - INFO - [scripts.law.logic.list_scraper] -   - 발견: 지방의료원의 설립 및 운영에 관한 법률 시행령
2025-09-10 23:36:53,008 - INFO - [scripts.law.logic.list_scraper] -   - 발견: 의료 해외진출 및 외국인환자 유치 지원에 관한 법률 시행규칙
2025-09-10 23:36:53,023 - INFO - [scripts.law.logic.list_scraper] -   - 발견: 의료기사 등에 관한 법률 시행규칙
2025-09-10 23:36:53,042 - INFO - [scripts.law.logic.list_scraper] -   - 발견: 전문병원의 지정 및 평가 등에 관한 규칙
2025-09-10 23:36:53,059 - INFO - [scripts.law.logic.list_scraper] -   - 발견: 정신건강증진 및 정신질환자 복지서비스 지원에 관한 법률
2025-09-10 23:36:53,074 - INFO - [scripts.law.logic.list_scraper] -   - 발견: 희귀질환관리법 시행규칙
2025-09-10 23:36:53,090 - INFO - [scripts.law.logic.list_scraper] -   - 발견: 암관리법 시행령
2025-09-10 23:36:53,101 - INFO - [scripts.law.logic.list_scraper] -   - 발견: 첨단의료복합단지 육성에 관한 특별법 시행령
2025-09-10 23:36:53,112 - INFO - [scripts.law.logic.list_scraper] -   - 발견: 혈액관리법
2025-09-10 23:36:53,112 - INFO - [scripts.law.logic.list_scraper] - --- 8 / 8 페이지 처리 중 ---
2025-09-10 23:36:53,112 - INFO - [scripts.law.logic.list_scraper] - 8 페이지로 이동합니다...
2025-09-10 23:36:53,254 - INFO - [scripts.law.logic.list_scraper] - 페이지 이동 완료.
2025-09-10 23:36:53,306 - INFO - [scripts.law.logic.list_scraper] -   - 발견: 한국보건복지인재원법 시행령
2025-09-10 23:36:53,312 - INFO - [scripts.law.logic.list_scraper] -   - 발견: 기초연금법
2025-09-10 23:36:53,317 - INFO - [scripts.law.logic.list_scraper] -   - 발견: 보건범죄단속에관한특별조치법시행규칙
2025-09-10 23:36:53,321 - INFO - [scripts.law.logic.list_scraper] -   - 발견: 시체 해부 및 보존 등에 관한 법률
2025-09-10 23:36:53,324 - INFO - [scripts.law.logic.list_scraper] -   - 발견: 구강보건법 시행령
2025-09-10 23:36:53,330 - INFO - [scripts.law.logic.list_scraper] -   - 발견: 치과의사전문의의 수련 및 자격 인정 등에 관한 규정
2025-09-10 23:36:53,339 - INFO - [scripts.law.logic.list_scraper] -   - 발견: 식품등 기부 활성화에 관한 법률
2025-09-10 23:36:53,347 - INFO - [scripts.law.logic.list_scraper] -   - 발견: 한국국제보건의료재단법 시행령
2025-09-10 23:36:53,352 - INFO - [scripts.law.logic.list_scraper] -   - 발견: 장애인의 지역사회 자립 및 주거 전환 지원에 관한 법률
2025-09-10 23:36:53,357 - INFO - [scripts.law.logic.list_scraper] -   - 발견: 의료기기법 시행령
2025-09-10 23:36:53,362 - INFO - [scripts.law.logic.list_scraper] -   - 발견: 심뇌혈관질환의 예방 및 관리에 관한 법률
2025-09-10 23:36:53,366 - INFO - [scripts.law.logic.list_scraper] -   - 발견: 국제입양에 관한 법률 시행령
2025-09-10 23:36:53,371 - INFO - [scripts.law.logic.list_scraper] -   - 발견: 의료관계 행정처분 규칙
2025-09-10 23:36:53,374 - INFO - [scripts.law.logic.list_scraper] -   - 발견: 사회서비스 이용 및 이용권 관리에 관한 법률 시행규칙
2025-09-10 23:36:53,380 - INFO - [scripts.law.logic.list_scraper] -   - 발견: 마약류중독자 치료보호규정
2025-09-10 23:36:53,385 - INFO - [scripts.law.logic.list_scraper] -   - 발견: 장사 등에 관한 법률
2025-09-10 23:36:53,391 - INFO - [scripts.law.logic.list_scraper] -   - 발견: 환자안전법 시행규칙
2025-09-10 23:36:53,405 - INFO - [scripts.law.logic.list_scraper] -   - 발견: 국가바이오위원회의 설치 및 운영에 관한 규정
2025-09-10 23:36:53,412 - INFO - [scripts.law.logic.list_scraper] -   - 발견: 노인 일자리 및 사회활동 지원에 관한 법률 시행령
2025-09-10 23:36:53,418 - INFO - [scripts.law.logic.list_scraper] -   - 발견: 대한적십자사 조직법
2025-09-10 23:36:53,423 - INFO - [scripts.law.logic.list_scraper] -   - 발견: 중증장애인생산품 우선구매 특별법
2025-09-10 23:36:53,427 - INFO - [scripts.law.logic.list_scraper] -   - 발견: 위기 임신 및 보호출산 지원과 아동 보호에 관한 특별법
2025-09-10 23:36:53,437 - INFO - [scripts.law.logic.list_scraper] -   - 발견: 저출산ㆍ고령사회기본법
2025-09-10 23:36:53,445 - INFO - [scripts.law.logic.list_scraper] -   - 발견: 공중보건장학을 위한 특례법 시행령
2025-09-10 23:36:53,451 - INFO - [scripts.law.logic.list_scraper] -   - 발견: 사회복지법인 및 사회복지시설 재무ㆍ회계 규칙
2025-09-10 23:36:53,456 - INFO - [scripts.law.logic.list_scraper] -   - 발견: 의료기사 등에 관한 법률 시행령
2025-09-10 23:36:53,461 - INFO - [scripts.law.logic.list_scraper] -   - 발견: 보호시설에 있는 미성년자의 후견 직무에 관한 법률 시행령
2025-09-10 23:36:53,466 - INFO - [scripts.law.logic.list_scraper] -   - 발견: 대한노인회 지원에 관한 법률
2025-09-10 23:36:53,482 - INFO - [scripts.law.logic.list_scraper] -   - 발견: 실종아동등의 보호 및 지원에 관한 법률 시행규칙
2025-09-10 23:36:53,557 - INFO - [__main__] - 총 379개의 URL을 './bin/../data/raw/law/1352000/urls.jsonl' 파일에 저장했습니다.
2025-09-10 23:36:53,868 - INFO - [__main__] - 상세 페이지 스크레이퍼 실행: https://www.law.go.kr/LSW/lsInfoP.do?lsiSeq=267397&efYd=20251221
2025-09-10 23:36:54,397 - INFO - [scripts.law.logic.scraper] - 페이지로 이동 중: https://www.law.go.kr/LSW/lsInfoP.do?lsiSeq=267397&efYd=20251221
2025-09-10 23:36:55,446 - INFO - [scripts.law.logic.scraper] - 로딩 마스크가 나타나기를 기다리는 중...
2025-09-10 23:36:55,498 - INFO - [scripts.law.logic.scraper] - 로딩 마스크가 사라지기를 기다리는 중...
2025-09-10 23:36:55,775 - INFO - [scripts.law.logic.scraper] - 페이지 최종 렌더링을 잠시 대기합니다...
2025-09-10 23:36:56,779 - INFO - [scripts.law.logic.scraper] - 페이지 HTML 컨텐츠를 가져오는 중...
2025-09-10 23:36:56,820 - INFO - [scripts.law.logic.scraper] - 데이터 파싱 중...
2025-09-10 23:36:57,128 - INFO - [scripts.law.logic.scraper] - 데이터 1건을 '/Users/woong/Roeum/roeum-crawler/data/raw/law/1352000/의료법_document.jsonl' 파일로 성공적으로 저장했습니다.
2025-09-10 23:36:57,129 - INFO - [scripts.law.logic.scraper] - 데이터 148건을 '/Users/woong/Roeum/roeum-crawler/data/raw/law/1352000/의료법_chunks.jsonl' 파일로 성공적으로 저장했습니다.
2025-09-10 23:36:57,181 - INFO - [__main__] - 상세 페이지 스크레이퍼 완료: 의료법
2025-09-10 23:36:58,551 - INFO - [__main__] - 상세 페이지 스크레이퍼 실행: https://www.law.go.kr/LSW/lsInfoP.do?lsiSeq=269965&efYd=20250919
2025-09-10 23:36:59,244 - INFO - [scripts.law.logic.scraper] - 페이지로 이동 중: https://www.law.go.kr/LSW/lsInfoP.do?lsiSeq=269965&efYd=20250919
2025-09-10 23:37:00,270 - INFO - [scripts.law.logic.scraper] - 로딩 마스크가 나타나기를 기다리는 중...
2025-09-10 23:37:10,308 - WARNING - [scripts.law.logic.scraper] - 로딩 마스크가 감지되지 않았습니다. 페이지 로드가 완료된 것으로 간주하고 계속 진행합니다.
2025-09-10 23:37:10,310 - INFO - [scripts.law.logic.scraper] - 페이지 최종 렌더링을 잠시 대기합니다...
2025-09-10 23:37:11,315 - INFO - [scripts.law.logic.scraper] - 페이지 HTML 컨텐츠를 가져오는 중...
2025-09-10 23:37:11,343 - INFO - [scripts.law.logic.scraper] - 데이터 파싱 중...
2025-09-10 23:37:11,619 - INFO - [scripts.law.logic.scraper] - 데이터 1건을 '/Users/woong/Roeum/roeum-crawler/data/raw/law/1352000/의료법_document.jsonl' 파일로 성공적으로 저장했습니다.
2025-09-10 23:37:11,620 - INFO - [scripts.law.logic.scraper] - 데이터 146건을 '/Users/woong/Roeum/roeum-crawler/data/raw/law/1352000/의료법_chunks.jsonl' 파일로 성공적으로 저장했습니다.
2025-09-10 23:37:11,663 - INFO - [__main__] - 상세 페이지 스크레이퍼 완료: 의료법
2025-09-10 23:37:12,929 - INFO - [__main__] - 상세 페이지 스크레이퍼 실행: https://www.law.go.kr/LSW/lsInfoP.do?lsiSeq=272513&efYd=20250621
2025-09-10 23:37:13,367 - INFO - [scripts.law.logic.scraper] - 페이지로 이동 중: https://www.law.go.kr/LSW/lsInfoP.do?lsiSeq=272513&efYd=20250621
2025-09-10 23:37:13,975 - INFO - [scripts.law.logic.scraper] - 로딩 마스크가 나타나기를 기다리는 중...
2025-09-10 23:37:14,004 - INFO - [scripts.law.logic.scraper] - 로딩 마스크가 사라지기를 기다리는 중...
2025-09-10 23:37:14,233 - INFO - [scripts.law.logic.scraper] - 페이지 최종 렌더링을 잠시 대기합니다...
2025-09-10 23:37:15,272 - INFO - [scripts.law.logic.scraper] - 페이지 HTML 컨텐츠를 가져오는 중...
2025-09-10 23:37:15,384 - INFO - [scripts.law.logic.scraper] - 데이터 파싱 중...
2025-09-10 23:37:15,570 - INFO - [scripts.law.logic.scraper] - 데이터 1건을 '/Users/woong/Roeum/roeum-crawler/data/raw/law/1352000/의료법 시행령_document.jsonl' 파일로 성공적으로 저장했습니다.
2025-09-10 23:37:15,571 - INFO - [scripts.law.logic.scraper] - 데이터 75건을 '/Users/woong/Roeum/roeum-crawler/data/raw/law/1352000/의료법 시행령_chunks.jsonl' 파일로 성공적으로 저장했습니다.
2025-09-10 23:37:15,615 - INFO - [__main__] - 상세 페이지 스크레이퍼 완료: 의료법 시행령
2025-09-10 23:37:16,847 - INFO - [__main__] - 상세 페이지 스크레이퍼 실행: https://www.law.go.kr/LSW/lsInfoP.do?lsiSeq=272423&efYd=20250621
2025-09-10 23:37:17,229 - INFO - [scripts.law.logic.scraper] - 페이지로 이동 중: https://www.law.go.kr/LSW/lsInfoP.do?lsiSeq=272423&efYd=20250621
2025-09-10 23:37:17,834 - INFO - [scripts.law.logic.scraper] - 로딩 마스크가 나타나기를 기다리는 중...
2025-09-10 23:37:17,854 - INFO - [scripts.law.logic.scraper] - 로딩 마스크가 사라지기를 기다리는 중...
2025-09-10 23:37:18,793 - INFO - [scripts.law.logic.scraper] - 페이지 최종 렌더링을 잠시 대기합니다...
2025-09-10 23:37:19,797 - INFO - [scripts.law.logic.scraper] - 페이지 HTML 컨텐츠를 가져오는 중...
2025-09-10 23:37:19,879 - INFO - [scripts.law.logic.scraper] - 데이터 파싱 중...
2025-09-10 23:37:20,289 - INFO - [scripts.law.logic.scraper] - 데이터 1건을 '/Users/woong/Roeum/roeum-crawler/data/raw/law/1352000/의료법 시행규칙_document.jsonl' 파일로 성공적으로 저장했습니다.
2025-09-10 23:37:20,291 - INFO - [scripts.law.logic.scraper] - 데이터 148건을 '/Users/woong/Roeum/roeum-crawler/data/raw/law/1352000/의료법 시행규칙_chunks.jsonl' 파일로 성공적으로 저장했습니다.
2025-09-10 23:37:20,314 - INFO - [__main__] - 상세 페이지 스크레이퍼 완료: 의료법 시행규칙
2025-09-10 23:37:21,671 - INFO - [__main__] - 상세 페이지 스크레이퍼 실행: https://www.law.go.kr/LSW/lsInfoP.do?lsiSeq=259529&efYd=20250731
2025-09-10 23:37:22,102 - INFO - [scripts.law.logic.scraper] - 페이지로 이동 중: https://www.law.go.kr/LSW/lsInfoP.do?lsiSeq=259529&efYd=20250731
2025-09-10 23:37:22,731 - INFO - [scripts.law.logic.scraper] - 로딩 마스크가 나타나기를 기다리는 중...
2025-09-10 23:37:22,760 - INFO - [scripts.law.logic.scraper] - 로딩 마스크가 사라지기를 기다리는 중...
2025-09-10 23:37:24,057 - INFO - [scripts.law.logic.scraper] - 페이지 최종 렌더링을 잠시 대기합니다...
2025-09-10 23:37:25,061 - INFO - [scripts.law.logic.scraper] - 페이지 HTML 컨텐츠를 가져오는 중...
2025-09-10 23:37:25,123 - INFO - [scripts.law.logic.scraper] - 데이터 파싱 중...
2025-09-10 23:37:25,394 - INFO - [scripts.law.logic.scraper] - 데이터 1건을 '/Users/woong/Roeum/roeum-crawler/data/raw/law/1352000/의료법_document.jsonl' 파일로 성공적으로 저장했습니다.
2025-09-10 23:37:25,396 - INFO - [scripts.law.logic.scraper] - 데이터 146건을 '/Users/woong/Roeum/roeum-crawler/data/raw/law/1352000/의료법_chunks.jsonl' 파일로 성공적으로 저장했습니다.
2025-09-10 23:37:25,416 - INFO - [__main__] - 상세 페이지 스크레이퍼 완료: 의료법
2025-09-10 23:37:26,639 - INFO - [__main__] - 상세 페이지 스크레이퍼 실행: https://www.law.go.kr/LSW/lsInfoP.do?lsiSeq=269837&efYd=20250311
2025-09-10 23:37:26,984 - INFO - [scripts.law.logic.scraper] - 페이지로 이동 중: https://www.law.go.kr/LSW/lsInfoP.do?lsiSeq=269837&efYd=20250311
2025-09-10 23:37:27,570 - INFO - [scripts.law.logic.scraper] - 로딩 마스크가 나타나기를 기다리는 중...
2025-09-10 23:37:27,588 - INFO - [scripts.law.logic.scraper] - 로딩 마스크가 사라지기를 기다리는 중...
2025-09-10 23:37:28,388 - INFO - [scripts.law.logic.scraper] - 페이지 최종 렌더링을 잠시 대기합니다...
2025-09-10 23:37:29,393 - INFO - [scripts.law.logic.scraper] - 페이지 HTML 컨텐츠를 가져오는 중...
2025-09-10 23:37:29,460 - INFO - [scripts.law.logic.scraper] - 데이터 파싱 중...
2025-09-10 23:37:29,729 - INFO - [scripts.law.logic.scraper] - 데이터 1건을 '/Users/woong/Roeum/roeum-crawler/data/raw/law/1352000/노인복지법 시행규칙_document.jsonl' 파일로 성공적으로 저장했습니다.
2025-09-10 23:37:29,730 - INFO - [scripts.law.logic.scraper] - 데이터 73건을 '/Users/woong/Roeum/roeum-crawler/data/raw/law/1352000/노인복지법 시행규칙_chunks.jsonl' 파일로 성공적으로 저장했습니다.
2025-09-10 23:37:29,752 - INFO - [__main__] - 상세 페이지 스크레이퍼 완료: 노인복지법 시행규칙
2025-09-10 23:37:30,996 - INFO - [__main__] - 상세 페이지 스크레이퍼 실행: https://www.law.go.kr/LSW/lsInfoP.do?lsiSeq=265929&efYd=20251023
2025-09-10 23:37:31,356 - INFO - [scripts.law.logic.scraper] - 페이지로 이동 중: https://www.law.go.kr/LSW/lsInfoP.do?lsiSeq=265929&efYd=20251023
2025-09-10 23:37:31,945 - INFO - [scripts.law.logic.scraper] - 로딩 마스크가 나타나기를 기다리는 중...
2025-09-10 23:37:31,966 - INFO - [scripts.law.logic.scraper] - 로딩 마스크가 사라지기를 기다리는 중...
2025-09-10 23:37:32,766 - INFO - [scripts.law.logic.scraper] - 페이지 최종 렌더링을 잠시 대기합니다...
2025-09-10 23:37:33,771 - INFO - [scripts.law.logic.scraper] - 페이지 HTML 컨텐츠를 가져오는 중...
2025-09-10 23:37:33,814 - INFO - [scripts.law.logic.scraper] - 데이터 파싱 중...
2025-09-10 23:37:33,987 - INFO - [scripts.law.logic.scraper] - 데이터 1건을 '/Users/woong/Roeum/roeum-crawler/data/raw/law/1352000/노인복지법_document.jsonl' 파일로 성공적으로 저장했습니다.
2025-09-10 23:37:33,989 - INFO - [scripts.law.logic.scraper] - 데이터 105건을 '/Users/woong/Roeum/roeum-crawler/data/raw/law/1352000/노인복지법_chunks.jsonl' 파일로 성공적으로 저장했습니다.
2025-09-10 23:37:34,010 - INFO - [__main__] - 상세 페이지 스크레이퍼 완료: 노인복지법
2025-09-10 23:37:35,226 - INFO - [__main__] - 상세 페이지 스크레이퍼 실행: https://www.law.go.kr/LSW/lsInfoP.do?lsiSeq=254055&efYd=20250817
2025-09-10 23:37:35,582 - INFO - [scripts.law.logic.scraper] - 페이지로 이동 중: https://www.law.go.kr/LSW/lsInfoP.do?lsiSeq=254055&efYd=20250817
2025-09-10 23:37:36,131 - INFO - [scripts.law.logic.scraper] - 로딩 마스크가 나타나기를 기다리는 중...
2025-09-10 23:37:36,151 - INFO - [scripts.law.logic.scraper] - 로딩 마스크가 사라지기를 기다리는 중...
2025-09-10 23:37:37,459 - INFO - [scripts.law.logic.scraper] - 페이지 최종 렌더링을 잠시 대기합니다...
2025-09-10 23:37:38,464 - INFO - [scripts.law.logic.scraper] - 페이지 HTML 컨텐츠를 가져오는 중...
2025-09-10 23:37:38,508 - INFO - [scripts.law.logic.scraper] - 데이터 파싱 중...
2025-09-10 23:37:38,703 - INFO - [scripts.law.logic.scraper] - 데이터 1건을 '/Users/woong/Roeum/roeum-crawler/data/raw/law/1352000/노인복지법_document.jsonl' 파일로 성공적으로 저장했습니다.
2025-09-10 23:37:38,703 - INFO - [scripts.law.logic.scraper] - 데이터 104건을 '/Users/woong/Roeum/roeum-crawler/data/raw/law/1352000/노인복지법_chunks.jsonl' 파일로 성공적으로 저장했습니다.
2025-09-10 23:37:38,725 - INFO - [__main__] - 상세 페이지 스크레이퍼 완료: 노인복지법
2025-09-10 23:37:39,953 - INFO - [__main__] - 상세 페이지 스크레이퍼 실행: https://www.law.go.kr/LSW/lsInfoP.do?lsiSeq=267385&efYd=20260101
2025-09-10 23:37:40,297 - INFO - [scripts.law.logic.scraper] - 페이지로 이동 중: https://www.law.go.kr/LSW/lsInfoP.do?lsiSeq=267385&efYd=20260101
2025-09-10 23:37:40,881 - INFO - [scripts.law.logic.scraper] - 로딩 마스크가 나타나기를 기다리는 중...
2025-09-10 23:37:40,899 - INFO - [scripts.law.logic.scraper] - 로딩 마스크가 사라지기를 기다리는 중...
2025-09-10 23:37:41,154 - INFO - [scripts.law.logic.scraper] - 페이지 최종 렌더링을 잠시 대기합니다...
2025-09-10 23:37:42,156 - INFO - [scripts.law.logic.scraper] - 페이지 HTML 컨텐츠를 가져오는 중...
2025-09-10 23:37:42,200 - INFO - [scripts.law.logic.scraper] - 데이터 파싱 중...
2025-09-10 23:37:42,374 - INFO - [scripts.law.logic.scraper] - 데이터 1건을 '/Users/woong/Roeum/roeum-crawler/data/raw/law/1352000/노인복지법_document.jsonl' 파일로 성공적으로 저장했습니다.
2025-09-10 23:37:42,375 - INFO - [scripts.law.logic.scraper] - 데이터 105건을 '/Users/woong/Roeum/roeum-crawler/data/raw/law/1352000/노인복지법_chunks.jsonl' 파일로 성공적으로 저장했습니다.
2025-09-10 23:37:42,397 - INFO - [__main__] - 상세 페이지 스크레이퍼 완료: 노인복지법
2025-09-10 23:37:43,613 - INFO - [__main__] - 상세 페이지 스크레이퍼 실행: https://www.law.go.kr/LSW/lsInfoP.do?lsiSeq=259093&efYd=20260124
2025-09-10 23:37:43,958 - INFO - [scripts.law.logic.scraper] - 페이지로 이동 중: https://www.law.go.kr/LSW/lsInfoP.do?lsiSeq=259093&efYd=20260124
2025-09-10 23:37:44,605 - INFO - [scripts.law.logic.scraper] - 로딩 마스크가 나타나기를 기다리는 중...
2025-09-10 23:37:44,625 - INFO - [scripts.law.logic.scraper] - 로딩 마스크가 사라지기를 기다리는 중...
2025-09-10 23:37:45,418 - INFO - [scripts.law.logic.scraper] - 페이지 최종 렌더링을 잠시 대기합니다...
2025-09-10 23:37:46,421 - INFO - [scripts.law.logic.scraper] - 페이지 HTML 컨텐츠를 가져오는 중...
2025-09-10 23:37:46,463 - INFO - [scripts.law.logic.scraper] - 데이터 파싱 중...
2025-09-10 23:37:46,638 - INFO - [scripts.law.logic.scraper] - 데이터 1건을 '/Users/woong/Roeum/roeum-crawler/data/raw/law/1352000/노인복지법_document.jsonl' 파일로 성공적으로 저장했습니다.
2025-09-10 23:37:46,639 - INFO - [scripts.law.logic.scraper] - 데이터 106건을 '/Users/woong/Roeum/roeum-crawler/data/raw/law/1352000/노인복지법_chunks.jsonl' 파일로 성공적으로 저장했습니다.
2025-09-10 23:37:46,660 - INFO - [__main__] - 상세 페이지 스크레이퍼 완료: 노인복지법
2025-09-10 23:37:47,885 - INFO - [__main__] - 상세 페이지 스크레이퍼 실행: https://www.law.go.kr/LSW/lsInfoP.do?lsiSeq=270391&efYd=20251002
2025-09-10 23:37:48,249 - INFO - [scripts.law.logic.scraper] - 페이지로 이동 중: https://www.law.go.kr/LSW/lsInfoP.do?lsiSeq=270391&efYd=20251002
2025-09-10 23:37:48,872 - INFO - [scripts.law.logic.scraper] - 로딩 마스크가 나타나기를 기다리는 중...
2025-09-10 23:37:48,891 - INFO - [scripts.law.logic.scraper] - 로딩 마스크가 사라지기를 기다리는 중...
2025-09-10 23:37:49,691 - INFO - [scripts.law.logic.scraper] - 페이지 최종 렌더링을 잠시 대기합니다...
2025-09-10 23:37:50,694 - INFO - [scripts.law.logic.scraper] - 페이지 HTML 컨텐츠를 가져오는 중...
2025-09-10 23:37:50,739 - INFO - [scripts.law.logic.scraper] - 데이터 파싱 중...
2025-09-10 23:37:50,913 - INFO - [scripts.law.logic.scraper] - 데이터 1건을 '/Users/woong/Roeum/roeum-crawler/data/raw/law/1352000/노인복지법_document.jsonl' 파일로 성공적으로 저장했습니다.
2025-09-10 23:37:50,914 - INFO - [scripts.law.logic.scraper] - 데이터 104건을 '/Users/woong/Roeum/roeum-crawler/data/raw/law/1352000/노인복지법_chunks.jsonl' 파일로 성공적으로 저장했습니다.
2025-09-10 23:37:50,936 - INFO - [__main__] - 상세 페이지 스크레이퍼 완료: 노인복지법
2025-09-10 23:37:52,155 - INFO - [__main__] - 상세 페이지 스크레이퍼 실행: https://www.law.go.kr/LSW/lsInfoP.do?lsiSeq=269929&efYd=20260319
2025-09-10 23:37:52,503 - INFO - [scripts.law.logic.scraper] - 페이지로 이동 중: https://www.law.go.kr/LSW/lsInfoP.do?lsiSeq=269929&efYd=20260319
2025-09-10 23:37:53,088 - INFO - [scripts.law.logic.scraper] - 로딩 마스크가 나타나기를 기다리는 중...
2025-09-10 23:37:53,105 - INFO - [scripts.law.logic.scraper] - 로딩 마스크가 사라지기를 기다리는 중...
2025-09-10 23:37:53,332 - INFO - [scripts.law.logic.scraper] - 페이지 최종 렌더링을 잠시 대기합니다...
2025-09-10 23:37:54,335 - INFO - [scripts.law.logic.scraper] - 페이지 HTML 컨텐츠를 가져오는 중...
2025-09-10 23:37:54,371 - INFO - [scripts.law.logic.scraper] - 데이터 파싱 중...
2025-09-10 23:37:54,507 - INFO - [scripts.law.logic.scraper] - 데이터 1건을 '/Users/woong/Roeum/roeum-crawler/data/raw/law/1352000/국민건강증진법_document.jsonl' 파일로 성공적으로 저장했습니다.
2025-09-10 23:37:54,508 - INFO - [scripts.law.logic.scraper] - 데이터 63건을 '/Users/woong/Roeum/roeum-crawler/data/raw/law/1352000/국민건강증진법_chunks.jsonl' 파일로 성공적으로 저장했습니다.
2025-09-10 23:37:54,529 - INFO - [__main__] - 상세 페이지 스크레이퍼 완료: 국민건강증진법
2025-09-10 23:37:55,752 - INFO - [__main__] - 상세 페이지 스크레이퍼 실행: https://www.law.go.kr/LSW/lsInfoP.do?lsiSeq=273157&efYd=20250817
2025-09-10 23:37:56,092 - INFO - [scripts.law.logic.scraper] - 페이지로 이동 중: https://www.law.go.kr/LSW/lsInfoP.do?lsiSeq=273157&efYd=20250817
2025-09-10 23:37:56,694 - INFO - [scripts.law.logic.scraper] - 로딩 마스크가 나타나기를 기다리는 중...
2025-09-10 23:37:56,714 - INFO - [scripts.law.logic.scraper] - 로딩 마스크가 사라지기를 기다리는 중...
2025-09-10 23:37:57,077 - INFO - [scripts.law.logic.scraper] - 페이지 최종 렌더링을 잠시 대기합니다...
2025-09-10 23:37:58,079 - INFO - [scripts.law.logic.scraper] - 페이지 HTML 컨텐츠를 가져오는 중...
2025-09-10 23:37:58,121 - INFO - [scripts.law.logic.scraper] - 데이터 파싱 중...
2025-09-10 23:37:58,246 - INFO - [scripts.law.logic.scraper] - 데이터 1건을 '/Users/woong/Roeum/roeum-crawler/data/raw/law/1352000/노인복지법 시행령_document.jsonl' 파일로 성공적으로 저장했습니다.
2025-09-10 23:37:58,247 - INFO - [scripts.law.logic.scraper] - 데이터 50건을 '/Users/woong/Roeum/roeum-crawler/data/raw/law/1352000/노인복지법 시행령_chunks.jsonl' 파일로 성공적으로 저장했습니다.
2025-09-10 23:37:58,269 - INFO - [__main__] - 상세 페이지 스크레이퍼 완료: 노인복지법 시행령
2025-09-10 23:37:59,444 - INFO - [__main__] - 상세 페이지 스크레이퍼 실행: https://www.law.go.kr/LSW/lsInfoP.do?lsiSeq=270387&efYd=20251002
2025-09-10 23:37:59,799 - INFO - [scripts.law.logic.scraper] - 페이지로 이동 중: https://www.law.go.kr/LSW/lsInfoP.do?lsiSeq=270387&efYd=20251002
2025-09-10 23:38:00,414 - INFO - [scripts.law.logic.scraper] - 로딩 마스크가 나타나기를 기다리는 중...
2025-09-10 23:38:00,433 - INFO - [scripts.law.logic.scraper] - 로딩 마스크가 사라지기를 기다리는 중...
2025-09-10 23:38:00,815 - INFO - [scripts.law.logic.scraper] - 페이지 최종 렌더링을 잠시 대기합니다...
2025-09-10 23:38:01,817 - INFO - [scripts.law.logic.scraper] - 페이지 HTML 컨텐츠를 가져오는 중...
2025-09-10 23:38:01,854 - INFO - [scripts.law.logic.scraper] - 데이터 파싱 중...
2025-09-10 23:38:01,990 - INFO - [scripts.law.logic.scraper] - 데이터 1건을 '/Users/woong/Roeum/roeum-crawler/data/raw/law/1352000/국민건강증진법_document.jsonl' 파일로 성공적으로 저장했습니다.
2025-09-10 23:38:01,991 - INFO - [scripts.law.logic.scraper] - 데이터 63건을 '/Users/woong/Roeum/roeum-crawler/data/raw/law/1352000/국민건강증진법_chunks.jsonl' 파일로 성공적으로 저장했습니다.
2025-09-10 23:38:02,014 - INFO - [__main__] - 상세 페이지 스크레이퍼 완료: 국민건강증진법
2025-09-10 23:38:03,242 - INFO - [__main__] - 상세 페이지 스크레이퍼 실행: https://www.law.go.kr/LSW/lsInfoP.do?lsiSeq=259523&efYd=20250731
2025-09-10 23:38:03,601 - INFO - [scripts.law.logic.scraper] - 페이지로 이동 중: https://www.law.go.kr/LSW/lsInfoP.do?lsiSeq=259523&efYd=20250731
2025-09-10 23:38:04,170 - INFO - [scripts.law.logic.scraper] - 로딩 마스크가 나타나기를 기다리는 중...
2025-09-10 23:38:04,190 - INFO - [scripts.law.logic.scraper] - 로딩 마스크가 사라지기를 기다리는 중...
2025-09-10 23:38:04,979 - INFO - [scripts.law.logic.scraper] - 페이지 최종 렌더링을 잠시 대기합니다...
2025-09-10 23:38:05,982 - INFO - [scripts.law.logic.scraper] - 페이지 HTML 컨텐츠를 가져오는 중...
2025-09-10 23:38:06,022 - INFO - [scripts.law.logic.scraper] - 데이터 파싱 중...
2025-09-10 23:38:06,166 - INFO - [scripts.law.logic.scraper] - 데이터 1건을 '/Users/woong/Roeum/roeum-crawler/data/raw/law/1352000/국민건강증진법_document.jsonl' 파일로 성공적으로 저장했습니다.
2025-09-10 23:38:06,166 - INFO - [scripts.law.logic.scraper] - 데이터 63건을 '/Users/woong/Roeum/roeum-crawler/data/raw/law/1352000/국민건강증진법_chunks.jsonl' 파일로 성공적으로 저장했습니다.
2025-09-10 23:38:06,188 - INFO - [__main__] - 상세 페이지 스크레이퍼 완료: 국민건강증진법
2025-09-10 23:38:07,406 - INFO - [__main__] - 상세 페이지 스크레이퍼 실행: https://www.law.go.kr/LSW/lsInfoP.do?lsiSeq=267387&efYd=20250621
2025-09-10 23:38:07,751 - INFO - [scripts.law.logic.scraper] - 페이지로 이동 중: https://www.law.go.kr/LSW/lsInfoP.do?lsiSeq=267387&efYd=20250621
2025-09-10 23:38:08,301 - INFO - [scripts.law.logic.scraper] - 로딩 마스크가 나타나기를 기다리는 중...
2025-09-10 23:38:08,322 - INFO - [scripts.law.logic.scraper] - 로딩 마스크가 사라지기를 기다리는 중...
2025-09-10 23:38:08,602 - INFO - [scripts.law.logic.scraper] - 페이지 최종 렌더링을 잠시 대기합니다...
2025-09-10 23:38:09,605 - INFO - [scripts.law.logic.scraper] - 페이지 HTML 컨텐츠를 가져오는 중...
2025-09-10 23:38:09,650 - INFO - [scripts.law.logic.scraper] - 데이터 파싱 중...
2025-09-10 23:38:09,821 - INFO - [scripts.law.logic.scraper] - 데이터 1건을 '/Users/woong/Roeum/roeum-crawler/data/raw/law/1352000/노인장기요양보험법_document.jsonl' 파일로 성공적으로 저장했습니다.
2025-09-10 23:38:09,822 - INFO - [scripts.law.logic.scraper] - 데이터 93건을 '/Users/woong/Roeum/roeum-crawler/data/raw/law/1352000/노인장기요양보험법_chunks.jsonl' 파일로 성공적으로 저장했습니다.
2025-09-10 23:38:09,843 - INFO - [__main__] - 상세 페이지 스크레이퍼 완료: 노인장기요양보험법
2025-09-10 23:38:11,031 - INFO - [__main__] - 상세 페이지 스크레이퍼 실행: https://www.law.go.kr/LSW/lsInfoP.do?lsiSeq=272445&efYd=20250621
2025-09-10 23:38:11,381 - INFO - [scripts.law.logic.scraper] - 페이지로 이동 중: https://www.law.go.kr/LSW/lsInfoP.do?lsiSeq=272445&efYd=20250621
2025-09-10 23:38:12,017 - INFO - [scripts.law.logic.scraper] - 로딩 마스크가 나타나기를 기다리는 중...
2025-09-10 23:38:12,040 - INFO - [scripts.law.logic.scraper] - 로딩 마스크가 사라지기를 기다리는 중...
2025-09-10 23:38:12,190 - INFO - [scripts.law.logic.scraper] - 페이지 최종 렌더링을 잠시 대기합니다...
2025-09-10 23:38:13,193 - INFO - [scripts.law.logic.scraper] - 페이지 HTML 컨텐츠를 가져오는 중...
2025-09-10 23:38:13,216 - INFO - [scripts.law.logic.scraper] - 데이터 파싱 중...
2025-09-10 23:38:13,337 - INFO - [scripts.law.logic.scraper] - 데이터 1건을 '/Users/woong/Roeum/roeum-crawler/data/raw/law/1352000/국민건강증진법 시행령_document.jsonl' 파일로 성공적으로 저장했습니다.
2025-09-10 23:38:13,338 - INFO - [scripts.law.logic.scraper] - 데이터 52건을 '/Users/woong/Roeum/roeum-crawler/data/raw/law/1352000/국민건강증진법 시행령_chunks.jsonl' 파일로 성공적으로 저장했습니다.
2025-09-10 23:38:13,361 - INFO - [__main__] - 상세 페이지 스크레이퍼 완료: 국민건강증진법 시행령
2025-09-10 23:38:14,575 - INFO - [__main__] - 상세 페이지 스크레이퍼 실행: https://www.law.go.kr/LSW/lsInfoP.do?lsiSeq=272625&efYd=20250701
2025-09-10 23:38:14,934 - INFO - [scripts.law.logic.scraper] - 페이지로 이동 중: https://www.law.go.kr/LSW/lsInfoP.do?lsiSeq=272625&efYd=20250701
2025-09-10 23:38:15,547 - INFO - [scripts.law.logic.scraper] - 로딩 마스크가 나타나기를 기다리는 중...
2025-09-10 23:38:15,567 - INFO - [scripts.law.logic.scraper] - 로딩 마스크가 사라지기를 기다리는 중...
2025-09-10 23:38:15,814 - INFO - [scripts.law.logic.scraper] - 페이지 최종 렌더링을 잠시 대기합니다...
2025-09-10 23:38:16,818 - INFO - [scripts.law.logic.scraper] - 페이지 HTML 컨텐츠를 가져오는 중...
2025-09-10 23:38:16,858 - INFO - [scripts.law.logic.scraper] - 데이터 파싱 중...
2025-09-10 23:38:16,999 - INFO - [scripts.law.logic.scraper] - 데이터 1건을 '/Users/woong/Roeum/roeum-crawler/data/raw/law/1352000/노인장기요양보험법 시행령_document.jsonl' 파일로 성공적으로 저장했습니다.
2025-09-10 23:38:17,000 - INFO - [scripts.law.logic.scraper] - 데이터 56건을 '/Users/woong/Roeum/roeum-crawler/data/raw/law/1352000/노인장기요양보험법 시행령_chunks.jsonl' 파일로 성공적으로 저장했습니다.
2025-09-10 23:38:17,022 - INFO - [__main__] - 상세 페이지 스크레이퍼 완료: 노인장기요양보험법 시행령
2025-09-10 23:38:18,246 - INFO - [__main__] - 상세 페이지 스크레이퍼 실행: https://www.law.go.kr/LSW/lsInfoP.do?lsiSeq=272547&efYd=20250621
2025-09-10 23:38:18,608 - INFO - [scripts.law.logic.scraper] - 페이지로 이동 중: https://www.law.go.kr/LSW/lsInfoP.do?lsiSeq=272547&efYd=20250621
2025-09-10 23:38:19,178 - INFO - [scripts.law.logic.scraper] - 로딩 마스크가 나타나기를 기다리는 중...
2025-09-10 23:38:19,198 - INFO - [scripts.law.logic.scraper] - 로딩 마스크가 사라지기를 기다리는 중...
2025-09-10 23:38:19,643 - INFO - [scripts.law.logic.scraper] - 페이지 최종 렌더링을 잠시 대기합니다...
2025-09-10 23:38:20,647 - INFO - [scripts.law.logic.scraper] - 페이지 HTML 컨텐츠를 가져오는 중...
2025-09-10 23:38:20,711 - INFO - [scripts.law.logic.scraper] - 데이터 파싱 중...
2025-09-10 23:38:20,954 - INFO - [scripts.law.logic.scraper] - 데이터 1건을 '/Users/woong/Roeum/roeum-crawler/data/raw/law/1352000/노인장기요양보험법 시행규칙_document.jsonl' 파일로 성공적으로 저장했습니다.
2025-09-10 23:38:20,955 - INFO - [scripts.law.logic.scraper] - 데이터 74건을 '/Users/woong/Roeum/roeum-crawler/data/raw/law/1352000/노인장기요양보험법 시행규칙_chunks.jsonl' 파일로 성공적으로 저장했습니다.
2025-09-10 23:38:20,976 - INFO - [__main__] - 상세 페이지 스크레이퍼 완료: 노인장기요양보험법 시행규칙
2025-09-10 23:38:22,200 - INFO - [__main__] - 상세 페이지 스크레이퍼 실행: https://www.law.go.kr/LSW/lsInfoP.do?lsiSeq=271055&efYd=20250719
2025-09-10 23:38:22,542 - INFO - [scripts.law.logic.scraper] - 페이지로 이동 중: https://www.law.go.kr/LSW/lsInfoP.do?lsiSeq=271055&efYd=20250719
2025-09-10 23:38:23,146 - INFO - [scripts.law.logic.scraper] - 로딩 마스크가 나타나기를 기다리는 중...
2025-09-10 23:38:23,165 - INFO - [scripts.law.logic.scraper] - 로딩 마스크가 사라지기를 기다리는 중...
2025-09-10 23:38:23,624 - INFO - [scripts.law.logic.scraper] - 페이지 최종 렌더링을 잠시 대기합니다...
2025-09-10 23:38:24,628 - INFO - [scripts.law.logic.scraper] - 페이지 HTML 컨텐츠를 가져오는 중...
2025-09-10 23:38:24,685 - INFO - [scripts.law.logic.scraper] - 데이터 파싱 중...
2025-09-10 23:38:24,893 - INFO - [scripts.law.logic.scraper] - 데이터 1건을 '/Users/woong/Roeum/roeum-crawler/data/raw/law/1352000/아동복지법 시행령_document.jsonl' 파일로 성공적으로 저장했습니다.
2025-09-10 23:38:24,894 - INFO - [scripts.law.logic.scraper] - 데이터 93건을 '/Users/woong/Roeum/roeum-crawler/data/raw/law/1352000/아동복지법 시행령_chunks.jsonl' 파일로 성공적으로 저장했습니다.
2025-09-10 23:38:24,917 - INFO - [__main__] - 상세 페이지 스크레이퍼 완료: 아동복지법 시행령
2025-09-10 23:38:26,145 - INFO - [__main__] - 상세 페이지 스크레이퍼 실행: https://www.law.go.kr/LSW/lsInfoP.do?lsiSeq=263941&efYd=20240710
2025-09-10 23:38:26,488 - INFO - [scripts.law.logic.scraper] - 페이지로 이동 중: https://www.law.go.kr/LSW/lsInfoP.do?lsiSeq=263941&efYd=20240710
2025-09-10 23:38:27,083 - INFO - [scripts.law.logic.scraper] - 로딩 마스크가 나타나기를 기다리는 중...
2025-09-10 23:38:27,105 - INFO - [scripts.law.logic.scraper] - 로딩 마스크가 사라지기를 기다리는 중...
2025-09-10 23:38:27,419 - INFO - [scripts.law.logic.scraper] - 페이지 최종 렌더링을 잠시 대기합니다...
2025-09-10 23:38:28,424 - INFO - [scripts.law.logic.scraper] - 페이지 HTML 컨텐츠를 가져오는 중...
2025-09-10 23:38:28,467 - INFO - [scripts.law.logic.scraper] - 데이터 파싱 중...
2025-09-10 23:38:28,606 - INFO - [scripts.law.logic.scraper] - 데이터 1건을 '/Users/woong/Roeum/roeum-crawler/data/raw/law/1352000/국민건강증진법 시행규칙_document.jsonl' 파일로 성공적으로 저장했습니다.
2025-09-10 23:38:28,607 - INFO - [scripts.law.logic.scraper] - 데이터 42건을 '/Users/woong/Roeum/roeum-crawler/data/raw/law/1352000/국민건강증진법 시행규칙_chunks.jsonl' 파일로 성공적으로 저장했습니다.
2025-09-10 23:38:28,627 - INFO - [__main__] - 상세 페이지 스크레이퍼 완료: 국민건강증진법 시행규칙
2025-09-10 23:38:29,846 - INFO - [__main__] - 상세 페이지 스크레이퍼 실행: https://www.law.go.kr/LSW/lsInfoP.do?lsiSeq=269929&efYd=20260101
2025-09-10 23:38:30,194 - INFO - [scripts.law.logic.scraper] - 페이지로 이동 중: https://www.law.go.kr/LSW/lsInfoP.do?lsiSeq=269929&efYd=20260101
2025-09-10 23:38:30,874 - INFO - [scripts.law.logic.scraper] - 로딩 마스크가 나타나기를 기다리는 중...
2025-09-10 23:38:30,901 - INFO - [scripts.law.logic.scraper] - 로딩 마스크가 사라지기를 기다리는 중...
2025-09-10 23:38:31,715 - INFO - [scripts.law.logic.scraper] - 페이지 최종 렌더링을 잠시 대기합니다...
2025-09-10 23:38:32,719 - INFO - [scripts.law.logic.scraper] - 페이지 HTML 컨텐츠를 가져오는 중...
2025-09-10 23:38:32,759 - INFO - [scripts.law.logic.scraper] - 데이터 파싱 중...
2025-09-10 23:38:32,892 - INFO - [scripts.law.logic.scraper] - 데이터 1건을 '/Users/woong/Roeum/roeum-crawler/data/raw/law/1352000/국민건강증진법_document.jsonl' 파일로 성공적으로 저장했습니다.
2025-09-10 23:38:32,892 - INFO - [scripts.law.logic.scraper] - 데이터 63건을 '/Users/woong/Roeum/roeum-crawler/data/raw/law/1352000/국민건강증진법_chunks.jsonl' 파일로 성공적으로 저장했습니다.
2025-09-10 23:38:32,923 - INFO - [__main__] - 상세 페이지 스크레이퍼 완료: 국민건강증진법
2025-09-10 23:38:34,194 - INFO - [__main__] - 상세 페이지 스크레이퍼 실행: https://www.law.go.kr/LSW/lsInfoP.do?lsiSeq=265763&efYd=20241019
2025-09-10 23:38:34,601 - INFO - [scripts.law.logic.scraper] - 페이지로 이동 중: https://www.law.go.kr/LSW/lsInfoP.do?lsiSeq=265763&efYd=20241019
2025-09-10 23:38:35,191 - INFO - [scripts.law.logic.scraper] - 로딩 마스크가 나타나기를 기다리는 중...
2025-09-10 23:38:35,210 - INFO - [scripts.law.logic.scraper] - 로딩 마스크가 사라지기를 기다리는 중...
2025-09-10 23:38:35,649 - INFO - [scripts.law.logic.scraper] - 페이지 최종 렌더링을 잠시 대기합니다...
2025-09-10 23:38:36,652 - INFO - [scripts.law.logic.scraper] - 페이지 HTML 컨텐츠를 가져오는 중...
2025-09-10 23:38:36,700 - INFO - [scripts.law.logic.scraper] - 데이터 파싱 중...
2025-09-10 23:38:36,872 - INFO - [scripts.law.logic.scraper] - 데이터 1건을 '/Users/woong/Roeum/roeum-crawler/data/raw/law/1352000/약사법 시행령_document.jsonl' 파일로 성공적으로 저장했습니다.
2025-09-10 23:38:36,873 - INFO - [scripts.law.logic.scraper] - 데이터 83건을 '/Users/woong/Roeum/roeum-crawler/data/raw/law/1352000/약사법 시행령_chunks.jsonl' 파일로 성공적으로 저장했습니다.
2025-09-10 23:38:36,895 - INFO - [__main__] - 상세 페이지 스크레이퍼 완료: 약사법 시행령
2025-09-10 23:38:38,116 - INFO - [__main__] - 상세 페이지 스크레이퍼 실행: https://www.law.go.kr/LSW/lsInfoP.do?lsiSeq=265059&efYd=20240821
2025-09-10 23:38:38,464 - INFO - [scripts.law.logic.scraper] - 페이지로 이동 중: https://www.law.go.kr/LSW/lsInfoP.do?lsiSeq=265059&efYd=20240821
2025-09-10 23:38:39,064 - INFO - [scripts.law.logic.scraper] - 로딩 마스크가 나타나기를 기다리는 중...
2025-09-10 23:38:39,085 - INFO - [scripts.law.logic.scraper] - 로딩 마스크가 사라지기를 기다리는 중...
2025-09-10 23:38:39,534 - INFO - [scripts.law.logic.scraper] - 페이지 최종 렌더링을 잠시 대기합니다...
2025-09-10 23:38:40,536 - INFO - [scripts.law.logic.scraper] - 페이지 HTML 컨텐츠를 가져오는 중...
2025-09-10 23:38:40,605 - INFO - [scripts.law.logic.scraper] - 데이터 파싱 중...
2025-09-10 23:38:40,862 - INFO - [scripts.law.logic.scraper] - 데이터 1건을 '/Users/woong/Roeum/roeum-crawler/data/raw/law/1352000/생명윤리 및 안전에 관한 법률 시행규칙_document.jsonl' 파일로 성공적으로 저장했습니다.
2025-09-10 23:38:40,863 - INFO - [scripts.law.logic.scraper] - 데이터 72건을 '/Users/woong/Roeum/roeum-crawler/data/raw/law/1352000/생명윤리 및 안전에 관한 법률 시행규칙_chunks.jsonl' 파일로 성공적으로 저장했습니다.
2025-09-10 23:38:40,885 - INFO - [__main__] - 상세 페이지 스크레이퍼 완료: 생명윤리 및 안전에 관한 법률 시행규칙
2025-09-10 23:38:42,114 - INFO - [__main__] - 상세 페이지 스크레이퍼 실행: https://www.law.go.kr/LSW/lsInfoP.do?lsiSeq=217283&efYd=20250408
2025-09-10 23:38:42,471 - INFO - [scripts.law.logic.scraper] - 페이지로 이동 중: https://www.law.go.kr/LSW/lsInfoP.do?lsiSeq=217283&efYd=20250408
2025-09-10 23:38:43,043 - INFO - [scripts.law.logic.scraper] - 로딩 마스크가 나타나기를 기다리는 중...
2025-09-10 23:38:43,062 - INFO - [scripts.law.logic.scraper] - 로딩 마스크가 사라지기를 기다리는 중...
2025-09-10 23:38:44,110 - INFO - [scripts.law.logic.scraper] - 페이지 최종 렌더링을 잠시 대기합니다...
2025-09-10 23:38:45,113 - INFO - [scripts.law.logic.scraper] - 페이지 HTML 컨텐츠를 가져오는 중...
2025-09-10 23:38:45,193 - INFO - [scripts.law.logic.scraper] - 데이터 파싱 중...
2025-09-10 23:38:45,628 - INFO - [scripts.law.logic.scraper] - 데이터 1건을 '/Users/woong/Roeum/roeum-crawler/data/raw/law/1352000/약사법_document.jsonl' 파일로 성공적으로 저장했습니다.
2025-09-10 23:38:45,630 - INFO - [scripts.law.logic.scraper] - 데이터 215건을 '/Users/woong/Roeum/roeum-crawler/data/raw/law/1352000/약사법_chunks.jsonl' 파일로 성공적으로 저장했습니다.
2025-09-10 23:38:45,651 - INFO - [__main__] - 상세 페이지 스크레이퍼 완료: 약사법
2025-09-10 23:38:46,876 - INFO - [__main__] - 상세 페이지 스크레이퍼 실행: https://www.law.go.kr/LSW/lsInfoP.do?lsiSeq=260565&efYd=20240821
2025-09-10 23:38:47,297 - INFO - [scripts.law.logic.scraper] - 페이지로 이동 중: https://www.law.go.kr/LSW/lsInfoP.do?lsiSeq=260565&efYd=20240821
2025-09-10 23:38:47,996 - INFO - [scripts.law.logic.scraper] - 로딩 마스크가 나타나기를 기다리는 중...
2025-09-10 23:38:58,011 - WARNING - [scripts.law.logic.scraper] - 로딩 마스크가 감지되지 않았습니다. 페이지 로드가 완료된 것으로 간주하고 계속 진행합니다.
2025-09-10 23:38:58,012 - INFO - [scripts.law.logic.scraper] - 페이지 최종 렌더링을 잠시 대기합니다...
2025-09-10 23:38:59,021 - INFO - [scripts.law.logic.scraper] - 페이지 HTML 컨텐츠를 가져오는 중...
2025-09-10 23:38:59,063 - INFO - [scripts.law.logic.scraper] - 데이터 파싱 중...
2025-09-10 23:38:59,207 - INFO - [scripts.law.logic.scraper] - 데이터 1건을 '/Users/woong/Roeum/roeum-crawler/data/raw/law/1352000/생명윤리 및 안전에 관한 법률_document.jsonl' 파일로 성공적으로 저장했습니다.
2025-09-10 23:38:59,208 - INFO - [scripts.law.logic.scraper] - 데이터 75건을 '/Users/woong/Roeum/roeum-crawler/data/raw/law/1352000/생명윤리 및 안전에 관한 법률_chunks.jsonl' 파일로 성공적으로 저장했습니다.
2025-09-10 23:38:59,241 - INFO - [__main__] - 상세 페이지 스크레이퍼 완료: 생명윤리 및 안전에 관한 법률
2025-09-10 23:39:00,504 - INFO - [__main__] - 상세 페이지 스크레이퍼 실행: https://www.law.go.kr/LSW/lsInfoP.do?lsiSeq=271099&efYd=20260202
2025-09-10 23:39:00,919 - INFO - [scripts.law.logic.scraper] - 페이지로 이동 중: https://www.law.go.kr/LSW/lsInfoP.do?lsiSeq=271099&efYd=20260202
2025-09-10 23:39:01,539 - INFO - [scripts.law.logic.scraper] - 로딩 마스크가 나타나기를 기다리는 중...
2025-09-10 23:39:01,558 - INFO - [scripts.law.logic.scraper] - 로딩 마스크가 사라지기를 기다리는 중...
2025-09-10 23:39:02,007 - INFO - [scripts.law.logic.scraper] - 페이지 최종 렌더링을 잠시 대기합니다...
2025-09-10 23:39:03,010 - INFO - [scripts.law.logic.scraper] - 페이지 HTML 컨텐츠를 가져오는 중...
2025-09-10 23:39:03,039 - INFO - [scripts.law.logic.scraper] - 데이터 파싱 중...
2025-09-10 23:39:03,257 - INFO - [scripts.law.logic.scraper] - 데이터 1건을 '/Users/woong/Roeum/roeum-crawler/data/raw/law/1352000/약사법 시행규칙_document.jsonl' 파일로 성공적으로 저장했습니다.
2025-09-10 23:39:03,258 - INFO - [scripts.law.logic.scraper] - 데이터 90건을 '/Users/woong/Roeum/roeum-crawler/data/raw/law/1352000/약사법 시행규칙_chunks.jsonl' 파일로 성공적으로 저장했습니다.
2025-09-10 23:39:03,285 - INFO - [__main__] - 상세 페이지 스크레이퍼 완료: 약사법 시행규칙
2025-09-10 23:39:04,487 - INFO - [__main__] - 상세 페이지 스크레이퍼 실행: https://www.law.go.kr/LSW/lsInfoP.do?lsiSeq=271595&efYd=20251203
2025-09-10 23:39:04,930 - INFO - [scripts.law.logic.scraper] - 페이지로 이동 중: https://www.law.go.kr/LSW/lsInfoP.do?lsiSeq=271595&efYd=20251203
2025-09-10 23:39:05,507 - INFO - [scripts.law.logic.scraper] - 로딩 마스크가 나타나기를 기다리는 중...
2025-09-10 23:39:05,532 - INFO - [scripts.law.logic.scraper] - 로딩 마스크가 사라지기를 기다리는 중...
2025-09-10 23:39:06,338 - INFO - [scripts.law.logic.scraper] - 페이지 최종 렌더링을 잠시 대기합니다...
2025-09-10 23:39:07,342 - INFO - [scripts.law.logic.scraper] - 페이지 HTML 컨텐츠를 가져오는 중...
2025-09-10 23:39:07,396 - INFO - [scripts.law.logic.scraper] - 데이터 파싱 중...
2025-09-10 23:39:07,605 - INFO - [scripts.law.logic.scraper] - 데이터 1건을 '/Users/woong/Roeum/roeum-crawler/data/raw/law/1352000/생명윤리 및 안전에 관한 법률 시행규칙_document.jsonl' 파일로 성공적으로 저장했습니다.
2025-09-10 23:39:07,606 - INFO - [scripts.law.logic.scraper] - 데이터 72건을 '/Users/woong/Roeum/roeum-crawler/data/raw/law/1352000/생명윤리 및 안전에 관한 법률 시행규칙_chunks.jsonl' 파일로 성공적으로 저장했습니다.
2025-09-10 23:39:07,628 - INFO - [__main__] - 상세 페이지 스크레이퍼 완료: 생명윤리 및 안전에 관한 법률 시행규칙
2025-09-10 23:39:08,856 - INFO - [__main__] - 상세 페이지 스크레이퍼 실행: https://www.law.go.kr/LSW/lsInfoP.do?lsiSeq=252711&efYd=20250719
2025-09-10 23:39:09,209 - INFO - [scripts.law.logic.scraper] - 페이지로 이동 중: https://www.law.go.kr/LSW/lsInfoP.do?lsiSeq=252711&efYd=20250719
2025-09-10 23:39:09,802 - INFO - [scripts.law.logic.scraper] - 로딩 마스크가 나타나기를 기다리는 중...
2025-09-10 23:39:09,821 - INFO - [scripts.law.logic.scraper] - 로딩 마스크가 사라지기를 기다리는 중...
2025-09-10 23:39:10,616 - INFO - [scripts.law.logic.scraper] - 페이지 최종 렌더링을 잠시 대기합니다...
2025-09-10 23:39:11,619 - INFO - [scripts.law.logic.scraper] - 페이지 HTML 컨텐츠를 가져오는 중...
2025-09-10 23:39:11,670 - INFO - [scripts.law.logic.scraper] - 데이터 파싱 중...
2025-09-10 23:39:11,868 - INFO - [scripts.law.logic.scraper] - 데이터 1건을 '/Users/woong/Roeum/roeum-crawler/data/raw/law/1352000/아동복지법_document.jsonl' 파일로 성공적으로 저장했습니다.
2025-09-10 23:39:11,869 - INFO - [scripts.law.logic.scraper] - 데이터 106건을 '/Users/woong/Roeum/roeum-crawler/data/raw/law/1352000/아동복지법_chunks.jsonl' 파일로 성공적으로 저장했습니다.
2025-09-10 23:39:11,890 - INFO - [__main__] - 상세 페이지 스크레이퍼 완료: 아동복지법
2025-09-10 23:39:13,113 - INFO - [__main__] - 상세 페이지 스크레이퍼 실행: https://www.law.go.kr/LSW/lsInfoP.do?lsiSeq=267099&efYd=20250101
2025-09-10 23:39:13,461 - INFO - [scripts.law.logic.scraper] - 페이지로 이동 중: https://www.law.go.kr/LSW/lsInfoP.do?lsiSeq=267099&efYd=20250101
2025-09-10 23:39:14,059 - INFO - [scripts.law.logic.scraper] - 로딩 마스크가 나타나기를 기다리는 중...
2025-09-10 23:39:14,078 - INFO - [scripts.law.logic.scraper] - 로딩 마스크가 사라지기를 기다리는 중...
2025-09-10 23:39:14,360 - INFO - [scripts.law.logic.scraper] - 페이지 최종 렌더링을 잠시 대기합니다...
2025-09-10 23:39:15,362 - INFO - [scripts.law.logic.scraper] - 페이지 HTML 컨텐츠를 가져오는 중...
2025-09-10 23:39:15,413 - INFO - [scripts.law.logic.scraper] - 데이터 파싱 중...
2025-09-10 23:39:15,571 - INFO - [scripts.law.logic.scraper] - 데이터 1건을 '/Users/woong/Roeum/roeum-crawler/data/raw/law/1352000/아동복지법 시행규칙_document.jsonl' 파일로 성공적으로 저장했습니다.
2025-09-10 23:39:15,572 - INFO - [scripts.law.logic.scraper] - 데이터 45건을 '/Users/woong/Roeum/roeum-crawler/data/raw/law/1352000/아동복지법 시행규칙_chunks.jsonl' 파일로 성공적으로 저장했습니다.
2025-09-10 23:39:15,600 - INFO - [__main__] - 상세 페이지 스크레이퍼 완료: 아동복지법 시행규칙
2025-09-10 23:39:16,829 - INFO - [__main__] - 상세 페이지 스크레이퍼 실행: https://www.law.go.kr/LSW/lsInfoP.do?lsiSeq=267395&efYd=20260621
2025-09-10 23:39:17,204 - INFO - [scripts.law.logic.scraper] - 페이지로 이동 중: https://www.law.go.kr/LSW/lsInfoP.do?lsiSeq=267395&efYd=20260621
2025-09-10 23:39:17,894 - INFO - [scripts.law.logic.scraper] - 로딩 마스크가 나타나기를 기다리는 중...
2025-09-10 23:39:17,922 - INFO - [scripts.law.logic.scraper] - 로딩 마스크가 사라지기를 기다리는 중...
2025-09-10 23:39:19,223 - INFO - [scripts.law.logic.scraper] - 페이지 최종 렌더링을 잠시 대기합니다...
2025-09-10 23:39:20,236 - INFO - [scripts.law.logic.scraper] - 페이지 HTML 컨텐츠를 가져오는 중...
2025-09-10 23:39:20,369 - INFO - [scripts.law.logic.scraper] - 데이터 파싱 중...
2025-09-10 23:39:20,862 - INFO - [scripts.law.logic.scraper] - 데이터 1건을 '/Users/woong/Roeum/roeum-crawler/data/raw/law/1352000/약사법_document.jsonl' 파일로 성공적으로 저장했습니다.
2025-09-10 23:39:20,864 - INFO - [scripts.law.logic.scraper] - 데이터 215건을 '/Users/woong/Roeum/roeum-crawler/data/raw/law/1352000/약사법_chunks.jsonl' 파일로 성공적으로 저장했습니다.
2025-09-10 23:39:20,914 - INFO - [__main__] - 상세 페이지 스크레이퍼 완료: 약사법
2025-09-10 23:39:22,149 - INFO - [__main__] - 상세 페이지 스크레이퍼 실행: https://www.law.go.kr/LSW/lsInfoP.do?lsiSeq=270409&efYd=20251002
2025-09-10 23:39:22,558 - INFO - [scripts.law.logic.scraper] - 페이지로 이동 중: https://www.law.go.kr/LSW/lsInfoP.do?lsiSeq=270409&efYd=20251002
2025-09-10 23:39:23,207 - INFO - [scripts.law.logic.scraper] - 로딩 마스크가 나타나기를 기다리는 중...
2025-09-10 23:39:23,231 - INFO - [scripts.law.logic.scraper] - 로딩 마스크가 사라지기를 기다리는 중...
2025-09-10 23:39:23,661 - INFO - [scripts.law.logic.scraper] - 페이지 최종 렌더링을 잠시 대기합니다...
2025-09-10 23:39:24,664 - INFO - [scripts.law.logic.scraper] - 페이지 HTML 컨텐츠를 가져오는 중...
2025-09-10 23:39:24,693 - INFO - [scripts.law.logic.scraper] - 데이터 파싱 중...
2025-09-10 23:39:24,885 - INFO - [scripts.law.logic.scraper] - 데이터 1건을 '/Users/woong/Roeum/roeum-crawler/data/raw/law/1352000/아동복지법_document.jsonl' 파일로 성공적으로 저장했습니다.
2025-09-10 23:39:24,887 - INFO - [scripts.law.logic.scraper] - 데이터 106건을 '/Users/woong/Roeum/roeum-crawler/data/raw/law/1352000/아동복지법_chunks.jsonl' 파일로 성공적으로 저장했습니다.
2025-09-10 23:39:24,910 - INFO - [__main__] - 상세 페이지 스크레이퍼 완료: 아동복지법
2025-09-10 23:39:26,135 - INFO - [__main__] - 상세 페이지 스크레이퍼 실행: https://www.law.go.kr/LSW/lsInfoP.do?lsiSeq=270409&efYd=20260402
2025-09-10 23:39:26,502 - INFO - [scripts.law.logic.scraper] - 페이지로 이동 중: https://www.law.go.kr/LSW/lsInfoP.do?lsiSeq=270409&efYd=20260402
2025-09-10 23:39:27,148 - INFO - [scripts.law.logic.scraper] - 로딩 마스크가 나타나기를 기다리는 중...
2025-09-10 23:39:27,167 - INFO - [scripts.law.logic.scraper] - 로딩 마스크가 사라지기를 기다리는 중...
2025-09-10 23:39:27,622 - INFO - [scripts.law.logic.scraper] - 페이지 최종 렌더링을 잠시 대기합니다...
2025-09-10 23:39:28,625 - INFO - [scripts.law.logic.scraper] - 페이지 HTML 컨텐츠를 가져오는 중...
2025-09-10 23:39:28,669 - INFO - [scripts.law.logic.scraper] - 데이터 파싱 중...
2025-09-10 23:39:28,852 - INFO - [scripts.law.logic.scraper] - 데이터 1건을 '/Users/woong/Roeum/roeum-crawler/data/raw/law/1352000/아동복지법_document.jsonl' 파일로 성공적으로 저장했습니다.
2025-09-10 23:39:28,853 - INFO - [scripts.law.logic.scraper] - 데이터 106건을 '/Users/woong/Roeum/roeum-crawler/data/raw/law/1352000/아동복지법_chunks.jsonl' 파일로 성공적으로 저장했습니다.
2025-09-10 23:39:28,879 - INFO - [__main__] - 상세 페이지 스크레이퍼 완료: 아동복지법
2025-09-10 23:39:30,157 - INFO - [__main__] - 상세 페이지 스크레이퍼 실행: https://www.law.go.kr/LSW/lsInfoP.do?lsiSeq=266061&efYd=20250101
2025-09-10 23:39:30,658 - INFO - [scripts.law.logic.scraper] - 페이지로 이동 중: https://www.law.go.kr/LSW/lsInfoP.do?lsiSeq=266061&efYd=20250101
2025-09-10 23:39:31,299 - INFO - [scripts.law.logic.scraper] - 로딩 마스크가 나타나기를 기다리는 중...
2025-09-10 23:39:31,329 - INFO - [scripts.law.logic.scraper] - 로딩 마스크가 사라지기를 기다리는 중...
2025-09-10 23:39:32,131 - INFO - [scripts.law.logic.scraper] - 페이지 최종 렌더링을 잠시 대기합니다...
2025-09-10 23:39:33,136 - INFO - [scripts.law.logic.scraper] - 페이지 HTML 컨텐츠를 가져오는 중...
2025-09-10 23:39:33,197 - INFO - [scripts.law.logic.scraper] - 데이터 파싱 중...
2025-09-10 23:39:33,505 - INFO - [scripts.law.logic.scraper] - 데이터 1건을 '/Users/woong/Roeum/roeum-crawler/data/raw/law/1352000/약사법 시행규칙_document.jsonl' 파일로 성공적으로 저장했습니다.
2025-09-10 23:39:33,506 - INFO - [scripts.law.logic.scraper] - 데이터 90건을 '/Users/woong/Roeum/roeum-crawler/data/raw/law/1352000/약사법 시행규칙_chunks.jsonl' 파일로 성공적으로 저장했습니다.
2025-09-10 23:39:33,555 - INFO - [__main__] - 상세 페이지 스크레이퍼 완료: 약사법 시행규칙
2025-09-10 23:39:34,786 - INFO - [__main__] - 상세 페이지 스크레이퍼 실행: https://www.law.go.kr/LSW/lsInfoP.do?lsiSeq=264307&efYd=20240723
2025-09-10 23:39:35,203 - INFO - [scripts.law.logic.scraper] - 페이지로 이동 중: https://www.law.go.kr/LSW/lsInfoP.do?lsiSeq=264307&efYd=20240723
2025-09-10 23:39:35,915 - INFO - [scripts.law.logic.scraper] - 로딩 마스크가 나타나기를 기다리는 중...
2025-09-10 23:39:35,942 - INFO - [scripts.law.logic.scraper] - 로딩 마스크가 사라지기를 기다리는 중...
2025-09-10 23:39:36,136 - INFO - [scripts.law.logic.scraper] - 페이지 최종 렌더링을 잠시 대기합니다...
2025-09-10 23:39:37,139 - INFO - [scripts.law.logic.scraper] - 페이지 HTML 컨텐츠를 가져오는 중...
2025-09-10 23:39:37,171 - INFO - [scripts.law.logic.scraper] - 데이터 파싱 중...
2025-09-10 23:39:37,261 - INFO - [scripts.law.logic.scraper] - 데이터 1건을 '/Users/woong/Roeum/roeum-crawler/data/raw/law/1352000/생명윤리 및 안전에 관한 법률 시행령_document.jsonl' 파일로 성공적으로 저장했습니다.
2025-09-10 23:39:37,262 - INFO - [scripts.law.logic.scraper] - 데이터 28건을 '/Users/woong/Roeum/roeum-crawler/data/raw/law/1352000/생명윤리 및 안전에 관한 법률 시행령_chunks.jsonl' 파일로 성공적으로 저장했습니다.
2025-09-10 23:39:37,283 - INFO - [__main__] - 상세 페이지 스크레이퍼 완료: 생명윤리 및 안전에 관한 법률 시행령
2025-09-10 23:39:38,515 - INFO - [__main__] - 상세 페이지 스크레이퍼 실행: https://www.law.go.kr/LSW/lsInfoP.do?lsiSeq=272443&efYd=20250621
2025-09-10 23:39:39,007 - INFO - [scripts.law.logic.scraper] - 페이지로 이동 중: https://www.law.go.kr/LSW/lsInfoP.do?lsiSeq=272443&efYd=20250621
2025-09-10 23:39:39,655 - INFO - [scripts.law.logic.scraper] - 로딩 마스크가 나타나기를 기다리는 중...
2025-09-10 23:39:39,676 - INFO - [scripts.law.logic.scraper] - 로딩 마스크가 사라지기를 기다리는 중...
2025-09-10 23:39:40,693 - INFO - [scripts.law.logic.scraper] - 페이지 최종 렌더링을 잠시 대기합니다...
2025-09-10 23:39:41,696 - INFO - [scripts.law.logic.scraper] - 페이지 HTML 컨텐츠를 가져오는 중...
2025-09-10 23:39:41,755 - INFO - [scripts.law.logic.scraper] - 데이터 파싱 중...
2025-09-10 23:39:42,058 - INFO - [scripts.law.logic.scraper] - 데이터 1건을 '/Users/woong/Roeum/roeum-crawler/data/raw/law/1352000/국민건강보험법 시행령_document.jsonl' 파일로 성공적으로 저장했습니다.
2025-09-10 23:39:42,060 - INFO - [scripts.law.logic.scraper] - 데이터 129건을 '/Users/woong/Roeum/roeum-crawler/data/raw/law/1352000/국민건강보험법 시행령_chunks.jsonl' 파일로 성공적으로 저장했습니다.
2025-09-10 23:39:42,085 - INFO - [__main__] - 상세 페이지 스크레이퍼 완료: 국민건강보험법 시행령
2025-09-10 23:39:43,320 - INFO - [__main__] - 상세 페이지 스크레이퍼 실행: https://www.law.go.kr/LSW/lsInfoP.do?lsiSeq=267645&efYd=20250124
2025-09-10 23:39:43,667 - INFO - [scripts.law.logic.scraper] - 페이지로 이동 중: https://www.law.go.kr/LSW/lsInfoP.do?lsiSeq=267645&efYd=20250124
2025-09-10 23:39:44,239 - INFO - [scripts.law.logic.scraper] - 로딩 마스크가 나타나기를 기다리는 중...
2025-09-10 23:39:44,258 - INFO - [scripts.law.logic.scraper] - 로딩 마스크가 사라지기를 기다리는 중...
2025-09-10 23:39:44,532 - INFO - [scripts.law.logic.scraper] - 페이지 최종 렌더링을 잠시 대기합니다...
2025-09-10 23:39:45,534 - INFO - [scripts.law.logic.scraper] - 페이지 HTML 컨텐츠를 가져오는 중...
2025-09-10 23:39:45,566 - INFO - [scripts.law.logic.scraper] - 데이터 파싱 중...
2025-09-10 23:39:45,684 - INFO - [scripts.law.logic.scraper] - 데이터 1건을 '/Users/woong/Roeum/roeum-crawler/data/raw/law/1352000/보건의료기술 진흥법 시행령_document.jsonl' 파일로 성공적으로 저장했습니다.
2025-09-10 23:39:45,684 - INFO - [scripts.law.logic.scraper] - 데이터 52건을 '/Users/woong/Roeum/roeum-crawler/data/raw/law/1352000/보건의료기술 진흥법 시행령_chunks.jsonl' 파일로 성공적으로 저장했습니다.
2025-09-10 23:39:45,705 - INFO - [__main__] - 상세 페이지 스크레이퍼 완료: 보건의료기술 진흥법 시행령
2025-09-10 23:39:46,927 - INFO - [__main__] - 상세 페이지 스크레이퍼 실행: https://www.law.go.kr/LSW/lsInfoP.do?lsiSeq=269839&efYd=20250311
2025-09-10 23:39:47,274 - INFO - [scripts.law.logic.scraper] - 페이지로 이동 중: https://www.law.go.kr/LSW/lsInfoP.do?lsiSeq=269839&efYd=20250311
2025-09-10 23:39:47,996 - INFO - [scripts.law.logic.scraper] - 로딩 마스크가 나타나기를 기다리는 중...
2025-09-10 23:39:48,174 - INFO - [scripts.law.logic.scraper] - 로딩 마스크가 사라지기를 기다리는 중...
2025-09-10 23:39:48,189 - INFO - [scripts.law.logic.scraper] - 페이지 최종 렌더링을 잠시 대기합니다...
2025-09-10 23:39:49,193 - INFO - [scripts.law.logic.scraper] - 페이지 HTML 컨텐츠를 가져오는 중...
2025-09-10 23:39:49,223 - INFO - [scripts.law.logic.scraper] - 데이터 파싱 중...
2025-09-10 23:39:49,449 - INFO - [scripts.law.logic.scraper] - 데이터 1건을 '/Users/woong/Roeum/roeum-crawler/data/raw/law/1352000/사회복지사업법 시행규칙_document.jsonl' 파일로 성공적으로 저장했습니다.
2025-09-10 23:39:49,450 - INFO - [scripts.law.logic.scraper] - 데이터 55건을 '/Users/woong/Roeum/roeum-crawler/data/raw/law/1352000/사회복지사업법 시행규칙_chunks.jsonl' 파일로 성공적으로 저장했습니다.
2025-09-10 23:39:49,486 - INFO - [__main__] - 상세 페이지 스크레이퍼 완료: 사회복지사업법 시행규칙
2025-09-10 23:39:50,678 - INFO - [__main__] - 상세 페이지 스크레이퍼 실행: https://www.law.go.kr/LSW/lsInfoP.do?lsiSeq=270371&efYd=20260402
2025-09-10 23:39:51,072 - INFO - [scripts.law.logic.scraper] - 페이지로 이동 중: https://www.law.go.kr/LSW/lsInfoP.do?lsiSeq=270371&efYd=20260402
2025-09-10 23:39:51,706 - INFO - [scripts.law.logic.scraper] - 로딩 마스크가 나타나기를 기다리는 중...
2025-09-10 23:39:51,730 - INFO - [scripts.law.logic.scraper] - 로딩 마스크가 사라지기를 기다리는 중...
2025-09-10 23:39:52,000 - INFO - [scripts.law.logic.scraper] - 페이지 최종 렌더링을 잠시 대기합니다...
2025-09-10 23:39:53,003 - INFO - [scripts.law.logic.scraper] - 페이지 HTML 컨텐츠를 가져오는 중...
2025-09-10 23:39:53,028 - INFO - [scripts.law.logic.scraper] - 데이터 파싱 중...
2025-09-10 23:39:53,206 - INFO - [scripts.law.logic.scraper] - 데이터 1건을 '/Users/woong/Roeum/roeum-crawler/data/raw/law/1352000/응급의료에 관한 법률_document.jsonl' 파일로 성공적으로 저장했습니다.
2025-09-10 23:39:53,207 - INFO - [scripts.law.logic.scraper] - 데이터 102건을 '/Users/woong/Roeum/roeum-crawler/data/raw/law/1352000/응급의료에 관한 법률_chunks.jsonl' 파일로 성공적으로 저장했습니다.
2025-09-10 23:39:53,232 - INFO - [__main__] - 상세 페이지 스크레이퍼 완료: 응급의료에 관한 법률
2025-09-10 23:39:54,435 - INFO - [__main__] - 상세 페이지 스크레이퍼 실행: https://www.law.go.kr/LSW/lsInfoP.do?lsiSeq=259517&efYd=20260131
2025-09-10 23:39:54,790 - INFO - [scripts.law.logic.scraper] - 페이지로 이동 중: https://www.law.go.kr/LSW/lsInfoP.do?lsiSeq=259517&efYd=20260131
2025-09-10 23:39:55,397 - INFO - [scripts.law.logic.scraper] - 로딩 마스크가 나타나기를 기다리는 중...
2025-09-10 23:39:55,447 - INFO - [scripts.law.logic.scraper] - 로딩 마스크가 사라지기를 기다리는 중...
2025-09-10 23:39:55,977 - INFO - [scripts.law.logic.scraper] - 페이지 최종 렌더링을 잠시 대기합니다...
2025-09-10 23:39:56,990 - INFO - [scripts.law.logic.scraper] - 페이지 HTML 컨텐츠를 가져오는 중...
2025-09-10 23:39:57,031 - INFO - [scripts.law.logic.scraper] - 데이터 파싱 중...
2025-09-10 23:39:57,216 - INFO - [scripts.law.logic.scraper] - 데이터 1건을 '/Users/woong/Roeum/roeum-crawler/data/raw/law/1352000/응급의료에 관한 법률_document.jsonl' 파일로 성공적으로 저장했습니다.
2025-09-10 23:39:57,217 - INFO - [scripts.law.logic.scraper] - 데이터 101건을 '/Users/woong/Roeum/roeum-crawler/data/raw/law/1352000/응급의료에 관한 법률_chunks.jsonl' 파일로 성공적으로 저장했습니다.
2025-09-10 23:39:57,259 - INFO - [__main__] - 상세 페이지 스크레이퍼 완료: 응급의료에 관한 법률
2025-09-10 23:39:58,485 - INFO - [__main__] - 상세 페이지 스크레이퍼 실행: https://www.law.go.kr/LSW/lsInfoP.do?lsiSeq=263583&efYd=20240703
2025-09-10 23:39:58,849 - INFO - [scripts.law.logic.scraper] - 페이지로 이동 중: https://www.law.go.kr/LSW/lsInfoP.do?lsiSeq=263583&efYd=20240703
2025-09-10 23:39:59,564 - INFO - [scripts.law.logic.scraper] - 로딩 마스크가 나타나기를 기다리는 중...
2025-09-10 23:39:59,586 - INFO - [scripts.law.logic.scraper] - 로딩 마스크가 사라지기를 기다리는 중...
2025-09-10 23:39:59,771 - INFO - [scripts.law.logic.scraper] - 페이지 최종 렌더링을 잠시 대기합니다...
2025-09-10 23:40:00,773 - INFO - [scripts.law.logic.scraper] - 페이지 HTML 컨텐츠를 가져오는 중...
2025-09-10 23:40:00,783 - INFO - [scripts.law.logic.scraper] - 데이터 파싱 중...
2025-09-10 23:40:00,838 - INFO - [scripts.law.logic.scraper] - 데이터 1건을 '/Users/woong/Roeum/roeum-crawler/data/raw/law/1352000/사회복지사 등의 처우 및 지위 향상을 위한 법률 시행령_document.jsonl' 파일로 성공적으로 저장했습니다.
2025-09-10 23:40:00,839 - INFO - [scripts.law.logic.scraper] - 데이터 24건을 '/Users/woong/Roeum/roeum-crawler/data/raw/law/1352000/사회복지사 등의 처우 및 지위 향상을 위한 법률 시행령_chunks.jsonl' 파일로 성공적으로 저장했습니다.
2025-09-10 23:40:00,860 - INFO - [__main__] - 상세 페이지 스크레이퍼 완료: 사회복지사 등의 처우 및 지위 향상을 위한 법률 시행령
2025-09-10 23:40:02,083 - INFO - [__main__] - 상세 페이지 스크레이퍼 실행: https://www.law.go.kr/LSW/lsInfoP.do?lsiSeq=246333&efYd=20221220
2025-09-10 23:40:02,497 - INFO - [scripts.law.logic.scraper] - 페이지로 이동 중: https://www.law.go.kr/LSW/lsInfoP.do?lsiSeq=246333&efYd=20221220
2025-09-10 23:40:03,123 - INFO - [scripts.law.logic.scraper] - 로딩 마스크가 나타나기를 기다리는 중...
2025-09-10 23:40:13,133 - WARNING - [scripts.law.logic.scraper] - 로딩 마스크가 감지되지 않았습니다. 페이지 로드가 완료된 것으로 간주하고 계속 진행합니다.
2025-09-10 23:40:13,134 - INFO - [scripts.law.logic.scraper] - 페이지 최종 렌더링을 잠시 대기합니다...
2025-09-10 23:40:14,143 - INFO - [scripts.law.logic.scraper] - 페이지 HTML 컨텐츠를 가져오는 중...
2025-09-10 23:40:14,172 - INFO - [scripts.law.logic.scraper] - 데이터 파싱 중...
2025-09-10 23:40:14,246 - INFO - [scripts.law.logic.scraper] - 데이터 1건을 '/Users/woong/Roeum/roeum-crawler/data/raw/law/1352000/호스피스ㆍ완화의료 및 임종과정에 있는 환자의 연명의료결정에 관한 법률 시행령_document.jsonl' 파일로 성공적으로 저장했습니다.
2025-09-10 23:40:14,247 - INFO - [scripts.law.logic.scraper] - 데이터 16건을 '/Users/woong/Roeum/roeum-crawler/data/raw/law/1352000/호스피스ㆍ완화의료 및 임종과정에 있는 환자의 연명의료결정에 관한 법률 시행령_chunks.jsonl' 파일로 성공적으로 저장했습니다.
2025-09-10 23:40:14,274 - INFO - [__main__] - 상세 페이지 스크레이퍼 완료: 호스피스ㆍ완화의료 및 임종과정에 있는 환자의 연명의료결정에 관한 법률 시행령
2025-09-10 23:40:15,546 - INFO - [__main__] - 상세 페이지 스크레이퍼 실행: https://www.law.go.kr/LSW/lsInfoP.do?lsiSeq=251761&efYd=20240614
2025-09-10 23:40:15,943 - INFO - [scripts.law.logic.scraper] - 페이지로 이동 중: https://www.law.go.kr/LSW/lsInfoP.do?lsiSeq=251761&efYd=20240614
2025-09-10 23:40:16,586 - INFO - [scripts.law.logic.scraper] - 로딩 마스크가 나타나기를 기다리는 중...
2025-09-10 23:40:16,604 - INFO - [scripts.law.logic.scraper] - 로딩 마스크가 사라지기를 기다리는 중...
2025-09-10 23:40:16,791 - INFO - [scripts.law.logic.scraper] - 페이지 최종 렌더링을 잠시 대기합니다...
2025-09-10 23:40:17,793 - INFO - [scripts.law.logic.scraper] - 페이지 HTML 컨텐츠를 가져오는 중...
2025-09-10 23:40:17,823 - INFO - [scripts.law.logic.scraper] - 데이터 파싱 중...
2025-09-10 23:40:17,922 - INFO - [scripts.law.logic.scraper] - 데이터 1건을 '/Users/woong/Roeum/roeum-crawler/data/raw/law/1352000/호스피스ㆍ완화의료 및 임종과정에 있는 환자의 연명의료결정에 관한 법률_document.jsonl' 파일로 성공적으로 저장했습니다.
2025-09-10 23:40:17,923 - INFO - [scripts.law.logic.scraper] - 데이터 44건을 '/Users/woong/Roeum/roeum-crawler/data/raw/law/1352000/호스피스ㆍ완화의료 및 임종과정에 있는 환자의 연명의료결정에 관한 법률_chunks.jsonl' 파일로 성공적으로 저장했습니다.
2025-09-10 23:40:17,943 - INFO - [__main__] - 상세 페이지 스크레이퍼 완료: 호스피스ㆍ완화의료 및 임종과정에 있는 환자의 연명의료결정에 관한 법률
2025-09-10 23:40:19,156 - INFO - [__main__] - 상세 페이지 스크레이퍼 실행: https://www.law.go.kr/LSW/lsInfoP.do?lsiSeq=272673&efYd=20250703
2025-09-10 23:40:19,504 - INFO - [scripts.law.logic.scraper] - 페이지로 이동 중: https://www.law.go.kr/LSW/lsInfoP.do?lsiSeq=272673&efYd=20250703
2025-09-10 23:40:20,109 - INFO - [scripts.law.logic.scraper] - 로딩 마스크가 나타나기를 기다리는 중...
2025-09-10 23:40:20,131 - INFO - [scripts.law.logic.scraper] - 로딩 마스크가 사라지기를 기다리는 중...
2025-09-10 23:40:20,931 - INFO - [scripts.law.logic.scraper] - 페이지 최종 렌더링을 잠시 대기합니다...
2025-09-10 23:40:21,936 - INFO - [scripts.law.logic.scraper] - 페이지 HTML 컨텐츠를 가져오는 중...
2025-09-10 23:40:22,007 - INFO - [scripts.law.logic.scraper] - 데이터 파싱 중...
2025-09-10 23:40:22,310 - INFO - [scripts.law.logic.scraper] - 데이터 1건을 '/Users/woong/Roeum/roeum-crawler/data/raw/law/1352000/장애인복지법 시행규칙_document.jsonl' 파일로 성공적으로 저장했습니다.
2025-09-10 23:40:22,311 - INFO - [scripts.law.logic.scraper] - 데이터 102건을 '/Users/woong/Roeum/roeum-crawler/data/raw/law/1352000/장애인복지법 시행규칙_chunks.jsonl' 파일로 성공적으로 저장했습니다.
2025-09-10 23:40:22,333 - INFO - [__main__] - 상세 페이지 스크레이퍼 완료: 장애인복지법 시행규칙
2025-09-10 23:40:23,567 - INFO - [__main__] - 상세 페이지 스크레이퍼 실행: https://www.law.go.kr/LSW/lsInfoP.do?lsiSeq=256845&efYd=20231211
2025-09-10 23:40:23,926 - INFO - [scripts.law.logic.scraper] - 페이지로 이동 중: https://www.law.go.kr/LSW/lsInfoP.do?lsiSeq=256845&efYd=20231211
2025-09-10 23:40:24,506 - INFO - [scripts.law.logic.scraper] - 로딩 마스크가 나타나기를 기다리는 중...
2025-09-10 23:40:24,528 - INFO - [scripts.law.logic.scraper] - 로딩 마스크가 사라지기를 기다리는 중...
2025-09-10 23:40:24,636 - INFO - [scripts.law.logic.scraper] - 페이지 최종 렌더링을 잠시 대기합니다...
2025-09-10 23:40:25,639 - INFO - [scripts.law.logic.scraper] - 페이지 HTML 컨텐츠를 가져오는 중...
2025-09-10 23:40:25,668 - INFO - [scripts.law.logic.scraper] - 데이터 파싱 중...
2025-09-10 23:40:25,742 - INFO - [scripts.law.logic.scraper] - 데이터 1건을 '/Users/woong/Roeum/roeum-crawler/data/raw/law/1352000/장애인ㆍ노인ㆍ임산부 등의 편의증진 보장에 관한 법률 시행규칙_document.jsonl' 파일로 성공적으로 저장했습니다.
2025-09-10 23:40:25,743 - INFO - [scripts.law.logic.scraper] - 데이터 12건을 '/Users/woong/Roeum/roeum-crawler/data/raw/law/1352000/장애인ㆍ노인ㆍ임산부 등의 편의증진 보장에 관한 법률 시행규칙_chunks.jsonl' 파일로 성공적으로 저장했습니다.
2025-09-10 23:40:25,764 - INFO - [__main__] - 상세 페이지 스크레이퍼 완료: 장애인ㆍ노인ㆍ임산부 등의 편의증진 보장에 관한 법률 시행규칙
2025-09-10 23:40:26,974 - INFO - [__main__] - 상세 페이지 스크레이퍼 실행: https://www.law.go.kr/LSW/lsInfoP.do?lsiSeq=270417&efYd=20251002
2025-09-10 23:40:27,326 - INFO - [scripts.law.logic.scraper] - 페이지로 이동 중: https://www.law.go.kr/LSW/lsInfoP.do?lsiSeq=270417&efYd=20251002
2025-09-10 23:40:27,965 - INFO - [scripts.law.logic.scraper] - 로딩 마스크가 나타나기를 기다리는 중...
2025-09-10 23:40:27,984 - INFO - [scripts.law.logic.scraper] - 로딩 마스크가 사라지기를 기다리는 중...
2025-09-10 23:40:28,050 - INFO - [scripts.law.logic.scraper] - 페이지 최종 렌더링을 잠시 대기합니다...
2025-09-10 23:40:29,054 - INFO - [scripts.law.logic.scraper] - 페이지 HTML 컨텐츠를 가져오는 중...
2025-09-10 23:40:29,080 - INFO - [scripts.law.logic.scraper] - 데이터 파싱 중...
2025-09-10 23:40:29,175 - INFO - [scripts.law.logic.scraper] - 데이터 1건을 '/Users/woong/Roeum/roeum-crawler/data/raw/law/1352000/호스피스ㆍ완화의료 및 임종과정에 있는 환자의 연명의료결정에 관한 법률_document.jsonl' 파일로 성공적으로 저장했습니다.
2025-09-10 23:40:29,175 - INFO - [scripts.law.logic.scraper] - 데이터 45건을 '/Users/woong/Roeum/roeum-crawler/data/raw/law/1352000/호스피스ㆍ완화의료 및 임종과정에 있는 환자의 연명의료결정에 관한 법률_chunks.jsonl' 파일로 성공적으로 저장했습니다.
2025-09-10 23:40:29,195 - INFO - [__main__] - 상세 페이지 스크레이퍼 완료: 호스피스ㆍ완화의료 및 임종과정에 있는 환자의 연명의료결정에 관한 법률
2025-09-10 23:40:30,414 - INFO - [__main__] - 상세 페이지 스크레이퍼 실행: https://www.law.go.kr/LSW/lsInfoP.do?lsiSeq=272939&efYd=20250817
2025-09-10 23:40:30,761 - INFO - [scripts.law.logic.scraper] - 페이지로 이동 중: https://www.law.go.kr/LSW/lsInfoP.do?lsiSeq=272939&efYd=20250817
2025-09-10 23:40:31,432 - INFO - [scripts.law.logic.scraper] - 로딩 마스크가 나타나기를 기다리는 중...
2025-09-10 23:40:31,456 - INFO - [scripts.law.logic.scraper] - 로딩 마스크가 사라지기를 기다리는 중...
2025-09-10 23:40:31,851 - INFO - [scripts.law.logic.scraper] - 페이지 최종 렌더링을 잠시 대기합니다...
2025-09-10 23:40:32,854 - INFO - [scripts.law.logic.scraper] - 페이지 HTML 컨텐츠를 가져오는 중...
2025-09-10 23:40:32,894 - INFO - [scripts.law.logic.scraper] - 데이터 파싱 중...
2025-09-10 23:40:33,016 - INFO - [scripts.law.logic.scraper] - 데이터 1건을 '/Users/woong/Roeum/roeum-crawler/data/raw/law/1352000/응급의료에 관한 법률 시행령_document.jsonl' 파일로 성공적으로 저장했습니다.
2025-09-10 23:40:33,016 - INFO - [scripts.law.logic.scraper] - 데이터 43건을 '/Users/woong/Roeum/roeum-crawler/data/raw/law/1352000/응급의료에 관한 법률 시행령_chunks.jsonl' 파일로 성공적으로 저장했습니다.
2025-09-10 23:40:33,037 - INFO - [__main__] - 상세 페이지 스크레이퍼 완료: 응급의료에 관한 법률 시행령
2025-09-10 23:40:34,254 - INFO - [__main__] - 상세 페이지 스크레이퍼 실행: https://www.law.go.kr/LSW/lsInfoP.do?lsiSeq=252709&efYd=20250719
2025-09-10 23:40:34,609 - INFO - [scripts.law.logic.scraper] - 페이지로 이동 중: https://www.law.go.kr/LSW/lsInfoP.do?lsiSeq=252709&efYd=20250719
2025-09-10 23:40:35,170 - INFO - [scripts.law.logic.scraper] - 로딩 마스크가 나타나기를 기다리는 중...
2025-09-10 23:40:35,188 - INFO - [scripts.law.logic.scraper] - 로딩 마스크가 사라지기를 기다리는 중...
2025-09-10 23:40:35,979 - INFO - [scripts.law.logic.scraper] - 페이지 최종 렌더링을 잠시 대기합니다...
2025-09-10 23:40:36,983 - INFO - [scripts.law.logic.scraper] - 페이지 HTML 컨텐츠를 가져오는 중...
2025-09-10 23:40:37,029 - INFO - [scripts.law.logic.scraper] - 데이터 파싱 중...
2025-09-10 23:40:37,219 - INFO - [scripts.law.logic.scraper] - 데이터 1건을 '/Users/woong/Roeum/roeum-crawler/data/raw/law/1352000/사회복지사업법_document.jsonl' 파일로 성공적으로 저장했습니다.
2025-09-10 23:40:37,220 - INFO - [scripts.law.logic.scraper] - 데이터 98건을 '/Users/woong/Roeum/roeum-crawler/data/raw/law/1352000/사회복지사업법_chunks.jsonl' 파일로 성공적으로 저장했습니다.
2025-09-10 23:40:37,241 - INFO - [__main__] - 상세 페이지 스크레이퍼 완료: 사회복지사업법
2025-09-10 23:40:38,465 - INFO - [__main__] - 상세 페이지 스크레이퍼 실행: https://www.law.go.kr/LSW/lsInfoP.do?lsiSeq=270403&efYd=20250702
2025-09-10 23:40:38,811 - INFO - [scripts.law.logic.scraper] - 페이지로 이동 중: https://www.law.go.kr/LSW/lsInfoP.do?lsiSeq=270403&efYd=20250702
2025-09-10 23:40:39,450 - INFO - [scripts.law.logic.scraper] - 로딩 마스크가 나타나기를 기다리는 중...
2025-09-10 23:40:39,492 - INFO - [scripts.law.logic.scraper] - 로딩 마스크가 사라지기를 기다리는 중...
2025-09-10 23:40:39,496 - INFO - [scripts.law.logic.scraper] - 페이지 최종 렌더링을 잠시 대기합니다...
2025-09-10 23:40:40,499 - INFO - [scripts.law.logic.scraper] - 페이지 HTML 컨텐츠를 가져오는 중...
2025-09-10 23:40:40,525 - INFO - [scripts.law.logic.scraper] - 데이터 파싱 중...
2025-09-10 23:40:40,583 - INFO - [scripts.law.logic.scraper] - 데이터 1건을 '/Users/woong/Roeum/roeum-crawler/data/raw/law/1352000/사회복지사 등의 처우 및 지위 향상을 위한 법률_document.jsonl' 파일로 성공적으로 저장했습니다.
2025-09-10 23:40:40,584 - INFO - [scripts.law.logic.scraper] - 데이터 14건을 '/Users/woong/Roeum/roeum-crawler/data/raw/law/1352000/사회복지사 등의 처우 및 지위 향상을 위한 법률_chunks.jsonl' 파일로 성공적으로 저장했습니다.
2025-09-10 23:40:40,606 - INFO - [__main__] - 상세 페이지 스크레이퍼 완료: 사회복지사 등의 처우 및 지위 향상을 위한 법률
2025-09-10 23:40:41,823 - INFO - [__main__] - 상세 페이지 스크레이퍼 실행: https://www.law.go.kr/LSW/lsInfoP.do?lsiSeq=265281&efYd=20250320
2025-09-10 23:40:42,176 - INFO - [scripts.law.logic.scraper] - 페이지로 이동 중: https://www.law.go.kr/LSW/lsInfoP.do?lsiSeq=265281&efYd=20250320
2025-09-10 23:40:42,813 - INFO - [scripts.law.logic.scraper] - 로딩 마스크가 나타나기를 기다리는 중...
2025-09-10 23:40:42,832 - INFO - [scripts.law.logic.scraper] - 로딩 마스크가 사라지기를 기다리는 중...
2025-09-10 23:40:42,995 - INFO - [scripts.law.logic.scraper] - 페이지 최종 렌더링을 잠시 대기합니다...
2025-09-10 23:40:43,998 - INFO - [scripts.law.logic.scraper] - 페이지 HTML 컨텐츠를 가져오는 중...
2025-09-10 23:40:44,034 - INFO - [scripts.law.logic.scraper] - 데이터 파싱 중...
2025-09-10 23:40:44,139 - INFO - [scripts.law.logic.scraper] - 데이터 1건을 '/Users/woong/Roeum/roeum-crawler/data/raw/law/1352000/장애인ㆍ노인ㆍ임산부 등의 편의증진 보장에 관한 법률 시행령_document.jsonl' 파일로 성공적으로 저장했습니다.
2025-09-10 23:40:44,140 - INFO - [scripts.law.logic.scraper] - 데이터 26건을 '/Users/woong/Roeum/roeum-crawler/data/raw/law/1352000/장애인ㆍ노인ㆍ임산부 등의 편의증진 보장에 관한 법률 시행령_chunks.jsonl' 파일로 성공적으로 저장했습니다.
2025-09-10 23:40:44,161 - INFO - [__main__] - 상세 페이지 스크레이퍼 완료: 장애인ㆍ노인ㆍ임산부 등의 편의증진 보장에 관한 법률 시행령
2025-09-10 23:40:45,380 - INFO - [__main__] - 상세 페이지 스크레이퍼 실행: https://www.law.go.kr/LSW/lsInfoP.do?lsiSeq=270415&efYd=20251002
2025-09-10 23:40:45,726 - INFO - [scripts.law.logic.scraper] - 페이지로 이동 중: https://www.law.go.kr/LSW/lsInfoP.do?lsiSeq=270415&efYd=20251002
2025-09-10 23:40:46,372 - INFO - [scripts.law.logic.scraper] - 로딩 마스크가 나타나기를 기다리는 중...
2025-09-10 23:40:46,391 - INFO - [scripts.law.logic.scraper] - 로딩 마스크가 사라지기를 기다리는 중...
2025-09-10 23:40:47,194 - INFO - [scripts.law.logic.scraper] - 페이지 최종 렌더링을 잠시 대기합니다...
2025-09-10 23:40:48,199 - INFO - [scripts.law.logic.scraper] - 페이지 HTML 컨텐츠를 가져오는 중...
2025-09-10 23:40:48,247 - INFO - [scripts.law.logic.scraper] - 데이터 파싱 중...
2025-09-10 23:40:48,460 - INFO - [scripts.law.logic.scraper] - 데이터 1건을 '/Users/woong/Roeum/roeum-crawler/data/raw/law/1352000/장애인복지법_document.jsonl' 파일로 성공적으로 저장했습니다.
2025-09-10 23:40:48,462 - INFO - [scripts.law.logic.scraper] - 데이터 145건을 '/Users/woong/Roeum/roeum-crawler/data/raw/law/1352000/장애인복지법_chunks.jsonl' 파일로 성공적으로 저장했습니다.
2025-09-10 23:40:48,484 - INFO - [__main__] - 상세 페이지 스크레이퍼 완료: 장애인복지법
2025-09-10 23:40:49,703 - INFO - [__main__] - 상세 페이지 스크레이퍼 실행: https://www.law.go.kr/LSW/lsInfoP.do?lsiSeq=270405&efYd=20251002
2025-09-10 23:40:50,060 - INFO - [scripts.law.logic.scraper] - 페이지로 이동 중: https://www.law.go.kr/LSW/lsInfoP.do?lsiSeq=270405&efYd=20251002
2025-09-10 23:40:50,649 - INFO - [scripts.law.logic.scraper] - 로딩 마스크가 나타나기를 기다리는 중...
2025-09-10 23:40:50,668 - INFO - [scripts.law.logic.scraper] - 로딩 마스크가 사라지기를 기다리는 중...
2025-09-10 23:40:50,926 - INFO - [scripts.law.logic.scraper] - 페이지 최종 렌더링을 잠시 대기합니다...
2025-09-10 23:40:51,929 - INFO - [scripts.law.logic.scraper] - 페이지 HTML 컨텐츠를 가져오는 중...
2025-09-10 23:40:51,971 - INFO - [scripts.law.logic.scraper] - 데이터 파싱 중...
2025-09-10 23:40:52,150 - INFO - [scripts.law.logic.scraper] - 데이터 1건을 '/Users/woong/Roeum/roeum-crawler/data/raw/law/1352000/사회복지사업법_document.jsonl' 파일로 성공적으로 저장했습니다.
2025-09-10 23:40:52,150 - INFO - [scripts.law.logic.scraper] - 데이터 98건을 '/Users/woong/Roeum/roeum-crawler/data/raw/law/1352000/사회복지사업법_chunks.jsonl' 파일로 성공적으로 저장했습니다.
2025-09-10 23:40:52,172 - INFO - [__main__] - 상세 페이지 스크레이퍼 완료: 사회복지사업법
2025-09-10 23:40:53,393 - INFO - [__main__] - 상세 페이지 스크레이퍼 실행: https://www.law.go.kr/LSW/lsInfoP.do?lsiSeq=270873&efYd=20250423
2025-09-10 23:40:53,743 - INFO - [scripts.law.logic.scraper] - 페이지로 이동 중: https://www.law.go.kr/LSW/lsInfoP.do?lsiSeq=270873&efYd=20250423
2025-09-10 23:40:54,348 - INFO - [scripts.law.logic.scraper] - 로딩 마스크가 나타나기를 기다리는 중...
2025-09-10 23:40:54,367 - INFO - [scripts.law.logic.scraper] - 로딩 마스크가 사라지기를 기다리는 중...
2025-09-10 23:40:55,678 - INFO - [scripts.law.logic.scraper] - 페이지 최종 렌더링을 잠시 대기합니다...
2025-09-10 23:40:56,680 - INFO - [scripts.law.logic.scraper] - 페이지 HTML 컨텐츠를 가져오는 중...
2025-09-10 23:40:56,750 - INFO - [scripts.law.logic.scraper] - 데이터 파싱 중...
2025-09-10 23:40:57,012 - INFO - [scripts.law.logic.scraper] - 데이터 1건을 '/Users/woong/Roeum/roeum-crawler/data/raw/law/1352000/국민건강보험법 시행규칙_document.jsonl' 파일로 성공적으로 저장했습니다.
2025-09-10 23:40:57,013 - INFO - [scripts.law.logic.scraper] - 데이터 77건을 '/Users/woong/Roeum/roeum-crawler/data/raw/law/1352000/국민건강보험법 시행규칙_chunks.jsonl' 파일로 성공적으로 저장했습니다.
2025-09-10 23:40:57,035 - INFO - [__main__] - 상세 페이지 스크레이퍼 완료: 국민건강보험법 시행규칙
2025-09-10 23:40:58,260 - INFO - [__main__] - 상세 페이지 스크레이퍼 실행: https://www.law.go.kr/LSW/lsInfoP.do?lsiSeq=269589&efYd=20250423
2025-09-10 23:40:58,617 - INFO - [scripts.law.logic.scraper] - 페이지로 이동 중: https://www.law.go.kr/LSW/lsInfoP.do?lsiSeq=269589&efYd=20250423
2025-09-10 23:40:59,200 - INFO - [scripts.law.logic.scraper] - 로딩 마스크가 나타나기를 기다리는 중...
2025-09-10 23:40:59,221 - INFO - [scripts.law.logic.scraper] - 로딩 마스크가 사라지기를 기다리는 중...
2025-09-10 23:41:00,019 - INFO - [scripts.law.logic.scraper] - 페이지 최종 렌더링을 잠시 대기합니다...
2025-09-10 23:41:01,029 - INFO - [scripts.law.logic.scraper] - 페이지 HTML 컨텐츠를 가져오는 중...
2025-09-10 23:41:01,061 - INFO - [scripts.law.logic.scraper] - 데이터 파싱 중...
2025-09-10 23:41:01,209 - INFO - [scripts.law.logic.scraper] - 데이터 1건을 '/Users/woong/Roeum/roeum-crawler/data/raw/law/1352000/공중위생관리법 시행규칙_document.jsonl' 파일로 성공적으로 저장했습니다.
2025-09-10 23:41:01,211 - INFO - [scripts.law.logic.scraper] - 데이터 34건을 '/Users/woong/Roeum/roeum-crawler/data/raw/law/1352000/공중위생관리법 시행규칙_chunks.jsonl' 파일로 성공적으로 저장했습니다.
2025-09-10 23:41:01,259 - INFO - [__main__] - 상세 페이지 스크레이퍼 완료: 공중위생관리법 시행규칙
2025-09-10 23:41:02,495 - INFO - [__main__] - 상세 페이지 스크레이퍼 실행: https://www.law.go.kr/LSW/lsInfoP.do?lsiSeq=265673&efYd=20240927
2025-09-10 23:41:02,916 - INFO - [scripts.law.logic.scraper] - 페이지로 이동 중: https://www.law.go.kr/LSW/lsInfoP.do?lsiSeq=265673&efYd=20240927
2025-09-10 23:41:03,526 - INFO - [scripts.law.logic.scraper] - 로딩 마스크가 나타나기를 기다리는 중...
2025-09-10 23:41:03,562 - INFO - [scripts.law.logic.scraper] - 로딩 마스크가 사라지기를 기다리는 중...
2025-09-10 23:41:03,627 - INFO - [scripts.law.logic.scraper] - 페이지 최종 렌더링을 잠시 대기합니다...
2025-09-10 23:41:04,630 - INFO - [scripts.law.logic.scraper] - 페이지 HTML 컨텐츠를 가져오는 중...
2025-09-10 23:41:04,650 - INFO - [scripts.law.logic.scraper] - 데이터 파싱 중...
2025-09-10 23:41:04,734 - INFO - [scripts.law.logic.scraper] - 데이터 1건을 '/Users/woong/Roeum/roeum-crawler/data/raw/law/1352000/장애아동 복지지원법 시행규칙_document.jsonl' 파일로 성공적으로 저장했습니다.
2025-09-10 23:41:04,735 - INFO - [scripts.law.logic.scraper] - 데이터 26건을 '/Users/woong/Roeum/roeum-crawler/data/raw/law/1352000/장애아동 복지지원법 시행규칙_chunks.jsonl' 파일로 성공적으로 저장했습니다.
2025-09-10 23:41:04,769 - INFO - [__main__] - 상세 페이지 스크레이퍼 완료: 장애아동 복지지원법 시행규칙
2025-09-10 23:41:05,983 - INFO - [__main__] - 상세 페이지 스크레이퍼 실행: https://www.law.go.kr/LSW/lsInfoP.do?lsiSeq=262791&efYd=20240528
2025-09-10 23:41:06,342 - INFO - [scripts.law.logic.scraper] - 페이지로 이동 중: https://www.law.go.kr/LSW/lsInfoP.do?lsiSeq=262791&efYd=20240528
2025-09-10 23:41:06,959 - INFO - [scripts.law.logic.scraper] - 로딩 마스크가 나타나기를 기다리는 중...
2025-09-10 23:41:06,978 - INFO - [scripts.law.logic.scraper] - 로딩 마스크가 사라지기를 기다리는 중...
2025-09-10 23:41:07,260 - INFO - [scripts.law.logic.scraper] - 페이지 최종 렌더링을 잠시 대기합니다...
2025-09-10 23:41:08,262 - INFO - [scripts.law.logic.scraper] - 페이지 HTML 컨텐츠를 가져오는 중...
2025-09-10 23:41:08,294 - INFO - [scripts.law.logic.scraper] - 데이터 파싱 중...
2025-09-10 23:41:08,384 - INFO - [scripts.law.logic.scraper] - 데이터 1건을 '/Users/woong/Roeum/roeum-crawler/data/raw/law/1352000/공중위생관리법 시행령_document.jsonl' 파일로 성공적으로 저장했습니다.
2025-09-10 23:41:08,385 - INFO - [scripts.law.logic.scraper] - 데이터 21건을 '/Users/woong/Roeum/roeum-crawler/data/raw/law/1352000/공중위생관리법 시행령_chunks.jsonl' 파일로 성공적으로 저장했습니다.
2025-09-10 23:41:08,405 - INFO - [__main__] - 상세 페이지 스크레이퍼 완료: 공중위생관리법 시행령
2025-09-10 23:41:09,625 - INFO - [__main__] - 상세 페이지 스크레이퍼 실행: https://www.law.go.kr/LSW/lsInfoP.do?lsiSeq=254067&efYd=20250817
2025-09-10 23:41:09,967 - INFO - [scripts.law.logic.scraper] - 페이지로 이동 중: https://www.law.go.kr/LSW/lsInfoP.do?lsiSeq=254067&efYd=20250817
2025-09-10 23:41:10,569 - INFO - [scripts.law.logic.scraper] - 로딩 마스크가 나타나기를 기다리는 중...
2025-09-10 23:41:10,591 - INFO - [scripts.law.logic.scraper] - 로딩 마스크가 사라지기를 기다리는 중...
2025-09-10 23:41:11,384 - INFO - [scripts.law.logic.scraper] - 페이지 최종 렌더링을 잠시 대기합니다...
2025-09-10 23:41:12,388 - INFO - [scripts.law.logic.scraper] - 페이지 HTML 컨텐츠를 가져오는 중...
2025-09-10 23:41:12,440 - INFO - [scripts.law.logic.scraper] - 데이터 파싱 중...
2025-09-10 23:41:12,655 - INFO - [scripts.law.logic.scraper] - 데이터 1건을 '/Users/woong/Roeum/roeum-crawler/data/raw/law/1352000/응급의료에 관한 법률_document.jsonl' 파일로 성공적으로 저장했습니다.
2025-09-10 23:41:12,656 - INFO - [scripts.law.logic.scraper] - 데이터 100건을 '/Users/woong/Roeum/roeum-crawler/data/raw/law/1352000/응급의료에 관한 법률_chunks.jsonl' 파일로 성공적으로 저장했습니다.
2025-09-10 23:41:12,678 - INFO - [__main__] - 상세 페이지 스크레이퍼 완료: 응급의료에 관한 법률
2025-09-10 23:41:13,903 - INFO - [__main__] - 상세 페이지 스크레이퍼 실행: https://www.law.go.kr/LSW/lsInfoP.do?lsiSeq=270523&efYd=20250423
2025-09-10 23:41:14,259 - INFO - [scripts.law.logic.scraper] - 페이지로 이동 중: https://www.law.go.kr/LSW/lsInfoP.do?lsiSeq=270523&efYd=20250423
2025-09-10 23:41:14,858 - INFO - [scripts.law.logic.scraper] - 로딩 마스크가 나타나기를 기다리는 중...
2025-09-10 23:41:14,879 - INFO - [scripts.law.logic.scraper] - 로딩 마스크가 사라지기를 기다리는 중...
2025-09-10 23:41:15,141 - INFO - [scripts.law.logic.scraper] - 페이지 최종 렌더링을 잠시 대기합니다...
2025-09-10 23:41:16,144 - INFO - [scripts.law.logic.scraper] - 페이지 HTML 컨텐츠를 가져오는 중...
2025-09-10 23:41:16,190 - INFO - [scripts.law.logic.scraper] - 데이터 파싱 중...
2025-09-10 23:41:16,361 - INFO - [scripts.law.logic.scraper] - 데이터 1건을 '/Users/woong/Roeum/roeum-crawler/data/raw/law/1352000/장애인복지법 시행령_document.jsonl' 파일로 성공적으로 저장했습니다.
2025-09-10 23:41:16,362 - INFO - [scripts.law.logic.scraper] - 데이터 79건을 '/Users/woong/Roeum/roeum-crawler/data/raw/law/1352000/장애인복지법 시행령_chunks.jsonl' 파일로 성공적으로 저장했습니다.
2025-09-10 23:41:16,383 - INFO - [__main__] - 상세 페이지 스크레이퍼 완료: 장애인복지법 시행령
2025-09-10 23:41:17,607 - INFO - [__main__] - 상세 페이지 스크레이퍼 실행: https://www.law.go.kr/LSW/lsInfoP.do?lsiSeq=263237&efYd=20240614
2025-09-10 23:41:17,960 - INFO - [scripts.law.logic.scraper] - 페이지로 이동 중: https://www.law.go.kr/LSW/lsInfoP.do?lsiSeq=263237&efYd=20240614
2025-09-10 23:41:18,605 - INFO - [scripts.law.logic.scraper] - 로딩 마스크가 나타나기를 기다리는 중...
2025-09-10 23:41:18,624 - INFO - [scripts.law.logic.scraper] - 로딩 마스크가 사라지기를 기다리는 중...
2025-09-10 23:41:19,424 - INFO - [scripts.law.logic.scraper] - 페이지 최종 렌더링을 잠시 대기합니다...
2025-09-10 23:41:20,428 - INFO - [scripts.law.logic.scraper] - 페이지 HTML 컨텐츠를 가져오는 중...
2025-09-10 23:41:20,462 - INFO - [scripts.law.logic.scraper] - 데이터 파싱 중...
2025-09-10 23:41:20,570 - INFO - [scripts.law.logic.scraper] - 데이터 1건을 '/Users/woong/Roeum/roeum-crawler/data/raw/law/1352000/호스피스ㆍ완화의료 및 임종과정에 있는 환자의 연명의료결정에 관한 법률 시행규칙_document.jsonl' 파일로 성공적으로 저장했습니다.
2025-09-10 23:41:20,570 - INFO - [scripts.law.logic.scraper] - 데이터 27건을 '/Users/woong/Roeum/roeum-crawler/data/raw/law/1352000/호스피스ㆍ완화의료 및 임종과정에 있는 환자의 연명의료결정에 관한 법률 시행규칙_chunks.jsonl' 파일로 성공적으로 저장했습니다.
2025-09-10 23:41:20,593 - INFO - [__main__] - 상세 페이지 스크레이퍼 완료: 호스피스ㆍ완화의료 및 임종과정에 있는 환자의 연명의료결정에 관한 법률 시행규칙
2025-09-10 23:41:21,817 - INFO - [__main__] - 상세 페이지 스크레이퍼 실행: https://www.law.go.kr/LSW/lsInfoP.do?lsiSeq=265877&efYd=20250423
2025-09-10 23:41:22,174 - INFO - [scripts.law.logic.scraper] - 페이지로 이동 중: https://www.law.go.kr/LSW/lsInfoP.do?lsiSeq=265877&efYd=20250423
2025-09-10 23:41:22,775 - INFO - [scripts.law.logic.scraper] - 로딩 마스크가 나타나기를 기다리는 중...
2025-09-10 23:41:22,794 - INFO - [scripts.law.logic.scraper] - 로딩 마스크가 사라지기를 기다리는 중...
2025-09-10 23:41:23,593 - INFO - [scripts.law.logic.scraper] - 페이지 최종 렌더링을 잠시 대기합니다...
2025-09-10 23:41:24,596 - INFO - [scripts.law.logic.scraper] - 페이지 HTML 컨텐츠를 가져오는 중...
2025-09-10 23:41:24,654 - INFO - [scripts.law.logic.scraper] - 데이터 파싱 중...
2025-09-10 23:41:24,903 - INFO - [scripts.law.logic.scraper] - 데이터 1건을 '/Users/woong/Roeum/roeum-crawler/data/raw/law/1352000/국민건강보험법_document.jsonl' 파일로 성공적으로 저장했습니다.
2025-09-10 23:41:24,905 - INFO - [scripts.law.logic.scraper] - 데이터 149건을 '/Users/woong/Roeum/roeum-crawler/data/raw/law/1352000/국민건강보험법_chunks.jsonl' 파일로 성공적으로 저장했습니다.
2025-09-10 23:41:24,926 - INFO - [__main__] - 상세 페이지 스크레이퍼 완료: 국민건강보험법
2025-09-10 23:41:26,152 - INFO - [__main__] - 상세 페이지 스크레이퍼 실행: https://www.law.go.kr/LSW/lsInfoP.do?lsiSeq=269843&efYd=20250311
2025-09-10 23:41:26,505 - INFO - [scripts.law.logic.scraper] - 페이지로 이동 중: https://www.law.go.kr/LSW/lsInfoP.do?lsiSeq=269843&efYd=20250311
2025-09-10 23:41:27,100 - INFO - [scripts.law.logic.scraper] - 로딩 마스크가 나타나기를 기다리는 중...
2025-09-10 23:41:27,121 - INFO - [scripts.law.logic.scraper] - 로딩 마스크가 사라지기를 기다리는 중...
2025-09-10 23:41:27,571 - INFO - [scripts.law.logic.scraper] - 페이지 최종 렌더링을 잠시 대기합니다...
2025-09-10 23:41:28,575 - INFO - [scripts.law.logic.scraper] - 페이지 HTML 컨텐츠를 가져오는 중...
2025-09-10 23:41:28,638 - INFO - [scripts.law.logic.scraper] - 데이터 파싱 중...
2025-09-10 23:41:28,874 - INFO - [scripts.law.logic.scraper] - 데이터 1건을 '/Users/woong/Roeum/roeum-crawler/data/raw/law/1352000/응급의료에 관한 법률 시행규칙_document.jsonl' 파일로 성공적으로 저장했습니다.
2025-09-10 23:41:28,875 - INFO - [scripts.law.logic.scraper] - 데이터 64건을 '/Users/woong/Roeum/roeum-crawler/data/raw/law/1352000/응급의료에 관한 법률 시행규칙_chunks.jsonl' 파일로 성공적으로 저장했습니다.
2025-09-10 23:41:28,897 - INFO - [__main__] - 상세 페이지 스크레이퍼 완료: 응급의료에 관한 법률 시행규칙
2025-09-10 23:41:30,119 - INFO - [__main__] - 상세 페이지 스크레이퍼 실행: https://www.law.go.kr/LSW/lsInfoP.do?lsiSeq=249315&efYd=20230629
2025-09-10 23:41:30,478 - INFO - [scripts.law.logic.scraper] - 페이지로 이동 중: https://www.law.go.kr/LSW/lsInfoP.do?lsiSeq=249315&efYd=20230629
2025-09-10 23:41:31,048 - INFO - [scripts.law.logic.scraper] - 로딩 마스크가 나타나기를 기다리는 중...
2025-09-10 23:41:31,067 - INFO - [scripts.law.logic.scraper] - 로딩 마스크가 사라지기를 기다리는 중...
2025-09-10 23:41:31,251 - INFO - [scripts.law.logic.scraper] - 페이지 최종 렌더링을 잠시 대기합니다...
2025-09-10 23:41:32,256 - INFO - [scripts.law.logic.scraper] - 페이지 HTML 컨텐츠를 가져오는 중...
2025-09-10 23:41:32,289 - INFO - [scripts.law.logic.scraper] - 데이터 파싱 중...
2025-09-10 23:41:32,394 - INFO - [scripts.law.logic.scraper] - 데이터 1건을 '/Users/woong/Roeum/roeum-crawler/data/raw/law/1352000/장애인ㆍ노인ㆍ임산부 등의 편의증진 보장에 관한 법률_document.jsonl' 파일로 성공적으로 저장했습니다.
2025-09-10 23:41:32,395 - INFO - [scripts.law.logic.scraper] - 데이터 45건을 '/Users/woong/Roeum/roeum-crawler/data/raw/law/1352000/장애인ㆍ노인ㆍ임산부 등의 편의증진 보장에 관한 법률_chunks.jsonl' 파일로 성공적으로 저장했습니다.
2025-09-10 23:41:32,416 - INFO - [__main__] - 상세 페이지 스크레이퍼 완료: 장애인ㆍ노인ㆍ임산부 등의 편의증진 보장에 관한 법률
2025-09-10 23:41:33,637 - INFO - [__main__] - 상세 페이지 스크레이퍼 실행: https://www.law.go.kr/LSW/lsInfoP.do?lsiSeq=270371&efYd=20270402
2025-09-10 23:41:33,985 - INFO - [scripts.law.logic.scraper] - 페이지로 이동 중: https://www.law.go.kr/LSW/lsInfoP.do?lsiSeq=270371&efYd=20270402
2025-09-10 23:41:34,632 - INFO - [scripts.law.logic.scraper] - 로딩 마스크가 나타나기를 기다리는 중...
2025-09-10 23:41:34,652 - INFO - [scripts.law.logic.scraper] - 로딩 마스크가 사라지기를 기다리는 중...
2025-09-10 23:41:35,047 - INFO - [scripts.law.logic.scraper] - 페이지 최종 렌더링을 잠시 대기합니다...
2025-09-10 23:41:36,049 - INFO - [scripts.law.logic.scraper] - 페이지 HTML 컨텐츠를 가져오는 중...
2025-09-10 23:41:36,093 - INFO - [scripts.law.logic.scraper] - 데이터 파싱 중...
2025-09-10 23:41:36,277 - INFO - [scripts.law.logic.scraper] - 데이터 1건을 '/Users/woong/Roeum/roeum-crawler/data/raw/law/1352000/응급의료에 관한 법률_document.jsonl' 파일로 성공적으로 저장했습니다.
2025-09-10 23:41:36,279 - INFO - [scripts.law.logic.scraper] - 데이터 102건을 '/Users/woong/Roeum/roeum-crawler/data/raw/law/1352000/응급의료에 관한 법률_chunks.jsonl' 파일로 성공적으로 저장했습니다.
2025-09-10 23:41:36,300 - INFO - [__main__] - 상세 페이지 스크레이퍼 완료: 응급의료에 관한 법률
2025-09-10 23:41:37,522 - INFO - [__main__] - 상세 페이지 스크레이퍼 실행: https://www.law.go.kr/LSW/lsInfoP.do?lsiSeq=267429&efYd=20251221
2025-09-10 23:41:37,882 - INFO - [scripts.law.logic.scraper] - 페이지로 이동 중: https://www.law.go.kr/LSW/lsInfoP.do?lsiSeq=267429&efYd=20251221
2025-09-10 23:41:38,487 - INFO - [scripts.law.logic.scraper] - 로딩 마스크가 나타나기를 기다리는 중...
2025-09-10 23:41:38,506 - INFO - [scripts.law.logic.scraper] - 로딩 마스크가 사라지기를 기다리는 중...
2025-09-10 23:41:38,647 - INFO - [scripts.law.logic.scraper] - 페이지 최종 렌더링을 잠시 대기합니다...
2025-09-10 23:41:39,650 - INFO - [scripts.law.logic.scraper] - 페이지 HTML 컨텐츠를 가져오는 중...
2025-09-10 23:41:39,681 - INFO - [scripts.law.logic.scraper] - 데이터 파싱 중...
2025-09-10 23:41:39,781 - INFO - [scripts.law.logic.scraper] - 데이터 1건을 '/Users/woong/Roeum/roeum-crawler/data/raw/law/1352000/장애인ㆍ노인ㆍ임산부 등의 편의증진 보장에 관한 법률_document.jsonl' 파일로 성공적으로 저장했습니다.
2025-09-10 23:41:39,781 - INFO - [scripts.law.logic.scraper] - 데이터 45건을 '/Users/woong/Roeum/roeum-crawler/data/raw/law/1352000/장애인ㆍ노인ㆍ임산부 등의 편의증진 보장에 관한 법률_chunks.jsonl' 파일로 성공적으로 저장했습니다.
2025-09-10 23:41:39,802 - INFO - [__main__] - 상세 페이지 스크레이퍼 완료: 장애인ㆍ노인ㆍ임산부 등의 편의증진 보장에 관한 법률
2025-09-10 23:41:41,022 - INFO - [__main__] - 상세 페이지 스크레이퍼 실행: https://www.law.go.kr/LSW/lsInfoP.do?lsiSeq=270783&efYd=20251023
2025-09-10 23:41:41,372 - INFO - [scripts.law.logic.scraper] - 페이지로 이동 중: https://www.law.go.kr/LSW/lsInfoP.do?lsiSeq=270783&efYd=20251023
2025-09-10 23:41:42,389 - INFO - [scripts.law.logic.scraper] - 로딩 마스크가 나타나기를 기다리는 중...
2025-09-10 23:41:42,409 - INFO - [scripts.law.logic.scraper] - 로딩 마스크가 사라지기를 기다리는 중...
2025-09-10 23:41:42,845 - INFO - [scripts.law.logic.scraper] - 페이지 최종 렌더링을 잠시 대기합니다...
2025-09-10 23:41:43,848 - INFO - [scripts.law.logic.scraper] - 페이지 HTML 컨텐츠를 가져오는 중...
2025-09-10 23:41:43,897 - INFO - [scripts.law.logic.scraper] - 데이터 파싱 중...
2025-09-10 23:41:44,107 - INFO - [scripts.law.logic.scraper] - 데이터 1건을 '/Users/woong/Roeum/roeum-crawler/data/raw/law/1352000/장애인복지법_document.jsonl' 파일로 성공적으로 저장했습니다.
2025-09-10 23:41:44,109 - INFO - [scripts.law.logic.scraper] - 데이터 145건을 '/Users/woong/Roeum/roeum-crawler/data/raw/law/1352000/장애인복지법_chunks.jsonl' 파일로 성공적으로 저장했습니다.
2025-09-10 23:41:44,130 - INFO - [__main__] - 상세 페이지 스크레이퍼 완료: 장애인복지법
2025-09-10 23:41:45,339 - INFO - [__main__] - 상세 페이지 스크레이퍼 실행: https://www.law.go.kr/LSW/lsInfoP.do?lsiSeq=269831&efYd=20250311
2025-09-10 23:41:45,689 - INFO - [scripts.law.logic.scraper] - 페이지로 이동 중: https://www.law.go.kr/LSW/lsInfoP.do?lsiSeq=269831&efYd=20250311
2025-09-10 23:41:46,322 - INFO - [scripts.law.logic.scraper] - 로딩 마스크가 나타나기를 기다리는 중...
2025-09-10 23:41:46,342 - INFO - [scripts.law.logic.scraper] - 로딩 마스크가 사라지기를 기다리는 중...
2025-09-10 23:41:47,142 - INFO - [scripts.law.logic.scraper] - 페이지 최종 렌더링을 잠시 대기합니다...
2025-09-10 23:41:48,146 - INFO - [scripts.law.logic.scraper] - 페이지 HTML 컨텐츠를 가져오는 중...
2025-09-10 23:41:48,199 - INFO - [scripts.law.logic.scraper] - 데이터 파싱 중...
2025-09-10 23:41:48,365 - INFO - [scripts.law.logic.scraper] - 데이터 1건을 '/Users/woong/Roeum/roeum-crawler/data/raw/law/1352000/국민건강보험 요양급여의 기준에 관한 규칙_document.jsonl' 파일로 성공적으로 저장했습니다.
2025-09-10 23:41:48,366 - INFO - [scripts.law.logic.scraper] - 데이터 34건을 '/Users/woong/Roeum/roeum-crawler/data/raw/law/1352000/국민건강보험 요양급여의 기준에 관한 규칙_chunks.jsonl' 파일로 성공적으로 저장했습니다.
2025-09-10 23:41:48,388 - INFO - [__main__] - 상세 페이지 스크레이퍼 완료: 국민건강보험 요양급여의 기준에 관한 규칙
2025-09-10 23:41:49,614 - INFO - [__main__] - 상세 페이지 스크레이퍼 실행: https://www.law.go.kr/LSW/lsInfoP.do?lsiSeq=266527&efYd=20241126
2025-09-10 23:41:49,959 - INFO - [scripts.law.logic.scraper] - 페이지로 이동 중: https://www.law.go.kr/LSW/lsInfoP.do?lsiSeq=266527&efYd=20241126
2025-09-10 23:41:50,518 - INFO - [scripts.law.logic.scraper] - 로딩 마스크가 나타나기를 기다리는 중...
2025-09-10 23:41:50,539 - INFO - [scripts.law.logic.scraper] - 로딩 마스크가 사라지기를 기다리는 중...
2025-09-10 23:41:50,590 - INFO - [scripts.law.logic.scraper] - 페이지 최종 렌더링을 잠시 대기합니다...
2025-09-10 23:41:51,593 - INFO - [scripts.law.logic.scraper] - 페이지 HTML 컨텐츠를 가져오는 중...
2025-09-10 23:41:51,618 - INFO - [scripts.law.logic.scraper] - 데이터 파싱 중...
2025-09-10 23:41:51,675 - INFO - [scripts.law.logic.scraper] - 데이터 1건을 '/Users/woong/Roeum/roeum-crawler/data/raw/law/1352000/장애아동 복지지원법 시행령_document.jsonl' 파일로 성공적으로 저장했습니다.
2025-09-10 23:41:51,675 - INFO - [scripts.law.logic.scraper] - 데이터 9건을 '/Users/woong/Roeum/roeum-crawler/data/raw/law/1352000/장애아동 복지지원법 시행령_chunks.jsonl' 파일로 성공적으로 저장했습니다.
2025-09-10 23:41:51,696 - INFO - [__main__] - 상세 페이지 스크레이퍼 완료: 장애아동 복지지원법 시행령
2025-09-10 23:41:52,914 - INFO - [__main__] - 상세 페이지 스크레이퍼 실행: https://www.law.go.kr/LSW/lsInfoP.do?lsiSeq=256037&efYd=20231116
2025-09-10 23:41:53,259 - INFO - [scripts.law.logic.scraper] - 페이지로 이동 중: https://www.law.go.kr/LSW/lsInfoP.do?lsiSeq=256037&efYd=20231116
2025-09-10 23:41:53,870 - INFO - [scripts.law.logic.scraper] - 로딩 마스크가 나타나기를 기다리는 중...
2025-09-10 23:41:53,888 - INFO - [scripts.law.logic.scraper] - 로딩 마스크가 사라지기를 기다리는 중...
2025-09-10 23:41:54,688 - INFO - [scripts.law.logic.scraper] - 페이지 최종 렌더링을 잠시 대기합니다...
2025-09-10 23:41:55,692 - INFO - [scripts.law.logic.scraper] - 페이지 HTML 컨텐츠를 가져오는 중...
2025-09-10 23:41:55,719 - INFO - [scripts.law.logic.scraper] - 데이터 파싱 중...
2025-09-10 23:41:55,910 - INFO - [scripts.law.logic.scraper] - 데이터 1건을 '/Users/woong/Roeum/roeum-crawler/data/raw/law/1352000/국민기초생활 보장법 시행령_document.jsonl' 파일로 성공적으로 저장했습니다.
2025-09-10 23:41:55,912 - INFO - [scripts.law.logic.scraper] - 데이터 67건을 '/Users/woong/Roeum/roeum-crawler/data/raw/law/1352000/국민기초생활 보장법 시행령_chunks.jsonl' 파일로 성공적으로 저장했습니다.
2025-09-10 23:41:55,943 - INFO - [__main__] - 상세 페이지 스크레이퍼 완료: 국민기초생활 보장법 시행령
2025-09-10 23:41:57,179 - INFO - [__main__] - 상세 페이지 스크레이퍼 실행: https://www.law.go.kr/LSW/lsInfoP.do?lsiSeq=259521&efYd=20250731
2025-09-10 23:41:57,546 - INFO - [scripts.law.logic.scraper] - 페이지로 이동 중: https://www.law.go.kr/LSW/lsInfoP.do?lsiSeq=259521&efYd=20250731
2025-09-10 23:41:58,124 - INFO - [scripts.law.logic.scraper] - 로딩 마스크가 나타나기를 기다리는 중...
2025-09-10 23:41:58,144 - INFO - [scripts.law.logic.scraper] - 로딩 마스크가 사라지기를 기다리는 중...
2025-09-10 23:41:58,409 - INFO - [scripts.law.logic.scraper] - 페이지 최종 렌더링을 잠시 대기합니다...
2025-09-10 23:41:59,413 - INFO - [scripts.law.logic.scraper] - 페이지 HTML 컨텐츠를 가져오는 중...
2025-09-10 23:41:59,449 - INFO - [scripts.law.logic.scraper] - 데이터 파싱 중...
2025-09-10 23:41:59,564 - INFO - [scripts.law.logic.scraper] - 데이터 1건을 '/Users/woong/Roeum/roeum-crawler/data/raw/law/1352000/공중위생관리법_document.jsonl' 파일로 성공적으로 저장했습니다.
2025-09-10 23:41:59,564 - INFO - [scripts.law.logic.scraper] - 데이터 37건을 '/Users/woong/Roeum/roeum-crawler/data/raw/law/1352000/공중위생관리법_chunks.jsonl' 파일로 성공적으로 저장했습니다.
2025-09-10 23:41:59,584 - INFO - [__main__] - 상세 페이지 스크레이퍼 완료: 공중위생관리법
2025-09-10 23:42:00,802 - INFO - [__main__] - 상세 페이지 스크레이퍼 실행: https://www.law.go.kr/LSW/lsInfoP.do?lsiSeq=270039&efYd=20250423
2025-09-10 23:42:01,164 - INFO - [scripts.law.logic.scraper] - 페이지로 이동 중: https://www.law.go.kr/LSW/lsInfoP.do?lsiSeq=270039&efYd=20250423
2025-09-10 23:42:01,790 - INFO - [scripts.law.logic.scraper] - 로딩 마스크가 나타나기를 기다리는 중...
2025-09-10 23:42:01,810 - INFO - [scripts.law.logic.scraper] - 로딩 마스크가 사라지기를 기다리는 중...
2025-09-10 23:42:02,189 - INFO - [scripts.law.logic.scraper] - 페이지 최종 렌더링을 잠시 대기합니다...
2025-09-10 23:42:03,192 - INFO - [scripts.law.logic.scraper] - 페이지 HTML 컨텐츠를 가져오는 중...
2025-09-10 23:42:03,219 - INFO - [scripts.law.logic.scraper] - 데이터 파싱 중...
2025-09-10 23:42:03,344 - INFO - [scripts.law.logic.scraper] - 데이터 1건을 '/Users/woong/Roeum/roeum-crawler/data/raw/law/1352000/사회복지사업법 시행령_document.jsonl' 파일로 성공적으로 저장했습니다.
2025-09-10 23:42:03,344 - INFO - [scripts.law.logic.scraper] - 데이터 44건을 '/Users/woong/Roeum/roeum-crawler/data/raw/law/1352000/사회복지사업법 시행령_chunks.jsonl' 파일로 성공적으로 저장했습니다.
2025-09-10 23:42:03,365 - INFO - [__main__] - 상세 페이지 스크레이퍼 완료: 사회복지사업법 시행령
2025-09-10 23:42:04,585 - INFO - [__main__] - 상세 페이지 스크레이퍼 실행: https://www.law.go.kr/LSW/lsInfoP.do?lsiSeq=265483&efYd=20250321
2025-09-10 23:42:04,930 - INFO - [scripts.law.logic.scraper] - 페이지로 이동 중: https://www.law.go.kr/LSW/lsInfoP.do?lsiSeq=265483&efYd=20250321
2025-09-10 23:42:05,552 - INFO - [scripts.law.logic.scraper] - 로딩 마스크가 나타나기를 기다리는 중...
2025-09-10 23:42:05,572 - INFO - [scripts.law.logic.scraper] - 로딩 마스크가 사라지기를 기다리는 중...
2025-09-10 23:42:06,005 - INFO - [scripts.law.logic.scraper] - 페이지 최종 렌더링을 잠시 대기합니다...
2025-09-10 23:42:07,007 - INFO - [scripts.law.logic.scraper] - 페이지 HTML 컨텐츠를 가져오는 중...
2025-09-10 23:42:07,036 - INFO - [scripts.law.logic.scraper] - 데이터 파싱 중...
2025-09-10 23:42:07,202 - INFO - [scripts.law.logic.scraper] - 데이터 1건을 '/Users/woong/Roeum/roeum-crawler/data/raw/law/1352000/국민기초생활 보장법_document.jsonl' 파일로 성공적으로 저장했습니다.
2025-09-10 23:42:07,203 - INFO - [scripts.law.logic.scraper] - 데이터 85건을 '/Users/woong/Roeum/roeum-crawler/data/raw/law/1352000/국민기초생활 보장법_chunks.jsonl' 파일로 성공적으로 저장했습니다.
2025-09-10 23:42:07,226 - INFO - [__main__] - 상세 페이지 스크레이퍼 완료: 국민기초생활 보장법
2025-09-10 23:42:08,450 - INFO - [__main__] - 상세 페이지 스크레이퍼 실행: https://www.law.go.kr/LSW/lsInfoP.do?lsiSeq=257865&efYd=20250103
2025-09-10 23:42:08,810 - INFO - [scripts.law.logic.scraper] - 페이지로 이동 중: https://www.law.go.kr/LSW/lsInfoP.do?lsiSeq=257865&efYd=20250103
2025-09-10 23:42:09,405 - INFO - [scripts.law.logic.scraper] - 로딩 마스크가 나타나기를 기다리는 중...
2025-09-10 23:42:09,424 - INFO - [scripts.law.logic.scraper] - 로딩 마스크가 사라지기를 기다리는 중...
2025-09-10 23:42:09,707 - INFO - [scripts.law.logic.scraper] - 페이지 최종 렌더링을 잠시 대기합니다...
2025-09-10 23:42:10,712 - INFO - [scripts.law.logic.scraper] - 페이지 HTML 컨텐츠를 가져오는 중...
2025-09-10 23:42:10,745 - INFO - [scripts.law.logic.scraper] - 데이터 파싱 중...
2025-09-10 23:42:10,853 - INFO - [scripts.law.logic.scraper] - 데이터 1건을 '/Users/woong/Roeum/roeum-crawler/data/raw/law/1352000/장애아동 복지지원법_document.jsonl' 파일로 성공적으로 저장했습니다.
2025-09-10 23:42:10,855 - INFO - [scripts.law.logic.scraper] - 데이터 48건을 '/Users/woong/Roeum/roeum-crawler/data/raw/law/1352000/장애아동 복지지원법_chunks.jsonl' 파일로 성공적으로 저장했습니다.
2025-09-10 23:42:10,876 - INFO - [__main__] - 상세 페이지 스크레이퍼 완료: 장애아동 복지지원법
2025-09-10 23:42:12,100 - INFO - [__main__] - 상세 페이지 스크레이퍼 실행: https://www.law.go.kr/LSW/lsInfoP.do?lsiSeq=267353&efYd=20251221
2025-09-10 23:42:12,482 - INFO - [scripts.law.logic.scraper] - 페이지로 이동 중: https://www.law.go.kr/LSW/lsInfoP.do?lsiSeq=267353&efYd=20251221
2025-09-10 23:42:13,135 - INFO - [scripts.law.logic.scraper] - 로딩 마스크가 나타나기를 기다리는 중...
2025-09-10 23:42:13,163 - INFO - [scripts.law.logic.scraper] - 로딩 마스크가 사라지기를 기다리는 중...
2025-09-10 23:42:13,351 - INFO - [scripts.law.logic.scraper] - 페이지 최종 렌더링을 잠시 대기합니다...
2025-09-10 23:42:14,355 - INFO - [scripts.law.logic.scraper] - 페이지 HTML 컨텐츠를 가져오는 중...
2025-09-10 23:42:14,391 - INFO - [scripts.law.logic.scraper] - 데이터 파싱 중...
2025-09-10 23:42:14,503 - INFO - [scripts.law.logic.scraper] - 데이터 1건을 '/Users/woong/Roeum/roeum-crawler/data/raw/law/1352000/장애아동 복지지원법_document.jsonl' 파일로 성공적으로 저장했습니다.
2025-09-10 23:42:14,504 - INFO - [scripts.law.logic.scraper] - 데이터 48건을 '/Users/woong/Roeum/roeum-crawler/data/raw/law/1352000/장애아동 복지지원법_chunks.jsonl' 파일로 성공적으로 저장했습니다.
2025-09-10 23:42:14,541 - INFO - [__main__] - 상세 페이지 스크레이퍼 완료: 장애아동 복지지원법
2025-09-10 23:42:15,858 - INFO - [__main__] - 상세 페이지 스크레이퍼 실행: https://www.law.go.kr/LSW/lsInfoP.do?lsiSeq=257767&efYd=20250703
2025-09-10 23:42:16,779 - INFO - [scripts.law.logic.scraper] - 페이지로 이동 중: https://www.law.go.kr/LSW/lsInfoP.do?lsiSeq=257767&efYd=20250703
2025-09-10 23:42:17,375 - INFO - [scripts.law.logic.scraper] - 로딩 마스크가 나타나기를 기다리는 중...
2025-09-10 23:42:17,395 - INFO - [scripts.law.logic.scraper] - 로딩 마스크가 사라지기를 기다리는 중...
2025-09-10 23:42:18,186 - INFO - [scripts.law.logic.scraper] - 페이지 최종 렌더링을 잠시 대기합니다...
2025-09-10 23:42:19,193 - INFO - [scripts.law.logic.scraper] - 페이지 HTML 컨텐츠를 가져오는 중...
2025-09-10 23:42:19,257 - INFO - [scripts.law.logic.scraper] - 데이터 파싱 중...
2025-09-10 23:42:19,624 - INFO - [scripts.law.logic.scraper] - 데이터 1건을 '/Users/woong/Roeum/roeum-crawler/data/raw/law/1352000/장애인복지법_document.jsonl' 파일로 성공적으로 저장했습니다.
2025-09-10 23:42:19,625 - INFO - [scripts.law.logic.scraper] - 데이터 145건을 '/Users/woong/Roeum/roeum-crawler/data/raw/law/1352000/장애인복지법_chunks.jsonl' 파일로 성공적으로 저장했습니다.
2025-09-10 23:42:19,660 - INFO - [__main__] - 상세 페이지 스크레이퍼 완료: 장애인복지법
2025-09-10 23:42:20,920 - INFO - [__main__] - 상세 페이지 스크레이퍼 실행: https://www.law.go.kr/LSW/lsInfoP.do?lsiSeq=269175&efYd=20250321
2025-09-10 23:42:21,304 - INFO - [scripts.law.logic.scraper] - 페이지로 이동 중: https://www.law.go.kr/LSW/lsInfoP.do?lsiSeq=269175&efYd=20250321
2025-09-10 23:42:21,909 - INFO - [scripts.law.logic.scraper] - 로딩 마스크가 나타나기를 기다리는 중...
2025-09-10 23:42:21,929 - INFO - [scripts.law.logic.scraper] - 로딩 마스크가 사라지기를 기다리는 중...
2025-09-10 23:42:22,159 - INFO - [scripts.law.logic.scraper] - 페이지 최종 렌더링을 잠시 대기합니다...
2025-09-10 23:42:23,171 - INFO - [scripts.law.logic.scraper] - 페이지 HTML 컨텐츠를 가져오는 중...
2025-09-10 23:42:23,212 - INFO - [scripts.law.logic.scraper] - 데이터 파싱 중...
2025-09-10 23:42:23,350 - INFO - [scripts.law.logic.scraper] - 데이터 1건을 '/Users/woong/Roeum/roeum-crawler/data/raw/law/1352000/국민기초생활 보장법 시행규칙_document.jsonl' 파일로 성공적으로 저장했습니다.
2025-09-10 23:42:23,351 - INFO - [scripts.law.logic.scraper] - 데이터 57건을 '/Users/woong/Roeum/roeum-crawler/data/raw/law/1352000/국민기초생활 보장법 시행규칙_chunks.jsonl' 파일로 성공적으로 저장했습니다.
2025-09-10 23:42:23,371 - INFO - [__main__] - 상세 페이지 스크레이퍼 완료: 국민기초생활 보장법 시행규칙
2025-09-10 23:42:24,593 - INFO - [__main__] - 상세 페이지 스크레이퍼 실행: https://www.law.go.kr/LSW/lsInfoP.do?lsiSeq=270215&efYd=20270326
2025-09-10 23:42:24,943 - INFO - [scripts.law.logic.scraper] - 페이지로 이동 중: https://www.law.go.kr/LSW/lsInfoP.do?lsiSeq=270215&efYd=20270326
2025-09-10 23:42:25,838 - INFO - [scripts.law.logic.scraper] - 로딩 마스크가 나타나기를 기다리는 중...
2025-09-10 23:42:25,859 - INFO - [scripts.law.logic.scraper] - 로딩 마스크가 사라지기를 기다리는 중...
2025-09-10 23:42:26,660 - INFO - [scripts.law.logic.scraper] - 페이지 최종 렌더링을 잠시 대기합니다...
2025-09-10 23:42:27,664 - INFO - [scripts.law.logic.scraper] - 페이지 HTML 컨텐츠를 가져오는 중...
2025-09-10 23:42:27,690 - INFO - [scripts.law.logic.scraper] - 데이터 파싱 중...
2025-09-10 23:42:27,767 - INFO - [scripts.law.logic.scraper] - 데이터 1건을 '/Users/woong/Roeum/roeum-crawler/data/raw/law/1352000/가족돌봄 등 위기아동ㆍ청년 지원에 관한 법률_document.jsonl' 파일로 성공적으로 저장했습니다.
2025-09-10 23:42:27,767 - INFO - [scripts.law.logic.scraper] - 데이터 32건을 '/Users/woong/Roeum/roeum-crawler/data/raw/law/1352000/가족돌봄 등 위기아동ㆍ청년 지원에 관한 법률_chunks.jsonl' 파일로 성공적으로 저장했습니다.
2025-09-10 23:42:27,789 - INFO - [__main__] - 상세 페이지 스크레이퍼 완료: 가족돌봄 등 위기아동ㆍ청년 지원에 관한 법률
2025-09-10 23:42:29,062 - INFO - [__main__] - 상세 페이지 스크레이퍼 실행: https://www.law.go.kr/LSW/lsInfoP.do?lsiSeq=268883&efYd=20260201
2025-09-10 23:42:29,666 - INFO - [scripts.law.logic.scraper] - 페이지로 이동 중: https://www.law.go.kr/LSW/lsInfoP.do?lsiSeq=268883&efYd=20260201
2025-09-10 23:42:30,293 - INFO - [scripts.law.logic.scraper] - 로딩 마스크가 나타나기를 기다리는 중...
2025-09-10 23:42:40,303 - WARNING - [scripts.law.logic.scraper] - 로딩 마스크가 감지되지 않았습니다. 페이지 로드가 완료된 것으로 간주하고 계속 진행합니다.
2025-09-10 23:42:40,304 - INFO - [scripts.law.logic.scraper] - 페이지 최종 렌더링을 잠시 대기합니다...
2025-09-10 23:42:41,313 - INFO - [scripts.law.logic.scraper] - 페이지 HTML 컨텐츠를 가져오는 중...
2025-09-10 23:42:41,347 - INFO - [scripts.law.logic.scraper] - 데이터 파싱 중...
2025-09-10 23:42:41,426 - INFO - [scripts.law.logic.scraper] - 데이터 1건을 '/Users/woong/Roeum/roeum-crawler/data/raw/law/1352000/노숙인 등의 복지 및 자립지원에 관한 법률_document.jsonl' 파일로 성공적으로 저장했습니다.
2025-09-10 23:42:41,427 - INFO - [scripts.law.logic.scraper] - 데이터 35건을 '/Users/woong/Roeum/roeum-crawler/data/raw/law/1352000/노숙인 등의 복지 및 자립지원에 관한 법률_chunks.jsonl' 파일로 성공적으로 저장했습니다.
2025-09-10 23:42:41,460 - INFO - [__main__] - 상세 페이지 스크레이퍼 완료: 노숙인 등의 복지 및 자립지원에 관한 법률
2025-09-10 23:42:42,720 - INFO - [__main__] - 상세 페이지 스크레이퍼 실행: https://www.law.go.kr/LSW/lsInfoP.do?lsiSeq=270395&efYd=20251002
2025-09-10 23:42:43,119 - INFO - [scripts.law.logic.scraper] - 페이지로 이동 중: https://www.law.go.kr/LSW/lsInfoP.do?lsiSeq=270395&efYd=20251002
2025-09-10 23:42:43,817 - INFO - [scripts.law.logic.scraper] - 로딩 마스크가 나타나기를 기다리는 중...
2025-09-10 23:42:43,837 - INFO - [scripts.law.logic.scraper] - 로딩 마스크가 사라지기를 기다리는 중...
2025-09-10 23:42:44,253 - INFO - [scripts.law.logic.scraper] - 페이지 최종 렌더링을 잠시 대기합니다...
2025-09-10 23:42:45,256 - INFO - [scripts.law.logic.scraper] - 페이지 HTML 컨텐츠를 가져오는 중...
2025-09-10 23:42:45,293 - INFO - [scripts.law.logic.scraper] - 데이터 파싱 중...
2025-09-10 23:42:45,693 - INFO - [scripts.law.logic.scraper] - 데이터 1건을 '/Users/woong/Roeum/roeum-crawler/data/raw/law/1352000/마약류 관리에 관한 법률_document.jsonl' 파일로 성공적으로 저장했습니다.
2025-09-10 23:42:45,698 - INFO - [scripts.law.logic.scraper] - 데이터 100건을 '/Users/woong/Roeum/roeum-crawler/data/raw/law/1352000/마약류 관리에 관한 법률_chunks.jsonl' 파일로 성공적으로 저장했습니다.
2025-09-10 23:42:45,799 - INFO - [__main__] - 상세 페이지 스크레이퍼 완료: 마약류 관리에 관한 법률
2025-09-10 23:42:47,056 - INFO - [__main__] - 상세 페이지 스크레이퍼 실행: https://www.law.go.kr/LSW/lsInfoP.do?lsiSeq=271009&efYd=20250719
2025-09-10 23:42:47,476 - INFO - [scripts.law.logic.scraper] - 페이지로 이동 중: https://www.law.go.kr/LSW/lsInfoP.do?lsiSeq=271009&efYd=20250719
2025-09-10 23:42:48,070 - INFO - [scripts.law.logic.scraper] - 로딩 마스크가 나타나기를 기다리는 중...
2025-09-10 23:42:58,087 - WARNING - [scripts.law.logic.scraper] - 로딩 마스크가 감지되지 않았습니다. 페이지 로드가 완료된 것으로 간주하고 계속 진행합니다.
2025-09-10 23:42:58,087 - INFO - [scripts.law.logic.scraper] - 페이지 최종 렌더링을 잠시 대기합니다...
2025-09-10 23:42:59,097 - INFO - [scripts.law.logic.scraper] - 페이지 HTML 컨텐츠를 가져오는 중...
2025-09-10 23:42:59,140 - INFO - [scripts.law.logic.scraper] - 데이터 파싱 중...
2025-09-10 23:42:59,381 - INFO - [scripts.law.logic.scraper] - 데이터 1건을 '/Users/woong/Roeum/roeum-crawler/data/raw/law/1352000/재난적의료비 지원에 관한 법률 시행령_document.jsonl' 파일로 성공적으로 저장했습니다.
2025-09-10 23:42:59,383 - INFO - [scripts.law.logic.scraper] - 데이터 22건을 '/Users/woong/Roeum/roeum-crawler/data/raw/law/1352000/재난적의료비 지원에 관한 법률 시행령_chunks.jsonl' 파일로 성공적으로 저장했습니다.
2025-09-10 23:42:59,480 - INFO - [__main__] - 상세 페이지 스크레이퍼 완료: 재난적의료비 지원에 관한 법률 시행령
2025-09-10 23:43:01,127 - INFO - [__main__] - 상세 페이지 스크레이퍼 실행: https://www.law.go.kr/LSW/lsInfoP.do?lsiSeq=260909&efYd=20250719
2025-09-10 23:43:01,883 - INFO - [scripts.law.logic.scraper] - 페이지로 이동 중: https://www.law.go.kr/LSW/lsInfoP.do?lsiSeq=260909&efYd=20250719
2025-09-10 23:43:02,648 - INFO - [scripts.law.logic.scraper] - 로딩 마스크가 나타나기를 기다리는 중...
2025-09-10 23:43:12,664 - WARNING - [scripts.law.logic.scraper] - 로딩 마스크가 감지되지 않았습니다. 페이지 로드가 완료된 것으로 간주하고 계속 진행합니다.
2025-09-10 23:43:12,664 - INFO - [scripts.law.logic.scraper] - 페이지 최종 렌더링을 잠시 대기합니다...
2025-09-10 23:43:13,679 - INFO - [scripts.law.logic.scraper] - 페이지 HTML 컨텐츠를 가져오는 중...
2025-09-10 23:43:13,733 - INFO - [scripts.law.logic.scraper] - 데이터 파싱 중...
2025-09-10 23:43:13,847 - INFO - [scripts.law.logic.scraper] - 데이터 1건을 '/Users/woong/Roeum/roeum-crawler/data/raw/law/1352000/국제입양에 관한 법률_document.jsonl' 파일로 성공적으로 저장했습니다.
2025-09-10 23:43:13,848 - INFO - [scripts.law.logic.scraper] - 데이터 35건을 '/Users/woong/Roeum/roeum-crawler/data/raw/law/1352000/국제입양에 관한 법률_chunks.jsonl' 파일로 성공적으로 저장했습니다.
2025-09-10 23:43:13,929 - INFO - [__main__] - 상세 페이지 스크레이퍼 완료: 국제입양에 관한 법률
2025-09-10 23:43:15,959 - INFO - [__main__] - 상세 페이지 스크레이퍼 실행: https://www.law.go.kr/LSW/lsInfoP.do?lsiSeq=272519&efYd=20250621
2025-09-10 23:43:18,320 - INFO - [scripts.law.logic.scraper] - 페이지로 이동 중: https://www.law.go.kr/LSW/lsInfoP.do?lsiSeq=272519&efYd=20250621
2025-09-10 23:43:19,709 - INFO - [scripts.law.logic.scraper] - 로딩 마스크가 나타나기를 기다리는 중...
2025-09-10 23:43:29,734 - WARNING - [scripts.law.logic.scraper] - 로딩 마스크가 감지되지 않았습니다. 페이지 로드가 완료된 것으로 간주하고 계속 진행합니다.
2025-09-10 23:43:29,735 - INFO - [scripts.law.logic.scraper] - 페이지 최종 렌더링을 잠시 대기합니다...
2025-09-10 23:43:30,945 - INFO - [scripts.law.logic.scraper] - 페이지 HTML 컨텐츠를 가져오는 중...
2025-09-10 23:43:31,023 - INFO - [scripts.law.logic.scraper] - 데이터 파싱 중...
2025-09-10 23:43:31,152 - INFO - [scripts.law.logic.scraper] - 데이터 1건을 '/Users/woong/Roeum/roeum-crawler/data/raw/law/1352000/장애인활동 지원에 관한 법률 시행령_document.jsonl' 파일로 성공적으로 저장했습니다.
2025-09-10 23:43:31,154 - INFO - [scripts.law.logic.scraper] - 데이터 35건을 '/Users/woong/Roeum/roeum-crawler/data/raw/law/1352000/장애인활동 지원에 관한 법률 시행령_chunks.jsonl' 파일로 성공적으로 저장했습니다.
2025-09-10 23:43:31,263 - INFO - [__main__] - 상세 페이지 스크레이퍼 완료: 장애인활동 지원에 관한 법률 시행령
2025-09-10 23:43:32,582 - INFO - [__main__] - 상세 페이지 스크레이퍼 실행: https://www.law.go.kr/LSW/lsInfoP.do?lsiSeq=272551&efYd=20250621
2025-09-10 23:43:33,413 - INFO - [scripts.law.logic.scraper] - 페이지로 이동 중: https://www.law.go.kr/LSW/lsInfoP.do?lsiSeq=272551&efYd=20250621
2025-09-10 23:43:34,329 - INFO - [scripts.law.logic.scraper] - 로딩 마스크가 나타나기를 기다리는 중...
2025-09-10 23:43:34,361 - INFO - [scripts.law.logic.scraper] - 로딩 마스크가 사라지기를 기다리는 중...
2025-09-10 23:43:34,427 - INFO - [scripts.law.logic.scraper] - 페이지 최종 렌더링을 잠시 대기합니다...
2025-09-10 23:43:35,431 - INFO - [scripts.law.logic.scraper] - 페이지 HTML 컨텐츠를 가져오는 중...
2025-09-10 23:43:35,445 - INFO - [scripts.law.logic.scraper] - 데이터 파싱 중...
2025-09-10 23:43:35,525 - INFO - [scripts.law.logic.scraper] - 데이터 1건을 '/Users/woong/Roeum/roeum-crawler/data/raw/law/1352000/전문간호사 자격인정 등에 관한 규칙_document.jsonl' 파일로 성공적으로 저장했습니다.
2025-09-10 23:43:35,526 - INFO - [scripts.law.logic.scraper] - 데이터 16건을 '/Users/woong/Roeum/roeum-crawler/data/raw/law/1352000/전문간호사 자격인정 등에 관한 규칙_chunks.jsonl' 파일로 성공적으로 저장했습니다.
2025-09-10 23:43:35,581 - INFO - [__main__] - 상세 페이지 스크레이퍼 완료: 전문간호사 자격인정 등에 관한 규칙
2025-09-10 23:43:36,942 - INFO - [__main__] - 상세 페이지 스크레이퍼 실행: https://www.law.go.kr/LSW/lsInfoP.do?lsiSeq=270033&efYd=20250319
2025-09-10 23:43:38,002 - INFO - [scripts.law.logic.scraper] - 페이지로 이동 중: https://www.law.go.kr/LSW/lsInfoP.do?lsiSeq=270033&efYd=20250319
2025-09-10 23:43:38,634 - INFO - [scripts.law.logic.scraper] - 로딩 마스크가 나타나기를 기다리는 중...
2025-09-10 23:43:38,665 - INFO - [scripts.law.logic.scraper] - 로딩 마스크가 사라지기를 기다리는 중...
2025-09-10 23:43:38,854 - INFO - [scripts.law.logic.scraper] - 페이지 최종 렌더링을 잠시 대기합니다...
2025-09-10 23:43:39,857 - INFO - [scripts.law.logic.scraper] - 페이지 HTML 컨텐츠를 가져오는 중...
2025-09-10 23:43:39,878 - INFO - [scripts.law.logic.scraper] - 데이터 파싱 중...
2025-09-10 23:43:39,971 - INFO - [scripts.law.logic.scraper] - 데이터 1건을 '/Users/woong/Roeum/roeum-crawler/data/raw/law/1352000/발달장애인 권리보장 및 지원에 관한 법률 시행규칙_document.jsonl' 파일로 성공적으로 저장했습니다.
2025-09-10 23:43:39,972 - INFO - [scripts.law.logic.scraper] - 데이터 35건을 '/Users/woong/Roeum/roeum-crawler/data/raw/law/1352000/발달장애인 권리보장 및 지원에 관한 법률 시행규칙_chunks.jsonl' 파일로 성공적으로 저장했습니다.
2025-09-10 23:43:39,995 - INFO - [__main__] - 상세 페이지 스크레이퍼 완료: 발달장애인 권리보장 및 지원에 관한 법률 시행규칙
2025-09-10 23:43:41,272 - INFO - [__main__] - 상세 페이지 스크레이퍼 실행: https://www.law.go.kr/LSW/lsInfoP.do?lsiSeq=261355&efYd=20250101
2025-09-10 23:43:41,740 - INFO - [scripts.law.logic.scraper] - 페이지로 이동 중: https://www.law.go.kr/LSW/lsInfoP.do?lsiSeq=261355&efYd=20250101
2025-09-10 23:43:42,327 - INFO - [scripts.law.logic.scraper] - 로딩 마스크가 나타나기를 기다리는 중...
2025-09-10 23:43:42,348 - INFO - [scripts.law.logic.scraper] - 로딩 마스크가 사라지기를 기다리는 중...
2025-09-10 23:43:42,531 - INFO - [scripts.law.logic.scraper] - 페이지 최종 렌더링을 잠시 대기합니다...
2025-09-10 23:43:43,534 - INFO - [scripts.law.logic.scraper] - 페이지 HTML 컨텐츠를 가져오는 중...
2025-09-10 23:43:43,557 - INFO - [scripts.law.logic.scraper] - 데이터 파싱 중...
2025-09-10 23:43:43,617 - INFO - [scripts.law.logic.scraper] - 데이터 1건을 '/Users/woong/Roeum/roeum-crawler/data/raw/law/1352000/저출산ㆍ고령사회기본법 시행령_document.jsonl' 파일로 성공적으로 저장했습니다.
2025-09-10 23:43:43,618 - INFO - [scripts.law.logic.scraper] - 데이터 16건을 '/Users/woong/Roeum/roeum-crawler/data/raw/law/1352000/저출산ㆍ고령사회기본법 시행령_chunks.jsonl' 파일로 성공적으로 저장했습니다.
2025-09-10 23:43:43,639 - INFO - [__main__] - 상세 페이지 스크레이퍼 완료: 저출산ㆍ고령사회기본법 시행령
2025-09-10 23:43:44,859 - INFO - [__main__] - 상세 페이지 스크레이퍼 실행: https://www.law.go.kr/LSW/lsInfoP.do?lsiSeq=255811&efYd=20241101
2025-09-10 23:43:45,208 - INFO - [scripts.law.logic.scraper] - 페이지로 이동 중: https://www.law.go.kr/LSW/lsInfoP.do?lsiSeq=255811&efYd=20241101
2025-09-10 23:43:46,068 - INFO - [scripts.law.logic.scraper] - 로딩 마스크가 나타나기를 기다리는 중...
2025-09-10 23:43:56,127 - WARNING - [scripts.law.logic.scraper] - 로딩 마스크가 감지되지 않았습니다. 페이지 로드가 완료된 것으로 간주하고 계속 진행합니다.
2025-09-10 23:43:56,129 - INFO - [scripts.law.logic.scraper] - 페이지 최종 렌더링을 잠시 대기합니다...
2025-09-10 23:43:57,137 - INFO - [scripts.law.logic.scraper] - 페이지 HTML 컨텐츠를 가져오는 중...
2025-09-10 23:43:57,180 - INFO - [scripts.law.logic.scraper] - 데이터 파싱 중...
2025-09-10 23:43:57,289 - INFO - [scripts.law.logic.scraper] - 데이터 1건을 '/Users/woong/Roeum/roeum-crawler/data/raw/law/1352000/의료기사 등에 관한 법률_document.jsonl' 파일로 성공적으로 저장했습니다.
2025-09-10 23:43:57,290 - INFO - [scripts.law.logic.scraper] - 데이터 38건을 '/Users/woong/Roeum/roeum-crawler/data/raw/law/1352000/의료기사 등에 관한 법률_chunks.jsonl' 파일로 성공적으로 저장했습니다.
2025-09-10 23:43:57,347 - INFO - [__main__] - 상세 페이지 스크레이퍼 완료: 의료기사 등에 관한 법률
2025-09-10 23:43:58,614 - INFO - [__main__] - 상세 페이지 스크레이퍼 실행: https://www.law.go.kr/LSW/lsInfoP.do?lsiSeq=265933&efYd=20241022
2025-09-10 23:43:59,142 - INFO - [scripts.law.logic.scraper] - 페이지로 이동 중: https://www.law.go.kr/LSW/lsInfoP.do?lsiSeq=265933&efYd=20241022
2025-09-10 23:44:00,166 - INFO - [scripts.law.logic.scraper] - 로딩 마스크가 나타나기를 기다리는 중...
2025-09-10 23:44:00,185 - INFO - [scripts.law.logic.scraper] - 로딩 마스크가 사라지기를 기다리는 중...
2025-09-10 23:44:00,228 - INFO - [scripts.law.logic.scraper] - 페이지 최종 렌더링을 잠시 대기합니다...
2025-09-10 23:44:01,242 - INFO - [scripts.law.logic.scraper] - 페이지 HTML 컨텐츠를 가져오는 중...
2025-09-10 23:44:01,296 - INFO - [scripts.law.logic.scraper] - 데이터 파싱 중...
2025-09-10 23:44:01,500 - INFO - [scripts.law.logic.scraper] - 데이터 1건을 '/Users/woong/Roeum/roeum-crawler/data/raw/law/1352000/장애인 건강권 및 의료접근성 보장에 관한 법률_document.jsonl' 파일로 성공적으로 저장했습니다.
2025-09-10 23:44:01,501 - INFO - [scripts.law.logic.scraper] - 데이터 31건을 '/Users/woong/Roeum/roeum-crawler/data/raw/law/1352000/장애인 건강권 및 의료접근성 보장에 관한 법률_chunks.jsonl' 파일로 성공적으로 저장했습니다.
2025-09-10 23:44:01,556 - INFO - [__main__] - 상세 페이지 스크레이퍼 완료: 장애인 건강권 및 의료접근성 보장에 관한 법률
2025-09-10 23:44:03,045 - INFO - [__main__] - 상세 페이지 스크레이퍼 실행: https://www.law.go.kr/LSW/lsInfoP.do?lsiSeq=265119&efYd=20240830
2025-09-10 23:44:03,599 - INFO - [scripts.law.logic.scraper] - 페이지로 이동 중: https://www.law.go.kr/LSW/lsInfoP.do?lsiSeq=265119&efYd=20240830
2025-09-10 23:44:04,231 - INFO - [scripts.law.logic.scraper] - 로딩 마스크가 나타나기를 기다리는 중...
2025-09-10 23:44:04,270 - INFO - [scripts.law.logic.scraper] - 로딩 마스크가 사라지기를 기다리는 중...
2025-09-10 23:44:04,354 - INFO - [scripts.law.logic.scraper] - 페이지 최종 렌더링을 잠시 대기합니다...
2025-09-10 23:44:05,362 - INFO - [scripts.law.logic.scraper] - 페이지 HTML 컨텐츠를 가져오는 중...
2025-09-10 23:44:05,397 - INFO - [scripts.law.logic.scraper] - 데이터 파싱 중...
2025-09-10 23:44:05,484 - INFO - [scripts.law.logic.scraper] - 데이터 1건을 '/Users/woong/Roeum/roeum-crawler/data/raw/law/1352000/전문의의 수련 및 자격 인정 등에 관한 규정 시행규칙_document.jsonl' 파일로 성공적으로 저장했습니다.
2025-09-10 23:44:05,485 - INFO - [scripts.law.logic.scraper] - 데이터 22건을 '/Users/woong/Roeum/roeum-crawler/data/raw/law/1352000/전문의의 수련 및 자격 인정 등에 관한 규정 시행규칙_chunks.jsonl' 파일로 성공적으로 저장했습니다.
2025-09-10 23:44:05,523 - INFO - [__main__] - 상세 페이지 스크레이퍼 완료: 전문의의 수련 및 자격 인정 등에 관한 규정 시행규칙
2025-09-10 23:44:06,790 - INFO - [__main__] - 상세 페이지 스크레이퍼 실행: https://www.law.go.kr/LSW/lsInfoP.do?lsiSeq=264797&efYd=20240807
2025-09-10 23:44:07,255 - INFO - [scripts.law.logic.scraper] - 페이지로 이동 중: https://www.law.go.kr/LSW/lsInfoP.do?lsiSeq=264797&efYd=20240807
2025-09-10 23:44:07,901 - INFO - [scripts.law.logic.scraper] - 로딩 마스크가 나타나기를 기다리는 중...
2025-09-10 23:44:07,926 - INFO - [scripts.law.logic.scraper] - 로딩 마스크가 사라지기를 기다리는 중...
2025-09-10 23:44:08,212 - INFO - [scripts.law.logic.scraper] - 페이지 최종 렌더링을 잠시 대기합니다...
2025-09-10 23:44:09,214 - INFO - [scripts.law.logic.scraper] - 페이지 HTML 컨텐츠를 가져오는 중...
2025-09-10 23:44:09,257 - INFO - [scripts.law.logic.scraper] - 데이터 파싱 중...
2025-09-10 23:44:09,483 - INFO - [scripts.law.logic.scraper] - 데이터 1건을 '/Users/woong/Roeum/roeum-crawler/data/raw/law/1352000/장애인활동 지원에 관한 법률 시행규칙_document.jsonl' 파일로 성공적으로 저장했습니다.
2025-09-10 23:44:09,484 - INFO - [scripts.law.logic.scraper] - 데이터 56건을 '/Users/woong/Roeum/roeum-crawler/data/raw/law/1352000/장애인활동 지원에 관한 법률 시행규칙_chunks.jsonl' 파일로 성공적으로 저장했습니다.
2025-09-10 23:44:09,509 - INFO - [__main__] - 상세 페이지 스크레이퍼 완료: 장애인활동 지원에 관한 법률 시행규칙
2025-09-10 23:44:10,746 - INFO - [__main__] - 상세 페이지 스크레이퍼 실행: https://www.law.go.kr/LSW/lsInfoP.do?lsiSeq=264055&efYd=20240716
2025-09-10 23:44:11,091 - INFO - [scripts.law.logic.scraper] - 페이지로 이동 중: https://www.law.go.kr/LSW/lsInfoP.do?lsiSeq=264055&efYd=20240716
2025-09-10 23:44:11,794 - INFO - [scripts.law.logic.scraper] - 로딩 마스크가 나타나기를 기다리는 중...
2025-09-10 23:44:21,805 - WARNING - [scripts.law.logic.scraper] - 로딩 마스크가 감지되지 않았습니다. 페이지 로드가 완료된 것으로 간주하고 계속 진행합니다.
2025-09-10 23:44:21,807 - INFO - [scripts.law.logic.scraper] - 페이지 최종 렌더링을 잠시 대기합니다...
2025-09-10 23:44:22,814 - INFO - [scripts.law.logic.scraper] - 페이지 HTML 컨텐츠를 가져오는 중...
2025-09-10 23:44:22,839 - INFO - [scripts.law.logic.scraper] - 데이터 파싱 중...
2025-09-10 23:44:22,890 - INFO - [scripts.law.logic.scraper] - 데이터 1건을 '/Users/woong/Roeum/roeum-crawler/data/raw/law/1352000/자살예방 및 생명존중문화 조성을 위한 법률 시행규칙_document.jsonl' 파일로 성공적으로 저장했습니다.
2025-09-10 23:44:22,891 - INFO - [scripts.law.logic.scraper] - 데이터 7건을 '/Users/woong/Roeum/roeum-crawler/data/raw/law/1352000/자살예방 및 생명존중문화 조성을 위한 법률 시행규칙_chunks.jsonl' 파일로 성공적으로 저장했습니다.
2025-09-10 23:44:22,929 - INFO - [__main__] - 상세 페이지 스크레이퍼 완료: 자살예방 및 생명존중문화 조성을 위한 법률 시행규칙
2025-09-10 23:44:24,170 - INFO - [__main__] - 상세 페이지 스크레이퍼 실행: https://www.law.go.kr/LSW/lsInfoP.do?lsiSeq=263585&efYd=20240703
2025-09-10 23:44:24,580 - INFO - [scripts.law.logic.scraper] - 페이지로 이동 중: https://www.law.go.kr/LSW/lsInfoP.do?lsiSeq=263585&efYd=20240703
2025-09-10 23:44:25,202 - INFO - [scripts.law.logic.scraper] - 로딩 마스크가 나타나기를 기다리는 중...
2025-09-10 23:44:25,223 - INFO - [scripts.law.logic.scraper] - 로딩 마스크가 사라지기를 기다리는 중...
2025-09-10 23:44:26,009 - INFO - [scripts.law.logic.scraper] - 페이지 최종 렌더링을 잠시 대기합니다...
2025-09-10 23:44:27,012 - INFO - [scripts.law.logic.scraper] - 페이지 HTML 컨텐츠를 가져오는 중...
2025-09-10 23:44:27,042 - INFO - [scripts.law.logic.scraper] - 데이터 파싱 중...
2025-09-10 23:44:27,119 - INFO - [scripts.law.logic.scraper] - 데이터 1건을 '/Users/woong/Roeum/roeum-crawler/data/raw/law/1352000/지역보건법 시행령_document.jsonl' 파일로 성공적으로 저장했습니다.
2025-09-10 23:44:27,120 - INFO - [scripts.law.logic.scraper] - 데이터 26건을 '/Users/woong/Roeum/roeum-crawler/data/raw/law/1352000/지역보건법 시행령_chunks.jsonl' 파일로 성공적으로 저장했습니다.
2025-09-10 23:44:27,142 - INFO - [__main__] - 상세 페이지 스크레이퍼 완료: 지역보건법 시행령
2025-09-10 23:44:28,349 - INFO - [__main__] - 상세 페이지 스크레이퍼 실행: https://www.law.go.kr/LSW/lsInfoP.do?lsiSeq=256349&efYd=20231214
2025-09-10 23:44:28,673 - INFO - [scripts.law.logic.scraper] - 페이지로 이동 중: https://www.law.go.kr/LSW/lsInfoP.do?lsiSeq=256349&efYd=20231214
2025-09-10 23:44:29,292 - INFO - [scripts.law.logic.scraper] - 로딩 마스크가 나타나기를 기다리는 중...
2025-09-10 23:44:29,314 - INFO - [scripts.law.logic.scraper] - 로딩 마스크가 사라지기를 기다리는 중...
2025-09-10 23:44:29,393 - INFO - [scripts.law.logic.scraper] - 페이지 최종 렌더링을 잠시 대기합니다...
2025-09-10 23:44:30,395 - INFO - [scripts.law.logic.scraper] - 페이지 HTML 컨텐츠를 가져오는 중...
2025-09-10 23:44:30,407 - INFO - [scripts.law.logic.scraper] - 데이터 파싱 중...
2025-09-10 23:44:30,451 - INFO - [scripts.law.logic.scraper] - 데이터 1건을 '/Users/woong/Roeum/roeum-crawler/data/raw/law/1352000/장애인 건강권 및 의료접근성 보장에 관한 법률 시행령_document.jsonl' 파일로 성공적으로 저장했습니다.
2025-09-10 23:44:30,451 - INFO - [scripts.law.logic.scraper] - 데이터 13건을 '/Users/woong/Roeum/roeum-crawler/data/raw/law/1352000/장애인 건강권 및 의료접근성 보장에 관한 법률 시행령_chunks.jsonl' 파일로 성공적으로 저장했습니다.
2025-09-10 23:44:30,482 - INFO - [__main__] - 상세 페이지 스크레이퍼 완료: 장애인 건강권 및 의료접근성 보장에 관한 법률 시행령
2025-09-10 23:44:31,870 - INFO - [__main__] - 상세 페이지 스크레이퍼 실행: https://www.law.go.kr/LSW/lsInfoP.do?lsiSeq=252121&efYd=20230622
2025-09-10 23:44:32,456 - INFO - [scripts.law.logic.scraper] - 페이지로 이동 중: https://www.law.go.kr/LSW/lsInfoP.do?lsiSeq=252121&efYd=20230622
2025-09-10 23:44:33,220 - INFO - [scripts.law.logic.scraper] - 로딩 마스크가 나타나기를 기다리는 중...
2025-09-10 23:44:43,240 - WARNING - [scripts.law.logic.scraper] - 로딩 마스크가 감지되지 않았습니다. 페이지 로드가 완료된 것으로 간주하고 계속 진행합니다.
2025-09-10 23:44:43,241 - INFO - [scripts.law.logic.scraper] - 페이지 최종 렌더링을 잠시 대기합니다...
2025-09-10 23:44:44,254 - INFO - [scripts.law.logic.scraper] - 페이지 HTML 컨텐츠를 가져오는 중...
2025-09-10 23:44:44,285 - INFO - [scripts.law.logic.scraper] - 데이터 파싱 중...
2025-09-10 23:44:44,398 - INFO - [scripts.law.logic.scraper] - 데이터 1건을 '/Users/woong/Roeum/roeum-crawler/data/raw/law/1352000/심뇌혈관질환의 예방 및 관리에 관한 법률 시행규칙_document.jsonl' 파일로 성공적으로 저장했습니다.
2025-09-10 23:44:44,398 - INFO - [scripts.law.logic.scraper] - 데이터 14건을 '/Users/woong/Roeum/roeum-crawler/data/raw/law/1352000/심뇌혈관질환의 예방 및 관리에 관한 법률 시행규칙_chunks.jsonl' 파일로 성공적으로 저장했습니다.
2025-09-10 23:44:44,542 - INFO - [__main__] - 상세 페이지 스크레이퍼 완료: 심뇌혈관질환의 예방 및 관리에 관한 법률 시행규칙
2025-09-10 23:44:45,880 - INFO - [__main__] - 상세 페이지 스크레이퍼 실행: https://www.law.go.kr/LSW/lsInfoP.do?lsiSeq=234265&efYd=20230128
2025-09-10 23:44:46,522 - INFO - [scripts.law.logic.scraper] - 페이지로 이동 중: https://www.law.go.kr/LSW/lsInfoP.do?lsiSeq=234265&efYd=20230128
2025-09-10 23:44:47,189 - INFO - [scripts.law.logic.scraper] - 로딩 마스크가 나타나기를 기다리는 중...
2025-09-10 23:44:57,202 - WARNING - [scripts.law.logic.scraper] - 로딩 마스크가 감지되지 않았습니다. 페이지 로드가 완료된 것으로 간주하고 계속 진행합니다.
2025-09-10 23:44:57,203 - INFO - [scripts.law.logic.scraper] - 페이지 최종 렌더링을 잠시 대기합니다...
2025-09-10 23:44:58,206 - INFO - [scripts.law.logic.scraper] - 페이지 HTML 컨텐츠를 가져오는 중...
2025-09-10 23:44:58,223 - INFO - [scripts.law.logic.scraper] - 데이터 파싱 중...
2025-09-10 23:44:58,344 - INFO - [scripts.law.logic.scraper] - 데이터 1건을 '/Users/woong/Roeum/roeum-crawler/data/raw/law/1352000/장애인차별금지 및 권리구제 등에 관한 법률_document.jsonl' 파일로 성공적으로 저장했습니다.
2025-09-10 23:44:58,345 - INFO - [scripts.law.logic.scraper] - 데이터 53건을 '/Users/woong/Roeum/roeum-crawler/data/raw/law/1352000/장애인차별금지 및 권리구제 등에 관한 법률_chunks.jsonl' 파일로 성공적으로 저장했습니다.
2025-09-10 23:44:58,386 - INFO - [__main__] - 상세 페이지 스크레이퍼 완료: 장애인차별금지 및 권리구제 등에 관한 법률
2025-09-10 23:44:59,604 - INFO - [__main__] - 상세 페이지 스크레이퍼 실행: https://www.law.go.kr/LSW/lsInfoP.do?lsiSeq=246201&efYd=20221215
2025-09-10 23:45:00,064 - INFO - [scripts.law.logic.scraper] - 페이지로 이동 중: https://www.law.go.kr/LSW/lsInfoP.do?lsiSeq=246201&efYd=20221215
2025-09-10 23:45:00,822 - INFO - [scripts.law.logic.scraper] - 로딩 마스크가 나타나기를 기다리는 중...
2025-09-10 23:45:00,878 - INFO - [scripts.law.logic.scraper] - 로딩 마스크가 사라지기를 기다리는 중...
2025-09-10 23:45:01,683 - INFO - [scripts.law.logic.scraper] - 페이지 최종 렌더링을 잠시 대기합니다...
2025-09-10 23:45:02,697 - INFO - [scripts.law.logic.scraper] - 페이지 HTML 컨텐츠를 가져오는 중...
2025-09-10 23:45:02,729 - INFO - [scripts.law.logic.scraper] - 데이터 파싱 중...
2025-09-10 23:45:02,831 - INFO - [scripts.law.logic.scraper] - 데이터 1건을 '/Users/woong/Roeum/roeum-crawler/data/raw/law/1352000/보건복지부 소관 비상대비에 관한 법률 시행규칙_document.jsonl' 파일로 성공적으로 저장했습니다.
2025-09-10 23:45:02,831 - INFO - [scripts.law.logic.scraper] - 데이터 10건을 '/Users/woong/Roeum/roeum-crawler/data/raw/law/1352000/보건복지부 소관 비상대비에 관한 법률 시행규칙_chunks.jsonl' 파일로 성공적으로 저장했습니다.
2025-09-10 23:45:02,890 - INFO - [__main__] - 상세 페이지 스크레이퍼 완료: 보건복지부 소관 비상대비에 관한 법률 시행규칙
2025-09-10 23:45:04,101 - INFO - [__main__] - 상세 페이지 스크레이퍼 실행: https://www.law.go.kr/LSW/lsInfoP.do?lsiSeq=232649&efYd=20220101
2025-09-10 23:45:04,493 - INFO - [scripts.law.logic.scraper] - 페이지로 이동 중: https://www.law.go.kr/LSW/lsInfoP.do?lsiSeq=232649&efYd=20220101
2025-09-10 23:45:05,192 - INFO - [scripts.law.logic.scraper] - 로딩 마스크가 나타나기를 기다리는 중...
2025-09-10 23:45:15,209 - WARNING - [scripts.law.logic.scraper] - 로딩 마스크가 감지되지 않았습니다. 페이지 로드가 완료된 것으로 간주하고 계속 진행합니다.
2025-09-10 23:45:15,211 - INFO - [scripts.law.logic.scraper] - 페이지 최종 렌더링을 잠시 대기합니다...
2025-09-10 23:45:16,217 - INFO - [scripts.law.logic.scraper] - 페이지 HTML 컨텐츠를 가져오는 중...
2025-09-10 23:45:16,252 - INFO - [scripts.law.logic.scraper] - 데이터 파싱 중...
2025-09-10 23:45:16,340 - INFO - [scripts.law.logic.scraper] - 데이터 1건을 '/Users/woong/Roeum/roeum-crawler/data/raw/law/1352000/장애인연금법_document.jsonl' 파일로 성공적으로 저장했습니다.
2025-09-10 23:45:16,340 - INFO - [scripts.law.logic.scraper] - 데이터 31건을 '/Users/woong/Roeum/roeum-crawler/data/raw/law/1352000/장애인연금법_chunks.jsonl' 파일로 성공적으로 저장했습니다.
2025-09-10 23:45:16,368 - INFO - [__main__] - 상세 페이지 스크레이퍼 완료: 장애인연금법
2025-09-10 23:45:17,624 - INFO - [__main__] - 상세 페이지 스크레이퍼 실행: https://www.law.go.kr/LSW/lsInfoP.do?lsiSeq=205115&efYd=20181101
2025-09-10 23:45:18,022 - INFO - [scripts.law.logic.scraper] - 페이지로 이동 중: https://www.law.go.kr/LSW/lsInfoP.do?lsiSeq=205115&efYd=20181101
2025-09-10 23:45:18,671 - INFO - [scripts.law.logic.scraper] - 로딩 마스크가 나타나기를 기다리는 중...
2025-09-10 23:45:28,675 - WARNING - [scripts.law.logic.scraper] - 로딩 마스크가 감지되지 않았습니다. 페이지 로드가 완료된 것으로 간주하고 계속 진행합니다.
2025-09-10 23:45:28,675 - INFO - [scripts.law.logic.scraper] - 페이지 최종 렌더링을 잠시 대기합니다...
2025-09-10 23:45:29,680 - INFO - [scripts.law.logic.scraper] - 페이지 HTML 컨텐츠를 가져오는 중...
2025-09-10 23:45:29,700 - INFO - [scripts.law.logic.scraper] - 데이터 파싱 중...
2025-09-10 23:45:29,751 - INFO - [scripts.law.logic.scraper] - 데이터 1건을 '/Users/woong/Roeum/roeum-crawler/data/raw/law/1352000/한국보건의료인국가시험원법 시행령_document.jsonl' 파일로 성공적으로 저장했습니다.
2025-09-10 23:45:29,751 - INFO - [scripts.law.logic.scraper] - 데이터 11건을 '/Users/woong/Roeum/roeum-crawler/data/raw/law/1352000/한국보건의료인국가시험원법 시행령_chunks.jsonl' 파일로 성공적으로 저장했습니다.
2025-09-10 23:45:29,781 - INFO - [__main__] - 상세 페이지 스크레이퍼 완료: 한국보건의료인국가시험원법 시행령
2025-09-10 23:45:31,044 - INFO - [__main__] - 상세 페이지 스크레이퍼 실행: https://www.law.go.kr/LSW/lsInfoP.do?lsiSeq=269963&efYd=20260319
2025-09-10 23:45:31,450 - INFO - [scripts.law.logic.scraper] - 페이지로 이동 중: https://www.law.go.kr/LSW/lsInfoP.do?lsiSeq=269963&efYd=20260319
2025-09-10 23:45:32,077 - INFO - [scripts.law.logic.scraper] - 로딩 마스크가 나타나기를 기다리는 중...
2025-09-10 23:45:32,102 - INFO - [scripts.law.logic.scraper] - 로딩 마스크가 사라지기를 기다리는 중...
2025-09-10 23:45:32,206 - INFO - [scripts.law.logic.scraper] - 페이지 최종 렌더링을 잠시 대기합니다...
2025-09-10 23:45:33,209 - INFO - [scripts.law.logic.scraper] - 페이지 HTML 컨텐츠를 가져오는 중...
2025-09-10 23:45:33,232 - INFO - [scripts.law.logic.scraper] - 데이터 파싱 중...
2025-09-10 23:45:33,304 - INFO - [scripts.law.logic.scraper] - 데이터 1건을 '/Users/woong/Roeum/roeum-crawler/data/raw/law/1352000/보건의료인력지원법_document.jsonl' 파일로 성공적으로 저장했습니다.
2025-09-10 23:45:33,304 - INFO - [scripts.law.logic.scraper] - 데이터 21건을 '/Users/woong/Roeum/roeum-crawler/data/raw/law/1352000/보건의료인력지원법_chunks.jsonl' 파일로 성공적으로 저장했습니다.
2025-09-10 23:45:33,337 - INFO - [__main__] - 상세 페이지 스크레이퍼 완료: 보건의료인력지원법
2025-09-10 23:45:34,551 - INFO - [__main__] - 상세 페이지 스크레이퍼 실행: https://www.law.go.kr/LSW/lsInfoP.do?lsiSeq=267417&efYd=20251221
2025-09-10 23:45:34,898 - INFO - [scripts.law.logic.scraper] - 페이지로 이동 중: https://www.law.go.kr/LSW/lsInfoP.do?lsiSeq=267417&efYd=20251221
2025-09-10 23:45:35,501 - INFO - [scripts.law.logic.scraper] - 로딩 마스크가 나타나기를 기다리는 중...
2025-09-10 23:45:35,521 - INFO - [scripts.law.logic.scraper] - 로딩 마스크가 사라지기를 기다리는 중...
2025-09-10 23:45:35,729 - INFO - [scripts.law.logic.scraper] - 페이지 최종 렌더링을 잠시 대기합니다...
2025-09-10 23:45:36,734 - INFO - [scripts.law.logic.scraper] - 페이지 HTML 컨텐츠를 가져오는 중...
2025-09-10 23:45:36,758 - INFO - [scripts.law.logic.scraper] - 데이터 파싱 중...
2025-09-10 23:45:36,871 - INFO - [scripts.law.logic.scraper] - 데이터 1건을 '/Users/woong/Roeum/roeum-crawler/data/raw/law/1352000/보건의료기본법_document.jsonl' 파일로 성공적으로 저장했습니다.
2025-09-10 23:45:36,872 - INFO - [scripts.law.logic.scraper] - 데이터 63건을 '/Users/woong/Roeum/roeum-crawler/data/raw/law/1352000/보건의료기본법_chunks.jsonl' 파일로 성공적으로 저장했습니다.
2025-09-10 23:45:36,913 - INFO - [__main__] - 상세 페이지 스크레이퍼 완료: 보건의료기본법
2025-09-10 23:45:38,115 - INFO - [__main__] - 상세 페이지 스크레이퍼 실행: https://www.law.go.kr/LSW/lsInfoP.do?lsiSeq=270407&efYd=20251002
2025-09-10 23:45:38,592 - INFO - [scripts.law.logic.scraper] - 페이지로 이동 중: https://www.law.go.kr/LSW/lsInfoP.do?lsiSeq=270407&efYd=20251002
2025-09-10 23:45:39,292 - INFO - [scripts.law.logic.scraper] - 로딩 마스크가 나타나기를 기다리는 중...
2025-09-10 23:45:49,309 - WARNING - [scripts.law.logic.scraper] - 로딩 마스크가 감지되지 않았습니다. 페이지 로드가 완료된 것으로 간주하고 계속 진행합니다.
2025-09-10 23:45:49,310 - INFO - [scripts.law.logic.scraper] - 페이지 최종 렌더링을 잠시 대기합니다...
2025-09-10 23:45:50,315 - INFO - [scripts.law.logic.scraper] - 페이지 HTML 컨텐츠를 가져오는 중...
2025-09-10 23:45:50,343 - INFO - [scripts.law.logic.scraper] - 데이터 파싱 중...
2025-09-10 23:45:50,436 - INFO - [scripts.law.logic.scraper] - 데이터 1건을 '/Users/woong/Roeum/roeum-crawler/data/raw/law/1352000/사회서비스 지원 및 사회서비스원 설립ㆍ운영에 관한 법률_document.jsonl' 파일로 성공적으로 저장했습니다.
2025-09-10 23:45:50,437 - INFO - [scripts.law.logic.scraper] - 데이터 46건을 '/Users/woong/Roeum/roeum-crawler/data/raw/law/1352000/사회서비스 지원 및 사회서비스원 설립ㆍ운영에 관한 법률_chunks.jsonl' 파일로 성공적으로 저장했습니다.
2025-09-10 23:45:50,462 - INFO - [__main__] - 상세 페이지 스크레이퍼 완료: 사회서비스 지원 및 사회서비스원 설립ㆍ운영에 관한 법률
2025-09-10 23:45:51,725 - INFO - [__main__] - 상세 페이지 스크레이퍼 실행: https://www.law.go.kr/LSW/lsInfoP.do?lsiSeq=260589&efYd=20250821
2025-09-10 23:45:52,117 - INFO - [scripts.law.logic.scraper] - 페이지로 이동 중: https://www.law.go.kr/LSW/lsInfoP.do?lsiSeq=260589&efYd=20250821
2025-09-10 23:45:52,706 - INFO - [scripts.law.logic.scraper] - 로딩 마스크가 나타나기를 기다리는 중...
2025-09-10 23:45:52,726 - INFO - [scripts.law.logic.scraper] - 로딩 마스크가 사라지기를 기다리는 중...
2025-09-10 23:45:52,984 - INFO - [scripts.law.logic.scraper] - 페이지 최종 렌더링을 잠시 대기합니다...
2025-09-10 23:45:53,987 - INFO - [scripts.law.logic.scraper] - 페이지 HTML 컨텐츠를 가져오는 중...
2025-09-10 23:45:54,025 - INFO - [scripts.law.logic.scraper] - 데이터 파싱 중...
2025-09-10 23:45:54,151 - INFO - [scripts.law.logic.scraper] - 데이터 1건을 '/Users/woong/Roeum/roeum-crawler/data/raw/law/1352000/장기등 이식에 관한 법률_document.jsonl' 파일로 성공적으로 저장했습니다.
2025-09-10 23:45:54,152 - INFO - [scripts.law.logic.scraper] - 데이터 60건을 '/Users/woong/Roeum/roeum-crawler/data/raw/law/1352000/장기등 이식에 관한 법률_chunks.jsonl' 파일로 성공적으로 저장했습니다.
2025-09-10 23:45:54,172 - INFO - [__main__] - 상세 페이지 스크레이퍼 완료: 장기등 이식에 관한 법률
2025-09-10 23:45:55,381 - INFO - [__main__] - 상세 페이지 스크레이퍼 실행: https://www.law.go.kr/LSW/lsInfoP.do?lsiSeq=254059&efYd=20250817
2025-09-10 23:45:55,706 - INFO - [scripts.law.logic.scraper] - 페이지로 이동 중: https://www.law.go.kr/LSW/lsInfoP.do?lsiSeq=254059&efYd=20250817
2025-09-10 23:45:56,270 - INFO - [scripts.law.logic.scraper] - 로딩 마스크가 나타나기를 기다리는 중...
2025-09-10 23:45:56,288 - INFO - [scripts.law.logic.scraper] - 로딩 마스크가 사라지기를 기다리는 중...
2025-09-10 23:45:56,655 - INFO - [scripts.law.logic.scraper] - 페이지 최종 렌더링을 잠시 대기합니다...
2025-09-10 23:45:57,659 - INFO - [scripts.law.logic.scraper] - 페이지 HTML 컨텐츠를 가져오는 중...
2025-09-10 23:45:57,692 - INFO - [scripts.law.logic.scraper] - 데이터 파싱 중...
2025-09-10 23:45:57,796 - INFO - [scripts.law.logic.scraper] - 데이터 1건을 '/Users/woong/Roeum/roeum-crawler/data/raw/law/1352000/발달장애인 권리보장 및 지원에 관한 법률_document.jsonl' 파일로 성공적으로 저장했습니다.
2025-09-10 23:45:57,797 - INFO - [scripts.law.logic.scraper] - 데이터 48건을 '/Users/woong/Roeum/roeum-crawler/data/raw/law/1352000/발달장애인 권리보장 및 지원에 관한 법률_chunks.jsonl' 파일로 성공적으로 저장했습니다.
2025-09-10 23:45:57,817 - INFO - [__main__] - 상세 페이지 스크레이퍼 완료: 발달장애인 권리보장 및 지원에 관한 법률
2025-09-10 23:45:59,036 - INFO - [__main__] - 상세 페이지 스크레이퍼 실행: https://www.law.go.kr/LSW/lsInfoP.do?lsiSeq=271529&efYd=20250731
2025-09-10 23:45:59,399 - INFO - [scripts.law.logic.scraper] - 페이지로 이동 중: https://www.law.go.kr/LSW/lsInfoP.do?lsiSeq=271529&efYd=20250731
2025-09-10 23:46:00,014 - INFO - [scripts.law.logic.scraper] - 로딩 마스크가 나타나기를 기다리는 중...
2025-09-10 23:46:00,036 - INFO - [scripts.law.logic.scraper] - 로딩 마스크가 사라지기를 기다리는 중...
2025-09-10 23:46:00,502 - INFO - [scripts.law.logic.scraper] - 페이지 최종 렌더링을 잠시 대기합니다...
2025-09-10 23:46:01,504 - INFO - [scripts.law.logic.scraper] - 페이지 HTML 컨텐츠를 가져오는 중...
2025-09-10 23:46:01,571 - INFO - [scripts.law.logic.scraper] - 데이터 파싱 중...
2025-09-10 23:46:01,851 - INFO - [scripts.law.logic.scraper] - 데이터 1건을 '/Users/woong/Roeum/roeum-crawler/data/raw/law/1352000/감염병의 예방 및 관리에 관한 법률 시행규칙_document.jsonl' 파일로 성공적으로 저장했습니다.
2025-09-10 23:46:01,852 - INFO - [scripts.law.logic.scraper] - 데이터 84건을 '/Users/woong/Roeum/roeum-crawler/data/raw/law/1352000/감염병의 예방 및 관리에 관한 법률 시행규칙_chunks.jsonl' 파일로 성공적으로 저장했습니다.
2025-09-10 23:46:01,876 - INFO - [__main__] - 상세 페이지 스크레이퍼 완료: 감염병의 예방 및 관리에 관한 법률 시행규칙
2025-09-10 23:46:03,109 - INFO - [__main__] - 상세 페이지 스크레이퍼 실행: https://www.law.go.kr/LSW/lsInfoP.do?lsiSeq=271001&efYd=20250719
2025-09-10 23:46:03,489 - INFO - [scripts.law.logic.scraper] - 페이지로 이동 중: https://www.law.go.kr/LSW/lsInfoP.do?lsiSeq=271001&efYd=20250719
2025-09-10 23:46:04,098 - INFO - [scripts.law.logic.scraper] - 로딩 마스크가 나타나기를 기다리는 중...
2025-09-10 23:46:04,119 - INFO - [scripts.law.logic.scraper] - 로딩 마스크가 사라지기를 기다리는 중...
2025-09-10 23:46:04,200 - INFO - [scripts.law.logic.scraper] - 페이지 최종 렌더링을 잠시 대기합니다...
2025-09-10 23:46:05,202 - INFO - [scripts.law.logic.scraper] - 페이지 HTML 컨텐츠를 가져오는 중...
2025-09-10 23:46:05,221 - INFO - [scripts.law.logic.scraper] - 데이터 파싱 중...
2025-09-10 23:46:05,275 - INFO - [scripts.law.logic.scraper] - 데이터 1건을 '/Users/woong/Roeum/roeum-crawler/data/raw/law/1352000/농어촌주민의 보건복지 증진을 위한 특별법 시행령_document.jsonl' 파일로 성공적으로 저장했습니다.
2025-09-10 23:46:05,275 - INFO - [scripts.law.logic.scraper] - 데이터 9건을 '/Users/woong/Roeum/roeum-crawler/data/raw/law/1352000/농어촌주민의 보건복지 증진을 위한 특별법 시행령_chunks.jsonl' 파일로 성공적으로 저장했습니다.
2025-09-10 23:46:05,300 - INFO - [__main__] - 상세 페이지 스크레이퍼 완료: 농어촌주민의 보건복지 증진을 위한 특별법 시행령
2025-09-10 23:46:07,213 - INFO - [__main__] - 상세 페이지 스크레이퍼 실행: https://www.law.go.kr/LSW/lsInfoP.do?lsiSeq=272521&efYd=20250621
2025-09-10 23:46:08,588 - INFO - [scripts.law.logic.scraper] - 페이지로 이동 중: https://www.law.go.kr/LSW/lsInfoP.do?lsiSeq=272521&efYd=20250621
2025-09-10 23:46:09,375 - INFO - [scripts.law.logic.scraper] - 로딩 마스크가 나타나기를 기다리는 중...
2025-09-10 23:46:09,428 - INFO - [scripts.law.logic.scraper] - 로딩 마스크가 사라지기를 기다리는 중...
2025-09-10 23:46:09,933 - INFO - [scripts.law.logic.scraper] - 페이지 최종 렌더링을 잠시 대기합니다...
2025-09-10 23:46:11,001 - INFO - [scripts.law.logic.scraper] - 페이지 HTML 컨텐츠를 가져오는 중...
2025-09-10 23:46:11,041 - INFO - [scripts.law.logic.scraper] - 데이터 파싱 중...
2025-09-10 23:46:11,291 - INFO - [scripts.law.logic.scraper] - 데이터 1건을 '/Users/woong/Roeum/roeum-crawler/data/raw/law/1352000/정신건강증진 및 정신질환자 복지서비스 지원에 관한 법률 시행령_document.jsonl' 파일로 성공적으로 저장했습니다.
2025-09-10 23:46:11,293 - INFO - [scripts.law.logic.scraper] - 데이터 45건을 '/Users/woong/Roeum/roeum-crawler/data/raw/law/1352000/정신건강증진 및 정신질환자 복지서비스 지원에 관한 법률 시행령_chunks.jsonl' 파일로 성공적으로 저장했습니다.
2025-09-10 23:46:11,351 - INFO - [__main__] - 상세 페이지 스크레이퍼 완료: 정신건강증진 및 정신질환자 복지서비스 지원에 관한 법률 시행령
2025-09-10 23:46:12,576 - INFO - [__main__] - 상세 페이지 스크레이퍼 실행: https://www.law.go.kr/LSW/lsInfoP.do?lsiSeq=272453&efYd=20250621
2025-09-10 23:46:13,560 - INFO - [scripts.law.logic.scraper] - 페이지로 이동 중: https://www.law.go.kr/LSW/lsInfoP.do?lsiSeq=272453&efYd=20250621
2025-09-10 23:46:14,667 - INFO - [scripts.law.logic.scraper] - 로딩 마스크가 나타나기를 기다리는 중...
2025-09-10 23:46:24,691 - WARNING - [scripts.law.logic.scraper] - 로딩 마스크가 감지되지 않았습니다. 페이지 로드가 완료된 것으로 간주하고 계속 진행합니다.
2025-09-10 23:46:24,695 - INFO - [scripts.law.logic.scraper] - 페이지 최종 렌더링을 잠시 대기합니다...
2025-09-10 23:46:25,713 - INFO - [scripts.law.logic.scraper] - 페이지 HTML 컨텐츠를 가져오는 중...
2025-09-10 23:46:25,738 - INFO - [scripts.law.logic.scraper] - 데이터 파싱 중...
2025-09-10 23:46:25,858 - INFO - [scripts.law.logic.scraper] - 데이터 1건을 '/Users/woong/Roeum/roeum-crawler/data/raw/law/1352000/모자보건법 시행령_document.jsonl' 파일로 성공적으로 저장했습니다.
2025-09-10 23:46:25,858 - INFO - [scripts.law.logic.scraper] - 데이터 33건을 '/Users/woong/Roeum/roeum-crawler/data/raw/law/1352000/모자보건법 시행령_chunks.jsonl' 파일로 성공적으로 저장했습니다.
2025-09-10 23:46:25,908 - INFO - [__main__] - 상세 페이지 스크레이퍼 완료: 모자보건법 시행령
2025-09-10 23:46:27,176 - INFO - [__main__] - 상세 페이지 스크레이퍼 실행: https://www.law.go.kr/LSW/lsInfoP.do?lsiSeq=265461&efYd=20250621
2025-09-10 23:46:28,419 - INFO - [scripts.law.logic.scraper] - 페이지로 이동 중: https://www.law.go.kr/LSW/lsInfoP.do?lsiSeq=265461&efYd=20250621
2025-09-10 23:46:29,074 - INFO - [scripts.law.logic.scraper] - 로딩 마스크가 나타나기를 기다리는 중...
2025-09-10 23:46:29,135 - INFO - [scripts.law.logic.scraper] - 로딩 마스크가 사라지기를 기다리는 중...
2025-09-10 23:46:29,142 - INFO - [scripts.law.logic.scraper] - 페이지 최종 렌더링을 잠시 대기합니다...
2025-09-10 23:46:30,144 - INFO - [scripts.law.logic.scraper] - 페이지 HTML 컨텐츠를 가져오는 중...
2025-09-10 23:46:30,166 - INFO - [scripts.law.logic.scraper] - 데이터 파싱 중...
2025-09-10 23:46:30,222 - INFO - [scripts.law.logic.scraper] - 데이터 1건을 '/Users/woong/Roeum/roeum-crawler/data/raw/law/1352000/보건의료인력지원법_document.jsonl' 파일로 성공적으로 저장했습니다.
2025-09-10 23:46:30,222 - INFO - [scripts.law.logic.scraper] - 데이터 20건을 '/Users/woong/Roeum/roeum-crawler/data/raw/law/1352000/보건의료인력지원법_chunks.jsonl' 파일로 성공적으로 저장했습니다.
2025-09-10 23:46:30,247 - INFO - [__main__] - 상세 페이지 스크레이퍼 완료: 보건의료인력지원법
2025-09-10 23:46:31,451 - INFO - [__main__] - 상세 페이지 스크레이퍼 실행: https://www.law.go.kr/LSW/lsInfoP.do?lsiSeq=270949&efYd=20250604
2025-09-10 23:46:31,863 - INFO - [scripts.law.logic.scraper] - 페이지로 이동 중: https://www.law.go.kr/LSW/lsInfoP.do?lsiSeq=270949&efYd=20250604
2025-09-10 23:46:32,498 - INFO - [scripts.law.logic.scraper] - 로딩 마스크가 나타나기를 기다리는 중...
2025-09-10 23:46:32,519 - INFO - [scripts.law.logic.scraper] - 로딩 마스크가 사라지기를 기다리는 중...
2025-09-10 23:46:32,589 - INFO - [scripts.law.logic.scraper] - 페이지 최종 렌더링을 잠시 대기합니다...
2025-09-10 23:46:33,592 - INFO - [scripts.law.logic.scraper] - 페이지 HTML 컨텐츠를 가져오는 중...
2025-09-10 23:46:33,606 - INFO - [scripts.law.logic.scraper] - 데이터 파싱 중...
2025-09-10 23:46:33,713 - INFO - [scripts.law.logic.scraper] - 데이터 1건을 '/Users/woong/Roeum/roeum-crawler/data/raw/law/1352000/희귀질환관리법 시행령_document.jsonl' 파일로 성공적으로 저장했습니다.
2025-09-10 23:46:33,714 - INFO - [scripts.law.logic.scraper] - 데이터 15건을 '/Users/woong/Roeum/roeum-crawler/data/raw/law/1352000/희귀질환관리법 시행령_chunks.jsonl' 파일로 성공적으로 저장했습니다.
2025-09-10 23:46:33,742 - INFO - [__main__] - 상세 페이지 스크레이퍼 완료: 희귀질환관리법 시행령
2025-09-10 23:46:34,958 - INFO - [__main__] - 상세 페이지 스크레이퍼 실행: https://www.law.go.kr/LSW/lsInfoP.do?lsiSeq=270605&efYd=20250404
2025-09-10 23:46:35,325 - INFO - [scripts.law.logic.scraper] - 페이지로 이동 중: https://www.law.go.kr/LSW/lsInfoP.do?lsiSeq=270605&efYd=20250404
2025-09-10 23:46:35,982 - INFO - [scripts.law.logic.scraper] - 로딩 마스크가 나타나기를 기다리는 중...
2025-09-10 23:46:36,012 - INFO - [scripts.law.logic.scraper] - 로딩 마스크가 사라지기를 기다리는 중...
2025-09-10 23:46:36,813 - INFO - [scripts.law.logic.scraper] - 페이지 최종 렌더링을 잠시 대기합니다...
2025-09-10 23:46:37,836 - INFO - [scripts.law.logic.scraper] - 페이지 HTML 컨텐츠를 가져오는 중...
2025-09-10 23:46:37,925 - INFO - [scripts.law.logic.scraper] - 데이터 파싱 중...
2025-09-10 23:46:38,089 - INFO - [scripts.law.logic.scraper] - 데이터 1건을 '/Users/woong/Roeum/roeum-crawler/data/raw/law/1352000/공중보건장학을 위한 특례법 시행규칙_document.jsonl' 파일로 성공적으로 저장했습니다.
2025-09-10 23:46:38,091 - INFO - [scripts.law.logic.scraper] - 데이터 9건을 '/Users/woong/Roeum/roeum-crawler/data/raw/law/1352000/공중보건장학을 위한 특례법 시행규칙_chunks.jsonl' 파일로 성공적으로 저장했습니다.
2025-09-10 23:46:38,159 - INFO - [__main__] - 상세 페이지 스크레이퍼 완료: 공중보건장학을 위한 특례법 시행규칙
2025-09-10 23:46:40,215 - INFO - [__main__] - 상세 페이지 스크레이퍼 실행: https://www.law.go.kr/LSW/lsInfoP.do?lsiSeq=265327&efYd=20250321
2025-09-10 23:46:41,520 - INFO - [scripts.law.logic.scraper] - 페이지로 이동 중: https://www.law.go.kr/LSW/lsInfoP.do?lsiSeq=265327&efYd=20250321
2025-09-10 23:46:42,357 - INFO - [scripts.law.logic.scraper] - 로딩 마스크가 나타나기를 기다리는 중...
2025-09-10 23:46:52,412 - WARNING - [scripts.law.logic.scraper] - 로딩 마스크가 감지되지 않았습니다. 페이지 로드가 완료된 것으로 간주하고 계속 진행합니다.
2025-09-10 23:46:52,414 - INFO - [scripts.law.logic.scraper] - 페이지 최종 렌더링을 잠시 대기합니다...
2025-09-10 23:46:53,439 - INFO - [scripts.law.logic.scraper] - 페이지 HTML 컨텐츠를 가져오는 중...
2025-09-10 23:46:53,479 - INFO - [scripts.law.logic.scraper] - 데이터 파싱 중...
2025-09-10 23:46:54,124 - INFO - [scripts.law.logic.scraper] - 데이터 1건을 '/Users/woong/Roeum/roeum-crawler/data/raw/law/1352000/농어촌 등 보건의료를 위한 특별조치법_document.jsonl' 파일로 성공적으로 저장했습니다.
2025-09-10 23:46:54,125 - INFO - [scripts.law.logic.scraper] - 데이터 34건을 '/Users/woong/Roeum/roeum-crawler/data/raw/law/1352000/농어촌 등 보건의료를 위한 특별조치법_chunks.jsonl' 파일로 성공적으로 저장했습니다.
2025-09-10 23:46:54,227 - INFO - [__main__] - 상세 페이지 스크레이퍼 완료: 농어촌 등 보건의료를 위한 특별조치법
2025-09-10 23:46:56,069 - INFO - [__main__] - 상세 페이지 스크레이퍼 실행: https://www.law.go.kr/LSW/lsInfoP.do?lsiSeq=269833&efYd=20250311
2025-09-10 23:46:56,881 - INFO - [scripts.law.logic.scraper] - 페이지로 이동 중: https://www.law.go.kr/LSW/lsInfoP.do?lsiSeq=269833&efYd=20250311
2025-09-10 23:46:57,622 - INFO - [scripts.law.logic.scraper] - 로딩 마스크가 나타나기를 기다리는 중...
2025-09-10 23:47:07,636 - WARNING - [scripts.law.logic.scraper] - 로딩 마스크가 감지되지 않았습니다. 페이지 로드가 완료된 것으로 간주하고 계속 진행합니다.
2025-09-10 23:47:07,636 - INFO - [scripts.law.logic.scraper] - 페이지 최종 렌더링을 잠시 대기합니다...
2025-09-10 23:47:08,641 - INFO - [scripts.law.logic.scraper] - 페이지 HTML 컨텐츠를 가져오는 중...
2025-09-10 23:47:08,664 - INFO - [scripts.law.logic.scraper] - 데이터 파싱 중...
2025-09-10 23:47:08,777 - INFO - [scripts.law.logic.scraper] - 데이터 1건을 '/Users/woong/Roeum/roeum-crawler/data/raw/law/1352000/국민영양관리법 시행규칙_document.jsonl' 파일로 성공적으로 저장했습니다.
2025-09-10 23:47:08,778 - INFO - [scripts.law.logic.scraper] - 데이터 35건을 '/Users/woong/Roeum/roeum-crawler/data/raw/law/1352000/국민영양관리법 시행규칙_chunks.jsonl' 파일로 성공적으로 저장했습니다.
2025-09-10 23:47:08,827 - INFO - [__main__] - 상세 페이지 스크레이퍼 완료: 국민영양관리법 시행규칙
2025-09-10 23:47:10,126 - INFO - [__main__] - 상세 페이지 스크레이퍼 실행: https://www.law.go.kr/LSW/lsInfoP.do?lsiSeq=268323&efYd=20250124
2025-09-10 23:47:10,642 - INFO - [scripts.law.logic.scraper] - 페이지로 이동 중: https://www.law.go.kr/LSW/lsInfoP.do?lsiSeq=268323&efYd=20250124
2025-09-10 23:47:11,315 - INFO - [scripts.law.logic.scraper] - 로딩 마스크가 나타나기를 기다리는 중...
2025-09-10 23:47:11,356 - INFO - [scripts.law.logic.scraper] - 로딩 마스크가 사라지기를 기다리는 중...
2025-09-10 23:47:11,560 - INFO - [scripts.law.logic.scraper] - 페이지 최종 렌더링을 잠시 대기합니다...
2025-09-10 23:47:12,566 - INFO - [scripts.law.logic.scraper] - 페이지 HTML 컨텐츠를 가져오는 중...
2025-09-10 23:47:12,607 - INFO - [scripts.law.logic.scraper] - 데이터 파싱 중...
2025-09-10 23:47:12,771 - INFO - [scripts.law.logic.scraper] - 데이터 1건을 '/Users/woong/Roeum/roeum-crawler/data/raw/law/1352000/장사 등에 관한 법률 시행령_document.jsonl' 파일로 성공적으로 저장했습니다.
2025-09-10 23:47:12,772 - INFO - [scripts.law.logic.scraper] - 데이터 50건을 '/Users/woong/Roeum/roeum-crawler/data/raw/law/1352000/장사 등에 관한 법률 시행령_chunks.jsonl' 파일로 성공적으로 저장했습니다.
2025-09-10 23:47:12,823 - INFO - [__main__] - 상세 페이지 스크레이퍼 완료: 장사 등에 관한 법률 시행령
2025-09-10 23:47:14,164 - INFO - [__main__] - 상세 페이지 스크레이퍼 실행: https://www.law.go.kr/LSW/lsInfoP.do?lsiSeq=267745&efYd=20241227
2025-09-10 23:47:15,159 - INFO - [scripts.law.logic.scraper] - 페이지로 이동 중: https://www.law.go.kr/LSW/lsInfoP.do?lsiSeq=267745&efYd=20241227
2025-09-10 23:47:15,809 - INFO - [scripts.law.logic.scraper] - 로딩 마스크가 나타나기를 기다리는 중...
2025-09-10 23:47:15,836 - INFO - [scripts.law.logic.scraper] - 로딩 마스크가 사라지기를 기다리는 중...
2025-09-10 23:47:16,638 - INFO - [scripts.law.logic.scraper] - 페이지 최종 렌더링을 잠시 대기합니다...
2025-09-10 23:47:17,642 - INFO - [scripts.law.logic.scraper] - 페이지 HTML 컨텐츠를 가져오는 중...
2025-09-10 23:47:17,675 - INFO - [scripts.law.logic.scraper] - 데이터 파싱 중...
2025-09-10 23:47:17,804 - INFO - [scripts.law.logic.scraper] - 데이터 1건을 '/Users/woong/Roeum/roeum-crawler/data/raw/law/1352000/특수의료장비의 설치 및 운영에 관한 규칙_document.jsonl' 파일로 성공적으로 저장했습니다.
2025-09-10 23:47:17,805 - INFO - [scripts.law.logic.scraper] - 데이터 13건을 '/Users/woong/Roeum/roeum-crawler/data/raw/law/1352000/특수의료장비의 설치 및 운영에 관한 규칙_chunks.jsonl' 파일로 성공적으로 저장했습니다.
2025-09-10 23:47:17,851 - INFO - [__main__] - 상세 페이지 스크레이퍼 완료: 특수의료장비의 설치 및 운영에 관한 규칙
2025-09-10 23:47:19,168 - INFO - [__main__] - 상세 페이지 스크레이퍼 실행: https://www.law.go.kr/LSW/lsInfoP.do?lsiSeq=266291&efYd=20241107
2025-09-10 23:47:19,686 - INFO - [scripts.law.logic.scraper] - 페이지로 이동 중: https://www.law.go.kr/LSW/lsInfoP.do?lsiSeq=266291&efYd=20241107
2025-09-10 23:47:20,332 - INFO - [scripts.law.logic.scraper] - 로딩 마스크가 나타나기를 기다리는 중...
2025-09-10 23:47:20,364 - INFO - [scripts.law.logic.scraper] - 로딩 마스크가 사라지기를 기다리는 중...
2025-09-10 23:47:20,397 - INFO - [scripts.law.logic.scraper] - 페이지 최종 렌더링을 잠시 대기합니다...
2025-09-10 23:47:21,402 - INFO - [scripts.law.logic.scraper] - 페이지 HTML 컨텐츠를 가져오는 중...
2025-09-10 23:47:21,426 - INFO - [scripts.law.logic.scraper] - 데이터 파싱 중...
2025-09-10 23:47:21,512 - INFO - [scripts.law.logic.scraper] - 데이터 1건을 '/Users/woong/Roeum/roeum-crawler/data/raw/law/1352000/상급종합병원의 지정 및 평가에 관한 규칙_document.jsonl' 파일로 성공적으로 저장했습니다.
2025-09-10 23:47:21,513 - INFO - [scripts.law.logic.scraper] - 데이터 7건을 '/Users/woong/Roeum/roeum-crawler/data/raw/law/1352000/상급종합병원의 지정 및 평가에 관한 규칙_chunks.jsonl' 파일로 성공적으로 저장했습니다.
2025-09-10 23:47:21,577 - INFO - [__main__] - 상세 페이지 스크레이퍼 완료: 상급종합병원의 지정 및 평가에 관한 규칙
2025-09-10 23:47:22,886 - INFO - [__main__] - 상세 페이지 스크레이퍼 실행: https://www.law.go.kr/LSW/lsInfoP.do?lsiSeq=266255&efYd=20241101
2025-09-10 23:47:23,344 - INFO - [scripts.law.logic.scraper] - 페이지로 이동 중: https://www.law.go.kr/LSW/lsInfoP.do?lsiSeq=266255&efYd=20241101
2025-09-10 23:47:24,013 - INFO - [scripts.law.logic.scraper] - 로딩 마스크가 나타나기를 기다리는 중...
2025-09-10 23:47:24,042 - INFO - [scripts.law.logic.scraper] - 로딩 마스크가 사라지기를 기다리는 중...
2025-09-10 23:47:24,128 - INFO - [scripts.law.logic.scraper] - 페이지 최종 렌더링을 잠시 대기합니다...
2025-09-10 23:47:25,133 - INFO - [scripts.law.logic.scraper] - 페이지 HTML 컨텐츠를 가져오는 중...
2025-09-10 23:47:25,151 - INFO - [scripts.law.logic.scraper] - 데이터 파싱 중...
2025-09-10 23:47:25,233 - INFO - [scripts.law.logic.scraper] - 데이터 1건을 '/Users/woong/Roeum/roeum-crawler/data/raw/law/1352000/노인 일자리 및 사회활동 지원에 관한 법률 시행규칙_document.jsonl' 파일로 성공적으로 저장했습니다.
2025-09-10 23:47:25,234 - INFO - [scripts.law.logic.scraper] - 데이터 14건을 '/Users/woong/Roeum/roeum-crawler/data/raw/law/1352000/노인 일자리 및 사회활동 지원에 관한 법률 시행규칙_chunks.jsonl' 파일로 성공적으로 저장했습니다.
2025-09-10 23:47:25,276 - INFO - [__main__] - 상세 페이지 스크레이퍼 완료: 노인 일자리 및 사회활동 지원에 관한 법률 시행규칙
2025-09-10 23:47:26,673 - INFO - [__main__] - 상세 페이지 스크레이퍼 실행: https://www.law.go.kr/LSW/lsInfoP.do?lsiSeq=265045&efYd=20240830
2025-09-10 23:47:27,150 - INFO - [scripts.law.logic.scraper] - 페이지로 이동 중: https://www.law.go.kr/LSW/lsInfoP.do?lsiSeq=265045&efYd=20240830
2025-09-10 23:47:27,870 - INFO - [scripts.law.logic.scraper] - 로딩 마스크가 나타나기를 기다리는 중...
2025-09-10 23:47:27,898 - INFO - [scripts.law.logic.scraper] - 로딩 마스크가 사라지기를 기다리는 중...
2025-09-10 23:47:27,989 - INFO - [scripts.law.logic.scraper] - 페이지 최종 렌더링을 잠시 대기합니다...
2025-09-10 23:47:28,993 - INFO - [scripts.law.logic.scraper] - 페이지 HTML 컨텐츠를 가져오는 중...
2025-09-10 23:47:29,013 - INFO - [scripts.law.logic.scraper] - 데이터 파싱 중...
2025-09-10 23:47:29,090 - INFO - [scripts.law.logic.scraper] - 데이터 1건을 '/Users/woong/Roeum/roeum-crawler/data/raw/law/1352000/전문의의 수련 및 자격 인정 등에 관한 규정_document.jsonl' 파일로 성공적으로 저장했습니다.
2025-09-10 23:47:29,091 - INFO - [scripts.law.logic.scraper] - 데이터 21건을 '/Users/woong/Roeum/roeum-crawler/data/raw/law/1352000/전문의의 수련 및 자격 인정 등에 관한 규정_chunks.jsonl' 파일로 성공적으로 저장했습니다.
2025-09-10 23:47:29,133 - INFO - [__main__] - 상세 페이지 스크레이퍼 완료: 전문의의 수련 및 자격 인정 등에 관한 규정
2025-09-10 23:47:30,416 - INFO - [__main__] - 상세 페이지 스크레이퍼 실행: https://www.law.go.kr/LSW/lsInfoP.do?lsiSeq=263169&efYd=20240719
2025-09-10 23:47:30,893 - INFO - [scripts.law.logic.scraper] - 페이지로 이동 중: https://www.law.go.kr/LSW/lsInfoP.do?lsiSeq=263169&efYd=20240719
2025-09-10 23:47:31,628 - INFO - [scripts.law.logic.scraper] - 로딩 마스크가 나타나기를 기다리는 중...
2025-09-10 23:47:31,665 - INFO - [scripts.law.logic.scraper] - 로딩 마스크가 사라지기를 기다리는 중...
2025-09-10 23:47:31,713 - INFO - [scripts.law.logic.scraper] - 페이지 최종 렌더링을 잠시 대기합니다...
2025-09-10 23:47:32,716 - INFO - [scripts.law.logic.scraper] - 페이지 HTML 컨텐츠를 가져오는 중...
2025-09-10 23:47:32,742 - INFO - [scripts.law.logic.scraper] - 데이터 파싱 중...
2025-09-10 23:47:32,825 - INFO - [scripts.law.logic.scraper] - 데이터 1건을 '/Users/woong/Roeum/roeum-crawler/data/raw/law/1352000/위기 임신 및 보호출산 지원과 아동 보호에 관한 특별법 시행령_document.jsonl' 파일로 성공적으로 저장했습니다.
2025-09-10 23:47:32,826 - INFO - [scripts.law.logic.scraper] - 데이터 11건을 '/Users/woong/Roeum/roeum-crawler/data/raw/law/1352000/위기 임신 및 보호출산 지원과 아동 보호에 관한 특별법 시행령_chunks.jsonl' 파일로 성공적으로 저장했습니다.
2025-09-10 23:47:32,907 - INFO - [__main__] - 상세 페이지 스크레이퍼 완료: 위기 임신 및 보호출산 지원과 아동 보호에 관한 특별법 시행령
2025-09-10 23:47:34,688 - INFO - [__main__] - 상세 페이지 스크레이퍼 실행: https://www.law.go.kr/LSW/lsInfoP.do?lsiSeq=257757&efYd=20240703
2025-09-10 23:47:35,670 - INFO - [scripts.law.logic.scraper] - 페이지로 이동 중: https://www.law.go.kr/LSW/lsInfoP.do?lsiSeq=257757&efYd=20240703
2025-09-10 23:47:36,578 - INFO - [scripts.law.logic.scraper] - 로딩 마스크가 나타나기를 기다리는 중...
2025-09-10 23:47:36,770 - INFO - [scripts.law.logic.scraper] - 로딩 마스크가 사라지기를 기다리는 중...
2025-09-10 23:47:36,909 - INFO - [scripts.law.logic.scraper] - 페이지 최종 렌더링을 잠시 대기합니다...
2025-09-10 23:47:37,974 - INFO - [scripts.law.logic.scraper] - 페이지 HTML 컨텐츠를 가져오는 중...
2025-09-10 23:47:38,054 - INFO - [scripts.law.logic.scraper] - 데이터 파싱 중...
2025-09-10 23:47:38,608 - INFO - [scripts.law.logic.scraper] - 데이터 1건을 '/Users/woong/Roeum/roeum-crawler/data/raw/law/1352000/국민영양관리법_document.jsonl' 파일로 성공적으로 저장했습니다.
2025-09-10 23:47:38,611 - INFO - [scripts.law.logic.scraper] - 데이터 32건을 '/Users/woong/Roeum/roeum-crawler/data/raw/law/1352000/국민영양관리법_chunks.jsonl' 파일로 성공적으로 저장했습니다.
2025-09-10 23:47:38,763 - INFO - [__main__] - 상세 페이지 스크레이퍼 완료: 국민영양관리법
2025-09-10 23:47:41,455 - INFO - [__main__] - 상세 페이지 스크레이퍼 실행: https://www.law.go.kr/LSW/lsInfoP.do?lsiSeq=242991&efYd=20230611
2025-09-10 23:47:42,626 - INFO - [scripts.law.logic.scraper] - 페이지로 이동 중: https://www.law.go.kr/LSW/lsInfoP.do?lsiSeq=242991&efYd=20230611
2025-09-10 23:47:43,493 - INFO - [scripts.law.logic.scraper] - 로딩 마스크가 나타나기를 기다리는 중...
2025-09-10 23:47:53,552 - WARNING - [scripts.law.logic.scraper] - 로딩 마스크가 감지되지 않았습니다. 페이지 로드가 완료된 것으로 간주하고 계속 진행합니다.
2025-09-10 23:47:53,553 - INFO - [scripts.law.logic.scraper] - 페이지 최종 렌더링을 잠시 대기합니다...
2025-09-10 23:47:54,559 - INFO - [scripts.law.logic.scraper] - 페이지 HTML 컨텐츠를 가져오는 중...
2025-09-10 23:47:54,602 - INFO - [scripts.law.logic.scraper] - 데이터 파싱 중...
2025-09-10 23:47:55,072 - INFO - [scripts.law.logic.scraper] - 데이터 1건을 '/Users/woong/Roeum/roeum-crawler/data/raw/law/1352000/공공보건의료에 관한 법률_document.jsonl' 파일로 성공적으로 저장했습니다.
2025-09-10 23:47:55,074 - INFO - [scripts.law.logic.scraper] - 데이터 27건을 '/Users/woong/Roeum/roeum-crawler/data/raw/law/1352000/공공보건의료에 관한 법률_chunks.jsonl' 파일로 성공적으로 저장했습니다.
2025-09-10 23:47:55,181 - INFO - [__main__] - 상세 페이지 스크레이퍼 완료: 공공보건의료에 관한 법률
2025-09-10 23:47:56,946 - INFO - [__main__] - 상세 페이지 스크레이퍼 실행: https://www.law.go.kr/LSW/lsInfoP.do?lsiSeq=249735&efYd=20230605
2025-09-10 23:47:57,889 - INFO - [scripts.law.logic.scraper] - 페이지로 이동 중: https://www.law.go.kr/LSW/lsInfoP.do?lsiSeq=249735&efYd=20230605
2025-09-10 23:47:58,711 - INFO - [scripts.law.logic.scraper] - 로딩 마스크가 나타나기를 기다리는 중...
2025-09-10 23:48:08,727 - WARNING - [scripts.law.logic.scraper] - 로딩 마스크가 감지되지 않았습니다. 페이지 로드가 완료된 것으로 간주하고 계속 진행합니다.
2025-09-10 23:48:08,729 - INFO - [scripts.law.logic.scraper] - 페이지 최종 렌더링을 잠시 대기합니다...
2025-09-10 23:48:09,739 - INFO - [scripts.law.logic.scraper] - 페이지 HTML 컨텐츠를 가져오는 중...
2025-09-10 23:48:09,753 - INFO - [scripts.law.logic.scraper] - 데이터 파싱 중...
2025-09-10 23:48:09,797 - INFO - [scripts.law.logic.scraper] - 데이터 1건을 '/Users/woong/Roeum/roeum-crawler/data/raw/law/1352000/공공보건의료에 관한 법률 시행령_document.jsonl' 파일로 성공적으로 저장했습니다.
2025-09-10 23:48:09,797 - INFO - [scripts.law.logic.scraper] - 데이터 12건을 '/Users/woong/Roeum/roeum-crawler/data/raw/law/1352000/공공보건의료에 관한 법률 시행령_chunks.jsonl' 파일로 성공적으로 저장했습니다.
2025-09-10 23:48:09,840 - INFO - [__main__] - 상세 페이지 스크레이퍼 완료: 공공보건의료에 관한 법률 시행령
2025-09-10 23:48:11,107 - INFO - [__main__] - 상세 페이지 스크레이퍼 실행: https://www.law.go.kr/LSW/lsInfoP.do?lsiSeq=225395&efYd=20201228
2025-09-10 23:48:11,553 - INFO - [scripts.law.logic.scraper] - 페이지로 이동 중: https://www.law.go.kr/LSW/lsInfoP.do?lsiSeq=225395&efYd=20201228
2025-09-10 23:48:12,217 - INFO - [scripts.law.logic.scraper] - 로딩 마스크가 나타나기를 기다리는 중...
2025-09-10 23:48:22,231 - WARNING - [scripts.law.logic.scraper] - 로딩 마스크가 감지되지 않았습니다. 페이지 로드가 완료된 것으로 간주하고 계속 진행합니다.
2025-09-10 23:48:22,232 - INFO - [scripts.law.logic.scraper] - 페이지 최종 렌더링을 잠시 대기합니다...
2025-09-10 23:48:23,245 - INFO - [scripts.law.logic.scraper] - 페이지 HTML 컨텐츠를 가져오는 중...
2025-09-10 23:48:23,278 - INFO - [scripts.law.logic.scraper] - 데이터 파싱 중...
2025-09-10 23:48:23,347 - INFO - [scripts.law.logic.scraper] - 데이터 1건을 '/Users/woong/Roeum/roeum-crawler/data/raw/law/1352000/보건복지부 및 질병관리청 소관 비영리법인의 설립 및 감독에 관한 규칙_document.jsonl' 파일로 성공적으로 저장했습니다.
2025-09-10 23:48:23,348 - INFO - [scripts.law.logic.scraper] - 데이터 12건을 '/Users/woong/Roeum/roeum-crawler/data/raw/law/1352000/보건복지부 및 질병관리청 소관 비영리법인의 설립 및 감독에 관한 규칙_chunks.jsonl' 파일로 성공적으로 저장했습니다.
2025-09-10 23:48:23,408 - INFO - [__main__] - 상세 페이지 스크레이퍼 완료: 보건복지부 및 질병관리청 소관 비영리법인의 설립 및 감독에 관한 규칙
2025-09-10 23:48:24,699 - INFO - [__main__] - 상세 페이지 스크레이퍼 실행: https://www.law.go.kr/LSW/lsInfoP.do?lsiSeq=209635&efYd=20190702
2025-09-10 23:48:25,180 - INFO - [scripts.law.logic.scraper] - 페이지로 이동 중: https://www.law.go.kr/LSW/lsInfoP.do?lsiSeq=209635&efYd=20190702
2025-09-10 23:48:25,922 - INFO - [scripts.law.logic.scraper] - 로딩 마스크가 나타나기를 기다리는 중...
2025-09-10 23:48:35,936 - WARNING - [scripts.law.logic.scraper] - 로딩 마스크가 감지되지 않았습니다. 페이지 로드가 완료된 것으로 간주하고 계속 진행합니다.
2025-09-10 23:48:35,937 - INFO - [scripts.law.logic.scraper] - 페이지 최종 렌더링을 잠시 대기합니다...
2025-09-10 23:48:36,942 - INFO - [scripts.law.logic.scraper] - 페이지 HTML 컨텐츠를 가져오는 중...
2025-09-10 23:48:36,970 - INFO - [scripts.law.logic.scraper] - 데이터 파싱 중...
2025-09-10 23:48:37,019 - INFO - [scripts.law.logic.scraper] - 데이터 1건을 '/Users/woong/Roeum/roeum-crawler/data/raw/law/1352000/국립중앙의료원의 설립 및 운영에 관한 법률 시행령_document.jsonl' 파일로 성공적으로 저장했습니다.
2025-09-10 23:48:37,020 - INFO - [scripts.law.logic.scraper] - 데이터 12건을 '/Users/woong/Roeum/roeum-crawler/data/raw/law/1352000/국립중앙의료원의 설립 및 운영에 관한 법률 시행령_chunks.jsonl' 파일로 성공적으로 저장했습니다.
2025-09-10 23:48:37,085 - INFO - [__main__] - 상세 페이지 스크레이퍼 완료: 국립중앙의료원의 설립 및 운영에 관한 법률 시행령
2025-09-10 23:48:38,519 - INFO - [__main__] - 상세 페이지 스크레이퍼 실행: https://www.law.go.kr/LSW/lsInfoP.do?lsiSeq=209795&efYd=20190702
2025-09-10 23:48:39,418 - INFO - [scripts.law.logic.scraper] - 페이지로 이동 중: https://www.law.go.kr/LSW/lsInfoP.do?lsiSeq=209795&efYd=20190702
2025-09-10 23:48:40,192 - INFO - [scripts.law.logic.scraper] - 로딩 마스크가 나타나기를 기다리는 중...
2025-09-10 23:48:50,212 - WARNING - [scripts.law.logic.scraper] - 로딩 마스크가 감지되지 않았습니다. 페이지 로드가 완료된 것으로 간주하고 계속 진행합니다.
2025-09-10 23:48:50,213 - INFO - [scripts.law.logic.scraper] - 페이지 최종 렌더링을 잠시 대기합니다...
2025-09-10 23:48:51,322 - INFO - [scripts.law.logic.scraper] - 페이지 HTML 컨텐츠를 가져오는 중...
2025-09-10 23:48:51,369 - INFO - [scripts.law.logic.scraper] - 데이터 파싱 중...
2025-09-10 23:48:51,471 - INFO - [scripts.law.logic.scraper] - 데이터 1건을 '/Users/woong/Roeum/roeum-crawler/data/raw/law/1352000/한국보건산업진흥원법 시행령_document.jsonl' 파일로 성공적으로 저장했습니다.
2025-09-10 23:48:51,472 - INFO - [scripts.law.logic.scraper] - 데이터 7건을 '/Users/woong/Roeum/roeum-crawler/data/raw/law/1352000/한국보건산업진흥원법 시행령_chunks.jsonl' 파일로 성공적으로 저장했습니다.
2025-09-10 23:48:51,534 - INFO - [__main__] - 상세 페이지 스크레이퍼 완료: 한국보건산업진흥원법 시행령
2025-09-10 23:48:53,010 - INFO - [__main__] - 상세 페이지 스크레이퍼 실행: https://www.law.go.kr/LSW/lsInfoP.do?lsiSeq=150615&efYd=20140131
2025-09-10 23:48:53,970 - INFO - [scripts.law.logic.scraper] - 페이지로 이동 중: https://www.law.go.kr/LSW/lsInfoP.do?lsiSeq=150615&efYd=20140131
2025-09-10 23:48:54,848 - INFO - [scripts.law.logic.scraper] - 로딩 마스크가 나타나기를 기다리는 중...
2025-09-10 23:49:05,294 - WARNING - [scripts.law.logic.scraper] - 로딩 마스크가 감지되지 않았습니다. 페이지 로드가 완료된 것으로 간주하고 계속 진행합니다.
2025-09-10 23:49:05,298 - INFO - [scripts.law.logic.scraper] - 페이지 최종 렌더링을 잠시 대기합니다...
2025-09-10 23:49:06,369 - INFO - [scripts.law.logic.scraper] - 페이지 HTML 컨텐츠를 가져오는 중...
2025-09-10 23:49:06,458 - INFO - [scripts.law.logic.scraper] - 데이터 파싱 중...
2025-09-10 23:49:06,661 - INFO - [scripts.law.logic.scraper] - 데이터 1건을 '/Users/woong/Roeum/roeum-crawler/data/raw/law/1352000/천연물신약 연구개발 촉진법 시행령_document.jsonl' 파일로 성공적으로 저장했습니다.
2025-09-10 23:49:06,662 - INFO - [scripts.law.logic.scraper] - 데이터 4건을 '/Users/woong/Roeum/roeum-crawler/data/raw/law/1352000/천연물신약 연구개발 촉진법 시행령_chunks.jsonl' 파일로 성공적으로 저장했습니다.
2025-09-10 23:49:06,815 - INFO - [__main__] - 상세 페이지 스크레이퍼 완료: 천연물신약 연구개발 촉진법 시행령
2025-09-10 23:49:09,112 - INFO - [__main__] - 상세 페이지 스크레이퍼 실행: https://www.law.go.kr/LSW/lsInfoP.do?lsiSeq=119420&efYd=20111213
2025-09-10 23:49:10,451 - INFO - [scripts.law.logic.scraper] - 페이지로 이동 중: https://www.law.go.kr/LSW/lsInfoP.do?lsiSeq=119420&efYd=20111213
2025-09-10 23:49:11,332 - INFO - [scripts.law.logic.scraper] - 로딩 마스크가 나타나기를 기다리는 중...
2025-09-10 23:49:21,392 - WARNING - [scripts.law.logic.scraper] - 로딩 마스크가 감지되지 않았습니다. 페이지 로드가 완료된 것으로 간주하고 계속 진행합니다.
2025-09-10 23:49:21,392 - INFO - [scripts.law.logic.scraper] - 페이지 최종 렌더링을 잠시 대기합니다...
2025-09-10 23:49:22,396 - INFO - [scripts.law.logic.scraper] - 페이지 HTML 컨텐츠를 가져오는 중...
2025-09-10 23:49:22,411 - INFO - [scripts.law.logic.scraper] - 데이터 파싱 중...
2025-09-10 23:49:22,439 - INFO - [scripts.law.logic.scraper] - 데이터 1건을 '/Users/woong/Roeum/roeum-crawler/data/raw/law/1352000/대한노인회 지원에 관한 법률 시행령_document.jsonl' 파일로 성공적으로 저장했습니다.
2025-09-10 23:49:22,440 - INFO - [scripts.law.logic.scraper] - 데이터 2건을 '/Users/woong/Roeum/roeum-crawler/data/raw/law/1352000/대한노인회 지원에 관한 법률 시행령_chunks.jsonl' 파일로 성공적으로 저장했습니다.
2025-09-10 23:49:22,477 - INFO - [__main__] - 상세 페이지 스크레이퍼 완료: 대한노인회 지원에 관한 법률 시행령
2025-09-10 23:49:23,744 - INFO - [__main__] - 상세 페이지 스크레이퍼 실행: https://www.law.go.kr/LSW/lsInfoP.do?lsiSeq=270393&efYd=20251002
2025-09-10 23:49:24,136 - INFO - [scripts.law.logic.scraper] - 페이지로 이동 중: https://www.law.go.kr/LSW/lsInfoP.do?lsiSeq=270393&efYd=20251002
2025-09-10 23:49:24,755 - INFO - [scripts.law.logic.scraper] - 로딩 마스크가 나타나기를 기다리는 중...
2025-09-10 23:49:24,774 - INFO - [scripts.law.logic.scraper] - 로딩 마스크가 사라지기를 기다리는 중...
2025-09-10 23:49:25,009 - INFO - [scripts.law.logic.scraper] - 페이지 최종 렌더링을 잠시 대기합니다...
2025-09-10 23:49:26,011 - INFO - [scripts.law.logic.scraper] - 페이지 HTML 컨텐츠를 가져오는 중...
2025-09-10 23:49:26,025 - INFO - [scripts.law.logic.scraper] - 데이터 파싱 중...
2025-09-10 23:49:26,095 - INFO - [scripts.law.logic.scraper] - 데이터 1건을 '/Users/woong/Roeum/roeum-crawler/data/raw/law/1352000/농어촌주민의 보건복지 증진을 위한 특별법_document.jsonl' 파일로 성공적으로 저장했습니다.
2025-09-10 23:49:26,096 - INFO - [scripts.law.logic.scraper] - 데이터 33건을 '/Users/woong/Roeum/roeum-crawler/data/raw/law/1352000/농어촌주민의 보건복지 증진을 위한 특별법_chunks.jsonl' 파일로 성공적으로 저장했습니다.
2025-09-10 23:49:26,120 - INFO - [__main__] - 상세 페이지 스크레이퍼 완료: 농어촌주민의 보건복지 증진을 위한 특별법
2025-09-10 23:49:27,338 - INFO - [__main__] - 상세 페이지 스크레이퍼 실행: https://www.law.go.kr/LSW/lsInfoP.do?lsiSeq=269961&efYd=20250919
2025-09-10 23:49:28,245 - INFO - [scripts.law.logic.scraper] - 페이지로 이동 중: https://www.law.go.kr/LSW/lsInfoP.do?lsiSeq=269961&efYd=20250919
2025-09-10 23:49:28,901 - INFO - [scripts.law.logic.scraper] - 로딩 마스크가 나타나기를 기다리는 중...
2025-09-10 23:49:28,922 - INFO - [scripts.law.logic.scraper] - 로딩 마스크가 사라지기를 기다리는 중...
2025-09-10 23:49:29,449 - INFO - [scripts.law.logic.scraper] - 페이지 최종 렌더링을 잠시 대기합니다...
2025-09-10 23:49:30,453 - INFO - [scripts.law.logic.scraper] - 페이지 HTML 컨텐츠를 가져오는 중...
2025-09-10 23:49:30,492 - INFO - [scripts.law.logic.scraper] - 데이터 파싱 중...
2025-09-10 23:49:30,687 - INFO - [scripts.law.logic.scraper] - 데이터 1건을 '/Users/woong/Roeum/roeum-crawler/data/raw/law/1352000/마약류 관리에 관한 법률_document.jsonl' 파일로 성공적으로 저장했습니다.
2025-09-10 23:49:30,689 - INFO - [scripts.law.logic.scraper] - 데이터 100건을 '/Users/woong/Roeum/roeum-crawler/data/raw/law/1352000/마약류 관리에 관한 법률_chunks.jsonl' 파일로 성공적으로 저장했습니다.
2025-09-10 23:49:30,727 - INFO - [__main__] - 상세 페이지 스크레이퍼 완료: 마약류 관리에 관한 법률
2025-09-10 23:49:31,922 - INFO - [__main__] - 상세 페이지 스크레이퍼 실행: https://www.law.go.kr/LSW/lsInfoP.do?lsiSeq=271469&efYd=20250731
2025-09-10 23:49:32,288 - INFO - [scripts.law.logic.scraper] - 페이지로 이동 중: https://www.law.go.kr/LSW/lsInfoP.do?lsiSeq=271469&efYd=20250731
2025-09-10 23:49:32,968 - INFO - [scripts.law.logic.scraper] - 로딩 마스크가 나타나기를 기다리는 중...
2025-09-10 23:49:32,987 - INFO - [scripts.law.logic.scraper] - 로딩 마스크가 사라지기를 기다리는 중...
2025-09-10 23:49:33,777 - INFO - [scripts.law.logic.scraper] - 페이지 최종 렌더링을 잠시 대기합니다...
2025-09-10 23:49:34,780 - INFO - [scripts.law.logic.scraper] - 페이지 HTML 컨텐츠를 가져오는 중...
2025-09-10 23:49:34,825 - INFO - [scripts.law.logic.scraper] - 데이터 파싱 중...
2025-09-10 23:49:35,010 - INFO - [scripts.law.logic.scraper] - 데이터 1건을 '/Users/woong/Roeum/roeum-crawler/data/raw/law/1352000/감염병의 예방 및 관리에 관한 법률 시행령_document.jsonl' 파일로 성공적으로 저장했습니다.
2025-09-10 23:49:35,011 - INFO - [scripts.law.logic.scraper] - 데이터 72건을 '/Users/woong/Roeum/roeum-crawler/data/raw/law/1352000/감염병의 예방 및 관리에 관한 법률 시행령_chunks.jsonl' 파일로 성공적으로 저장했습니다.
2025-09-10 23:49:35,033 - INFO - [__main__] - 상세 페이지 스크레이퍼 완료: 감염병의 예방 및 관리에 관한 법률 시행령
2025-09-10 23:49:36,275 - INFO - [__main__] - 상세 페이지 스크레이퍼 실행: https://www.law.go.kr/LSW/lsInfoP.do?lsiSeq=271113&efYd=20250719
2025-09-10 23:49:36,634 - INFO - [scripts.law.logic.scraper] - 페이지로 이동 중: https://www.law.go.kr/LSW/lsInfoP.do?lsiSeq=271113&efYd=20250719
2025-09-10 23:49:37,240 - INFO - [scripts.law.logic.scraper] - 로딩 마스크가 나타나기를 기다리는 중...
2025-09-10 23:49:37,261 - INFO - [scripts.law.logic.scraper] - 로딩 마스크가 사라지기를 기다리는 중...
2025-09-10 23:49:37,321 - INFO - [scripts.law.logic.scraper] - 페이지 최종 렌더링을 잠시 대기합니다...
2025-09-10 23:49:38,323 - INFO - [scripts.law.logic.scraper] - 페이지 HTML 컨텐츠를 가져오는 중...
2025-09-10 23:49:38,337 - INFO - [scripts.law.logic.scraper] - 데이터 파싱 중...
2025-09-10 23:49:38,407 - INFO - [scripts.law.logic.scraper] - 데이터 1건을 '/Users/woong/Roeum/roeum-crawler/data/raw/law/1352000/장애인연금법 시행규칙_document.jsonl' 파일로 성공적으로 저장했습니다.
2025-09-10 23:49:38,407 - INFO - [scripts.law.logic.scraper] - 데이터 14건을 '/Users/woong/Roeum/roeum-crawler/data/raw/law/1352000/장애인연금법 시행규칙_chunks.jsonl' 파일로 성공적으로 저장했습니다.
2025-09-10 23:49:38,432 - INFO - [__main__] - 상세 페이지 스크레이퍼 완료: 장애인연금법 시행규칙
2025-09-10 23:49:39,643 - INFO - [__main__] - 상세 페이지 스크레이퍼 실행: https://www.law.go.kr/LSW/lsInfoP.do?lsiSeq=260905&efYd=20250719
2025-09-10 23:49:39,990 - INFO - [scripts.law.logic.scraper] - 페이지로 이동 중: https://www.law.go.kr/LSW/lsInfoP.do?lsiSeq=260905&efYd=20250719
2025-09-10 23:49:40,636 - INFO - [scripts.law.logic.scraper] - 로딩 마스크가 나타나기를 기다리는 중...
2025-09-10 23:49:40,655 - INFO - [scripts.law.logic.scraper] - 로딩 마스크가 사라지기를 기다리는 중...
2025-09-10 23:49:40,837 - INFO - [scripts.law.logic.scraper] - 페이지 최종 렌더링을 잠시 대기합니다...
2025-09-10 23:49:41,839 - INFO - [scripts.law.logic.scraper] - 페이지 HTML 컨텐츠를 가져오는 중...
2025-09-10 23:49:41,851 - INFO - [scripts.law.logic.scraper] - 데이터 파싱 중...
2025-09-10 23:49:41,920 - INFO - [scripts.law.logic.scraper] - 데이터 1건을 '/Users/woong/Roeum/roeum-crawler/data/raw/law/1352000/국내입양에 관한 특별법_document.jsonl' 파일로 성공적으로 저장했습니다.
2025-09-10 23:49:41,920 - INFO - [scripts.law.logic.scraper] - 데이터 42건을 '/Users/woong/Roeum/roeum-crawler/data/raw/law/1352000/국내입양에 관한 특별법_chunks.jsonl' 파일로 성공적으로 저장했습니다.
2025-09-10 23:49:41,941 - INFO - [__main__] - 상세 페이지 스크레이퍼 완료: 국내입양에 관한 특별법
2025-09-10 23:49:43,161 - INFO - [__main__] - 상세 페이지 스크레이퍼 실행: https://www.law.go.kr/LSW/lsInfoP.do?lsiSeq=270395&efYd=20250702
2025-09-10 23:49:43,520 - INFO - [scripts.law.logic.scraper] - 페이지로 이동 중: https://www.law.go.kr/LSW/lsInfoP.do?lsiSeq=270395&efYd=20250702
2025-09-10 23:49:44,096 - INFO - [scripts.law.logic.scraper] - 로딩 마스크가 나타나기를 기다리는 중...
2025-09-10 23:49:44,117 - INFO - [scripts.law.logic.scraper] - 로딩 마스크가 사라지기를 기다리는 중...
2025-09-10 23:49:44,916 - INFO - [scripts.law.logic.scraper] - 페이지 최종 렌더링을 잠시 대기합니다...
2025-09-10 23:49:45,920 - INFO - [scripts.law.logic.scraper] - 페이지 HTML 컨텐츠를 가져오는 중...
2025-09-10 23:49:45,972 - INFO - [scripts.law.logic.scraper] - 데이터 파싱 중...
2025-09-10 23:49:46,182 - INFO - [scripts.law.logic.scraper] - 데이터 1건을 '/Users/woong/Roeum/roeum-crawler/data/raw/law/1352000/마약류 관리에 관한 법률_document.jsonl' 파일로 성공적으로 저장했습니다.
2025-09-10 23:49:46,183 - INFO - [scripts.law.logic.scraper] - 데이터 100건을 '/Users/woong/Roeum/roeum-crawler/data/raw/law/1352000/마약류 관리에 관한 법률_chunks.jsonl' 파일로 성공적으로 저장했습니다.
2025-09-10 23:49:46,205 - INFO - [__main__] - 상세 페이지 스크레이퍼 완료: 마약류 관리에 관한 법률
2025-09-10 23:49:47,409 - INFO - [__main__] - 상세 페이지 스크레이퍼 실행: https://www.law.go.kr/LSW/lsInfoP.do?lsiSeq=272545&efYd=20250621
2025-09-10 23:49:47,782 - INFO - [scripts.law.logic.scraper] - 페이지로 이동 중: https://www.law.go.kr/LSW/lsInfoP.do?lsiSeq=272545&efYd=20250621
2025-09-10 23:49:48,341 - INFO - [scripts.law.logic.scraper] - 로딩 마스크가 나타나기를 기다리는 중...
2025-09-10 23:49:48,361 - INFO - [scripts.law.logic.scraper] - 로딩 마스크가 사라지기를 기다리는 중...
2025-09-10 23:49:48,482 - INFO - [scripts.law.logic.scraper] - 페이지 최종 렌더링을 잠시 대기합니다...
2025-09-10 23:49:49,485 - INFO - [scripts.law.logic.scraper] - 페이지 HTML 컨텐츠를 가져오는 중...
2025-09-10 23:49:49,514 - INFO - [scripts.law.logic.scraper] - 데이터 파싱 중...
2025-09-10 23:49:49,594 - INFO - [scripts.law.logic.scraper] - 데이터 1건을 '/Users/woong/Roeum/roeum-crawler/data/raw/law/1352000/의료유사업자에 관한 규칙_document.jsonl' 파일로 성공적으로 저장했습니다.
2025-09-10 23:49:49,594 - INFO - [scripts.law.logic.scraper] - 데이터 18건을 '/Users/woong/Roeum/roeum-crawler/data/raw/law/1352000/의료유사업자에 관한 규칙_chunks.jsonl' 파일로 성공적으로 저장했습니다.
2025-09-10 23:49:49,617 - INFO - [__main__] - 상세 페이지 스크레이퍼 완료: 의료유사업자에 관한 규칙
2025-09-10 23:49:50,846 - INFO - [__main__] - 상세 페이지 스크레이퍼 실행: https://www.law.go.kr/LSW/lsInfoP.do?lsiSeq=271497&efYd=20250621
2025-09-10 23:49:51,187 - INFO - [scripts.law.logic.scraper] - 페이지로 이동 중: https://www.law.go.kr/LSW/lsInfoP.do?lsiSeq=271497&efYd=20250621
2025-09-10 23:49:51,830 - INFO - [scripts.law.logic.scraper] - 로딩 마스크가 나타나기를 기다리는 중...
2025-09-10 23:49:51,849 - INFO - [scripts.law.logic.scraper] - 로딩 마스크가 사라지기를 기다리는 중...
2025-09-10 23:49:52,005 - INFO - [scripts.law.logic.scraper] - 페이지 최종 렌더링을 잠시 대기합니다...
2025-09-10 23:49:53,007 - INFO - [scripts.law.logic.scraper] - 페이지 HTML 컨텐츠를 가져오는 중...
2025-09-10 23:49:53,030 - INFO - [scripts.law.logic.scraper] - 데이터 파싱 중...
2025-09-10 23:49:53,121 - INFO - [scripts.law.logic.scraper] - 데이터 1건을 '/Users/woong/Roeum/roeum-crawler/data/raw/law/1352000/사회보장기본법 시행령_document.jsonl' 파일로 성공적으로 저장했습니다.
2025-09-10 23:49:53,122 - INFO - [scripts.law.logic.scraper] - 데이터 29건을 '/Users/woong/Roeum/roeum-crawler/data/raw/law/1352000/사회보장기본법 시행령_chunks.jsonl' 파일로 성공적으로 저장했습니다.
2025-09-10 23:49:53,145 - INFO - [__main__] - 상세 페이지 스크레이퍼 완료: 사회보장기본법 시행령
2025-09-10 23:49:54,365 - INFO - [__main__] - 상세 페이지 스크레이퍼 실행: https://www.law.go.kr/LSW/lsInfoP.do?lsiSeq=265479&efYd=20250621
2025-09-10 23:49:54,724 - INFO - [scripts.law.logic.scraper] - 페이지로 이동 중: https://www.law.go.kr/LSW/lsInfoP.do?lsiSeq=265479&efYd=20250621
2025-09-10 23:49:55,368 - INFO - [scripts.law.logic.scraper] - 로딩 마스크가 나타나기를 기다리는 중...
2025-09-10 23:49:55,387 - INFO - [scripts.law.logic.scraper] - 로딩 마스크가 사라지기를 기다리는 중...
2025-09-10 23:49:55,569 - INFO - [scripts.law.logic.scraper] - 페이지 최종 렌더링을 잠시 대기합니다...
2025-09-10 23:49:56,571 - INFO - [scripts.law.logic.scraper] - 페이지 HTML 컨텐츠를 가져오는 중...
2025-09-10 23:49:56,597 - INFO - [scripts.law.logic.scraper] - 데이터 파싱 중...
2025-09-10 23:49:56,685 - INFO - [scripts.law.logic.scraper] - 데이터 1건을 '/Users/woong/Roeum/roeum-crawler/data/raw/law/1352000/지역보건법_document.jsonl' 파일로 성공적으로 저장했습니다.
2025-09-10 23:49:56,686 - INFO - [scripts.law.logic.scraper] - 데이터 36건을 '/Users/woong/Roeum/roeum-crawler/data/raw/law/1352000/지역보건법_chunks.jsonl' 파일로 성공적으로 저장했습니다.
2025-09-10 23:49:56,707 - INFO - [__main__] - 상세 페이지 스크레이퍼 완료: 지역보건법
2025-09-10 23:49:57,908 - INFO - [__main__] - 상세 페이지 스크레이퍼 실행: https://www.law.go.kr/LSW/lsInfoP.do?lsiSeq=271159&efYd=20250614
2025-09-10 23:49:58,261 - INFO - [scripts.law.logic.scraper] - 페이지로 이동 중: https://www.law.go.kr/LSW/lsInfoP.do?lsiSeq=271159&efYd=20250614
2025-09-10 23:49:58,873 - INFO - [scripts.law.logic.scraper] - 로딩 마스크가 나타나기를 기다리는 중...
2025-09-10 23:49:58,892 - INFO - [scripts.law.logic.scraper] - 로딩 마스크가 사라지기를 기다리는 중...
2025-09-10 23:49:59,045 - INFO - [scripts.law.logic.scraper] - 페이지 최종 렌더링을 잠시 대기합니다...
2025-09-10 23:50:00,047 - INFO - [scripts.law.logic.scraper] - 페이지 HTML 컨텐츠를 가져오는 중...
2025-09-10 23:50:00,067 - INFO - [scripts.law.logic.scraper] - 데이터 파싱 중...
2025-09-10 23:50:00,161 - INFO - [scripts.law.logic.scraper] - 데이터 1건을 '/Users/woong/Roeum/roeum-crawler/data/raw/law/1352000/장기등 이식에 관한 법률 시행령_document.jsonl' 파일로 성공적으로 저장했습니다.
2025-09-10 23:50:00,161 - INFO - [scripts.law.logic.scraper] - 데이터 36건을 '/Users/woong/Roeum/roeum-crawler/data/raw/law/1352000/장기등 이식에 관한 법률 시행령_chunks.jsonl' 파일로 성공적으로 저장했습니다.
2025-09-10 23:50:00,184 - INFO - [__main__] - 상세 페이지 스크레이퍼 완료: 장기등 이식에 관한 법률 시행령
2025-09-10 23:50:01,586 - INFO - [__main__] - 상세 페이지 스크레이퍼 실행: https://www.law.go.kr/LSW/lsInfoP.do?lsiSeq=269825&efYd=20250311
2025-09-10 23:50:02,332 - INFO - [scripts.law.logic.scraper] - 페이지로 이동 중: https://www.law.go.kr/LSW/lsInfoP.do?lsiSeq=269825&efYd=20250311
2025-09-10 23:50:03,175 - INFO - [scripts.law.logic.scraper] - 로딩 마스크가 나타나기를 기다리는 중...
2025-09-10 23:50:13,203 - WARNING - [scripts.law.logic.scraper] - 로딩 마스크가 감지되지 않았습니다. 페이지 로드가 완료된 것으로 간주하고 계속 진행합니다.
2025-09-10 23:50:13,204 - INFO - [scripts.law.logic.scraper] - 페이지 최종 렌더링을 잠시 대기합니다...
2025-09-10 23:50:14,209 - INFO - [scripts.law.logic.scraper] - 페이지 HTML 컨텐츠를 가져오는 중...
2025-09-10 23:50:14,242 - INFO - [scripts.law.logic.scraper] - 데이터 파싱 중...
2025-09-10 23:50:14,323 - INFO - [scripts.law.logic.scraper] - 데이터 1건을 '/Users/woong/Roeum/roeum-crawler/data/raw/law/1352000/건강검진기본법 시행규칙_document.jsonl' 파일로 성공적으로 저장했습니다.
2025-09-10 23:50:14,323 - INFO - [scripts.law.logic.scraper] - 데이터 14건을 '/Users/woong/Roeum/roeum-crawler/data/raw/law/1352000/건강검진기본법 시행규칙_chunks.jsonl' 파일로 성공적으로 저장했습니다.
2025-09-10 23:50:14,357 - INFO - [__main__] - 상세 페이지 스크레이퍼 완료: 건강검진기본법 시행규칙
2025-09-10 23:50:15,628 - INFO - [__main__] - 상세 페이지 스크레이퍼 실행: https://www.law.go.kr/LSW/lsInfoP.do?lsiSeq=269125&efYd=20250221
2025-09-10 23:50:16,024 - INFO - [scripts.law.logic.scraper] - 페이지로 이동 중: https://www.law.go.kr/LSW/lsInfoP.do?lsiSeq=269125&efYd=20250221
2025-09-10 23:50:16,670 - INFO - [scripts.law.logic.scraper] - 로딩 마스크가 나타나기를 기다리는 중...
2025-09-10 23:50:16,688 - INFO - [scripts.law.logic.scraper] - 로딩 마스크가 사라지기를 기다리는 중...
2025-09-10 23:50:16,950 - INFO - [scripts.law.logic.scraper] - 페이지 최종 렌더링을 잠시 대기합니다...
2025-09-10 23:50:17,954 - INFO - [scripts.law.logic.scraper] - 페이지 HTML 컨텐츠를 가져오는 중...
2025-09-10 23:50:17,990 - INFO - [scripts.law.logic.scraper] - 데이터 파싱 중...
2025-09-10 23:50:18,131 - INFO - [scripts.law.logic.scraper] - 데이터 1건을 '/Users/woong/Roeum/roeum-crawler/data/raw/law/1352000/첨단재생의료 및 첨단바이오의약품 안전 및 지원에 관한 법률 시행령_document.jsonl' 파일로 성공적으로 저장했습니다.
2025-09-10 23:50:18,132 - INFO - [scripts.law.logic.scraper] - 데이터 49건을 '/Users/woong/Roeum/roeum-crawler/data/raw/law/1352000/첨단재생의료 및 첨단바이오의약품 안전 및 지원에 관한 법률 시행령_chunks.jsonl' 파일로 성공적으로 저장했습니다.
2025-09-10 23:50:18,152 - INFO - [__main__] - 상세 페이지 스크레이퍼 완료: 첨단재생의료 및 첨단바이오의약품 안전 및 지원에 관한 법률 시행령
2025-09-10 23:50:19,367 - INFO - [__main__] - 상세 페이지 스크레이퍼 실행: https://www.law.go.kr/LSW/lsInfoP.do?lsiSeq=266791&efYd=20241227
2025-09-10 23:50:19,716 - INFO - [scripts.law.logic.scraper] - 페이지로 이동 중: https://www.law.go.kr/LSW/lsInfoP.do?lsiSeq=266791&efYd=20241227
2025-09-10 23:50:20,300 - INFO - [scripts.law.logic.scraper] - 로딩 마스크가 나타나기를 기다리는 중...
2025-09-10 23:50:20,320 - INFO - [scripts.law.logic.scraper] - 로딩 마스크가 사라지기를 기다리는 중...
2025-09-10 23:50:20,556 - INFO - [scripts.law.logic.scraper] - 페이지 최종 렌더링을 잠시 대기합니다...
2025-09-10 23:50:21,560 - INFO - [scripts.law.logic.scraper] - 페이지 HTML 컨텐츠를 가져오는 중...
2025-09-10 23:50:21,590 - INFO - [scripts.law.logic.scraper] - 데이터 파싱 중...
2025-09-10 23:50:21,671 - INFO - [scripts.law.logic.scraper] - 데이터 1건을 '/Users/woong/Roeum/roeum-crawler/data/raw/law/1352000/노후준비 지원법 시행령_document.jsonl' 파일로 성공적으로 저장했습니다.
2025-09-10 23:50:21,671 - INFO - [scripts.law.logic.scraper] - 데이터 23건을 '/Users/woong/Roeum/roeum-crawler/data/raw/law/1352000/노후준비 지원법 시행령_chunks.jsonl' 파일로 성공적으로 저장했습니다.
2025-09-10 23:50:21,691 - INFO - [__main__] - 상세 페이지 스크레이퍼 완료: 노후준비 지원법 시행령
2025-09-10 23:50:22,910 - INFO - [__main__] - 상세 페이지 스크레이퍼 실행: https://www.law.go.kr/LSW/lsInfoP.do?lsiSeq=267431&efYd=20241220
2025-09-10 23:50:23,246 - INFO - [scripts.law.logic.scraper] - 페이지로 이동 중: https://www.law.go.kr/LSW/lsInfoP.do?lsiSeq=267431&efYd=20241220
2025-09-10 23:50:23,855 - INFO - [scripts.law.logic.scraper] - 로딩 마스크가 나타나기를 기다리는 중...
2025-09-10 23:50:23,872 - INFO - [scripts.law.logic.scraper] - 로딩 마스크가 사라지기를 기다리는 중...
2025-09-10 23:50:24,264 - INFO - [scripts.law.logic.scraper] - 페이지 최종 렌더링을 잠시 대기합니다...
2025-09-10 23:50:25,267 - INFO - [scripts.law.logic.scraper] - 페이지 HTML 컨텐츠를 가져오는 중...
2025-09-10 23:50:25,288 - INFO - [scripts.law.logic.scraper] - 데이터 파싱 중...
2025-09-10 23:50:25,403 - INFO - [scripts.law.logic.scraper] - 데이터 1건을 '/Users/woong/Roeum/roeum-crawler/data/raw/law/1352000/장애인활동 지원에 관한 법률_document.jsonl' 파일로 성공적으로 저장했습니다.
2025-09-10 23:50:25,404 - INFO - [scripts.law.logic.scraper] - 데이터 57건을 '/Users/woong/Roeum/roeum-crawler/data/raw/law/1352000/장애인활동 지원에 관한 법률_chunks.jsonl' 파일로 성공적으로 저장했습니다.
2025-09-10 23:50:25,425 - INFO - [__main__] - 상세 페이지 스크레이퍼 완료: 장애인활동 지원에 관한 법률
2025-09-10 23:50:26,640 - INFO - [__main__] - 상세 페이지 스크레이퍼 실행: https://www.law.go.kr/LSW/lsInfoP.do?lsiSeq=255807&efYd=20241101
2025-09-10 23:50:26,985 - INFO - [scripts.law.logic.scraper] - 페이지로 이동 중: https://www.law.go.kr/LSW/lsInfoP.do?lsiSeq=255807&efYd=20241101
2025-09-10 23:50:27,620 - INFO - [scripts.law.logic.scraper] - 로딩 마스크가 나타나기를 기다리는 중...
2025-09-10 23:50:27,639 - INFO - [scripts.law.logic.scraper] - 로딩 마스크가 사라지기를 기다리는 중...
2025-09-10 23:50:27,755 - INFO - [scripts.law.logic.scraper] - 페이지 최종 렌더링을 잠시 대기합니다...
2025-09-10 23:50:28,758 - INFO - [scripts.law.logic.scraper] - 페이지 HTML 컨텐츠를 가져오는 중...
2025-09-10 23:50:28,777 - INFO - [scripts.law.logic.scraper] - 데이터 파싱 중...
2025-09-10 23:50:28,846 - INFO - [scripts.law.logic.scraper] - 데이터 1건을 '/Users/woong/Roeum/roeum-crawler/data/raw/law/1352000/노인 일자리 및 사회활동 지원에 관한 법률_document.jsonl' 파일로 성공적으로 저장했습니다.
2025-09-10 23:50:28,846 - INFO - [scripts.law.logic.scraper] - 데이터 31건을 '/Users/woong/Roeum/roeum-crawler/data/raw/law/1352000/노인 일자리 및 사회활동 지원에 관한 법률_chunks.jsonl' 파일로 성공적으로 저장했습니다.
2025-09-10 23:50:28,870 - INFO - [__main__] - 상세 페이지 스크레이퍼 완료: 노인 일자리 및 사회활동 지원에 관한 법률
2025-09-10 23:50:30,108 - INFO - [__main__] - 상세 페이지 스크레이퍼 실행: https://www.law.go.kr/LSW/lsInfoP.do?lsiSeq=263589&efYd=20240710
2025-09-10 23:50:30,451 - INFO - [scripts.law.logic.scraper] - 페이지로 이동 중: https://www.law.go.kr/LSW/lsInfoP.do?lsiSeq=263589&efYd=20240710
2025-09-10 23:50:31,059 - INFO - [scripts.law.logic.scraper] - 로딩 마스크가 나타나기를 기다리는 중...
2025-09-10 23:50:31,084 - INFO - [scripts.law.logic.scraper] - 로딩 마스크가 사라지기를 기다리는 중...
2025-09-10 23:50:31,875 - INFO - [scripts.law.logic.scraper] - 페이지 최종 렌더링을 잠시 대기합니다...
2025-09-10 23:50:32,878 - INFO - [scripts.law.logic.scraper] - 페이지 HTML 컨텐츠를 가져오는 중...
2025-09-10 23:50:32,903 - INFO - [scripts.law.logic.scraper] - 데이터 파싱 중...
2025-09-10 23:50:32,982 - INFO - [scripts.law.logic.scraper] - 데이터 1건을 '/Users/woong/Roeum/roeum-crawler/data/raw/law/1352000/의료 해외진출 및 외국인환자 유치 지원에 관한 법률 시행령_document.jsonl' 파일로 성공적으로 저장했습니다.
2025-09-10 23:50:32,982 - INFO - [scripts.law.logic.scraper] - 데이터 18건을 '/Users/woong/Roeum/roeum-crawler/data/raw/law/1352000/의료 해외진출 및 외국인환자 유치 지원에 관한 법률 시행령_chunks.jsonl' 파일로 성공적으로 저장했습니다.
2025-09-10 23:50:33,004 - INFO - [__main__] - 상세 페이지 스크레이퍼 완료: 의료 해외진출 및 외국인환자 유치 지원에 관한 법률 시행령
2025-09-10 23:50:34,215 - INFO - [__main__] - 상세 페이지 스크레이퍼 실행: https://www.law.go.kr/LSW/lsInfoP.do?lsiSeq=258077&efYd=20240710
2025-09-10 23:50:34,574 - INFO - [scripts.law.logic.scraper] - 페이지로 이동 중: https://www.law.go.kr/LSW/lsInfoP.do?lsiSeq=258077&efYd=20240710
2025-09-10 23:50:35,270 - INFO - [scripts.law.logic.scraper] - 로딩 마스크가 나타나기를 기다리는 중...
2025-09-10 23:50:35,313 - INFO - [scripts.law.logic.scraper] - 로딩 마스크가 사라지기를 기다리는 중...
2025-09-10 23:50:35,445 - INFO - [scripts.law.logic.scraper] - 페이지 최종 렌더링을 잠시 대기합니다...
2025-09-10 23:50:36,454 - INFO - [scripts.law.logic.scraper] - 페이지 HTML 컨텐츠를 가져오는 중...
2025-09-10 23:50:36,489 - INFO - [scripts.law.logic.scraper] - 데이터 파싱 중...
2025-09-10 23:50:36,591 - INFO - [scripts.law.logic.scraper] - 데이터 1건을 '/Users/woong/Roeum/roeum-crawler/data/raw/law/1352000/첨단의료복합단지 육성에 관한 특별법_document.jsonl' 파일로 성공적으로 저장했습니다.
2025-09-10 23:50:36,591 - INFO - [scripts.law.logic.scraper] - 데이터 36건을 '/Users/woong/Roeum/roeum-crawler/data/raw/law/1352000/첨단의료복합단지 육성에 관한 특별법_chunks.jsonl' 파일로 성공적으로 저장했습니다.
2025-09-10 23:50:36,624 - INFO - [__main__] - 상세 페이지 스크레이퍼 완료: 첨단의료복합단지 육성에 관한 특별법
2025-09-10 23:50:37,849 - INFO - [__main__] - 상세 페이지 스크레이퍼 실행: https://www.law.go.kr/LSW/lsInfoP.do?lsiSeq=263325&efYd=20240703
2025-09-10 23:50:38,203 - INFO - [scripts.law.logic.scraper] - 페이지로 이동 중: https://www.law.go.kr/LSW/lsInfoP.do?lsiSeq=263325&efYd=20240703
2025-09-10 23:50:38,841 - INFO - [scripts.law.logic.scraper] - 로딩 마스크가 나타나기를 기다리는 중...
2025-09-10 23:50:38,863 - INFO - [scripts.law.logic.scraper] - 로딩 마스크가 사라지기를 기다리는 중...
2025-09-10 23:50:38,964 - INFO - [scripts.law.logic.scraper] - 페이지 최종 렌더링을 잠시 대기합니다...
2025-09-10 23:50:39,968 - INFO - [scripts.law.logic.scraper] - 페이지 HTML 컨텐츠를 가져오는 중...
2025-09-10 23:50:39,994 - INFO - [scripts.law.logic.scraper] - 데이터 파싱 중...
2025-09-10 23:50:40,084 - INFO - [scripts.law.logic.scraper] - 데이터 1건을 '/Users/woong/Roeum/roeum-crawler/data/raw/law/1352000/치매관리법 시행규칙_document.jsonl' 파일로 성공적으로 저장했습니다.
2025-09-10 23:50:40,084 - INFO - [scripts.law.logic.scraper] - 데이터 22건을 '/Users/woong/Roeum/roeum-crawler/data/raw/law/1352000/치매관리법 시행규칙_chunks.jsonl' 파일로 성공적으로 저장했습니다.
2025-09-10 23:50:40,105 - INFO - [__main__] - 상세 페이지 스크레이퍼 완료: 치매관리법 시행규칙
2025-09-10 23:50:41,291 - INFO - [__main__] - 상세 페이지 스크레이퍼 실행: https://www.law.go.kr/LSW/lsInfoP.do?lsiSeq=263109&efYd=20240531
2025-09-10 23:50:41,647 - INFO - [scripts.law.logic.scraper] - 페이지로 이동 중: https://www.law.go.kr/LSW/lsInfoP.do?lsiSeq=263109&efYd=20240531
2025-09-10 23:50:42,300 - INFO - [scripts.law.logic.scraper] - 로딩 마스크가 나타나기를 기다리는 중...
2025-09-10 23:50:42,318 - INFO - [scripts.law.logic.scraper] - 로딩 마스크가 사라지기를 기다리는 중...
2025-09-10 23:50:42,531 - INFO - [scripts.law.logic.scraper] - 페이지 최종 렌더링을 잠시 대기합니다...
2025-09-10 23:50:43,534 - INFO - [scripts.law.logic.scraper] - 페이지 HTML 컨텐츠를 가져오는 중...
2025-09-10 23:50:43,553 - INFO - [scripts.law.logic.scraper] - 데이터 파싱 중...
2025-09-10 23:50:43,639 - INFO - [scripts.law.logic.scraper] - 데이터 1건을 '/Users/woong/Roeum/roeum-crawler/data/raw/law/1352000/장애인ㆍ노인 등을 위한 보조기기 지원 및 활용촉진에 관한 법률 시행규칙_document.jsonl' 파일로 성공적으로 저장했습니다.
2025-09-10 23:50:43,640 - INFO - [scripts.law.logic.scraper] - 데이터 19건을 '/Users/woong/Roeum/roeum-crawler/data/raw/law/1352000/장애인ㆍ노인 등을 위한 보조기기 지원 및 활용촉진에 관한 법률 시행규칙_chunks.jsonl' 파일로 성공적으로 저장했습니다.
2025-09-10 23:50:43,660 - INFO - [__main__] - 상세 페이지 스크레이퍼 완료: 장애인ㆍ노인 등을 위한 보조기기 지원 및 활용촉진에 관한 법률 시행규칙
2025-09-10 23:50:44,859 - INFO - [__main__] - 상세 페이지 스크레이퍼 실행: https://www.law.go.kr/LSW/lsInfoP.do?lsiSeq=260731&efYd=20240227
2025-09-10 23:50:45,194 - INFO - [scripts.law.logic.scraper] - 페이지로 이동 중: https://www.law.go.kr/LSW/lsInfoP.do?lsiSeq=260731&efYd=20240227
2025-09-10 23:50:45,832 - INFO - [scripts.law.logic.scraper] - 로딩 마스크가 나타나기를 기다리는 중...
2025-09-10 23:50:45,856 - INFO - [scripts.law.logic.scraper] - 로딩 마스크가 사라지기를 기다리는 중...
2025-09-10 23:50:46,049 - INFO - [scripts.law.logic.scraper] - 페이지 최종 렌더링을 잠시 대기합니다...
2025-09-10 23:50:47,050 - INFO - [scripts.law.logic.scraper] - 페이지 HTML 컨텐츠를 가져오는 중...
2025-09-10 23:50:47,068 - INFO - [scripts.law.logic.scraper] - 데이터 파싱 중...
2025-09-10 23:50:47,167 - INFO - [scripts.law.logic.scraper] - 데이터 1건을 '/Users/woong/Roeum/roeum-crawler/data/raw/law/1352000/기초연금법 시행령_document.jsonl' 파일로 성공적으로 저장했습니다.
2025-09-10 23:50:47,168 - INFO - [scripts.law.logic.scraper] - 데이터 31건을 '/Users/woong/Roeum/roeum-crawler/data/raw/law/1352000/기초연금법 시행령_chunks.jsonl' 파일로 성공적으로 저장했습니다.
2025-09-10 23:50:47,190 - INFO - [__main__] - 상세 페이지 스크레이퍼 완료: 기초연금법 시행령
2025-09-10 23:50:48,418 - INFO - [__main__] - 상세 페이지 스크레이퍼 실행: https://www.law.go.kr/LSW/lsInfoP.do?lsiSeq=254857&efYd=20230914
2025-09-10 23:50:48,768 - INFO - [scripts.law.logic.scraper] - 페이지로 이동 중: https://www.law.go.kr/LSW/lsInfoP.do?lsiSeq=254857&efYd=20230914
2025-09-10 23:50:49,388 - INFO - [scripts.law.logic.scraper] - 로딩 마스크가 나타나기를 기다리는 중...
2025-09-10 23:50:49,410 - INFO - [scripts.law.logic.scraper] - 로딩 마스크가 사라지기를 기다리는 중...
2025-09-10 23:50:49,464 - INFO - [scripts.law.logic.scraper] - 페이지 최종 렌더링을 잠시 대기합니다...
2025-09-10 23:50:50,466 - INFO - [scripts.law.logic.scraper] - 페이지 HTML 컨텐츠를 가져오는 중...
2025-09-10 23:50:50,479 - INFO - [scripts.law.logic.scraper] - 데이터 파싱 중...
2025-09-10 23:50:50,543 - INFO - [scripts.law.logic.scraper] - 데이터 1건을 '/Users/woong/Roeum/roeum-crawler/data/raw/law/1352000/한국국제보건의료재단법_document.jsonl' 파일로 성공적으로 저장했습니다.
2025-09-10 23:50:50,543 - INFO - [scripts.law.logic.scraper] - 데이터 32건을 '/Users/woong/Roeum/roeum-crawler/data/raw/law/1352000/한국국제보건의료재단법_chunks.jsonl' 파일로 성공적으로 저장했습니다.
2025-09-10 23:50:50,564 - INFO - [__main__] - 상세 페이지 스크레이퍼 완료: 한국국제보건의료재단법
2025-09-10 23:50:51,775 - INFO - [__main__] - 상세 페이지 스크레이퍼 실행: https://www.law.go.kr/LSW/lsInfoP.do?lsiSeq=240833&efYd=20220218
2025-09-10 23:50:52,106 - INFO - [scripts.law.logic.scraper] - 페이지로 이동 중: https://www.law.go.kr/LSW/lsInfoP.do?lsiSeq=240833&efYd=20220218
2025-09-10 23:50:52,713 - INFO - [scripts.law.logic.scraper] - 로딩 마스크가 나타나기를 기다리는 중...
2025-09-10 23:50:52,735 - INFO - [scripts.law.logic.scraper] - 로딩 마스크가 사라지기를 기다리는 중...
2025-09-10 23:50:52,816 - INFO - [scripts.law.logic.scraper] - 페이지 최종 렌더링을 잠시 대기합니다...
2025-09-10 23:50:53,826 - INFO - [scripts.law.logic.scraper] - 페이지 HTML 컨텐츠를 가져오는 중...
2025-09-10 23:50:53,851 - INFO - [scripts.law.logic.scraper] - 데이터 파싱 중...
2025-09-10 23:50:53,925 - INFO - [scripts.law.logic.scraper] - 데이터 1건을 '/Users/woong/Roeum/roeum-crawler/data/raw/law/1352000/국민연금과 직역연금의 연계에 관한 법률 시행규칙_document.jsonl' 파일로 성공적으로 저장했습니다.
2025-09-10 23:50:53,926 - INFO - [scripts.law.logic.scraper] - 데이터 5건을 '/Users/woong/Roeum/roeum-crawler/data/raw/law/1352000/국민연금과 직역연금의 연계에 관한 법률 시행규칙_chunks.jsonl' 파일로 성공적으로 저장했습니다.
2025-09-10 23:50:53,950 - INFO - [__main__] - 상세 페이지 스크레이퍼 완료: 국민연금과 직역연금의 연계에 관한 법률 시행규칙
2025-09-10 23:50:55,182 - INFO - [__main__] - 상세 페이지 스크레이퍼 실행: https://www.law.go.kr/LSW/lsInfoP.do?lsiSeq=234675&efYd=20220218
2025-09-10 23:50:55,567 - INFO - [scripts.law.logic.scraper] - 페이지로 이동 중: https://www.law.go.kr/LSW/lsInfoP.do?lsiSeq=234675&efYd=20220218
2025-09-10 23:50:56,195 - INFO - [scripts.law.logic.scraper] - 로딩 마스크가 나타나기를 기다리는 중...
2025-09-10 23:51:06,213 - WARNING - [scripts.law.logic.scraper] - 로딩 마스크가 감지되지 않았습니다. 페이지 로드가 완료된 것으로 간주하고 계속 진행합니다.
2025-09-10 23:51:06,215 - INFO - [scripts.law.logic.scraper] - 페이지 최종 렌더링을 잠시 대기합니다...
2025-09-10 23:51:07,226 - INFO - [scripts.law.logic.scraper] - 페이지 HTML 컨텐츠를 가져오는 중...
2025-09-10 23:51:07,259 - INFO - [scripts.law.logic.scraper] - 데이터 파싱 중...
2025-09-10 23:51:07,354 - INFO - [scripts.law.logic.scraper] - 데이터 1건을 '/Users/woong/Roeum/roeum-crawler/data/raw/law/1352000/국민연금과 직역연금의 연계에 관한 법률_document.jsonl' 파일로 성공적으로 저장했습니다.
2025-09-10 23:51:07,355 - INFO - [scripts.law.logic.scraper] - 데이터 34건을 '/Users/woong/Roeum/roeum-crawler/data/raw/law/1352000/국민연금과 직역연금의 연계에 관한 법률_chunks.jsonl' 파일로 성공적으로 저장했습니다.
2025-09-10 23:51:07,383 - INFO - [__main__] - 상세 페이지 스크레이퍼 완료: 국민연금과 직역연금의 연계에 관한 법률
2025-09-10 23:51:08,630 - INFO - [__main__] - 상세 페이지 스크레이퍼 실행: https://www.law.go.kr/LSW/lsInfoP.do?lsiSeq=233367&efYd=20210630
2025-09-10 23:51:09,006 - INFO - [scripts.law.logic.scraper] - 페이지로 이동 중: https://www.law.go.kr/LSW/lsInfoP.do?lsiSeq=233367&efYd=20210630
2025-09-10 23:51:09,656 - INFO - [scripts.law.logic.scraper] - 로딩 마스크가 나타나기를 기다리는 중...
2025-09-10 23:51:09,674 - INFO - [scripts.law.logic.scraper] - 로딩 마스크가 사라지기를 기다리는 중...
2025-09-10 23:51:09,780 - INFO - [scripts.law.logic.scraper] - 페이지 최종 렌더링을 잠시 대기합니다...
2025-09-10 23:51:10,784 - INFO - [scripts.law.logic.scraper] - 페이지 HTML 컨텐츠를 가져오는 중...
2025-09-10 23:51:10,802 - INFO - [scripts.law.logic.scraper] - 데이터 파싱 중...
2025-09-10 23:51:10,852 - INFO - [scripts.law.logic.scraper] - 데이터 1건을 '/Users/woong/Roeum/roeum-crawler/data/raw/law/1352000/대한적십자사 조직법 시행령_document.jsonl' 파일로 성공적으로 저장했습니다.
2025-09-10 23:51:10,853 - INFO - [scripts.law.logic.scraper] - 데이터 5건을 '/Users/woong/Roeum/roeum-crawler/data/raw/law/1352000/대한적십자사 조직법 시행령_chunks.jsonl' 파일로 성공적으로 저장했습니다.
2025-09-10 23:51:10,876 - INFO - [__main__] - 상세 페이지 스크레이퍼 완료: 대한적십자사 조직법 시행령
2025-09-10 23:51:12,066 - INFO - [__main__] - 상세 페이지 스크레이퍼 실행: https://www.law.go.kr/LSW/lsInfoP.do?lsiSeq=220873&efYd=20200912
2025-09-10 23:51:12,429 - INFO - [scripts.law.logic.scraper] - 페이지로 이동 중: https://www.law.go.kr/LSW/lsInfoP.do?lsiSeq=220873&efYd=20200912
2025-09-10 23:51:13,035 - INFO - [scripts.law.logic.scraper] - 로딩 마스크가 나타나기를 기다리는 중...
2025-09-10 23:51:13,060 - INFO - [scripts.law.logic.scraper] - 로딩 마스크가 사라지기를 기다리는 중...
2025-09-10 23:51:13,123 - INFO - [scripts.law.logic.scraper] - 페이지 최종 렌더링을 잠시 대기합니다...
2025-09-10 23:51:14,129 - INFO - [scripts.law.logic.scraper] - 페이지 HTML 컨텐츠를 가져오는 중...
2025-09-10 23:51:14,144 - INFO - [scripts.law.logic.scraper] - 데이터 파싱 중...
2025-09-10 23:51:14,207 - INFO - [scripts.law.logic.scraper] - 데이터 1건을 '/Users/woong/Roeum/roeum-crawler/data/raw/law/1352000/건강검진기본법_document.jsonl' 파일로 성공적으로 저장했습니다.
2025-09-10 23:51:14,208 - INFO - [scripts.law.logic.scraper] - 데이터 29건을 '/Users/woong/Roeum/roeum-crawler/data/raw/law/1352000/건강검진기본법_chunks.jsonl' 파일로 성공적으로 저장했습니다.
2025-09-10 23:51:14,236 - INFO - [__main__] - 상세 페이지 스크레이퍼 완료: 건강검진기본법
2025-09-10 23:51:15,435 - INFO - [__main__] - 상세 페이지 스크레이퍼 실행: https://www.law.go.kr/LSW/lsInfoP.do?lsiSeq=208682&efYd=20190716
2025-09-10 23:51:15,878 - INFO - [scripts.law.logic.scraper] - 페이지로 이동 중: https://www.law.go.kr/LSW/lsInfoP.do?lsiSeq=208682&efYd=20190716
2025-09-10 23:51:16,618 - INFO - [scripts.law.logic.scraper] - 로딩 마스크가 나타나기를 기다리는 중...
2025-09-10 23:51:26,652 - WARNING - [scripts.law.logic.scraper] - 로딩 마스크가 감지되지 않았습니다. 페이지 로드가 완료된 것으로 간주하고 계속 진행합니다.
2025-09-10 23:51:26,653 - INFO - [scripts.law.logic.scraper] - 페이지 최종 렌더링을 잠시 대기합니다...
2025-09-10 23:51:27,658 - INFO - [scripts.law.logic.scraper] - 페이지 HTML 컨텐츠를 가져오는 중...
2025-09-10 23:51:27,682 - INFO - [scripts.law.logic.scraper] - 데이터 파싱 중...
2025-09-10 23:51:27,736 - INFO - [scripts.law.logic.scraper] - 데이터 1건을 '/Users/woong/Roeum/roeum-crawler/data/raw/law/1352000/한센인피해사건의 진상규명 및 피해자 지원 등에 관한 법률 시행령_document.jsonl' 파일로 성공적으로 저장했습니다.
2025-09-10 23:51:27,737 - INFO - [scripts.law.logic.scraper] - 데이터 10건을 '/Users/woong/Roeum/roeum-crawler/data/raw/law/1352000/한센인피해사건의 진상규명 및 피해자 지원 등에 관한 법률 시행령_chunks.jsonl' 파일로 성공적으로 저장했습니다.
2025-09-10 23:51:27,772 - INFO - [__main__] - 상세 페이지 스크레이퍼 완료: 한센인피해사건의 진상규명 및 피해자 지원 등에 관한 법률 시행령
2025-09-10 23:51:29,036 - INFO - [__main__] - 상세 페이지 스크레이퍼 실행: https://www.law.go.kr/LSW/lsInfoP.do?lsiSeq=202640&efYd=20180914
2025-09-10 23:51:29,427 - INFO - [scripts.law.logic.scraper] - 페이지로 이동 중: https://www.law.go.kr/LSW/lsInfoP.do?lsiSeq=202640&efYd=20180914
2025-09-10 23:51:30,031 - INFO - [scripts.law.logic.scraper] - 로딩 마스크가 나타나기를 기다리는 중...
2025-09-10 23:51:30,050 - INFO - [scripts.law.logic.scraper] - 로딩 마스크가 사라지기를 기다리는 중...
2025-09-10 23:51:30,234 - INFO - [scripts.law.logic.scraper] - 페이지 최종 렌더링을 잠시 대기합니다...
2025-09-10 23:51:31,237 - INFO - [scripts.law.logic.scraper] - 페이지 HTML 컨텐츠를 가져오는 중...
2025-09-10 23:51:31,257 - INFO - [scripts.law.logic.scraper] - 데이터 파싱 중...
2025-09-10 23:51:31,335 - INFO - [scripts.law.logic.scraper] - 데이터 1건을 '/Users/woong/Roeum/roeum-crawler/data/raw/law/1352000/국립중앙의료원의 설립 및 운영에 관한 법률_document.jsonl' 파일로 성공적으로 저장했습니다.
2025-09-10 23:51:31,336 - INFO - [scripts.law.logic.scraper] - 데이터 27건을 '/Users/woong/Roeum/roeum-crawler/data/raw/law/1352000/국립중앙의료원의 설립 및 운영에 관한 법률_chunks.jsonl' 파일로 성공적으로 저장했습니다.
2025-09-10 23:51:31,359 - INFO - [__main__] - 상세 페이지 스크레이퍼 완료: 국립중앙의료원의 설립 및 운영에 관한 법률
2025-09-10 23:51:32,582 - INFO - [__main__] - 상세 페이지 스크레이퍼 실행: https://www.law.go.kr/LSW/lsInfoP.do?lsiSeq=166814&efYd=20150105
2025-09-10 23:51:32,912 - INFO - [scripts.law.logic.scraper] - 페이지로 이동 중: https://www.law.go.kr/LSW/lsInfoP.do?lsiSeq=166814&efYd=20150105
2025-09-10 23:51:33,636 - INFO - [scripts.law.logic.scraper] - 로딩 마스크가 나타나기를 기다리는 중...
2025-09-10 23:51:33,668 - INFO - [scripts.law.logic.scraper] - 로딩 마스크가 사라지기를 기다리는 중...
2025-09-10 23:51:33,673 - INFO - [scripts.law.logic.scraper] - 페이지 최종 렌더링을 잠시 대기합니다...
2025-09-10 23:51:34,675 - INFO - [scripts.law.logic.scraper] - 페이지 HTML 컨텐츠를 가져오는 중...
2025-09-10 23:51:34,693 - INFO - [scripts.law.logic.scraper] - 데이터 파싱 중...
2025-09-10 23:51:34,736 - INFO - [scripts.law.logic.scraper] - 데이터 1건을 '/Users/woong/Roeum/roeum-crawler/data/raw/law/1352000/국립중앙의료원의 설립 및 운영에 관한 법률 시행규칙_document.jsonl' 파일로 성공적으로 저장했습니다.
2025-09-10 23:51:34,736 - INFO - [scripts.law.logic.scraper] - 데이터 4건을 '/Users/woong/Roeum/roeum-crawler/data/raw/law/1352000/국립중앙의료원의 설립 및 운영에 관한 법률 시행규칙_chunks.jsonl' 파일로 성공적으로 저장했습니다.
2025-09-10 23:51:34,759 - INFO - [__main__] - 상세 페이지 스크레이퍼 완료: 국립중앙의료원의 설립 및 운영에 관한 법률 시행규칙
2025-09-10 23:51:35,977 - INFO - [__main__] - 상세 페이지 스크레이퍼 실행: https://www.law.go.kr/LSW/lsInfoP.do?lsiSeq=252857&efYd=20260718
2025-09-10 23:51:36,311 - INFO - [scripts.law.logic.scraper] - 페이지로 이동 중: https://www.law.go.kr/LSW/lsInfoP.do?lsiSeq=252857&efYd=20260718
2025-09-10 23:51:36,921 - INFO - [scripts.law.logic.scraper] - 로딩 마스크가 나타나기를 기다리는 중...
2025-09-10 23:51:36,938 - INFO - [scripts.law.logic.scraper] - 로딩 마스크가 사라지기를 기다리는 중...
2025-09-10 23:51:37,225 - INFO - [scripts.law.logic.scraper] - 페이지 최종 렌더링을 잠시 대기합니다...
2025-09-10 23:51:38,228 - INFO - [scripts.law.logic.scraper] - 페이지 HTML 컨텐츠를 가져오는 중...
2025-09-10 23:51:38,238 - INFO - [scripts.law.logic.scraper] - 데이터 파싱 중...
2025-09-10 23:51:38,273 - INFO - [scripts.law.logic.scraper] - 데이터 1건을 '/Users/woong/Roeum/roeum-crawler/data/raw/law/1352000/전문약사의 자격 인정 등에 관한 규칙_document.jsonl' 파일로 성공적으로 저장했습니다.
2025-09-10 23:51:38,273 - INFO - [scripts.law.logic.scraper] - 데이터 12건을 '/Users/woong/Roeum/roeum-crawler/data/raw/law/1352000/전문약사의 자격 인정 등에 관한 규칙_chunks.jsonl' 파일로 성공적으로 저장했습니다.
2025-09-10 23:51:38,299 - INFO - [__main__] - 상세 페이지 스크레이퍼 완료: 전문약사의 자격 인정 등에 관한 규칙
2025-09-10 23:51:39,529 - INFO - [__main__] - 상세 페이지 스크레이퍼 실행: https://www.law.go.kr/LSW/lsInfoP.do?lsiSeq=273433&efYd=20260227
2025-09-10 23:51:39,928 - INFO - [scripts.law.logic.scraper] - 페이지로 이동 중: https://www.law.go.kr/LSW/lsInfoP.do?lsiSeq=273433&efYd=20260227
2025-09-10 23:51:40,616 - INFO - [scripts.law.logic.scraper] - 로딩 마스크가 나타나기를 기다리는 중...
2025-09-10 23:51:40,643 - INFO - [scripts.law.logic.scraper] - 로딩 마스크가 사라지기를 기다리는 중...
2025-09-10 23:51:40,744 - INFO - [scripts.law.logic.scraper] - 페이지 최종 렌더링을 잠시 대기합니다...
2025-09-10 23:51:41,747 - INFO - [scripts.law.logic.scraper] - 페이지 HTML 컨텐츠를 가져오는 중...
2025-09-10 23:51:41,780 - INFO - [scripts.law.logic.scraper] - 데이터 파싱 중...
2025-09-10 23:51:41,901 - INFO - [scripts.law.logic.scraper] - 데이터 1건을 '/Users/woong/Roeum/roeum-crawler/data/raw/law/1352000/보건의료기본법_document.jsonl' 파일로 성공적으로 저장했습니다.
2025-09-10 23:51:41,902 - INFO - [scripts.law.logic.scraper] - 데이터 64건을 '/Users/woong/Roeum/roeum-crawler/data/raw/law/1352000/보건의료기본법_chunks.jsonl' 파일로 성공적으로 저장했습니다.
2025-09-10 23:51:41,925 - INFO - [__main__] - 상세 페이지 스크레이퍼 완료: 보건의료기본법
2025-09-10 23:51:43,143 - INFO - [__main__] - 상세 페이지 스크레이퍼 실행: https://www.law.go.kr/LSW/lsInfoP.do?lsiSeq=272611&efYd=20260101
2025-09-10 23:51:43,497 - INFO - [scripts.law.logic.scraper] - 페이지로 이동 중: https://www.law.go.kr/LSW/lsInfoP.do?lsiSeq=272611&efYd=20260101
2025-09-10 23:51:44,082 - INFO - [scripts.law.logic.scraper] - 로딩 마스크가 나타나기를 기다리는 중...
2025-09-10 23:51:44,104 - INFO - [scripts.law.logic.scraper] - 로딩 마스크가 사라지기를 기다리는 중...
2025-09-10 23:51:44,899 - INFO - [scripts.law.logic.scraper] - 페이지 최종 렌더링을 잠시 대기합니다...
2025-09-10 23:51:45,902 - INFO - [scripts.law.logic.scraper] - 페이지 HTML 컨텐츠를 가져오는 중...
2025-09-10 23:51:45,953 - INFO - [scripts.law.logic.scraper] - 데이터 파싱 중...
2025-09-10 23:51:46,143 - INFO - [scripts.law.logic.scraper] - 데이터 1건을 '/Users/woong/Roeum/roeum-crawler/data/raw/law/1352000/국민연금법 시행규칙_document.jsonl' 파일로 성공적으로 저장했습니다.
2025-09-10 23:51:46,144 - INFO - [scripts.law.logic.scraper] - 데이터 71건을 '/Users/woong/Roeum/roeum-crawler/data/raw/law/1352000/국민연금법 시행규칙_chunks.jsonl' 파일로 성공적으로 저장했습니다.
2025-09-10 23:51:46,167 - INFO - [__main__] - 상세 페이지 스크레이퍼 완료: 국민연금법 시행규칙
2025-09-10 23:51:47,394 - INFO - [__main__] - 상세 페이지 스크레이퍼 실행: https://www.law.go.kr/LSW/lsInfoP.do?lsiSeq=260821&efYd=20250828
2025-09-10 23:51:47,757 - INFO - [scripts.law.logic.scraper] - 페이지로 이동 중: https://www.law.go.kr/LSW/lsInfoP.do?lsiSeq=260821&efYd=20250828
2025-09-10 23:51:48,318 - INFO - [scripts.law.logic.scraper] - 로딩 마스크가 나타나기를 기다리는 중...
2025-09-10 23:51:48,338 - INFO - [scripts.law.logic.scraper] - 로딩 마스크가 사라지기를 기다리는 중...
2025-09-10 23:51:48,521 - INFO - [scripts.law.logic.scraper] - 페이지 최종 렌더링을 잠시 대기합니다...
2025-09-10 23:51:49,526 - INFO - [scripts.law.logic.scraper] - 페이지 HTML 컨텐츠를 가져오는 중...
2025-09-10 23:51:49,557 - INFO - [scripts.law.logic.scraper] - 데이터 파싱 중...
2025-09-10 23:51:49,654 - INFO - [scripts.law.logic.scraper] - 데이터 1건을 '/Users/woong/Roeum/roeum-crawler/data/raw/law/1352000/실종아동등의 보호 및 지원에 관한 법률_document.jsonl' 파일로 성공적으로 저장했습니다.
2025-09-10 23:51:49,655 - INFO - [scripts.law.logic.scraper] - 데이터 29건을 '/Users/woong/Roeum/roeum-crawler/data/raw/law/1352000/실종아동등의 보호 및 지원에 관한 법률_chunks.jsonl' 파일로 성공적으로 저장했습니다.
2025-09-10 23:51:49,680 - INFO - [__main__] - 상세 페이지 스크레이퍼 완료: 실종아동등의 보호 및 지원에 관한 법률
2025-09-10 23:51:50,891 - INFO - [__main__] - 상세 페이지 스크레이퍼 실행: https://www.law.go.kr/LSW/lsInfoP.do?lsiSeq=271109&efYd=20250719
2025-09-10 23:51:51,236 - INFO - [scripts.law.logic.scraper] - 페이지로 이동 중: https://www.law.go.kr/LSW/lsInfoP.do?lsiSeq=271109&efYd=20250719
2025-09-10 23:51:51,854 - INFO - [scripts.law.logic.scraper] - 로딩 마스크가 나타나기를 기다리는 중...
2025-09-10 23:51:51,878 - INFO - [scripts.law.logic.scraper] - 로딩 마스크가 사라지기를 기다리는 중...
2025-09-10 23:51:52,670 - INFO - [scripts.law.logic.scraper] - 페이지 최종 렌더링을 잠시 대기합니다...
2025-09-10 23:51:53,673 - INFO - [scripts.law.logic.scraper] - 페이지 HTML 컨텐츠를 가져오는 중...
2025-09-10 23:51:53,705 - INFO - [scripts.law.logic.scraper] - 데이터 파싱 중...
2025-09-10 23:51:53,796 - INFO - [scripts.law.logic.scraper] - 데이터 1건을 '/Users/woong/Roeum/roeum-crawler/data/raw/law/1352000/기초연금법 시행규칙_document.jsonl' 파일로 성공적으로 저장했습니다.
2025-09-10 23:51:53,796 - INFO - [scripts.law.logic.scraper] - 데이터 18건을 '/Users/woong/Roeum/roeum-crawler/data/raw/law/1352000/기초연금법 시행규칙_chunks.jsonl' 파일로 성공적으로 저장했습니다.
2025-09-10 23:51:53,819 - INFO - [__main__] - 상세 페이지 스크레이퍼 완료: 기초연금법 시행규칙
2025-09-10 23:51:55,032 - INFO - [__main__] - 상세 페이지 스크레이퍼 실행: https://www.law.go.kr/LSW/lsInfoP.do?lsiSeq=271005&efYd=20250719
2025-09-10 23:51:55,371 - INFO - [scripts.law.logic.scraper] - 페이지로 이동 중: https://www.law.go.kr/LSW/lsInfoP.do?lsiSeq=271005&efYd=20250719
2025-09-10 23:51:55,981 - INFO - [scripts.law.logic.scraper] - 로딩 마스크가 나타나기를 기다리는 중...
2025-09-10 23:51:56,003 - INFO - [scripts.law.logic.scraper] - 로딩 마스크가 사라지기를 기다리는 중...
2025-09-10 23:51:56,310 - INFO - [scripts.law.logic.scraper] - 페이지 최종 렌더링을 잠시 대기합니다...
2025-09-10 23:51:57,317 - INFO - [scripts.law.logic.scraper] - 페이지 HTML 컨텐츠를 가져오는 중...
2025-09-10 23:51:57,353 - INFO - [scripts.law.logic.scraper] - 데이터 파싱 중...
2025-09-10 23:51:57,515 - INFO - [scripts.law.logic.scraper] - 데이터 1건을 '/Users/woong/Roeum/roeum-crawler/data/raw/law/1352000/사회보장급여의 이용ㆍ제공 및 수급권자 발굴에 관한 법률 시행령_document.jsonl' 파일로 성공적으로 저장했습니다.
2025-09-10 23:51:57,516 - INFO - [scripts.law.logic.scraper] - 데이터 33건을 '/Users/woong/Roeum/roeum-crawler/data/raw/law/1352000/사회보장급여의 이용ㆍ제공 및 수급권자 발굴에 관한 법률 시행령_chunks.jsonl' 파일로 성공적으로 저장했습니다.
2025-09-10 23:51:57,554 - INFO - [__main__] - 상세 페이지 스크레이퍼 완료: 사회보장급여의 이용ㆍ제공 및 수급권자 발굴에 관한 법률 시행령
2025-09-10 23:51:58,785 - INFO - [__main__] - 상세 페이지 스크레이퍼 실행: https://www.law.go.kr/LSW/lsInfoP.do?lsiSeq=272591&efYd=20250623
2025-09-10 23:51:59,154 - INFO - [scripts.law.logic.scraper] - 페이지로 이동 중: https://www.law.go.kr/LSW/lsInfoP.do?lsiSeq=272591&efYd=20250623
2025-09-10 23:51:59,852 - INFO - [scripts.law.logic.scraper] - 로딩 마스크가 나타나기를 기다리는 중...
2025-09-10 23:51:59,872 - INFO - [scripts.law.logic.scraper] - 로딩 마스크가 사라지기를 기다리는 중...
2025-09-10 23:52:00,664 - INFO - [scripts.law.logic.scraper] - 페이지 최종 렌더링을 잠시 대기합니다...
2025-09-10 23:52:01,667 - INFO - [scripts.law.logic.scraper] - 페이지 HTML 컨텐츠를 가져오는 중...
2025-09-10 23:52:01,724 - INFO - [scripts.law.logic.scraper] - 데이터 파싱 중...
2025-09-10 23:52:02,361 - INFO - [scripts.law.logic.scraper] - 데이터 1건을 '/Users/woong/Roeum/roeum-crawler/data/raw/law/1352000/보건복지부와 그 소속기관 직제 시행규칙_document.jsonl' 파일로 성공적으로 저장했습니다.
2025-09-10 23:52:02,362 - INFO - [scripts.law.logic.scraper] - 데이터 56건을 '/Users/woong/Roeum/roeum-crawler/data/raw/law/1352000/보건복지부와 그 소속기관 직제 시행규칙_chunks.jsonl' 파일로 성공적으로 저장했습니다.
2025-09-10 23:52:02,416 - INFO - [__main__] - 상세 페이지 스크레이퍼 완료: 보건복지부와 그 소속기관 직제 시행규칙
2025-09-10 23:52:03,684 - INFO - [__main__] - 상세 페이지 스크레이퍼 실행: https://www.law.go.kr/LSW/lsInfoP.do?lsiSeq=266647&efYd=20250604
2025-09-10 23:52:04,048 - INFO - [scripts.law.logic.scraper] - 페이지로 이동 중: https://www.law.go.kr/LSW/lsInfoP.do?lsiSeq=266647&efYd=20250604
2025-09-10 23:52:04,642 - INFO - [scripts.law.logic.scraper] - 로딩 마스크가 나타나기를 기다리는 중...
2025-09-10 23:52:04,662 - INFO - [scripts.law.logic.scraper] - 로딩 마스크가 사라지기를 기다리는 중...
2025-09-10 23:52:04,995 - INFO - [scripts.law.logic.scraper] - 페이지 최종 렌더링을 잠시 대기합니다...
2025-09-10 23:52:06,003 - INFO - [scripts.law.logic.scraper] - 페이지 HTML 컨텐츠를 가져오는 중...
2025-09-10 23:52:06,019 - INFO - [scripts.law.logic.scraper] - 데이터 파싱 중...
2025-09-10 23:52:06,094 - INFO - [scripts.law.logic.scraper] - 데이터 1건을 '/Users/woong/Roeum/roeum-crawler/data/raw/law/1352000/희귀질환관리법_document.jsonl' 파일로 성공적으로 저장했습니다.
2025-09-10 23:52:06,094 - INFO - [scripts.law.logic.scraper] - 데이터 26건을 '/Users/woong/Roeum/roeum-crawler/data/raw/law/1352000/희귀질환관리법_chunks.jsonl' 파일로 성공적으로 저장했습니다.
2025-09-10 23:52:06,129 - INFO - [__main__] - 상세 페이지 스크레이퍼 완료: 희귀질환관리법
2025-09-10 23:52:07,330 - INFO - [__main__] - 상세 페이지 스크레이퍼 실행: https://www.law.go.kr/LSW/lsInfoP.do?lsiSeq=265147&efYd=20240904
2025-09-10 23:52:07,697 - INFO - [scripts.law.logic.scraper] - 페이지로 이동 중: https://www.law.go.kr/LSW/lsInfoP.do?lsiSeq=265147&efYd=20240904
2025-09-10 23:52:08,334 - INFO - [scripts.law.logic.scraper] - 로딩 마스크가 나타나기를 기다리는 중...
2025-09-10 23:52:08,357 - INFO - [scripts.law.logic.scraper] - 로딩 마스크가 사라지기를 기다리는 중...
2025-09-10 23:52:08,398 - INFO - [scripts.law.logic.scraper] - 페이지 최종 렌더링을 잠시 대기합니다...
2025-09-10 23:52:09,403 - INFO - [scripts.law.logic.scraper] - 페이지 HTML 컨텐츠를 가져오는 중...
2025-09-10 23:52:09,412 - INFO - [scripts.law.logic.scraper] - 데이터 파싱 중...
2025-09-10 23:52:09,436 - INFO - [scripts.law.logic.scraper] - 데이터 1건을 '/Users/woong/Roeum/roeum-crawler/data/raw/law/1352000/마약류 중독자 치료보호 등에 관한 규칙_document.jsonl' 파일로 성공적으로 저장했습니다.
2025-09-10 23:52:09,437 - INFO - [scripts.law.logic.scraper] - 데이터 3건을 '/Users/woong/Roeum/roeum-crawler/data/raw/law/1352000/마약류 중독자 치료보호 등에 관한 규칙_chunks.jsonl' 파일로 성공적으로 저장했습니다.
2025-09-10 23:52:09,461 - INFO - [__main__] - 상세 페이지 스크레이퍼 완료: 마약류 중독자 치료보호 등에 관한 규칙
2025-09-10 23:52:10,805 - INFO - [__main__] - 상세 페이지 스크레이퍼 실행: https://www.law.go.kr/LSW/lsInfoP.do?lsiSeq=259851&efYd=20240807
2025-09-10 23:52:11,192 - INFO - [scripts.law.logic.scraper] - 페이지로 이동 중: https://www.law.go.kr/LSW/lsInfoP.do?lsiSeq=259851&efYd=20240807
2025-09-10 23:52:11,828 - INFO - [scripts.law.logic.scraper] - 로딩 마스크가 나타나기를 기다리는 중...
2025-09-10 23:52:11,852 - INFO - [scripts.law.logic.scraper] - 로딩 마스크가 사라지기를 기다리는 중...
2025-09-10 23:52:11,934 - INFO - [scripts.law.logic.scraper] - 페이지 최종 렌더링을 잠시 대기합니다...
2025-09-10 23:52:12,937 - INFO - [scripts.law.logic.scraper] - 페이지 HTML 컨텐츠를 가져오는 중...
2025-09-10 23:52:12,960 - INFO - [scripts.law.logic.scraper] - 데이터 파싱 중...
2025-09-10 23:52:13,032 - INFO - [scripts.law.logic.scraper] - 데이터 1건을 '/Users/woong/Roeum/roeum-crawler/data/raw/law/1352000/한의약 육성법_document.jsonl' 파일로 성공적으로 저장했습니다.
2025-09-10 23:52:13,033 - INFO - [scripts.law.logic.scraper] - 데이터 18건을 '/Users/woong/Roeum/roeum-crawler/data/raw/law/1352000/한의약 육성법_chunks.jsonl' 파일로 성공적으로 저장했습니다.
2025-09-10 23:52:13,055 - INFO - [__main__] - 상세 페이지 스크레이퍼 완료: 한의약 육성법
2025-09-10 23:52:14,281 - INFO - [__main__] - 상세 페이지 스크레이퍼 실행: https://www.law.go.kr/LSW/lsInfoP.do?lsiSeq=264525&efYd=20240730
2025-09-10 23:52:14,619 - INFO - [scripts.law.logic.scraper] - 페이지로 이동 중: https://www.law.go.kr/LSW/lsInfoP.do?lsiSeq=264525&efYd=20240730
2025-09-10 23:52:15,274 - INFO - [scripts.law.logic.scraper] - 로딩 마스크가 나타나기를 기다리는 중...
2025-09-10 23:52:15,293 - INFO - [scripts.law.logic.scraper] - 로딩 마스크가 사라지기를 기다리는 중...
2025-09-10 23:52:15,349 - INFO - [scripts.law.logic.scraper] - 페이지 최종 렌더링을 잠시 대기합니다...
2025-09-10 23:52:16,351 - INFO - [scripts.law.logic.scraper] - 페이지 HTML 컨텐츠를 가져오는 중...
2025-09-10 23:52:16,365 - INFO - [scripts.law.logic.scraper] - 데이터 파싱 중...
2025-09-10 23:52:16,443 - INFO - [scripts.law.logic.scraper] - 데이터 1건을 '/Users/woong/Roeum/roeum-crawler/data/raw/law/1352000/재난적의료비 지원에 관한 법률 시행규칙_document.jsonl' 파일로 성공적으로 저장했습니다.
2025-09-10 23:52:16,443 - INFO - [scripts.law.logic.scraper] - 데이터 12건을 '/Users/woong/Roeum/roeum-crawler/data/raw/law/1352000/재난적의료비 지원에 관한 법률 시행규칙_chunks.jsonl' 파일로 성공적으로 저장했습니다.
2025-09-10 23:52:16,482 - INFO - [__main__] - 상세 페이지 스크레이퍼 완료: 재난적의료비 지원에 관한 법률 시행규칙
2025-09-10 23:52:17,727 - INFO - [__main__] - 상세 페이지 스크레이퍼 실행: https://www.law.go.kr/LSW/lsInfoP.do?lsiSeq=263819&efYd=20240703
2025-09-10 23:52:18,141 - INFO - [scripts.law.logic.scraper] - 페이지로 이동 중: https://www.law.go.kr/LSW/lsInfoP.do?lsiSeq=263819&efYd=20240703
2025-09-10 23:52:18,814 - INFO - [scripts.law.logic.scraper] - 로딩 마스크가 나타나기를 기다리는 중...
2025-09-10 23:52:18,847 - INFO - [scripts.law.logic.scraper] - 로딩 마스크가 사라지기를 기다리는 중...
2025-09-10 23:52:18,909 - INFO - [scripts.law.logic.scraper] - 페이지 최종 렌더링을 잠시 대기합니다...
2025-09-10 23:52:19,913 - INFO - [scripts.law.logic.scraper] - 페이지 HTML 컨텐츠를 가져오는 중...
2025-09-10 23:52:19,927 - INFO - [scripts.law.logic.scraper] - 데이터 파싱 중...
2025-09-10 23:52:20,001 - INFO - [scripts.law.logic.scraper] - 데이터 1건을 '/Users/woong/Roeum/roeum-crawler/data/raw/law/1352000/사회보장급여의 이용ㆍ제공 및 수급권자 발굴에 관한 법률 시행규칙_document.jsonl' 파일로 성공적으로 저장했습니다.
2025-09-10 23:52:20,001 - INFO - [scripts.law.logic.scraper] - 데이터 22건을 '/Users/woong/Roeum/roeum-crawler/data/raw/law/1352000/사회보장급여의 이용ㆍ제공 및 수급권자 발굴에 관한 법률 시행규칙_chunks.jsonl' 파일로 성공적으로 저장했습니다.
2025-09-10 23:52:20,025 - INFO - [__main__] - 상세 페이지 스크레이퍼 완료: 사회보장급여의 이용ㆍ제공 및 수급권자 발굴에 관한 법률 시행규칙
2025-09-10 23:52:21,235 - INFO - [__main__] - 상세 페이지 스크레이퍼 실행: https://www.law.go.kr/LSW/lsInfoP.do?lsiSeq=261129&efYd=20240319
2025-09-10 23:52:21,592 - INFO - [scripts.law.logic.scraper] - 페이지로 이동 중: https://www.law.go.kr/LSW/lsInfoP.do?lsiSeq=261129&efYd=20240319
2025-09-10 23:52:22,272 - INFO - [scripts.law.logic.scraper] - 로딩 마스크가 나타나기를 기다리는 중...
2025-09-10 23:52:22,294 - INFO - [scripts.law.logic.scraper] - 로딩 마스크가 사라지기를 기다리는 중...
2025-09-10 23:52:22,583 - INFO - [scripts.law.logic.scraper] - 페이지 최종 렌더링을 잠시 대기합니다...
2025-09-10 23:52:23,586 - INFO - [scripts.law.logic.scraper] - 페이지 HTML 컨텐츠를 가져오는 중...
2025-09-10 23:52:23,603 - INFO - [scripts.law.logic.scraper] - 데이터 파싱 중...
2025-09-10 23:52:23,718 - INFO - [scripts.law.logic.scraper] - 데이터 1건을 '/Users/woong/Roeum/roeum-crawler/data/raw/law/1352000/인체조직안전 및 관리 등에 관한 법률_document.jsonl' 파일로 성공적으로 저장했습니다.
2025-09-10 23:52:23,719 - INFO - [scripts.law.logic.scraper] - 데이터 56건을 '/Users/woong/Roeum/roeum-crawler/data/raw/law/1352000/인체조직안전 및 관리 등에 관한 법률_chunks.jsonl' 파일로 성공적으로 저장했습니다.
2025-09-10 23:52:23,743 - INFO - [__main__] - 상세 페이지 스크레이퍼 완료: 인체조직안전 및 관리 등에 관한 법률
2025-09-10 23:52:24,972 - INFO - [__main__] - 상세 페이지 스크레이퍼 실행: https://www.law.go.kr/LSW/lsInfoP.do?lsiSeq=256195&efYd=20231117
2025-09-10 23:52:25,301 - INFO - [scripts.law.logic.scraper] - 페이지로 이동 중: https://www.law.go.kr/LSW/lsInfoP.do?lsiSeq=256195&efYd=20231117
2025-09-10 23:52:25,907 - INFO - [scripts.law.logic.scraper] - 로딩 마스크가 나타나기를 기다리는 중...
2025-09-10 23:52:25,926 - INFO - [scripts.law.logic.scraper] - 로딩 마스크가 사라지기를 기다리는 중...
2025-09-10 23:52:26,212 - INFO - [scripts.law.logic.scraper] - 페이지 최종 렌더링을 잠시 대기합니다...
2025-09-10 23:52:27,216 - INFO - [scripts.law.logic.scraper] - 페이지 HTML 컨텐츠를 가져오는 중...
2025-09-10 23:52:27,236 - INFO - [scripts.law.logic.scraper] - 데이터 파싱 중...
2025-09-10 23:52:27,286 - INFO - [scripts.law.logic.scraper] - 데이터 1건을 '/Users/woong/Roeum/roeum-crawler/data/raw/law/1352000/의사의 조건부 면허에 관한 규칙_document.jsonl' 파일로 성공적으로 저장했습니다.
2025-09-10 23:52:27,286 - INFO - [scripts.law.logic.scraper] - 데이터 8건을 '/Users/woong/Roeum/roeum-crawler/data/raw/law/1352000/의사의 조건부 면허에 관한 규칙_chunks.jsonl' 파일로 성공적으로 저장했습니다.
2025-09-10 23:52:27,309 - INFO - [__main__] - 상세 페이지 스크레이퍼 완료: 의사의 조건부 면허에 관한 규칙
2025-09-10 23:52:28,521 - INFO - [__main__] - 상세 페이지 스크레이퍼 실행: https://www.law.go.kr/LSW/lsInfoP.do?lsiSeq=249317&efYd=20230929
2025-09-10 23:52:28,847 - INFO - [scripts.law.logic.scraper] - 페이지로 이동 중: https://www.law.go.kr/LSW/lsInfoP.do?lsiSeq=249317&efYd=20230929
2025-09-10 23:52:29,483 - INFO - [scripts.law.logic.scraper] - 로딩 마스크가 나타나기를 기다리는 중...
2025-09-10 23:52:29,502 - INFO - [scripts.law.logic.scraper] - 로딩 마스크가 사라지기를 기다리는 중...
2025-09-10 23:52:29,685 - INFO - [scripts.law.logic.scraper] - 페이지 최종 렌더링을 잠시 대기합니다...
2025-09-10 23:52:30,688 - INFO - [scripts.law.logic.scraper] - 페이지 HTML 컨텐츠를 가져오는 중...
2025-09-10 23:52:30,706 - INFO - [scripts.law.logic.scraper] - 데이터 파싱 중...
2025-09-10 23:52:30,773 - INFO - [scripts.law.logic.scraper] - 데이터 1건을 '/Users/woong/Roeum/roeum-crawler/data/raw/law/1352000/재난적의료비 지원에 관한 법률_document.jsonl' 파일로 성공적으로 저장했습니다.
2025-09-10 23:52:30,774 - INFO - [scripts.law.logic.scraper] - 데이터 30건을 '/Users/woong/Roeum/roeum-crawler/data/raw/law/1352000/재난적의료비 지원에 관한 법률_chunks.jsonl' 파일로 성공적으로 저장했습니다.
2025-09-10 23:52:30,795 - INFO - [__main__] - 상세 페이지 스크레이퍼 완료: 재난적의료비 지원에 관한 법률
2025-09-10 23:52:32,015 - INFO - [__main__] - 상세 페이지 스크레이퍼 실행: https://www.law.go.kr/LSW/lsInfoP.do?lsiSeq=252857&efYd=20230717
2025-09-10 23:52:32,349 - INFO - [scripts.law.logic.scraper] - 페이지로 이동 중: https://www.law.go.kr/LSW/lsInfoP.do?lsiSeq=252857&efYd=20230717
2025-09-10 23:52:32,985 - INFO - [scripts.law.logic.scraper] - 로딩 마스크가 나타나기를 기다리는 중...
2025-09-10 23:52:33,016 - INFO - [scripts.law.logic.scraper] - 로딩 마스크가 사라지기를 기다리는 중...
2025-09-10 23:52:33,303 - INFO - [scripts.law.logic.scraper] - 페이지 최종 렌더링을 잠시 대기합니다...
2025-09-10 23:52:34,306 - INFO - [scripts.law.logic.scraper] - 페이지 HTML 컨텐츠를 가져오는 중...
2025-09-10 23:52:34,327 - INFO - [scripts.law.logic.scraper] - 데이터 파싱 중...
2025-09-10 23:52:34,382 - INFO - [scripts.law.logic.scraper] - 데이터 1건을 '/Users/woong/Roeum/roeum-crawler/data/raw/law/1352000/전문약사의 자격 인정 등에 관한 규칙_document.jsonl' 파일로 성공적으로 저장했습니다.
2025-09-10 23:52:34,382 - INFO - [scripts.law.logic.scraper] - 데이터 12건을 '/Users/woong/Roeum/roeum-crawler/data/raw/law/1352000/전문약사의 자격 인정 등에 관한 규칙_chunks.jsonl' 파일로 성공적으로 저장했습니다.
2025-09-10 23:52:34,406 - INFO - [__main__] - 상세 페이지 스크레이퍼 완료: 전문약사의 자격 인정 등에 관한 규칙
2025-09-10 23:52:35,631 - INFO - [__main__] - 상세 페이지 스크레이퍼 실행: https://www.law.go.kr/LSW/lsInfoP.do?lsiSeq=246337&efYd=20221220
2025-09-10 23:52:35,969 - INFO - [scripts.law.logic.scraper] - 페이지로 이동 중: https://www.law.go.kr/LSW/lsInfoP.do?lsiSeq=246337&efYd=20221220
2025-09-10 23:52:36,655 - INFO - [scripts.law.logic.scraper] - 로딩 마스크가 나타나기를 기다리는 중...
2025-09-10 23:52:36,674 - INFO - [scripts.law.logic.scraper] - 로딩 마스크가 사라지기를 기다리는 중...
2025-09-10 23:52:37,461 - INFO - [scripts.law.logic.scraper] - 페이지 최종 렌더링을 잠시 대기합니다...
2025-09-10 23:52:38,466 - INFO - [scripts.law.logic.scraper] - 페이지 HTML 컨텐츠를 가져오는 중...
2025-09-10 23:52:38,494 - INFO - [scripts.law.logic.scraper] - 데이터 파싱 중...
2025-09-10 23:52:38,567 - INFO - [scripts.law.logic.scraper] - 데이터 1건을 '/Users/woong/Roeum/roeum-crawler/data/raw/law/1352000/환자안전법 시행령_document.jsonl' 파일로 성공적으로 저장했습니다.
2025-09-10 23:52:38,568 - INFO - [scripts.law.logic.scraper] - 데이터 15건을 '/Users/woong/Roeum/roeum-crawler/data/raw/law/1352000/환자안전법 시행령_chunks.jsonl' 파일로 성공적으로 저장했습니다.
2025-09-10 23:52:38,591 - INFO - [__main__] - 상세 페이지 스크레이퍼 완료: 환자안전법 시행령
2025-09-10 23:52:39,806 - INFO - [__main__] - 상세 페이지 스크레이퍼 실행: https://www.law.go.kr/LSW/lsInfoP.do?lsiSeq=243313&efYd=20220622
2025-09-10 23:52:40,152 - INFO - [scripts.law.logic.scraper] - 페이지로 이동 중: https://www.law.go.kr/LSW/lsInfoP.do?lsiSeq=243313&efYd=20220622
2025-09-10 23:52:40,748 - INFO - [scripts.law.logic.scraper] - 로딩 마스크가 나타나기를 기다리는 중...
2025-09-10 23:52:40,770 - INFO - [scripts.law.logic.scraper] - 로딩 마스크가 사라지기를 기다리는 중...
2025-09-10 23:52:40,986 - INFO - [scripts.law.logic.scraper] - 페이지 최종 렌더링을 잠시 대기합니다...
2025-09-10 23:52:41,989 - INFO - [scripts.law.logic.scraper] - 페이지 HTML 컨텐츠를 가져오는 중...
2025-09-10 23:52:42,010 - INFO - [scripts.law.logic.scraper] - 데이터 파싱 중...
2025-09-10 23:52:42,078 - INFO - [scripts.law.logic.scraper] - 데이터 1건을 '/Users/woong/Roeum/roeum-crawler/data/raw/law/1352000/노후준비 지원법 시행규칙_document.jsonl' 파일로 성공적으로 저장했습니다.
2025-09-10 23:52:42,079 - INFO - [scripts.law.logic.scraper] - 데이터 9건을 '/Users/woong/Roeum/roeum-crawler/data/raw/law/1352000/노후준비 지원법 시행규칙_chunks.jsonl' 파일로 성공적으로 저장했습니다.
2025-09-10 23:52:42,101 - INFO - [__main__] - 상세 페이지 스크레이퍼 완료: 노후준비 지원법 시행규칙
2025-09-10 23:52:43,308 - INFO - [__main__] - 상세 페이지 스크레이퍼 실행: https://www.law.go.kr/LSW/lsInfoP.do?lsiSeq=240351&efYd=20220218
2025-09-10 23:52:43,661 - INFO - [scripts.law.logic.scraper] - 페이지로 이동 중: https://www.law.go.kr/LSW/lsInfoP.do?lsiSeq=240351&efYd=20220218
2025-09-10 23:52:44,211 - INFO - [scripts.law.logic.scraper] - 로딩 마스크가 나타나기를 기다리는 중...
2025-09-10 23:52:44,230 - INFO - [scripts.law.logic.scraper] - 로딩 마스크가 사라지기를 기다리는 중...
2025-09-10 23:52:44,415 - INFO - [scripts.law.logic.scraper] - 페이지 최종 렌더링을 잠시 대기합니다...
2025-09-10 23:52:45,418 - INFO - [scripts.law.logic.scraper] - 페이지 HTML 컨텐츠를 가져오는 중...
2025-09-10 23:52:45,441 - INFO - [scripts.law.logic.scraper] - 데이터 파싱 중...
2025-09-10 23:52:45,513 - INFO - [scripts.law.logic.scraper] - 데이터 1건을 '/Users/woong/Roeum/roeum-crawler/data/raw/law/1352000/국민연금과 직역연금의 연계에 관한 법률 시행령_document.jsonl' 파일로 성공적으로 저장했습니다.
2025-09-10 23:52:45,513 - INFO - [scripts.law.logic.scraper] - 데이터 19건을 '/Users/woong/Roeum/roeum-crawler/data/raw/law/1352000/국민연금과 직역연금의 연계에 관한 법률 시행령_chunks.jsonl' 파일로 성공적으로 저장했습니다.
2025-09-10 23:52:45,534 - INFO - [__main__] - 상세 페이지 스크레이퍼 완료: 국민연금과 직역연금의 연계에 관한 법률 시행령
2025-09-10 23:52:46,749 - INFO - [__main__] - 상세 페이지 스크레이퍼 실행: https://www.law.go.kr/LSW/lsInfoP.do?lsiSeq=231533&efYd=20210409
2025-09-10 23:52:47,075 - INFO - [scripts.law.logic.scraper] - 페이지로 이동 중: https://www.law.go.kr/LSW/lsInfoP.do?lsiSeq=231533&efYd=20210409
2025-09-10 23:52:47,756 - INFO - [scripts.law.logic.scraper] - 로딩 마스크가 나타나기를 기다리는 중...
2025-09-10 23:52:47,776 - INFO - [scripts.law.logic.scraper] - 로딩 마스크가 사라지기를 기다리는 중...
2025-09-10 23:52:47,861 - INFO - [scripts.law.logic.scraper] - 페이지 최종 렌더링을 잠시 대기합니다...
2025-09-10 23:52:48,868 - INFO - [scripts.law.logic.scraper] - 페이지 HTML 컨텐츠를 가져오는 중...
2025-09-10 23:52:48,888 - INFO - [scripts.law.logic.scraper] - 데이터 파싱 중...
2025-09-10 23:52:48,945 - INFO - [scripts.law.logic.scraper] - 데이터 1건을 '/Users/woong/Roeum/roeum-crawler/data/raw/law/1352000/시체 해부 및 보존 등에 관한 법률 시행규칙_document.jsonl' 파일로 성공적으로 저장했습니다.
2025-09-10 23:52:48,945 - INFO - [scripts.law.logic.scraper] - 데이터 10건을 '/Users/woong/Roeum/roeum-crawler/data/raw/law/1352000/시체 해부 및 보존 등에 관한 법률 시행규칙_chunks.jsonl' 파일로 성공적으로 저장했습니다.
2025-09-10 23:52:48,966 - INFO - [__main__] - 상세 페이지 스크레이퍼 완료: 시체 해부 및 보존 등에 관한 법률 시행규칙
2025-09-10 23:52:50,185 - INFO - [__main__] - 상세 페이지 스크레이퍼 실행: https://www.law.go.kr/LSW/lsInfoP.do?lsiSeq=218455&efYd=20200527
2025-09-10 23:52:50,524 - INFO - [scripts.law.logic.scraper] - 페이지로 이동 중: https://www.law.go.kr/LSW/lsInfoP.do?lsiSeq=218455&efYd=20200527
2025-09-10 23:52:51,179 - INFO - [scripts.law.logic.scraper] - 로딩 마스크가 나타나기를 기다리는 중...
2025-09-10 23:52:51,199 - INFO - [scripts.law.logic.scraper] - 로딩 마스크가 사라지기를 기다리는 중...
2025-09-10 23:52:51,383 - INFO - [scripts.law.logic.scraper] - 페이지 최종 렌더링을 잠시 대기합니다...
2025-09-10 23:52:52,385 - INFO - [scripts.law.logic.scraper] - 페이지 HTML 컨텐츠를 가져오는 중...
2025-09-10 23:52:52,397 - INFO - [scripts.law.logic.scraper] - 데이터 파싱 중...
2025-09-10 23:52:52,443 - INFO - [scripts.law.logic.scraper] - 데이터 1건을 '/Users/woong/Roeum/roeum-crawler/data/raw/law/1352000/중증장애인생산품 우선구매 특별법 시행규칙_document.jsonl' 파일로 성공적으로 저장했습니다.
2025-09-10 23:52:52,444 - INFO - [scripts.law.logic.scraper] - 데이터 9건을 '/Users/woong/Roeum/roeum-crawler/data/raw/law/1352000/중증장애인생산품 우선구매 특별법 시행규칙_chunks.jsonl' 파일로 성공적으로 저장했습니다.
2025-09-10 23:52:52,465 - INFO - [__main__] - 상세 페이지 스크레이퍼 완료: 중증장애인생산품 우선구매 특별법 시행규칙
2025-09-10 23:52:53,699 - INFO - [__main__] - 상세 페이지 스크레이퍼 실행: https://www.law.go.kr/LSW/lsInfoP.do?lsiSeq=184833&efYd=20160804
2025-09-10 23:52:54,057 - INFO - [scripts.law.logic.scraper] - 페이지로 이동 중: https://www.law.go.kr/LSW/lsInfoP.do?lsiSeq=184833&efYd=20160804
2025-09-10 23:52:54,666 - INFO - [scripts.law.logic.scraper] - 로딩 마스크가 나타나기를 기다리는 중...
2025-09-10 23:52:54,686 - INFO - [scripts.law.logic.scraper] - 로딩 마스크가 사라지기를 기다리는 중...
2025-09-10 23:52:54,715 - INFO - [scripts.law.logic.scraper] - 페이지 최종 렌더링을 잠시 대기합니다...
2025-09-10 23:52:55,718 - INFO - [scripts.law.logic.scraper] - 페이지 HTML 컨텐츠를 가져오는 중...
2025-09-10 23:52:55,734 - INFO - [scripts.law.logic.scraper] - 데이터 파싱 중...
2025-09-10 23:52:55,775 - INFO - [scripts.law.logic.scraper] - 데이터 1건을 '/Users/woong/Roeum/roeum-crawler/data/raw/law/1352000/대한노인회 지원에 관한 법률 시행규칙_document.jsonl' 파일로 성공적으로 저장했습니다.
2025-09-10 23:52:55,775 - INFO - [scripts.law.logic.scraper] - 데이터 2건을 '/Users/woong/Roeum/roeum-crawler/data/raw/law/1352000/대한노인회 지원에 관한 법률 시행규칙_chunks.jsonl' 파일로 성공적으로 저장했습니다.
2025-09-10 23:52:55,800 - INFO - [__main__] - 상세 페이지 스크레이퍼 완료: 대한노인회 지원에 관한 법률 시행규칙
2025-09-10 23:52:57,019 - INFO - [__main__] - 상세 페이지 스크레이퍼 실행: https://www.law.go.kr/LSW/lsInfoP.do?lsiSeq=270367&efYd=20260402
2025-09-10 23:52:57,355 - INFO - [scripts.law.logic.scraper] - 페이지로 이동 중: https://www.law.go.kr/LSW/lsInfoP.do?lsiSeq=270367&efYd=20260402
2025-09-10 23:52:57,984 - INFO - [scripts.law.logic.scraper] - 로딩 마스크가 나타나기를 기다리는 중...
2025-09-10 23:52:58,036 - INFO - [scripts.law.logic.scraper] - 로딩 마스크가 사라지기를 기다리는 중...
2025-09-10 23:52:58,136 - INFO - [scripts.law.logic.scraper] - 페이지 최종 렌더링을 잠시 대기합니다...
2025-09-10 23:52:59,139 - INFO - [scripts.law.logic.scraper] - 페이지 HTML 컨텐츠를 가져오는 중...
2025-09-10 23:52:59,164 - INFO - [scripts.law.logic.scraper] - 데이터 파싱 중...
2025-09-10 23:52:59,258 - INFO - [scripts.law.logic.scraper] - 데이터 1건을 '/Users/woong/Roeum/roeum-crawler/data/raw/law/1352000/발달장애인 권리보장 및 지원에 관한 법률_document.jsonl' 파일로 성공적으로 저장했습니다.
2025-09-10 23:52:59,259 - INFO - [scripts.law.logic.scraper] - 데이터 49건을 '/Users/woong/Roeum/roeum-crawler/data/raw/law/1352000/발달장애인 권리보장 및 지원에 관한 법률_chunks.jsonl' 파일로 성공적으로 저장했습니다.
2025-09-10 23:52:59,280 - INFO - [__main__] - 상세 페이지 스크레이퍼 완료: 발달장애인 권리보장 및 지원에 관한 법률
2025-09-10 23:53:00,498 - INFO - [__main__] - 상세 페이지 스크레이퍼 실행: https://www.law.go.kr/LSW/lsInfoP.do?lsiSeq=261447&efYd=20260327
2025-09-10 23:53:00,847 - INFO - [scripts.law.logic.scraper] - 페이지로 이동 중: https://www.law.go.kr/LSW/lsInfoP.do?lsiSeq=261447&efYd=20260327
2025-09-10 23:53:08,701 - ERROR - [scripts.law.logic.scraper] - 스크레이핑 중 에러 발생: Page.goto: net::ERR_CONNECTION_TIMED_OUT at https://www.law.go.kr/LSW/lsInfoP.do?lsiSeq=261447&efYd=20260327
Call log:
navigating to "https://www.law.go.kr/LSW/lsInfoP.do?lsiSeq=261447&efYd=20260327", waiting until "domcontentloaded"
Traceback (most recent call last):
  File "/Users/woong/Roeum/roeum-crawler/scripts/law/logic/scraper.py", line 88, in scrape_and_save
    await page.goto(url, wait_until='domcontentloaded', timeout=60000)
  File "/Users/woong/Roeum/roeum-crawler/.venv/lib/python3.11/site-packages/playwright/async_api/_generated.py", line 8805, in goto
    await self._impl_obj.goto(
  File "/Users/woong/Roeum/roeum-crawler/.venv/lib/python3.11/site-packages/playwright/_impl/_page.py", line 524, in goto
    return await self._main_frame.goto(**locals_to_params(locals()))
           ^^^^^^^^^^^^^^^^^^^^^^^^^^^^^^^^^^^^^^^^^^^^^^^^^^^^^^^^^
  File "/Users/woong/Roeum/roeum-crawler/.venv/lib/python3.11/site-packages/playwright/_impl/_frame.py", line 145, in goto
    await self._channel.send("goto", locals_to_params(locals()))
  File "/Users/woong/Roeum/roeum-crawler/.venv/lib/python3.11/site-packages/playwright/_impl/_connection.py", line 59, in send
    return await self._connection.wrap_api_call(
           ^^^^^^^^^^^^^^^^^^^^^^^^^^^^^^^^^^^^^
  File "/Users/woong/Roeum/roeum-crawler/.venv/lib/python3.11/site-packages/playwright/_impl/_connection.py", line 514, in wrap_api_call
    raise rewrite_error(error, f"{parsed_st['apiName']}: {error}") from None
playwright._impl._errors.Error: Page.goto: net::ERR_CONNECTION_TIMED_OUT at https://www.law.go.kr/LSW/lsInfoP.do?lsiSeq=261447&efYd=20260327
Call log:
navigating to "https://www.law.go.kr/LSW/lsInfoP.do?lsiSeq=261447&efYd=20260327", waiting until "domcontentloaded"

2025-09-10 23:53:08,833 - INFO - [scripts.law.logic.scraper] - 에러 발생 시점의 스크린샷: /Users/woong/Roeum/roeum-crawler/debug/의료ㆍ요양 등 지역 돌봄의 통합지원에 관한 법률_error.png
2025-09-10 23:53:08,833 - INFO - [scripts.law.logic.scraper] - 에러 발생 시점의 HTML: /Users/woong/Roeum/roeum-crawler/debug/의료ㆍ요양 등 지역 돌봄의 통합지원에 관한 법률_error.html
2025-09-10 23:53:08,852 - INFO - [__main__] - 상세 페이지 스크레이퍼 완료: 의료ㆍ요양 등 지역 돌봄의 통합지원에 관한 법률
2025-09-10 23:53:10,074 - INFO - [__main__] - 상세 페이지 스크레이퍼 실행: https://www.law.go.kr/LSW/lsInfoP.do?lsiSeq=270367&efYd=20251002
2025-09-10 23:53:10,433 - INFO - [scripts.law.logic.scraper] - 페이지로 이동 중: https://www.law.go.kr/LSW/lsInfoP.do?lsiSeq=270367&efYd=20251002
2025-09-10 23:53:11,498 - INFO - [scripts.law.logic.scraper] - 로딩 마스크가 나타나기를 기다리는 중...
2025-09-10 23:53:11,520 - INFO - [scripts.law.logic.scraper] - 로딩 마스크가 사라지기를 기다리는 중...
2025-09-10 23:53:11,705 - INFO - [scripts.law.logic.scraper] - 페이지 최종 렌더링을 잠시 대기합니다...
2025-09-10 23:53:12,709 - INFO - [scripts.law.logic.scraper] - 페이지 HTML 컨텐츠를 가져오는 중...
2025-09-10 23:53:12,741 - INFO - [scripts.law.logic.scraper] - 데이터 파싱 중...
2025-09-10 23:53:12,841 - INFO - [scripts.law.logic.scraper] - 데이터 1건을 '/Users/woong/Roeum/roeum-crawler/data/raw/law/1352000/발달장애인 권리보장 및 지원에 관한 법률_document.jsonl' 파일로 성공적으로 저장했습니다.
2025-09-10 23:53:12,841 - INFO - [scripts.law.logic.scraper] - 데이터 49건을 '/Users/woong/Roeum/roeum-crawler/data/raw/law/1352000/발달장애인 권리보장 및 지원에 관한 법률_chunks.jsonl' 파일로 성공적으로 저장했습니다.
2025-09-10 23:53:12,863 - INFO - [__main__] - 상세 페이지 스크레이퍼 완료: 발달장애인 권리보장 및 지원에 관한 법률
2025-09-10 23:53:14,074 - INFO - [__main__] - 상세 페이지 스크레이퍼 실행: https://www.law.go.kr/LSW/lsInfoP.do?lsiSeq=259905&efYd=20250807
2025-09-10 23:53:14,433 - INFO - [scripts.law.logic.scraper] - 페이지로 이동 중: https://www.law.go.kr/LSW/lsInfoP.do?lsiSeq=259905&efYd=20250807
2025-09-10 23:53:15,005 - INFO - [scripts.law.logic.scraper] - 로딩 마스크가 나타나기를 기다리는 중...
2025-09-10 23:53:15,025 - INFO - [scripts.law.logic.scraper] - 로딩 마스크가 사라지기를 기다리는 중...
2025-09-10 23:53:15,813 - INFO - [scripts.law.logic.scraper] - 페이지 최종 렌더링을 잠시 대기합니다...
2025-09-10 23:53:16,816 - INFO - [scripts.law.logic.scraper] - 페이지 HTML 컨텐츠를 가져오는 중...
2025-09-10 23:53:16,841 - INFO - [scripts.law.logic.scraper] - 데이터 파싱 중...
2025-09-10 23:53:16,909 - INFO - [scripts.law.logic.scraper] - 데이터 1건을 '/Users/woong/Roeum/roeum-crawler/data/raw/law/1352000/공중보건장학을 위한 특례법_document.jsonl' 파일로 성공적으로 저장했습니다.
2025-09-10 23:53:16,909 - INFO - [scripts.law.logic.scraper] - 데이터 14건을 '/Users/woong/Roeum/roeum-crawler/data/raw/law/1352000/공중보건장학을 위한 특례법_chunks.jsonl' 파일로 성공적으로 저장했습니다.
2025-09-10 23:53:16,932 - INFO - [__main__] - 상세 페이지 스크레이퍼 완료: 공중보건장학을 위한 특례법
2025-09-10 23:53:18,156 - INFO - [__main__] - 상세 페이지 스크레이퍼 실행: https://www.law.go.kr/LSW/lsInfoP.do?lsiSeq=273107&efYd=20250731
2025-09-10 23:53:18,495 - INFO - [scripts.law.logic.scraper] - 페이지로 이동 중: https://www.law.go.kr/LSW/lsInfoP.do?lsiSeq=273107&efYd=20250731
2025-09-10 23:53:19,085 - INFO - [scripts.law.logic.scraper] - 로딩 마스크가 나타나기를 기다리는 중...
2025-09-10 23:53:29,091 - WARNING - [scripts.law.logic.scraper] - 로딩 마스크가 감지되지 않았습니다. 페이지 로드가 완료된 것으로 간주하고 계속 진행합니다.
2025-09-10 23:53:29,092 - INFO - [scripts.law.logic.scraper] - 페이지 최종 렌더링을 잠시 대기합니다...
2025-09-10 23:53:30,096 - INFO - [scripts.law.logic.scraper] - 페이지 HTML 컨텐츠를 가져오는 중...
2025-09-10 23:53:30,112 - INFO - [scripts.law.logic.scraper] - 데이터 파싱 중...
2025-09-10 23:53:30,159 - INFO - [scripts.law.logic.scraper] - 데이터 1건을 '/Users/woong/Roeum/roeum-crawler/data/raw/law/1352000/보건의료인력 수급추계위원회 규칙_document.jsonl' 파일로 성공적으로 저장했습니다.
2025-09-10 23:53:30,159 - INFO - [scripts.law.logic.scraper] - 데이터 14건을 '/Users/woong/Roeum/roeum-crawler/data/raw/law/1352000/보건의료인력 수급추계위원회 규칙_chunks.jsonl' 파일로 성공적으로 저장했습니다.
2025-09-10 23:53:30,180 - INFO - [__main__] - 상세 페이지 스크레이퍼 완료: 보건의료인력 수급추계위원회 규칙
2025-09-10 23:53:31,462 - INFO - [__main__] - 상세 페이지 스크레이퍼 실행: https://www.law.go.kr/LSW/lsInfoP.do?lsiSeq=259527&efYd=20250731
2025-09-10 23:53:31,856 - INFO - [scripts.law.logic.scraper] - 페이지로 이동 중: https://www.law.go.kr/LSW/lsInfoP.do?lsiSeq=259527&efYd=20250731
2025-09-10 23:53:32,469 - INFO - [scripts.law.logic.scraper] - 로딩 마스크가 나타나기를 기다리는 중...
2025-09-10 23:53:32,489 - INFO - [scripts.law.logic.scraper] - 로딩 마스크가 사라지기를 기다리는 중...
2025-09-10 23:53:33,385 - INFO - [scripts.law.logic.scraper] - 페이지 최종 렌더링을 잠시 대기합니다...
2025-09-10 23:53:34,388 - INFO - [scripts.law.logic.scraper] - 페이지 HTML 컨텐츠를 가져오는 중...
2025-09-10 23:53:34,450 - INFO - [scripts.law.logic.scraper] - 데이터 파싱 중...
2025-09-10 23:53:34,724 - INFO - [scripts.law.logic.scraper] - 데이터 1건을 '/Users/woong/Roeum/roeum-crawler/data/raw/law/1352000/감염병의 예방 및 관리에 관한 법률_document.jsonl' 파일로 성공적으로 저장했습니다.
2025-09-10 23:53:34,726 - INFO - [scripts.law.logic.scraper] - 데이터 138건을 '/Users/woong/Roeum/roeum-crawler/data/raw/law/1352000/감염병의 예방 및 관리에 관한 법률_chunks.jsonl' 파일로 성공적으로 저장했습니다.
2025-09-10 23:53:34,749 - INFO - [__main__] - 상세 페이지 스크레이퍼 완료: 감염병의 예방 및 관리에 관한 법률
2025-09-10 23:53:35,971 - INFO - [__main__] - 상세 페이지 스크레이퍼 실행: https://www.law.go.kr/LSW/lsInfoP.do?lsiSeq=270997&efYd=20250719
2025-09-10 23:53:36,337 - INFO - [scripts.law.logic.scraper] - 페이지로 이동 중: https://www.law.go.kr/LSW/lsInfoP.do?lsiSeq=270997&efYd=20250719
2025-09-10 23:53:36,955 - INFO - [scripts.law.logic.scraper] - 로딩 마스크가 나타나기를 기다리는 중...
2025-09-10 23:53:36,978 - INFO - [scripts.law.logic.scraper] - 로딩 마스크가 사라지기를 기다리는 중...
2025-09-10 23:53:37,779 - INFO - [scripts.law.logic.scraper] - 페이지 최종 렌더링을 잠시 대기합니다...
2025-09-10 23:53:38,783 - INFO - [scripts.law.logic.scraper] - 페이지 HTML 컨텐츠를 가져오는 중...
2025-09-10 23:53:38,838 - INFO - [scripts.law.logic.scraper] - 데이터 파싱 중...
2025-09-10 23:53:39,124 - INFO - [scripts.law.logic.scraper] - 데이터 1건을 '/Users/woong/Roeum/roeum-crawler/data/raw/law/1352000/국민연금법 시행령_document.jsonl' 파일로 성공적으로 저장했습니다.
2025-09-10 23:53:39,125 - INFO - [scripts.law.logic.scraper] - 데이터 160건을 '/Users/woong/Roeum/roeum-crawler/data/raw/law/1352000/국민연금법 시행령_chunks.jsonl' 파일로 성공적으로 저장했습니다.
2025-09-10 23:53:39,147 - INFO - [__main__] - 상세 페이지 스크레이퍼 완료: 국민연금법 시행령
2025-09-10 23:53:40,371 - INFO - [__main__] - 상세 페이지 스크레이퍼 실행: https://www.law.go.kr/LSW/lsInfoP.do?lsiSeq=252715&efYd=20250719
2025-09-10 23:53:40,702 - INFO - [scripts.law.logic.scraper] - 페이지로 이동 중: https://www.law.go.kr/LSW/lsInfoP.do?lsiSeq=252715&efYd=20250719
2025-09-10 23:53:41,266 - INFO - [scripts.law.logic.scraper] - 로딩 마스크가 나타나기를 기다리는 중...
2025-09-10 23:53:41,285 - INFO - [scripts.law.logic.scraper] - 로딩 마스크가 사라지기를 기다리는 중...
2025-09-10 23:53:41,449 - INFO - [scripts.law.logic.scraper] - 페이지 최종 렌더링을 잠시 대기합니다...
2025-09-10 23:53:42,451 - INFO - [scripts.law.logic.scraper] - 페이지 HTML 컨텐츠를 가져오는 중...
2025-09-10 23:53:42,490 - INFO - [scripts.law.logic.scraper] - 데이터 파싱 중...
2025-09-10 23:53:42,616 - INFO - [scripts.law.logic.scraper] - 데이터 1건을 '/Users/woong/Roeum/roeum-crawler/data/raw/law/1352000/의료급여법_document.jsonl' 파일로 성공적으로 저장했습니다.
2025-09-10 23:53:42,617 - INFO - [scripts.law.logic.scraper] - 데이터 50건을 '/Users/woong/Roeum/roeum-crawler/data/raw/law/1352000/의료급여법_chunks.jsonl' 파일로 성공적으로 저장했습니다.
2025-09-10 23:53:42,638 - INFO - [__main__] - 상세 페이지 스크레이퍼 완료: 의료급여법
2025-09-10 23:53:43,824 - INFO - [__main__] - 상세 페이지 스크레이퍼 실행: https://www.law.go.kr/LSW/lsInfoP.do?lsiSeq=267417&efYd=20250621
2025-09-10 23:53:44,153 - INFO - [scripts.law.logic.scraper] - 페이지로 이동 중: https://www.law.go.kr/LSW/lsInfoP.do?lsiSeq=267417&efYd=20250621
2025-09-10 23:53:45,026 - INFO - [scripts.law.logic.scraper] - 로딩 마스크가 나타나기를 기다리는 중...
2025-09-10 23:53:55,057 - WARNING - [scripts.law.logic.scraper] - 로딩 마스크가 감지되지 않았습니다. 페이지 로드가 완료된 것으로 간주하고 계속 진행합니다.
2025-09-10 23:53:55,058 - INFO - [scripts.law.logic.scraper] - 페이지 최종 렌더링을 잠시 대기합니다...
2025-09-10 23:53:56,069 - INFO - [scripts.law.logic.scraper] - 페이지 HTML 컨텐츠를 가져오는 중...
2025-09-10 23:53:56,103 - INFO - [scripts.law.logic.scraper] - 데이터 파싱 중...
2025-09-10 23:53:56,215 - INFO - [scripts.law.logic.scraper] - 데이터 1건을 '/Users/woong/Roeum/roeum-crawler/data/raw/law/1352000/보건의료기본법_document.jsonl' 파일로 성공적으로 저장했습니다.
2025-09-10 23:53:56,216 - INFO - [scripts.law.logic.scraper] - 데이터 63건을 '/Users/woong/Roeum/roeum-crawler/data/raw/law/1352000/보건의료기본법_chunks.jsonl' 파일로 성공적으로 저장했습니다.
2025-09-10 23:53:56,280 - INFO - [__main__] - 상세 페이지 스크레이퍼 완료: 보건의료기본법
2025-09-10 23:53:57,757 - INFO - [__main__] - 상세 페이지 스크레이퍼 실행: https://www.law.go.kr/LSW/lsInfoP.do?lsiSeq=270401&efYd=20250401
2025-09-10 23:53:59,406 - INFO - [scripts.law.logic.scraper] - 페이지로 이동 중: https://www.law.go.kr/LSW/lsInfoP.do?lsiSeq=270401&efYd=20250401
2025-09-10 23:54:00,233 - INFO - [scripts.law.logic.scraper] - 로딩 마스크가 나타나기를 기다리는 중...
2025-09-10 23:54:00,259 - INFO - [scripts.law.logic.scraper] - 로딩 마스크가 사라지기를 기다리는 중...
2025-09-10 23:54:00,353 - INFO - [scripts.law.logic.scraper] - 페이지 최종 렌더링을 잠시 대기합니다...
2025-09-10 23:54:01,357 - INFO - [scripts.law.logic.scraper] - 페이지 HTML 컨텐츠를 가져오는 중...
2025-09-10 23:54:01,374 - INFO - [scripts.law.logic.scraper] - 데이터 파싱 중...
2025-09-10 23:54:01,468 - INFO - [scripts.law.logic.scraper] - 데이터 1건을 '/Users/woong/Roeum/roeum-crawler/data/raw/law/1352000/사회복지공동모금회법_document.jsonl' 파일로 성공적으로 저장했습니다.
2025-09-10 23:54:01,474 - INFO - [scripts.law.logic.scraper] - 데이터 43건을 '/Users/woong/Roeum/roeum-crawler/data/raw/law/1352000/사회복지공동모금회법_chunks.jsonl' 파일로 성공적으로 저장했습니다.
2025-09-10 23:54:01,520 - INFO - [__main__] - 상세 페이지 스크레이퍼 완료: 사회복지공동모금회법
2025-09-10 23:54:02,894 - INFO - [__main__] - 상세 페이지 스크레이퍼 실행: https://www.law.go.kr/LSW/lsInfoP.do?lsiSeq=269865&efYd=20250311
2025-09-10 23:54:03,626 - INFO - [scripts.law.logic.scraper] - 페이지로 이동 중: https://www.law.go.kr/LSW/lsInfoP.do?lsiSeq=269865&efYd=20250311
2025-09-10 23:54:04,441 - INFO - [scripts.law.logic.scraper] - 로딩 마스크가 나타나기를 기다리는 중...
2025-09-10 23:54:14,453 - WARNING - [scripts.law.logic.scraper] - 로딩 마스크가 감지되지 않았습니다. 페이지 로드가 완료된 것으로 간주하고 계속 진행합니다.
2025-09-10 23:54:14,454 - INFO - [scripts.law.logic.scraper] - 페이지 최종 렌더링을 잠시 대기합니다...
2025-09-10 23:54:15,458 - INFO - [scripts.law.logic.scraper] - 페이지 HTML 컨텐츠를 가져오는 중...
2025-09-10 23:54:15,480 - INFO - [scripts.law.logic.scraper] - 데이터 파싱 중...
2025-09-10 23:54:15,559 - INFO - [scripts.law.logic.scraper] - 데이터 1건을 '/Users/woong/Roeum/roeum-crawler/data/raw/law/1352000/구급차의 기준 및 응급환자이송업의 시설 등 기준에 관한 규칙_document.jsonl' 파일로 성공적으로 저장했습니다.
2025-09-10 23:54:15,560 - INFO - [scripts.law.logic.scraper] - 데이터 10건을 '/Users/woong/Roeum/roeum-crawler/data/raw/law/1352000/구급차의 기준 및 응급환자이송업의 시설 등 기준에 관한 규칙_chunks.jsonl' 파일로 성공적으로 저장했습니다.
2025-09-10 23:54:15,615 - INFO - [__main__] - 상세 페이지 스크레이퍼 완료: 구급차의 기준 및 응급환자이송업의 시설 등 기준에 관한 규칙
2025-09-10 23:54:16,915 - INFO - [__main__] - 상세 페이지 스크레이퍼 실행: https://www.law.go.kr/LSW/lsInfoP.do?lsiSeq=269835&efYd=20250311
2025-09-10 23:54:17,428 - INFO - [scripts.law.logic.scraper] - 페이지로 이동 중: https://www.law.go.kr/LSW/lsInfoP.do?lsiSeq=269835&efYd=20250311
2025-09-10 23:54:17,998 - INFO - [scripts.law.logic.scraper] - 로딩 마스크가 나타나기를 기다리는 중...
2025-09-10 23:54:18,019 - INFO - [scripts.law.logic.scraper] - 로딩 마스크가 사라지기를 기다리는 중...
2025-09-10 23:54:18,310 - INFO - [scripts.law.logic.scraper] - 페이지 최종 렌더링을 잠시 대기합니다...
2025-09-10 23:54:19,314 - INFO - [scripts.law.logic.scraper] - 페이지 HTML 컨텐츠를 가져오는 중...
2025-09-10 23:54:19,348 - INFO - [scripts.law.logic.scraper] - 데이터 파싱 중...
2025-09-10 23:54:19,452 - INFO - [scripts.law.logic.scraper] - 데이터 1건을 '/Users/woong/Roeum/roeum-crawler/data/raw/law/1352000/노숙인 등의 복지 및 자립지원에 관한 법률 시행규칙_document.jsonl' 파일로 성공적으로 저장했습니다.
2025-09-10 23:54:19,453 - INFO - [scripts.law.logic.scraper] - 데이터 29건을 '/Users/woong/Roeum/roeum-crawler/data/raw/law/1352000/노숙인 등의 복지 및 자립지원에 관한 법률 시행규칙_chunks.jsonl' 파일로 성공적으로 저장했습니다.
2025-09-10 23:54:19,474 - INFO - [__main__] - 상세 페이지 스크레이퍼 완료: 노숙인 등의 복지 및 자립지원에 관한 법률 시행규칙
2025-09-10 23:54:20,733 - INFO - [__main__] - 상세 페이지 스크레이퍼 실행: https://www.law.go.kr/LSW/lsInfoP.do?lsiSeq=269853&efYd=20250311
2025-09-10 23:54:21,317 - INFO - [scripts.law.logic.scraper] - 페이지로 이동 중: https://www.law.go.kr/LSW/lsInfoP.do?lsiSeq=269853&efYd=20250311
2025-09-10 23:54:21,992 - INFO - [scripts.law.logic.scraper] - 로딩 마스크가 나타나기를 기다리는 중...
2025-09-10 23:54:22,053 - INFO - [scripts.law.logic.scraper] - 로딩 마스크가 사라지기를 기다리는 중...
2025-09-10 23:54:22,875 - INFO - [scripts.law.logic.scraper] - 페이지 최종 렌더링을 잠시 대기합니다...
2025-09-10 23:54:23,883 - INFO - [scripts.law.logic.scraper] - 페이지 HTML 컨텐츠를 가져오는 중...
2025-09-10 23:54:23,921 - INFO - [scripts.law.logic.scraper] - 데이터 파싱 중...
2025-09-10 23:54:24,132 - INFO - [scripts.law.logic.scraper] - 데이터 1건을 '/Users/woong/Roeum/roeum-crawler/data/raw/law/1352000/장사 등에 관한 법률 시행규칙_document.jsonl' 파일로 성공적으로 저장했습니다.
2025-09-10 23:54:24,133 - INFO - [scripts.law.logic.scraper] - 데이터 42건을 '/Users/woong/Roeum/roeum-crawler/data/raw/law/1352000/장사 등에 관한 법률 시행규칙_chunks.jsonl' 파일로 성공적으로 저장했습니다.
2025-09-10 23:54:24,167 - INFO - [__main__] - 상세 페이지 스크레이퍼 완료: 장사 등에 관한 법률 시행규칙
2025-09-10 23:54:25,385 - INFO - [__main__] - 상세 페이지 스크레이퍼 실행: https://www.law.go.kr/LSW/lsInfoP.do?lsiSeq=260591&efYd=20250221
2025-09-10 23:54:25,760 - INFO - [scripts.law.logic.scraper] - 페이지로 이동 중: https://www.law.go.kr/LSW/lsInfoP.do?lsiSeq=260591&efYd=20250221
2025-09-10 23:54:26,331 - INFO - [scripts.law.logic.scraper] - 로딩 마스크가 나타나기를 기다리는 중...
2025-09-10 23:54:26,352 - INFO - [scripts.law.logic.scraper] - 로딩 마스크가 사라지기를 기다리는 중...
2025-09-10 23:54:26,540 - INFO - [scripts.law.logic.scraper] - 페이지 최종 렌더링을 잠시 대기합니다...
2025-09-10 23:54:27,544 - INFO - [scripts.law.logic.scraper] - 페이지 HTML 컨텐츠를 가져오는 중...
2025-09-10 23:54:27,581 - INFO - [scripts.law.logic.scraper] - 데이터 파싱 중...
2025-09-10 23:54:27,724 - INFO - [scripts.law.logic.scraper] - 데이터 1건을 '/Users/woong/Roeum/roeum-crawler/data/raw/law/1352000/첨단재생의료 및 첨단바이오의약품 안전 및 지원에 관한 법률_document.jsonl' 파일로 성공적으로 저장했습니다.
2025-09-10 23:54:27,726 - INFO - [scripts.law.logic.scraper] - 데이터 65건을 '/Users/woong/Roeum/roeum-crawler/data/raw/law/1352000/첨단재생의료 및 첨단바이오의약품 안전 및 지원에 관한 법률_chunks.jsonl' 파일로 성공적으로 저장했습니다.
2025-09-10 23:54:27,750 - INFO - [__main__] - 상세 페이지 스크레이퍼 완료: 첨단재생의료 및 첨단바이오의약품 안전 및 지원에 관한 법률
2025-09-10 23:54:28,958 - INFO - [__main__] - 상세 페이지 스크레이퍼 실행: https://www.law.go.kr/LSW/lsInfoP.do?lsiSeq=269123&efYd=20250218
2025-09-10 23:54:29,303 - INFO - [scripts.law.logic.scraper] - 페이지로 이동 중: https://www.law.go.kr/LSW/lsInfoP.do?lsiSeq=269123&efYd=20250218
2025-09-10 23:54:29,908 - INFO - [scripts.law.logic.scraper] - 로딩 마스크가 나타나기를 기다리는 중...
2025-09-10 23:54:29,926 - INFO - [scripts.law.logic.scraper] - 로딩 마스크가 사라지기를 기다리는 중...
2025-09-10 23:54:30,108 - INFO - [scripts.law.logic.scraper] - 페이지 최종 렌더링을 잠시 대기합니다...
2025-09-10 23:54:31,111 - INFO - [scripts.law.logic.scraper] - 페이지 HTML 컨텐츠를 가져오는 중...
2025-09-10 23:54:31,127 - INFO - [scripts.law.logic.scraper] - 데이터 파싱 중...
2025-09-10 23:54:31,194 - INFO - [scripts.law.logic.scraper] - 데이터 1건을 '/Users/woong/Roeum/roeum-crawler/data/raw/law/1352000/의사상자 등 예우 및 지원에 관한 법률 시행령_document.jsonl' 파일로 성공적으로 저장했습니다.
2025-09-10 23:54:31,195 - INFO - [scripts.law.logic.scraper] - 데이터 21건을 '/Users/woong/Roeum/roeum-crawler/data/raw/law/1352000/의사상자 등 예우 및 지원에 관한 법률 시행령_chunks.jsonl' 파일로 성공적으로 저장했습니다.
2025-09-10 23:54:31,215 - INFO - [__main__] - 상세 페이지 스크레이퍼 완료: 의사상자 등 예우 및 지원에 관한 법률 시행령
2025-09-10 23:54:32,428 - INFO - [__main__] - 상세 페이지 스크레이퍼 실행: https://www.law.go.kr/LSW/lsInfoP.do?lsiSeq=268255&efYd=20250124
2025-09-10 23:54:32,863 - INFO - [scripts.law.logic.scraper] - 페이지로 이동 중: https://www.law.go.kr/LSW/lsInfoP.do?lsiSeq=268255&efYd=20250124
2025-09-10 23:54:33,551 - INFO - [scripts.law.logic.scraper] - 로딩 마스크가 나타나기를 기다리는 중...
2025-09-10 23:54:33,581 - INFO - [scripts.law.logic.scraper] - 로딩 마스크가 사라지기를 기다리는 중...
2025-09-10 23:54:33,854 - INFO - [scripts.law.logic.scraper] - 페이지 최종 렌더링을 잠시 대기합니다...
2025-09-10 23:54:34,858 - INFO - [scripts.law.logic.scraper] - 페이지 HTML 컨텐츠를 가져오는 중...
2025-09-10 23:54:34,906 - INFO - [scripts.law.logic.scraper] - 데이터 파싱 중...
2025-09-10 23:54:35,048 - INFO - [scripts.law.logic.scraper] - 데이터 1건을 '/Users/woong/Roeum/roeum-crawler/data/raw/law/1352000/모자보건법 시행규칙_document.jsonl' 파일로 성공적으로 저장했습니다.
2025-09-10 23:54:35,048 - INFO - [scripts.law.logic.scraper] - 데이터 37건을 '/Users/woong/Roeum/roeum-crawler/data/raw/law/1352000/모자보건법 시행규칙_chunks.jsonl' 파일로 성공적으로 저장했습니다.
2025-09-10 23:54:35,081 - INFO - [__main__] - 상세 페이지 스크레이퍼 완료: 모자보건법 시행규칙
2025-09-10 23:54:36,309 - INFO - [__main__] - 상세 페이지 스크레이퍼 실행: https://www.law.go.kr/LSW/lsInfoP.do?lsiSeq=266425&efYd=20241107
2025-09-10 23:54:36,672 - INFO - [scripts.law.logic.scraper] - 페이지로 이동 중: https://www.law.go.kr/LSW/lsInfoP.do?lsiSeq=266425&efYd=20241107
2025-09-10 23:54:37,324 - INFO - [scripts.law.logic.scraper] - 로딩 마스크가 나타나기를 기다리는 중...
2025-09-10 23:54:37,343 - INFO - [scripts.law.logic.scraper] - 로딩 마스크가 사라지기를 기다리는 중...
2025-09-10 23:54:38,132 - INFO - [scripts.law.logic.scraper] - 페이지 최종 렌더링을 잠시 대기합니다...
2025-09-10 23:54:39,135 - INFO - [scripts.law.logic.scraper] - 페이지 HTML 컨텐츠를 가져오는 중...
2025-09-10 23:54:39,158 - INFO - [scripts.law.logic.scraper] - 데이터 파싱 중...
2025-09-10 23:54:39,238 - INFO - [scripts.law.logic.scraper] - 데이터 1건을 '/Users/woong/Roeum/roeum-crawler/data/raw/law/1352000/전공의의 수련환경 개선 및 지위 향상을 위한 법률 시행규칙_document.jsonl' 파일로 성공적으로 저장했습니다.
2025-09-10 23:54:39,238 - INFO - [scripts.law.logic.scraper] - 데이터 12건을 '/Users/woong/Roeum/roeum-crawler/data/raw/law/1352000/전공의의 수련환경 개선 및 지위 향상을 위한 법률 시행규칙_chunks.jsonl' 파일로 성공적으로 저장했습니다.
2025-09-10 23:54:39,265 - INFO - [__main__] - 상세 페이지 스크레이퍼 완료: 전공의의 수련환경 개선 및 지위 향상을 위한 법률 시행규칙
2025-09-10 23:54:40,479 - INFO - [__main__] - 상세 페이지 스크레이퍼 실행: https://www.law.go.kr/LSW/lsInfoP.do?lsiSeq=265917&efYd=20241022
2025-09-10 23:54:40,866 - INFO - [scripts.law.logic.scraper] - 페이지로 이동 중: https://www.law.go.kr/LSW/lsInfoP.do?lsiSeq=265917&efYd=20241022
2025-09-10 23:54:41,475 - INFO - [scripts.law.logic.scraper] - 로딩 마스크가 나타나기를 기다리는 중...
2025-09-10 23:54:41,496 - INFO - [scripts.law.logic.scraper] - 로딩 마스크가 사라지기를 기다리는 중...
2025-09-10 23:54:41,530 - INFO - [scripts.law.logic.scraper] - 페이지 최종 렌더링을 잠시 대기합니다...
2025-09-10 23:54:42,532 - INFO - [scripts.law.logic.scraper] - 페이지 HTML 컨텐츠를 가져오는 중...
2025-09-10 23:54:42,557 - INFO - [scripts.law.logic.scraper] - 데이터 파싱 중...
2025-09-10 23:54:42,629 - INFO - [scripts.law.logic.scraper] - 데이터 1건을 '/Users/woong/Roeum/roeum-crawler/data/raw/law/1352000/장애인ㆍ노인 등을 위한 보조기기 지원 및 활용촉진에 관한 법률_document.jsonl' 파일로 성공적으로 저장했습니다.
2025-09-10 23:54:42,630 - INFO - [scripts.law.logic.scraper] - 데이터 24건을 '/Users/woong/Roeum/roeum-crawler/data/raw/law/1352000/장애인ㆍ노인 등을 위한 보조기기 지원 및 활용촉진에 관한 법률_chunks.jsonl' 파일로 성공적으로 저장했습니다.
2025-09-10 23:54:42,650 - INFO - [__main__] - 상세 페이지 스크레이퍼 완료: 장애인ㆍ노인 등을 위한 보조기기 지원 및 활용촉진에 관한 법률
2025-09-10 23:54:43,869 - INFO - [__main__] - 상세 페이지 스크레이퍼 실행: https://www.law.go.kr/LSW/lsInfoP.do?lsiSeq=260571&efYd=20240821
2025-09-10 23:54:44,220 - INFO - [scripts.law.logic.scraper] - 페이지로 이동 중: https://www.law.go.kr/LSW/lsInfoP.do?lsiSeq=260571&efYd=20240821
2025-09-10 23:54:44,832 - INFO - [scripts.law.logic.scraper] - 로딩 마스크가 나타나기를 기다리는 중...
2025-09-10 23:54:44,850 - INFO - [scripts.law.logic.scraper] - 로딩 마스크가 사라지기를 기다리는 중...
2025-09-10 23:54:45,037 - INFO - [scripts.law.logic.scraper] - 페이지 최종 렌더링을 잠시 대기합니다...
2025-09-10 23:54:46,040 - INFO - [scripts.law.logic.scraper] - 페이지 HTML 컨텐츠를 가져오는 중...
2025-09-10 23:54:46,062 - INFO - [scripts.law.logic.scraper] - 데이터 파싱 중...
2025-09-10 23:54:46,143 - INFO - [scripts.law.logic.scraper] - 데이터 1건을 '/Users/woong/Roeum/roeum-crawler/data/raw/law/1352000/전공의의 수련환경 개선 및 지위 향상을 위한 법률_document.jsonl' 파일로 성공적으로 저장했습니다.
2025-09-10 23:54:46,144 - INFO - [scripts.law.logic.scraper] - 데이터 24건을 '/Users/woong/Roeum/roeum-crawler/data/raw/law/1352000/전공의의 수련환경 개선 및 지위 향상을 위한 법률_chunks.jsonl' 파일로 성공적으로 저장했습니다.
2025-09-10 23:54:46,170 - INFO - [__main__] - 상세 페이지 스크레이퍼 완료: 전공의의 수련환경 개선 및 지위 향상을 위한 법률
2025-09-10 23:54:47,657 - INFO - [__main__] - 상세 페이지 스크레이퍼 실행: https://www.law.go.kr/LSW/lsInfoP.do?lsiSeq=259163&efYd=20240724
2025-09-10 23:54:48,318 - INFO - [scripts.law.logic.scraper] - 페이지로 이동 중: https://www.law.go.kr/LSW/lsInfoP.do?lsiSeq=259163&efYd=20240724
2025-09-10 23:54:49,145 - INFO - [scripts.law.logic.scraper] - 로딩 마스크가 나타나기를 기다리는 중...
2025-09-10 23:54:59,178 - WARNING - [scripts.law.logic.scraper] - 로딩 마스크가 감지되지 않았습니다. 페이지 로드가 완료된 것으로 간주하고 계속 진행합니다.
2025-09-10 23:54:59,179 - INFO - [scripts.law.logic.scraper] - 페이지 최종 렌더링을 잠시 대기합니다...
2025-09-10 23:55:00,184 - INFO - [scripts.law.logic.scraper] - 페이지 HTML 컨텐츠를 가져오는 중...
2025-09-10 23:55:00,213 - INFO - [scripts.law.logic.scraper] - 데이터 파싱 중...
2025-09-10 23:55:00,298 - INFO - [scripts.law.logic.scraper] - 데이터 1건을 '/Users/woong/Roeum/roeum-crawler/data/raw/law/1352000/사회서비스 지원 및 사회서비스원 설립ㆍ운영에 관한 법률_document.jsonl' 파일로 성공적으로 저장했습니다.
2025-09-10 23:55:00,299 - INFO - [scripts.law.logic.scraper] - 데이터 45건을 '/Users/woong/Roeum/roeum-crawler/data/raw/law/1352000/사회서비스 지원 및 사회서비스원 설립ㆍ운영에 관한 법률_chunks.jsonl' 파일로 성공적으로 저장했습니다.
2025-09-10 23:55:00,333 - INFO - [__main__] - 상세 페이지 스크레이퍼 완료: 사회서비스 지원 및 사회서비스원 설립ㆍ운영에 관한 법률
2025-09-10 23:55:01,605 - INFO - [__main__] - 상세 페이지 스크레이퍼 실행: https://www.law.go.kr/LSW/lsInfoP.do?lsiSeq=258801&efYd=20240116
2025-09-10 23:55:01,997 - INFO - [scripts.law.logic.scraper] - 페이지로 이동 중: https://www.law.go.kr/LSW/lsInfoP.do?lsiSeq=258801&efYd=20240116
2025-09-10 23:55:02,595 - INFO - [scripts.law.logic.scraper] - 로딩 마스크가 나타나기를 기다리는 중...
2025-09-10 23:55:02,614 - INFO - [scripts.law.logic.scraper] - 로딩 마스크가 사라지기를 기다리는 중...
2025-09-10 23:55:02,664 - INFO - [scripts.law.logic.scraper] - 페이지 최종 렌더링을 잠시 대기합니다...
2025-09-10 23:55:03,666 - INFO - [scripts.law.logic.scraper] - 페이지 HTML 컨텐츠를 가져오는 중...
2025-09-10 23:55:03,690 - INFO - [scripts.law.logic.scraper] - 데이터 파싱 중...
2025-09-10 23:55:03,766 - INFO - [scripts.law.logic.scraper] - 데이터 1건을 '/Users/woong/Roeum/roeum-crawler/data/raw/law/1352000/한의사전문의의 수련 및 자격 인정 등에 관한 규정_document.jsonl' 파일로 성공적으로 저장했습니다.
2025-09-10 23:55:03,766 - INFO - [scripts.law.logic.scraper] - 데이터 20건을 '/Users/woong/Roeum/roeum-crawler/data/raw/law/1352000/한의사전문의의 수련 및 자격 인정 등에 관한 규정_chunks.jsonl' 파일로 성공적으로 저장했습니다.
2025-09-10 23:55:03,789 - INFO - [__main__] - 상세 페이지 스크레이퍼 완료: 한의사전문의의 수련 및 자격 인정 등에 관한 규정
2025-09-10 23:55:05,018 - INFO - [__main__] - 상세 페이지 스크레이퍼 실행: https://www.law.go.kr/LSW/lsInfoP.do?lsiSeq=251741&efYd=20231214
2025-09-10 23:55:05,373 - INFO - [scripts.law.logic.scraper] - 페이지로 이동 중: https://www.law.go.kr/LSW/lsInfoP.do?lsiSeq=251741&efYd=20231214
2025-09-10 23:55:05,956 - INFO - [scripts.law.logic.scraper] - 로딩 마스크가 나타나기를 기다리는 중...
2025-09-10 23:55:05,975 - INFO - [scripts.law.logic.scraper] - 로딩 마스크가 사라지기를 기다리는 중...
2025-09-10 23:55:06,165 - INFO - [scripts.law.logic.scraper] - 페이지 최종 렌더링을 잠시 대기합니다...
2025-09-10 23:55:07,169 - INFO - [scripts.law.logic.scraper] - 페이지 HTML 컨텐츠를 가져오는 중...
2025-09-10 23:55:07,200 - INFO - [scripts.law.logic.scraper] - 데이터 파싱 중...
2025-09-10 23:55:07,284 - INFO - [scripts.law.logic.scraper] - 데이터 1건을 '/Users/woong/Roeum/roeum-crawler/data/raw/law/1352000/긴급복지지원법_document.jsonl' 파일로 성공적으로 저장했습니다.
2025-09-10 23:55:07,285 - INFO - [scripts.law.logic.scraper] - 데이터 23건을 '/Users/woong/Roeum/roeum-crawler/data/raw/law/1352000/긴급복지지원법_chunks.jsonl' 파일로 성공적으로 저장했습니다.
2025-09-10 23:55:07,306 - INFO - [__main__] - 상세 페이지 스크레이퍼 완료: 긴급복지지원법
2025-09-10 23:55:08,522 - INFO - [__main__] - 상세 페이지 스크레이퍼 실행: https://www.law.go.kr/LSW/lsInfoP.do?lsiSeq=246277&efYd=20221220
2025-09-10 23:55:08,867 - INFO - [scripts.law.logic.scraper] - 페이지로 이동 중: https://www.law.go.kr/LSW/lsInfoP.do?lsiSeq=246277&efYd=20221220
2025-09-10 23:55:09,505 - INFO - [scripts.law.logic.scraper] - 로딩 마스크가 나타나기를 기다리는 중...
2025-09-10 23:55:09,524 - INFO - [scripts.law.logic.scraper] - 로딩 마스크가 사라지기를 기다리는 중...
2025-09-10 23:55:09,589 - INFO - [scripts.law.logic.scraper] - 페이지 최종 렌더링을 잠시 대기합니다...
2025-09-10 23:55:10,592 - INFO - [scripts.law.logic.scraper] - 페이지 HTML 컨텐츠를 가져오는 중...
2025-09-10 23:55:10,621 - INFO - [scripts.law.logic.scraper] - 데이터 파싱 중...
2025-09-10 23:55:10,697 - INFO - [scripts.law.logic.scraper] - 데이터 1건을 '/Users/woong/Roeum/roeum-crawler/data/raw/law/1352000/농어촌 등 보건의료를 위한 특별조치법 시행령_document.jsonl' 파일로 성공적으로 저장했습니다.
2025-09-10 23:55:10,697 - INFO - [scripts.law.logic.scraper] - 데이터 19건을 '/Users/woong/Roeum/roeum-crawler/data/raw/law/1352000/농어촌 등 보건의료를 위한 특별조치법 시행령_chunks.jsonl' 파일로 성공적으로 저장했습니다.
2025-09-10 23:55:10,718 - INFO - [__main__] - 상세 페이지 스크레이퍼 완료: 농어촌 등 보건의료를 위한 특별조치법 시행령
2025-09-10 23:55:11,926 - INFO - [__main__] - 상세 페이지 스크레이퍼 실행: https://www.law.go.kr/LSW/lsInfoP.do?lsiSeq=240827&efYd=20220218
2025-09-10 23:55:12,279 - INFO - [scripts.law.logic.scraper] - 페이지로 이동 중: https://www.law.go.kr/LSW/lsInfoP.do?lsiSeq=240827&efYd=20220218
2025-09-10 23:55:12,932 - INFO - [scripts.law.logic.scraper] - 로딩 마스크가 나타나기를 기다리는 중...
2025-09-10 23:55:12,950 - INFO - [scripts.law.logic.scraper] - 로딩 마스크가 사라지기를 기다리는 중...
2025-09-10 23:55:13,133 - INFO - [scripts.law.logic.scraper] - 페이지 최종 렌더링을 잠시 대기합니다...
2025-09-10 23:55:14,136 - INFO - [scripts.law.logic.scraper] - 페이지 HTML 컨텐츠를 가져오는 중...
2025-09-10 23:55:14,165 - INFO - [scripts.law.logic.scraper] - 데이터 파싱 중...
2025-09-10 23:55:14,247 - INFO - [scripts.law.logic.scraper] - 데이터 1건을 '/Users/woong/Roeum/roeum-crawler/data/raw/law/1352000/공공보건의료에 관한 법률 시행규칙_document.jsonl' 파일로 성공적으로 저장했습니다.
2025-09-10 23:55:14,248 - INFO - [scripts.law.logic.scraper] - 데이터 22건을 '/Users/woong/Roeum/roeum-crawler/data/raw/law/1352000/공공보건의료에 관한 법률 시행규칙_chunks.jsonl' 파일로 성공적으로 저장했습니다.
2025-09-10 23:55:14,268 - INFO - [__main__] - 상세 페이지 스크레이퍼 완료: 공공보건의료에 관한 법률 시행규칙
2025-09-10 23:55:15,479 - INFO - [__main__] - 상세 페이지 스크레이퍼 실행: https://www.law.go.kr/LSW/lsInfoP.do?lsiSeq=237465&efYd=20220101
2025-09-10 23:55:15,825 - INFO - [scripts.law.logic.scraper] - 페이지로 이동 중: https://www.law.go.kr/LSW/lsInfoP.do?lsiSeq=237465&efYd=20220101
2025-09-10 23:55:16,491 - INFO - [scripts.law.logic.scraper] - 로딩 마스크가 나타나기를 기다리는 중...
2025-09-10 23:55:16,511 - INFO - [scripts.law.logic.scraper] - 로딩 마스크가 사라지기를 기다리는 중...
2025-09-10 23:55:16,609 - INFO - [scripts.law.logic.scraper] - 페이지 최종 렌더링을 잠시 대기합니다...
2025-09-10 23:55:17,611 - INFO - [scripts.law.logic.scraper] - 페이지 HTML 컨텐츠를 가져오는 중...
2025-09-10 23:55:17,630 - INFO - [scripts.law.logic.scraper] - 데이터 파싱 중...
2025-09-10 23:55:17,697 - INFO - [scripts.law.logic.scraper] - 데이터 1건을 '/Users/woong/Roeum/roeum-crawler/data/raw/law/1352000/긴급복지지원법 시행규칙_document.jsonl' 파일로 성공적으로 저장했습니다.
2025-09-10 23:55:17,698 - INFO - [scripts.law.logic.scraper] - 데이터 14건을 '/Users/woong/Roeum/roeum-crawler/data/raw/law/1352000/긴급복지지원법 시행규칙_chunks.jsonl' 파일로 성공적으로 저장했습니다.
2025-09-10 23:55:17,719 - INFO - [__main__] - 상세 페이지 스크레이퍼 완료: 긴급복지지원법 시행규칙
2025-09-10 23:55:18,933 - INFO - [__main__] - 상세 페이지 스크레이퍼 실행: https://www.law.go.kr/LSW/lsInfoP.do?lsiSeq=237461&efYd=20211204
2025-09-10 23:55:19,271 - INFO - [scripts.law.logic.scraper] - 페이지로 이동 중: https://www.law.go.kr/LSW/lsInfoP.do?lsiSeq=237461&efYd=20211204
2025-09-10 23:55:19,925 - INFO - [scripts.law.logic.scraper] - 로딩 마스크가 나타나기를 기다리는 중...
2025-09-10 23:55:19,943 - INFO - [scripts.law.logic.scraper] - 로딩 마스크가 사라지기를 기다리는 중...
2025-09-10 23:55:20,125 - INFO - [scripts.law.logic.scraper] - 페이지 최종 렌더링을 잠시 대기합니다...
2025-09-10 23:55:21,126 - INFO - [scripts.law.logic.scraper] - 페이지 HTML 컨텐츠를 가져오는 중...
2025-09-10 23:55:21,149 - INFO - [scripts.law.logic.scraper] - 데이터 파싱 중...
2025-09-10 23:55:21,236 - INFO - [scripts.law.logic.scraper] - 데이터 1건을 '/Users/woong/Roeum/roeum-crawler/data/raw/law/1352000/장애물 없는 생활환경 인증에 관한 규칙_document.jsonl' 파일로 성공적으로 저장했습니다.
2025-09-10 23:55:21,237 - INFO - [scripts.law.logic.scraper] - 데이터 18건을 '/Users/woong/Roeum/roeum-crawler/data/raw/law/1352000/장애물 없는 생활환경 인증에 관한 규칙_chunks.jsonl' 파일로 성공적으로 저장했습니다.
2025-09-10 23:55:21,259 - INFO - [__main__] - 상세 페이지 스크레이퍼 완료: 장애물 없는 생활환경 인증에 관한 규칙
2025-09-10 23:55:22,479 - INFO - [__main__] - 상세 페이지 스크레이퍼 실행: https://www.law.go.kr/LSW/lsInfoP.do?lsiSeq=231525&efYd=20210408
2025-09-10 23:55:22,817 - INFO - [scripts.law.logic.scraper] - 페이지로 이동 중: https://www.law.go.kr/LSW/lsInfoP.do?lsiSeq=231525&efYd=20210408
2025-09-10 23:55:23,785 - INFO - [scripts.law.logic.scraper] - 로딩 마스크가 나타나기를 기다리는 중...
2025-09-10 23:55:23,805 - INFO - [scripts.law.logic.scraper] - 로딩 마스크가 사라지기를 기다리는 중...
2025-09-10 23:55:24,146 - INFO - [scripts.law.logic.scraper] - 페이지 최종 렌더링을 잠시 대기합니다...
2025-09-10 23:55:25,148 - INFO - [scripts.law.logic.scraper] - 페이지 HTML 컨텐츠를 가져오는 중...
2025-09-10 23:55:25,167 - INFO - [scripts.law.logic.scraper] - 데이터 파싱 중...
2025-09-10 23:55:25,265 - INFO - [scripts.law.logic.scraper] - 데이터 1건을 '/Users/woong/Roeum/roeum-crawler/data/raw/law/1352000/암관리법 시행규칙_document.jsonl' 파일로 성공적으로 저장했습니다.
2025-09-10 23:55:25,266 - INFO - [scripts.law.logic.scraper] - 데이터 28건을 '/Users/woong/Roeum/roeum-crawler/data/raw/law/1352000/암관리법 시행규칙_chunks.jsonl' 파일로 성공적으로 저장했습니다.
2025-09-10 23:55:25,287 - INFO - [__main__] - 상세 페이지 스크레이퍼 완료: 암관리법 시행규칙
2025-09-10 23:55:26,498 - INFO - [__main__] - 상세 페이지 스크레이퍼 실행: https://www.law.go.kr/LSW/lsInfoP.do?lsiSeq=217691&efYd=20200501
2025-09-10 23:55:26,832 - INFO - [scripts.law.logic.scraper] - 페이지로 이동 중: https://www.law.go.kr/LSW/lsInfoP.do?lsiSeq=217691&efYd=20200501
2025-09-10 23:55:28,555 - INFO - [scripts.law.logic.scraper] - 로딩 마스크가 나타나기를 기다리는 중...
2025-09-10 23:55:38,564 - WARNING - [scripts.law.logic.scraper] - 로딩 마스크가 감지되지 않았습니다. 페이지 로드가 완료된 것으로 간주하고 계속 진행합니다.
2025-09-10 23:55:38,565 - INFO - [scripts.law.logic.scraper] - 페이지 최종 렌더링을 잠시 대기합니다...
2025-09-10 23:55:39,570 - INFO - [scripts.law.logic.scraper] - 페이지 HTML 컨텐츠를 가져오는 중...
2025-09-10 23:55:39,587 - INFO - [scripts.law.logic.scraper] - 데이터 파싱 중...
2025-09-10 23:55:39,668 - INFO - [scripts.law.logic.scraper] - 데이터 1건을 '/Users/woong/Roeum/roeum-crawler/data/raw/law/1352000/의료기기산업 육성 및 혁신의료기기 지원법 시행령_document.jsonl' 파일로 성공적으로 저장했습니다.
2025-09-10 23:55:39,669 - INFO - [scripts.law.logic.scraper] - 데이터 25건을 '/Users/woong/Roeum/roeum-crawler/data/raw/law/1352000/의료기기산업 육성 및 혁신의료기기 지원법 시행령_chunks.jsonl' 파일로 성공적으로 저장했습니다.
2025-09-10 23:55:39,724 - INFO - [__main__] - 상세 페이지 스크레이퍼 완료: 의료기기산업 육성 및 혁신의료기기 지원법 시행령
2025-09-10 23:55:41,683 - INFO - [__main__] - 상세 페이지 스크레이퍼 실행: https://www.law.go.kr/LSW/lsInfoP.do?lsiSeq=270215&efYd=20260326
2025-09-10 23:55:42,905 - INFO - [scripts.law.logic.scraper] - 페이지로 이동 중: https://www.law.go.kr/LSW/lsInfoP.do?lsiSeq=270215&efYd=20260326
2025-09-10 23:55:43,916 - INFO - [scripts.law.logic.scraper] - 로딩 마스크가 나타나기를 기다리는 중...
2025-09-10 23:55:53,950 - WARNING - [scripts.law.logic.scraper] - 로딩 마스크가 감지되지 않았습니다. 페이지 로드가 완료된 것으로 간주하고 계속 진행합니다.
2025-09-10 23:55:53,951 - INFO - [scripts.law.logic.scraper] - 페이지 최종 렌더링을 잠시 대기합니다...
2025-09-10 23:55:54,960 - INFO - [scripts.law.logic.scraper] - 페이지 HTML 컨텐츠를 가져오는 중...
2025-09-10 23:55:54,991 - INFO - [scripts.law.logic.scraper] - 데이터 파싱 중...
2025-09-10 23:55:55,077 - INFO - [scripts.law.logic.scraper] - 데이터 1건을 '/Users/woong/Roeum/roeum-crawler/data/raw/law/1352000/가족돌봄 등 위기아동ㆍ청년 지원에 관한 법률_document.jsonl' 파일로 성공적으로 저장했습니다.
2025-09-10 23:55:55,078 - INFO - [scripts.law.logic.scraper] - 데이터 32건을 '/Users/woong/Roeum/roeum-crawler/data/raw/law/1352000/가족돌봄 등 위기아동ㆍ청년 지원에 관한 법률_chunks.jsonl' 파일로 성공적으로 저장했습니다.
2025-09-10 23:55:55,182 - INFO - [__main__] - 상세 페이지 스크레이퍼 완료: 가족돌봄 등 위기아동ㆍ청년 지원에 관한 법률
2025-09-10 23:55:56,507 - INFO - [__main__] - 상세 페이지 스크레이퍼 실행: https://www.law.go.kr/LSW/lsInfoP.do?lsiSeq=255879&efYd=20251101
2025-09-10 23:55:57,252 - INFO - [scripts.law.logic.scraper] - 페이지로 이동 중: https://www.law.go.kr/LSW/lsInfoP.do?lsiSeq=255879&efYd=20251101
2025-09-10 23:55:57,936 - INFO - [scripts.law.logic.scraper] - 로딩 마스크가 나타나기를 기다리는 중...
2025-09-10 23:56:07,946 - WARNING - [scripts.law.logic.scraper] - 로딩 마스크가 감지되지 않았습니다. 페이지 로드가 완료된 것으로 간주하고 계속 진행합니다.
2025-09-10 23:56:07,947 - INFO - [scripts.law.logic.scraper] - 페이지 최종 렌더링을 잠시 대기합니다...
2025-09-10 23:56:08,952 - INFO - [scripts.law.logic.scraper] - 페이지 HTML 컨텐츠를 가져오는 중...
2025-09-10 23:56:08,973 - INFO - [scripts.law.logic.scraper] - 데이터 파싱 중...
2025-09-10 23:56:09,029 - INFO - [scripts.law.logic.scraper] - 데이터 1건을 '/Users/woong/Roeum/roeum-crawler/data/raw/law/1352000/담배의 유해성 관리에 관한 법률_document.jsonl' 파일로 성공적으로 저장했습니다.
2025-09-10 23:56:09,030 - INFO - [scripts.law.logic.scraper] - 데이터 26건을 '/Users/woong/Roeum/roeum-crawler/data/raw/law/1352000/담배의 유해성 관리에 관한 법률_chunks.jsonl' 파일로 성공적으로 저장했습니다.
2025-09-10 23:56:09,127 - INFO - [__main__] - 상세 페이지 스크레이퍼 완료: 담배의 유해성 관리에 관한 법률
2025-09-10 23:56:10,423 - INFO - [__main__] - 상세 페이지 스크레이퍼 실행: https://www.law.go.kr/LSW/lsInfoP.do?lsiSeq=271103&efYd=20250719
2025-09-10 23:56:11,523 - INFO - [scripts.law.logic.scraper] - 페이지로 이동 중: https://www.law.go.kr/LSW/lsInfoP.do?lsiSeq=271103&efYd=20250719
2025-09-10 23:56:12,235 - INFO - [scripts.law.logic.scraper] - 로딩 마스크가 나타나기를 기다리는 중...
2025-09-10 23:56:12,290 - INFO - [scripts.law.logic.scraper] - 로딩 마스크가 사라지기를 기다리는 중...
2025-09-10 23:56:12,295 - INFO - [scripts.law.logic.scraper] - 페이지 최종 렌더링을 잠시 대기합니다...
2025-09-10 23:56:13,301 - INFO - [scripts.law.logic.scraper] - 페이지 HTML 컨텐츠를 가져오는 중...
2025-09-10 23:56:13,325 - INFO - [scripts.law.logic.scraper] - 데이터 파싱 중...
2025-09-10 23:56:13,381 - INFO - [scripts.law.logic.scraper] - 데이터 1건을 '/Users/woong/Roeum/roeum-crawler/data/raw/law/1352000/국제입양에 관한 법률 시행규칙_document.jsonl' 파일로 성공적으로 저장했습니다.
2025-09-10 23:56:13,381 - INFO - [scripts.law.logic.scraper] - 데이터 12건을 '/Users/woong/Roeum/roeum-crawler/data/raw/law/1352000/국제입양에 관한 법률 시행규칙_chunks.jsonl' 파일로 성공적으로 저장했습니다.
2025-09-10 23:56:13,412 - INFO - [__main__] - 상세 페이지 스크레이퍼 완료: 국제입양에 관한 법률 시행규칙
2025-09-10 23:56:14,666 - INFO - [__main__] - 상세 페이지 스크레이퍼 실행: https://www.law.go.kr/LSW/lsInfoP.do?lsiSeq=252707&efYd=20250719
2025-09-10 23:56:15,297 - INFO - [scripts.law.logic.scraper] - 페이지로 이동 중: https://www.law.go.kr/LSW/lsInfoP.do?lsiSeq=252707&efYd=20250719
2025-09-10 23:56:16,071 - INFO - [scripts.law.logic.scraper] - 로딩 마스크가 나타나기를 기다리는 중...
2025-09-10 23:56:26,092 - WARNING - [scripts.law.logic.scraper] - 로딩 마스크가 감지되지 않았습니다. 페이지 로드가 완료된 것으로 간주하고 계속 진행합니다.
2025-09-10 23:56:26,094 - INFO - [scripts.law.logic.scraper] - 페이지 최종 렌더링을 잠시 대기합니다...
2025-09-10 23:56:27,104 - INFO - [scripts.law.logic.scraper] - 페이지 HTML 컨텐츠를 가져오는 중...
2025-09-10 23:56:27,125 - INFO - [scripts.law.logic.scraper] - 데이터 파싱 중...
2025-09-10 23:56:27,208 - INFO - [scripts.law.logic.scraper] - 데이터 1건을 '/Users/woong/Roeum/roeum-crawler/data/raw/law/1352000/농어촌주민의 보건복지 증진을 위한 특별법_document.jsonl' 파일로 성공적으로 저장했습니다.
2025-09-10 23:56:27,209 - INFO - [scripts.law.logic.scraper] - 데이터 33건을 '/Users/woong/Roeum/roeum-crawler/data/raw/law/1352000/농어촌주민의 보건복지 증진을 위한 특별법_chunks.jsonl' 파일로 성공적으로 저장했습니다.
2025-09-10 23:56:27,258 - INFO - [__main__] - 상세 페이지 스크레이퍼 완료: 농어촌주민의 보건복지 증진을 위한 특별법
2025-09-10 23:56:28,538 - INFO - [__main__] - 상세 페이지 스크레이퍼 실행: https://www.law.go.kr/LSW/lsInfoP.do?lsiSeq=272877&efYd=20250718
2025-09-10 23:56:28,981 - INFO - [scripts.law.logic.scraper] - 페이지로 이동 중: https://www.law.go.kr/LSW/lsInfoP.do?lsiSeq=272877&efYd=20250718
2025-09-10 23:56:29,625 - INFO - [scripts.law.logic.scraper] - 로딩 마스크가 나타나기를 기다리는 중...
2025-09-10 23:56:29,657 - INFO - [scripts.law.logic.scraper] - 로딩 마스크가 사라지기를 기다리는 중...
2025-09-10 23:56:29,798 - INFO - [scripts.law.logic.scraper] - 페이지 최종 렌더링을 잠시 대기합니다...
2025-09-10 23:56:30,806 - INFO - [scripts.law.logic.scraper] - 페이지 HTML 컨텐츠를 가져오는 중...
2025-09-10 23:56:30,854 - INFO - [scripts.law.logic.scraper] - 데이터 파싱 중...
2025-09-10 23:56:31,107 - INFO - [scripts.law.logic.scraper] - 데이터 1건을 '/Users/woong/Roeum/roeum-crawler/data/raw/law/1352000/진단용 방사선 발생장치의 안전관리에 관한 규칙_document.jsonl' 파일로 성공적으로 저장했습니다.
2025-09-10 23:56:31,108 - INFO - [scripts.law.logic.scraper] - 데이터 19건을 '/Users/woong/Roeum/roeum-crawler/data/raw/law/1352000/진단용 방사선 발생장치의 안전관리에 관한 규칙_chunks.jsonl' 파일로 성공적으로 저장했습니다.
2025-09-10 23:56:31,189 - INFO - [__main__] - 상세 페이지 스크레이퍼 완료: 진단용 방사선 발생장치의 안전관리에 관한 규칙
2025-09-10 23:56:32,855 - INFO - [__main__] - 상세 페이지 스크레이퍼 실행: https://www.law.go.kr/LSW/lsInfoP.do?lsiSeq=265473&efYd=20250621
2025-09-10 23:56:33,777 - INFO - [scripts.law.logic.scraper] - 페이지로 이동 중: https://www.law.go.kr/LSW/lsInfoP.do?lsiSeq=265473&efYd=20250621
2025-09-10 23:56:34,564 - INFO - [scripts.law.logic.scraper] - 로딩 마스크가 나타나기를 기다리는 중...
2025-09-10 23:56:44,585 - WARNING - [scripts.law.logic.scraper] - 로딩 마스크가 감지되지 않았습니다. 페이지 로드가 완료된 것으로 간주하고 계속 진행합니다.
2025-09-10 23:56:44,586 - INFO - [scripts.law.logic.scraper] - 페이지 최종 렌더링을 잠시 대기합니다...
2025-09-10 23:56:45,614 - INFO - [scripts.law.logic.scraper] - 페이지 HTML 컨텐츠를 가져오는 중...
2025-09-10 23:56:45,681 - INFO - [scripts.law.logic.scraper] - 데이터 파싱 중...
2025-09-10 23:56:46,321 - INFO - [scripts.law.logic.scraper] - 데이터 1건을 '/Users/woong/Roeum/roeum-crawler/data/raw/law/1352000/의료사고 피해구제 및 의료분쟁 조정 등에 관한 법률_document.jsonl' 파일로 성공적으로 저장했습니다.
2025-09-10 23:56:46,324 - INFO - [scripts.law.logic.scraper] - 데이터 59건을 '/Users/woong/Roeum/roeum-crawler/data/raw/law/1352000/의료사고 피해구제 및 의료분쟁 조정 등에 관한 법률_chunks.jsonl' 파일로 성공적으로 저장했습니다.
2025-09-10 23:56:46,484 - INFO - [__main__] - 상세 페이지 스크레이퍼 완료: 의료사고 피해구제 및 의료분쟁 조정 등에 관한 법률
2025-09-10 23:56:48,713 - INFO - [__main__] - 상세 페이지 스크레이퍼 실행: https://www.law.go.kr/LSW/lsInfoP.do?lsiSeq=269845&efYd=20250311
2025-09-10 23:56:49,560 - INFO - [scripts.law.logic.scraper] - 페이지로 이동 중: https://www.law.go.kr/LSW/lsInfoP.do?lsiSeq=269845&efYd=20250311
2025-09-10 23:56:50,785 - INFO - [scripts.law.logic.scraper] - 로딩 마스크가 나타나기를 기다리는 중...
2025-09-10 23:57:00,962 - WARNING - [scripts.law.logic.scraper] - 로딩 마스크가 감지되지 않았습니다. 페이지 로드가 완료된 것으로 간주하고 계속 진행합니다.
2025-09-10 23:57:00,966 - INFO - [scripts.law.logic.scraper] - 페이지 최종 렌더링을 잠시 대기합니다...
2025-09-10 23:57:02,180 - INFO - [scripts.law.logic.scraper] - 페이지 HTML 컨텐츠를 가져오는 중...
2025-09-10 23:57:02,319 - INFO - [scripts.law.logic.scraper] - 데이터 파싱 중...
2025-09-10 23:57:02,962 - INFO - [scripts.law.logic.scraper] - 데이터 1건을 '/Users/woong/Roeum/roeum-crawler/data/raw/law/1352000/의료급여법 시행규칙_document.jsonl' 파일로 성공적으로 저장했습니다.
2025-09-10 23:57:02,965 - INFO - [scripts.law.logic.scraper] - 데이터 53건을 '/Users/woong/Roeum/roeum-crawler/data/raw/law/1352000/의료급여법 시행규칙_chunks.jsonl' 파일로 성공적으로 저장했습니다.
2025-09-10 23:57:03,058 - INFO - [__main__] - 상세 페이지 스크레이퍼 완료: 의료급여법 시행규칙
2025-09-10 23:57:05,014 - INFO - [__main__] - 상세 페이지 스크레이퍼 실행: https://www.law.go.kr/LSW/lsInfoP.do?lsiSeq=259045&efYd=20250124
2025-09-10 23:57:06,188 - INFO - [scripts.law.logic.scraper] - 페이지로 이동 중: https://www.law.go.kr/LSW/lsInfoP.do?lsiSeq=259045&efYd=20250124
2025-09-10 23:57:07,264 - INFO - [scripts.law.logic.scraper] - 로딩 마스크가 나타나기를 기다리는 중...
2025-09-10 23:57:17,290 - WARNING - [scripts.law.logic.scraper] - 로딩 마스크가 감지되지 않았습니다. 페이지 로드가 완료된 것으로 간주하고 계속 진행합니다.
2025-09-10 23:57:17,291 - INFO - [scripts.law.logic.scraper] - 페이지 최종 렌더링을 잠시 대기합니다...
2025-09-10 23:57:18,296 - INFO - [scripts.law.logic.scraper] - 페이지 HTML 컨텐츠를 가져오는 중...
2025-09-10 23:57:18,319 - INFO - [scripts.law.logic.scraper] - 데이터 파싱 중...
2025-09-10 23:57:18,449 - INFO - [scripts.law.logic.scraper] - 데이터 1건을 '/Users/woong/Roeum/roeum-crawler/data/raw/law/1352000/보건의료기술 진흥법_document.jsonl' 파일로 성공적으로 저장했습니다.
2025-09-10 23:57:18,449 - INFO - [scripts.law.logic.scraper] - 데이터 54건을 '/Users/woong/Roeum/roeum-crawler/data/raw/law/1352000/보건의료기술 진흥법_chunks.jsonl' 파일로 성공적으로 저장했습니다.
2025-09-10 23:57:18,495 - INFO - [__main__] - 상세 페이지 스크레이퍼 완료: 보건의료기술 진흥법
2025-09-10 23:57:19,741 - INFO - [__main__] - 상세 페이지 스크레이퍼 실행: https://www.law.go.kr/LSW/lsInfoP.do?lsiSeq=267289&efYd=20250103
2025-09-10 23:57:20,157 - INFO - [scripts.law.logic.scraper] - 페이지로 이동 중: https://www.law.go.kr/LSW/lsInfoP.do?lsiSeq=267289&efYd=20250103
2025-09-10 23:57:20,776 - INFO - [scripts.law.logic.scraper] - 로딩 마스크가 나타나기를 기다리는 중...
2025-09-10 23:57:30,783 - WARNING - [scripts.law.logic.scraper] - 로딩 마스크가 감지되지 않았습니다. 페이지 로드가 완료된 것으로 간주하고 계속 진행합니다.
2025-09-10 23:57:30,784 - INFO - [scripts.law.logic.scraper] - 페이지 최종 렌더링을 잠시 대기합니다...
2025-09-10 23:57:31,788 - INFO - [scripts.law.logic.scraper] - 페이지 HTML 컨텐츠를 가져오는 중...
2025-09-10 23:57:31,804 - INFO - [scripts.law.logic.scraper] - 데이터 파싱 중...
2025-09-10 23:57:31,886 - INFO - [scripts.law.logic.scraper] - 데이터 1건을 '/Users/woong/Roeum/roeum-crawler/data/raw/law/1352000/사회서비스 이용 및 이용권 관리에 관한 법률 시행령_document.jsonl' 파일로 성공적으로 저장했습니다.
2025-09-10 23:57:31,886 - INFO - [scripts.law.logic.scraper] - 데이터 14건을 '/Users/woong/Roeum/roeum-crawler/data/raw/law/1352000/사회서비스 이용 및 이용권 관리에 관한 법률 시행령_chunks.jsonl' 파일로 성공적으로 저장했습니다.
2025-09-10 23:57:31,939 - INFO - [__main__] - 상세 페이지 스크레이퍼 완료: 사회서비스 이용 및 이용권 관리에 관한 법률 시행령
2025-09-10 23:57:33,515 - INFO - [__main__] - 상세 페이지 스크레이퍼 실행: https://www.law.go.kr/LSW/lsInfoP.do?lsiSeq=267419&efYd=20241220
2025-09-10 23:57:34,333 - INFO - [scripts.law.logic.scraper] - 페이지로 이동 중: https://www.law.go.kr/LSW/lsInfoP.do?lsiSeq=267419&efYd=20241220
2025-09-10 23:57:35,006 - INFO - [scripts.law.logic.scraper] - 로딩 마스크가 나타나기를 기다리는 중...
2025-09-10 23:57:35,037 - INFO - [scripts.law.logic.scraper] - 로딩 마스크가 사라지기를 기다리는 중...
2025-09-10 23:57:35,304 - INFO - [scripts.law.logic.scraper] - 페이지 최종 렌더링을 잠시 대기합니다...
2025-09-10 23:57:36,316 - INFO - [scripts.law.logic.scraper] - 페이지 HTML 컨텐츠를 가져오는 중...
2025-09-10 23:57:36,381 - INFO - [scripts.law.logic.scraper] - 데이터 파싱 중...
2025-09-10 23:57:36,573 - INFO - [scripts.law.logic.scraper] - 데이터 1건을 '/Users/woong/Roeum/roeum-crawler/data/raw/law/1352000/사회보장급여의 이용ㆍ제공 및 수급권자 발굴에 관한 법률_document.jsonl' 파일로 성공적으로 저장했습니다.
2025-09-10 23:57:36,574 - INFO - [scripts.law.logic.scraper] - 데이터 65건을 '/Users/woong/Roeum/roeum-crawler/data/raw/law/1352000/사회보장급여의 이용ㆍ제공 및 수급권자 발굴에 관한 법률_chunks.jsonl' 파일로 성공적으로 저장했습니다.
2025-09-10 23:57:36,642 - INFO - [__main__] - 상세 페이지 스크레이퍼 완료: 사회보장급여의 이용ㆍ제공 및 수급권자 발굴에 관한 법률
2025-09-10 23:57:37,996 - INFO - [__main__] - 상세 페이지 스크레이퍼 실행: https://www.law.go.kr/LSW/lsInfoP.do?lsiSeq=264713&efYd=20240807
2025-09-10 23:57:38,500 - INFO - [scripts.law.logic.scraper] - 페이지로 이동 중: https://www.law.go.kr/LSW/lsInfoP.do?lsiSeq=264713&efYd=20240807
2025-09-10 23:57:39,120 - INFO - [scripts.law.logic.scraper] - 로딩 마스크가 나타나기를 기다리는 중...
2025-09-10 23:57:49,136 - WARNING - [scripts.law.logic.scraper] - 로딩 마스크가 감지되지 않았습니다. 페이지 로드가 완료된 것으로 간주하고 계속 진행합니다.
2025-09-10 23:57:49,136 - INFO - [scripts.law.logic.scraper] - 페이지 최종 렌더링을 잠시 대기합니다...
2025-09-10 23:57:50,142 - INFO - [scripts.law.logic.scraper] - 페이지 HTML 컨텐츠를 가져오는 중...
2025-09-10 23:57:50,161 - INFO - [scripts.law.logic.scraper] - 데이터 파싱 중...
2025-09-10 23:57:50,236 - INFO - [scripts.law.logic.scraper] - 데이터 1건을 '/Users/woong/Roeum/roeum-crawler/data/raw/law/1352000/보건의료기본법 시행령_document.jsonl' 파일로 성공적으로 저장했습니다.
2025-09-10 23:57:50,237 - INFO - [scripts.law.logic.scraper] - 데이터 20건을 '/Users/woong/Roeum/roeum-crawler/data/raw/law/1352000/보건의료기본법 시행령_chunks.jsonl' 파일로 성공적으로 저장했습니다.
2025-09-10 23:57:50,277 - INFO - [__main__] - 상세 페이지 스크레이퍼 완료: 보건의료기본법 시행령
2025-09-10 23:57:51,552 - INFO - [__main__] - 상세 페이지 스크레이퍼 실행: https://www.law.go.kr/LSW/lsInfoP.do?lsiSeq=263903&efYd=20240807
2025-09-10 23:57:52,048 - INFO - [scripts.law.logic.scraper] - 페이지로 이동 중: https://www.law.go.kr/LSW/lsInfoP.do?lsiSeq=263903&efYd=20240807
2025-09-10 23:57:52,675 - INFO - [scripts.law.logic.scraper] - 로딩 마스크가 나타나기를 기다리는 중...
2025-09-10 23:57:52,703 - INFO - [scripts.law.logic.scraper] - 로딩 마스크가 사라지기를 기다리는 중...
2025-09-10 23:57:52,751 - INFO - [scripts.law.logic.scraper] - 페이지 최종 렌더링을 잠시 대기합니다...
2025-09-10 23:57:53,754 - INFO - [scripts.law.logic.scraper] - 페이지 HTML 컨텐츠를 가져오는 중...
2025-09-10 23:57:53,773 - INFO - [scripts.law.logic.scraper] - 데이터 파싱 중...
2025-09-10 23:57:53,866 - INFO - [scripts.law.logic.scraper] - 데이터 1건을 '/Users/woong/Roeum/roeum-crawler/data/raw/law/1352000/중증장애인생산품 우선구매 특별법 시행령_document.jsonl' 파일로 성공적으로 저장했습니다.
2025-09-10 23:57:53,866 - INFO - [scripts.law.logic.scraper] - 데이터 31건을 '/Users/woong/Roeum/roeum-crawler/data/raw/law/1352000/중증장애인생산품 우선구매 특별법 시행령_chunks.jsonl' 파일로 성공적으로 저장했습니다.
2025-09-10 23:57:53,906 - INFO - [__main__] - 상세 페이지 스크레이퍼 완료: 중증장애인생산품 우선구매 특별법 시행령
2025-09-10 23:57:55,998 - INFO - [__main__] - 상세 페이지 스크레이퍼 실행: https://www.law.go.kr/LSW/lsInfoP.do?lsiSeq=258527&efYd=20240710
2025-09-10 23:57:58,895 - INFO - [scripts.law.logic.scraper] - 페이지로 이동 중: https://www.law.go.kr/LSW/lsInfoP.do?lsiSeq=258527&efYd=20240710
2025-09-10 23:57:59,941 - INFO - [scripts.law.logic.scraper] - 로딩 마스크가 나타나기를 기다리는 중...
2025-09-10 23:58:10,013 - WARNING - [scripts.law.logic.scraper] - 로딩 마스크가 감지되지 않았습니다. 페이지 로드가 완료된 것으로 간주하고 계속 진행합니다.
2025-09-10 23:58:10,014 - INFO - [scripts.law.logic.scraper] - 페이지 최종 렌더링을 잠시 대기합니다...
2025-09-10 23:58:11,030 - INFO - [scripts.law.logic.scraper] - 페이지 HTML 컨텐츠를 가져오는 중...
2025-09-10 23:58:11,109 - INFO - [scripts.law.logic.scraper] - 데이터 파싱 중...
2025-09-10 23:58:11,494 - INFO - [scripts.law.logic.scraper] - 데이터 1건을 '/Users/woong/Roeum/roeum-crawler/data/raw/law/1352000/제약산업 육성 및 지원에 관한 특별법_document.jsonl' 파일로 성공적으로 저장했습니다.
2025-09-10 23:58:11,496 - INFO - [scripts.law.logic.scraper] - 데이터 31건을 '/Users/woong/Roeum/roeum-crawler/data/raw/law/1352000/제약산업 육성 및 지원에 관한 특별법_chunks.jsonl' 파일로 성공적으로 저장했습니다.
2025-09-10 23:58:11,589 - INFO - [__main__] - 상세 페이지 스크레이퍼 완료: 제약산업 육성 및 지원에 관한 특별법
2025-09-10 23:58:12,910 - INFO - [__main__] - 상세 페이지 스크레이퍼 실행: https://www.law.go.kr/LSW/lsInfoP.do?lsiSeq=258519&efYd=20240710
2025-09-10 23:58:13,674 - INFO - [scripts.law.logic.scraper] - 페이지로 이동 중: https://www.law.go.kr/LSW/lsInfoP.do?lsiSeq=258519&efYd=20240710
2025-09-10 23:58:14,557 - INFO - [scripts.law.logic.scraper] - 로딩 마스크가 나타나기를 기다리는 중...
2025-09-10 23:58:24,575 - WARNING - [scripts.law.logic.scraper] - 로딩 마스크가 감지되지 않았습니다. 페이지 로드가 완료된 것으로 간주하고 계속 진행합니다.
2025-09-10 23:58:24,577 - INFO - [scripts.law.logic.scraper] - 페이지 최종 렌더링을 잠시 대기합니다...
2025-09-10 23:58:25,819 - INFO - [scripts.law.logic.scraper] - 페이지 HTML 컨텐츠를 가져오는 중...
2025-09-10 23:58:26,245 - INFO - [scripts.law.logic.scraper] - 데이터 파싱 중...
2025-09-10 23:58:26,776 - INFO - [scripts.law.logic.scraper] - 데이터 1건을 '/Users/woong/Roeum/roeum-crawler/data/raw/law/1352000/의료기기산업 육성 및 혁신의료기기 지원법_document.jsonl' 파일로 성공적으로 저장했습니다.
2025-09-10 23:58:26,778 - INFO - [scripts.law.logic.scraper] - 데이터 47건을 '/Users/woong/Roeum/roeum-crawler/data/raw/law/1352000/의료기기산업 육성 및 혁신의료기기 지원법_chunks.jsonl' 파일로 성공적으로 저장했습니다.
2025-09-10 23:58:27,019 - INFO - [__main__] - 상세 페이지 스크레이퍼 완료: 의료기기산업 육성 및 혁신의료기기 지원법
2025-09-10 23:58:29,903 - INFO - [__main__] - 상세 페이지 스크레이퍼 실행: https://www.law.go.kr/LSW/lsInfoP.do?lsiSeq=258097&efYd=20240710
2025-09-10 23:58:32,991 - INFO - [scripts.law.logic.scraper] - 페이지로 이동 중: https://www.law.go.kr/LSW/lsInfoP.do?lsiSeq=258097&efYd=20240710
2025-09-10 23:58:34,237 - INFO - [scripts.law.logic.scraper] - 로딩 마스크가 나타나기를 기다리는 중...
2025-09-10 23:58:44,312 - WARNING - [scripts.law.logic.scraper] - 로딩 마스크가 감지되지 않았습니다. 페이지 로드가 완료된 것으로 간주하고 계속 진행합니다.
2025-09-10 23:58:44,314 - INFO - [scripts.law.logic.scraper] - 페이지 최종 렌더링을 잠시 대기합니다...
2025-09-10 23:58:45,327 - INFO - [scripts.law.logic.scraper] - 페이지 HTML 컨텐츠를 가져오는 중...
2025-09-10 23:58:45,360 - INFO - [scripts.law.logic.scraper] - 데이터 파싱 중...
2025-09-10 23:58:45,510 - INFO - [scripts.law.logic.scraper] - 데이터 1건을 '/Users/woong/Roeum/roeum-crawler/data/raw/law/1352000/제대혈 관리 및 연구에 관한 법률_document.jsonl' 파일로 성공적으로 저장했습니다.
2025-09-10 23:58:45,511 - INFO - [scripts.law.logic.scraper] - 데이터 43건을 '/Users/woong/Roeum/roeum-crawler/data/raw/law/1352000/제대혈 관리 및 연구에 관한 법률_chunks.jsonl' 파일로 성공적으로 저장했습니다.
2025-09-10 23:58:45,570 - INFO - [__main__] - 상세 페이지 스크레이퍼 완료: 제대혈 관리 및 연구에 관한 법률
2025-09-10 23:58:46,963 - INFO - [__main__] - 상세 페이지 스크레이퍼 실행: https://www.law.go.kr/LSW/lsInfoP.do?lsiSeq=257869&efYd=20240703
2025-09-10 23:58:47,794 - INFO - [scripts.law.logic.scraper] - 페이지로 이동 중: https://www.law.go.kr/LSW/lsInfoP.do?lsiSeq=257869&efYd=20240703
2025-09-10 23:58:48,554 - INFO - [scripts.law.logic.scraper] - 로딩 마스크가 나타나기를 기다리는 중...
2025-09-10 23:58:58,574 - WARNING - [scripts.law.logic.scraper] - 로딩 마스크가 감지되지 않았습니다. 페이지 로드가 완료된 것으로 간주하고 계속 진행합니다.
2025-09-10 23:58:58,575 - INFO - [scripts.law.logic.scraper] - 페이지 최종 렌더링을 잠시 대기합니다...
2025-09-10 23:58:59,578 - INFO - [scripts.law.logic.scraper] - 페이지 HTML 컨텐츠를 가져오는 중...
2025-09-10 23:58:59,598 - INFO - [scripts.law.logic.scraper] - 데이터 파싱 중...
2025-09-10 23:58:59,674 - INFO - [scripts.law.logic.scraper] - 데이터 1건을 '/Users/woong/Roeum/roeum-crawler/data/raw/law/1352000/치매관리법_document.jsonl' 파일로 성공적으로 저장했습니다.
2025-09-10 23:58:59,675 - INFO - [scripts.law.logic.scraper] - 데이터 30건을 '/Users/woong/Roeum/roeum-crawler/data/raw/law/1352000/치매관리법_chunks.jsonl' 파일로 성공적으로 저장했습니다.
2025-09-10 23:58:59,722 - INFO - [__main__] - 상세 페이지 스크레이퍼 완료: 치매관리법
2025-09-10 23:59:01,003 - INFO - [__main__] - 상세 페이지 스크레이퍼 실행: https://www.law.go.kr/LSW/lsInfoP.do?lsiSeq=261047&efYd=20240315
2025-09-10 23:59:01,386 - INFO - [scripts.law.logic.scraper] - 페이지로 이동 중: https://www.law.go.kr/LSW/lsInfoP.do?lsiSeq=261047&efYd=20240315
2025-09-10 23:59:02,005 - INFO - [scripts.law.logic.scraper] - 로딩 마스크가 나타나기를 기다리는 중...
2025-09-10 23:59:02,045 - INFO - [scripts.law.logic.scraper] - 로딩 마스크가 사라지기를 기다리는 중...
2025-09-10 23:59:02,050 - INFO - [scripts.law.logic.scraper] - 페이지 최종 렌더링을 잠시 대기합니다...
2025-09-10 23:59:03,053 - INFO - [scripts.law.logic.scraper] - 페이지 HTML 컨텐츠를 가져오는 중...
2025-09-10 23:59:03,073 - INFO - [scripts.law.logic.scraper] - 데이터 파싱 중...
2025-09-10 23:59:03,125 - INFO - [scripts.law.logic.scraper] - 데이터 1건을 '/Users/woong/Roeum/roeum-crawler/data/raw/law/1352000/고독사 예방 및 관리에 관한 법률 시행령_document.jsonl' 파일로 성공적으로 저장했습니다.
2025-09-10 23:59:03,126 - INFO - [scripts.law.logic.scraper] - 데이터 9건을 '/Users/woong/Roeum/roeum-crawler/data/raw/law/1352000/고독사 예방 및 관리에 관한 법률 시행령_chunks.jsonl' 파일로 성공적으로 저장했습니다.
2025-09-10 23:59:03,148 - INFO - [__main__] - 상세 페이지 스크레이퍼 완료: 고독사 예방 및 관리에 관한 법률 시행령
2025-09-10 23:59:04,366 - INFO - [__main__] - 상세 페이지 스크레이퍼 실행: https://www.law.go.kr/LSW/lsInfoP.do?lsiSeq=254853&efYd=20240315
2025-09-10 23:59:04,737 - INFO - [scripts.law.logic.scraper] - 페이지로 이동 중: https://www.law.go.kr/LSW/lsInfoP.do?lsiSeq=254853&efYd=20240315
2025-09-10 23:59:05,591 - INFO - [scripts.law.logic.scraper] - 로딩 마스크가 나타나기를 기다리는 중...
2025-09-10 23:59:15,609 - WARNING - [scripts.law.logic.scraper] - 로딩 마스크가 감지되지 않았습니다. 페이지 로드가 완료된 것으로 간주하고 계속 진행합니다.
2025-09-10 23:59:15,610 - INFO - [scripts.law.logic.scraper] - 페이지 최종 렌더링을 잠시 대기합니다...
2025-09-10 23:59:16,621 - INFO - [scripts.law.logic.scraper] - 페이지 HTML 컨텐츠를 가져오는 중...
2025-09-10 23:59:16,655 - INFO - [scripts.law.logic.scraper] - 데이터 파싱 중...
2025-09-10 23:59:16,717 - INFO - [scripts.law.logic.scraper] - 데이터 1건을 '/Users/woong/Roeum/roeum-crawler/data/raw/law/1352000/고독사 예방 및 관리에 관한 법률_document.jsonl' 파일로 성공적으로 저장했습니다.
2025-09-10 23:59:16,717 - INFO - [scripts.law.logic.scraper] - 데이터 22건을 '/Users/woong/Roeum/roeum-crawler/data/raw/law/1352000/고독사 예방 및 관리에 관한 법률_chunks.jsonl' 파일로 성공적으로 저장했습니다.
2025-09-10 23:59:16,758 - INFO - [__main__] - 상세 페이지 스크레이퍼 완료: 고독사 예방 및 관리에 관한 법률
2025-09-10 23:59:18,012 - INFO - [__main__] - 상세 페이지 스크레이퍼 실행: https://www.law.go.kr/LSW/lsInfoP.do?lsiSeq=258985&efYd=20240118
2025-09-10 23:59:18,435 - INFO - [scripts.law.logic.scraper] - 페이지로 이동 중: https://www.law.go.kr/LSW/lsInfoP.do?lsiSeq=258985&efYd=20240118
2025-09-10 23:59:19,050 - INFO - [scripts.law.logic.scraper] - 로딩 마스크가 나타나기를 기다리는 중...
2025-09-10 23:59:19,071 - INFO - [scripts.law.logic.scraper] - 로딩 마스크가 사라지기를 기다리는 중...
2025-09-10 23:59:19,249 - INFO - [scripts.law.logic.scraper] - 페이지 최종 렌더링을 잠시 대기합니다...
2025-09-10 23:59:20,252 - INFO - [scripts.law.logic.scraper] - 페이지 HTML 컨텐츠를 가져오는 중...
2025-09-10 23:59:20,278 - INFO - [scripts.law.logic.scraper] - 데이터 파싱 중...
2025-09-10 23:59:20,375 - INFO - [scripts.law.logic.scraper] - 데이터 1건을 '/Users/woong/Roeum/roeum-crawler/data/raw/law/1352000/장애인연금법 시행령_document.jsonl' 파일로 성공적으로 저장했습니다.
2025-09-10 23:59:20,375 - INFO - [scripts.law.logic.scraper] - 데이터 24건을 '/Users/woong/Roeum/roeum-crawler/data/raw/law/1352000/장애인연금법 시행령_chunks.jsonl' 파일로 성공적으로 저장했습니다.
2025-09-10 23:59:20,399 - INFO - [__main__] - 상세 페이지 스크레이퍼 완료: 장애인연금법 시행령
2025-09-10 23:59:21,602 - INFO - [__main__] - 상세 페이지 스크레이퍼 실행: https://www.law.go.kr/LSW/lsInfoP.do?lsiSeq=256531&efYd=20231214
2025-09-10 23:59:21,946 - INFO - [scripts.law.logic.scraper] - 페이지로 이동 중: https://www.law.go.kr/LSW/lsInfoP.do?lsiSeq=256531&efYd=20231214
2025-09-10 23:59:22,526 - INFO - [scripts.law.logic.scraper] - 로딩 마스크가 나타나기를 기다리는 중...
2025-09-10 23:59:22,544 - INFO - [scripts.law.logic.scraper] - 로딩 마스크가 사라지기를 기다리는 중...
2025-09-10 23:59:22,623 - INFO - [scripts.law.logic.scraper] - 페이지 최종 렌더링을 잠시 대기합니다...
2025-09-10 23:59:23,626 - INFO - [scripts.law.logic.scraper] - 페이지 HTML 컨텐츠를 가져오는 중...
2025-09-10 23:59:23,636 - INFO - [scripts.law.logic.scraper] - 데이터 파싱 중...
2025-09-10 23:59:23,673 - INFO - [scripts.law.logic.scraper] - 데이터 1건을 '/Users/woong/Roeum/roeum-crawler/data/raw/law/1352000/보건의료인력지원법 시행령_document.jsonl' 파일로 성공적으로 저장했습니다.
2025-09-10 23:59:23,673 - INFO - [scripts.law.logic.scraper] - 데이터 11건을 '/Users/woong/Roeum/roeum-crawler/data/raw/law/1352000/보건의료인력지원법 시행령_chunks.jsonl' 파일로 성공적으로 저장했습니다.
2025-09-10 23:59:23,696 - INFO - [__main__] - 상세 페이지 스크레이퍼 완료: 보건의료인력지원법 시행령
2025-09-10 23:59:24,910 - INFO - [__main__] - 상세 페이지 스크레이퍼 실행: https://www.law.go.kr/LSW/lsInfoP.do?lsiSeq=249869&efYd=20231012
2025-09-10 23:59:25,250 - INFO - [scripts.law.logic.scraper] - 페이지로 이동 중: https://www.law.go.kr/LSW/lsInfoP.do?lsiSeq=249869&efYd=20231012
2025-09-10 23:59:25,913 - INFO - [scripts.law.logic.scraper] - 로딩 마스크가 나타나기를 기다리는 중...
2025-09-10 23:59:25,962 - INFO - [scripts.law.logic.scraper] - 로딩 마스크가 사라지기를 기다리는 중...
2025-09-10 23:59:25,968 - INFO - [scripts.law.logic.scraper] - 페이지 최종 렌더링을 잠시 대기합니다...
2025-09-10 23:59:26,971 - INFO - [scripts.law.logic.scraper] - 페이지 HTML 컨텐츠를 가져오는 중...
2025-09-10 23:59:26,989 - INFO - [scripts.law.logic.scraper] - 데이터 파싱 중...
2025-09-10 23:59:27,038 - INFO - [scripts.law.logic.scraper] - 데이터 1건을 '/Users/woong/Roeum/roeum-crawler/data/raw/law/1352000/보호시설에 있는 미성년자의 후견 직무에 관한 법률_document.jsonl' 파일로 성공적으로 저장했습니다.
2025-09-10 23:59:27,038 - INFO - [scripts.law.logic.scraper] - 데이터 7건을 '/Users/woong/Roeum/roeum-crawler/data/raw/law/1352000/보호시설에 있는 미성년자의 후견 직무에 관한 법률_chunks.jsonl' 파일로 성공적으로 저장했습니다.
2025-09-10 23:59:27,060 - INFO - [__main__] - 상세 페이지 스크레이퍼 완료: 보호시설에 있는 미성년자의 후견 직무에 관한 법률
2025-09-10 23:59:28,280 - INFO - [__main__] - 상세 페이지 스크레이퍼 실행: https://www.law.go.kr/LSW/lsInfoP.do?lsiSeq=249471&efYd=20230408
2025-09-10 23:59:28,629 - INFO - [scripts.law.logic.scraper] - 페이지로 이동 중: https://www.law.go.kr/LSW/lsInfoP.do?lsiSeq=249471&efYd=20230408
2025-09-10 23:59:29,264 - INFO - [scripts.law.logic.scraper] - 로딩 마스크가 나타나기를 기다리는 중...
2025-09-10 23:59:29,289 - INFO - [scripts.law.logic.scraper] - 로딩 마스크가 사라지기를 기다리는 중...
2025-09-10 23:59:29,310 - INFO - [scripts.law.logic.scraper] - 페이지 최종 렌더링을 잠시 대기합니다...
2025-09-10 23:59:30,313 - INFO - [scripts.law.logic.scraper] - 페이지 HTML 컨텐츠를 가져오는 중...
2025-09-10 23:59:30,333 - INFO - [scripts.law.logic.scraper] - 데이터 파싱 중...
2025-09-10 23:59:30,380 - INFO - [scripts.law.logic.scraper] - 데이터 1건을 '/Users/woong/Roeum/roeum-crawler/data/raw/law/1352000/전문약사의 자격 인정 등에 관한 규정_document.jsonl' 파일로 성공적으로 저장했습니다.
2025-09-10 23:59:30,380 - INFO - [scripts.law.logic.scraper] - 데이터 6건을 '/Users/woong/Roeum/roeum-crawler/data/raw/law/1352000/전문약사의 자격 인정 등에 관한 규정_chunks.jsonl' 파일로 성공적으로 저장했습니다.
2025-09-10 23:59:30,405 - INFO - [__main__] - 상세 페이지 스크레이퍼 완료: 전문약사의 자격 인정 등에 관한 규정
2025-09-10 23:59:31,620 - INFO - [__main__] - 상세 페이지 스크레이퍼 실행: https://www.law.go.kr/LSW/lsInfoP.do?lsiSeq=234267&efYd=20220128
2025-09-10 23:59:31,949 - INFO - [scripts.law.logic.scraper] - 페이지로 이동 중: https://www.law.go.kr/LSW/lsInfoP.do?lsiSeq=234267&efYd=20220128
2025-09-10 23:59:32,559 - INFO - [scripts.law.logic.scraper] - 로딩 마스크가 나타나기를 기다리는 중...
2025-09-10 23:59:32,579 - INFO - [scripts.law.logic.scraper] - 로딩 마스크가 사라지기를 기다리는 중...
2025-09-10 23:59:32,691 - INFO - [scripts.law.logic.scraper] - 페이지 최종 렌더링을 잠시 대기합니다...
2025-09-10 23:59:33,693 - INFO - [scripts.law.logic.scraper] - 페이지 HTML 컨텐츠를 가져오는 중...
2025-09-10 23:59:33,714 - INFO - [scripts.law.logic.scraper] - 데이터 파싱 중...
2025-09-10 23:59:33,797 - INFO - [scripts.law.logic.scraper] - 데이터 1건을 '/Users/woong/Roeum/roeum-crawler/data/raw/law/1352000/한국보건복지인재원법_document.jsonl' 파일로 성공적으로 저장했습니다.
2025-09-10 23:59:33,799 - INFO - [scripts.law.logic.scraper] - 데이터 23건을 '/Users/woong/Roeum/roeum-crawler/data/raw/law/1352000/한국보건복지인재원법_chunks.jsonl' 파일로 성공적으로 저장했습니다.
2025-09-10 23:59:33,838 - INFO - [__main__] - 상세 페이지 스크레이퍼 완료: 한국보건복지인재원법
2025-09-10 23:59:35,352 - INFO - [__main__] - 상세 페이지 스크레이퍼 실행: https://www.law.go.kr/LSW/lsInfoP.do?lsiSeq=236853&efYd=20220101
2025-09-10 23:59:35,899 - INFO - [scripts.law.logic.scraper] - 페이지로 이동 중: https://www.law.go.kr/LSW/lsInfoP.do?lsiSeq=236853&efYd=20220101
2025-09-10 23:59:36,601 - INFO - [scripts.law.logic.scraper] - 로딩 마스크가 나타나기를 기다리는 중...
2025-09-10 23:59:36,640 - INFO - [scripts.law.logic.scraper] - 로딩 마스크가 사라지기를 기다리는 중...
2025-09-10 23:59:36,739 - INFO - [scripts.law.logic.scraper] - 페이지 최종 렌더링을 잠시 대기합니다...
2025-09-10 23:59:37,745 - INFO - [scripts.law.logic.scraper] - 페이지 HTML 컨텐츠를 가져오는 중...
2025-09-10 23:59:37,768 - INFO - [scripts.law.logic.scraper] - 데이터 파싱 중...
2025-09-10 23:59:37,863 - INFO - [scripts.law.logic.scraper] - 데이터 1건을 '/Users/woong/Roeum/roeum-crawler/data/raw/law/1352000/발달장애인 권리보장 및 지원에 관한 법률 시행령_document.jsonl' 파일로 성공적으로 저장했습니다.
2025-09-10 23:59:37,864 - INFO - [scripts.law.logic.scraper] - 데이터 20건을 '/Users/woong/Roeum/roeum-crawler/data/raw/law/1352000/발달장애인 권리보장 및 지원에 관한 법률 시행령_chunks.jsonl' 파일로 성공적으로 저장했습니다.
2025-09-10 23:59:37,914 - INFO - [__main__] - 상세 페이지 스크레이퍼 완료: 발달장애인 권리보장 및 지원에 관한 법률 시행령
2025-09-10 23:59:39,128 - INFO - [__main__] - 상세 페이지 스크레이퍼 실행: https://www.law.go.kr/LSW/lsInfoP.do?lsiSeq=229257&efYd=20210305
2025-09-10 23:59:39,529 - INFO - [scripts.law.logic.scraper] - 페이지로 이동 중: https://www.law.go.kr/LSW/lsInfoP.do?lsiSeq=229257&efYd=20210305
2025-09-10 23:59:40,183 - INFO - [scripts.law.logic.scraper] - 로딩 마스크가 나타나기를 기다리는 중...
2025-09-10 23:59:40,203 - INFO - [scripts.law.logic.scraper] - 로딩 마스크가 사라지기를 기다리는 중...
2025-09-10 23:59:40,287 - INFO - [scripts.law.logic.scraper] - 페이지 최종 렌더링을 잠시 대기합니다...
2025-09-10 23:59:41,290 - INFO - [scripts.law.logic.scraper] - 페이지 HTML 컨텐츠를 가져오는 중...
2025-09-10 23:59:41,306 - INFO - [scripts.law.logic.scraper] - 데이터 파싱 중...
2025-09-10 23:59:41,358 - INFO - [scripts.law.logic.scraper] - 데이터 1건을 '/Users/woong/Roeum/roeum-crawler/data/raw/law/1352000/의료기관 회계기준 규칙_document.jsonl' 파일로 성공적으로 저장했습니다.
2025-09-10 23:59:41,358 - INFO - [scripts.law.logic.scraper] - 데이터 12건을 '/Users/woong/Roeum/roeum-crawler/data/raw/law/1352000/의료기관 회계기준 규칙_chunks.jsonl' 파일로 성공적으로 저장했습니다.
2025-09-10 23:59:41,381 - INFO - [__main__] - 상세 페이지 스크레이퍼 완료: 의료기관 회계기준 규칙
2025-09-10 23:59:42,602 - INFO - [__main__] - 상세 페이지 스크레이퍼 실행: https://www.law.go.kr/LSW/lsInfoP.do?lsiSeq=215255&efYd=20200303
2025-09-10 23:59:42,958 - INFO - [scripts.law.logic.scraper] - 페이지로 이동 중: https://www.law.go.kr/LSW/lsInfoP.do?lsiSeq=215255&efYd=20200303
2025-09-10 23:59:43,659 - INFO - [scripts.law.logic.scraper] - 로딩 마스크가 나타나기를 기다리는 중...
2025-09-10 23:59:53,666 - WARNING - [scripts.law.logic.scraper] - 로딩 마스크가 감지되지 않았습니다. 페이지 로드가 완료된 것으로 간주하고 계속 진행합니다.
2025-09-10 23:59:53,667 - INFO - [scripts.law.logic.scraper] - 페이지 최종 렌더링을 잠시 대기합니다...
2025-09-10 23:59:54,673 - INFO - [scripts.law.logic.scraper] - 페이지 HTML 컨텐츠를 가져오는 중...
2025-09-10 23:59:54,696 - INFO - [scripts.law.logic.scraper] - 데이터 파싱 중...
2025-09-10 23:59:54,775 - INFO - [scripts.law.logic.scraper] - 데이터 1건을 '/Users/woong/Roeum/roeum-crawler/data/raw/law/1352000/한의약 육성법 시행령_document.jsonl' 파일로 성공적으로 저장했습니다.
2025-09-10 23:59:54,775 - INFO - [scripts.law.logic.scraper] - 데이터 18건을 '/Users/woong/Roeum/roeum-crawler/data/raw/law/1352000/한의약 육성법 시행령_chunks.jsonl' 파일로 성공적으로 저장했습니다.
2025-09-10 23:59:54,805 - INFO - [__main__] - 상세 페이지 스크레이퍼 완료: 한의약 육성법 시행령
2025-09-10 23:59:56,076 - INFO - [__main__] - 상세 페이지 스크레이퍼 실행: https://www.law.go.kr/LSW/lsInfoP.do?lsiSeq=210611&efYd=20190927
2025-09-10 23:59:56,469 - INFO - [scripts.law.logic.scraper] - 페이지로 이동 중: https://www.law.go.kr/LSW/lsInfoP.do?lsiSeq=210611&efYd=20190927
2025-09-10 23:59:57,106 - INFO - [scripts.law.logic.scraper] - 로딩 마스크가 나타나기를 기다리는 중...
2025-09-10 23:59:57,125 - INFO - [scripts.law.logic.scraper] - 로딩 마스크가 사라지기를 기다리는 중...
2025-09-10 23:59:57,205 - INFO - [scripts.law.logic.scraper] - 페이지 최종 렌더링을 잠시 대기합니다...
2025-09-10 23:59:58,207 - INFO - [scripts.law.logic.scraper] - 페이지 HTML 컨텐츠를 가져오는 중...
2025-09-10 23:59:58,215 - INFO - [scripts.law.logic.scraper] - 데이터 파싱 중...
2025-09-10 23:59:58,249 - INFO - [scripts.law.logic.scraper] - 데이터 1건을 '/Users/woong/Roeum/roeum-crawler/data/raw/law/1352000/보건복지부 소속 국립병원 및 국립재활원 임상연구비 지급규칙_document.jsonl' 파일로 성공적으로 저장했습니다.
2025-09-10 23:59:58,249 - INFO - [scripts.law.logic.scraper] - 데이터 7건을 '/Users/woong/Roeum/roeum-crawler/data/raw/law/1352000/보건복지부 소속 국립병원 및 국립재활원 임상연구비 지급규칙_chunks.jsonl' 파일로 성공적으로 저장했습니다.
2025-09-10 23:59:58,270 - INFO - [__main__] - 상세 페이지 스크레이퍼 완료: 보건복지부 소속 국립병원 및 국립재활원 임상연구비 지급규칙
2025-09-10 23:59:59,493 - INFO - [__main__] - 상세 페이지 스크레이퍼 실행: https://www.law.go.kr/LSW/lsInfoP.do?lsiSeq=206701&efYd=20190716
2025-09-10 23:59:59,833 - INFO - [scripts.law.logic.scraper] - 페이지로 이동 중: https://www.law.go.kr/LSW/lsInfoP.do?lsiSeq=206701&efYd=20190716
2025-09-11 00:00:00,501 - INFO - [scripts.law.logic.scraper] - 로딩 마스크가 나타나기를 기다리는 중...
2025-09-11 00:00:00,531 - INFO - [scripts.law.logic.scraper] - 로딩 마스크가 사라지기를 기다리는 중...
2025-09-11 00:00:00,621 - INFO - [scripts.law.logic.scraper] - 페이지 최종 렌더링을 잠시 대기합니다...
2025-09-11 00:00:01,627 - INFO - [scripts.law.logic.scraper] - 페이지 HTML 컨텐츠를 가져오는 중...
2025-09-11 00:00:01,649 - INFO - [scripts.law.logic.scraper] - 데이터 파싱 중...
2025-09-11 00:00:01,702 - INFO - [scripts.law.logic.scraper] - 데이터 1건을 '/Users/woong/Roeum/roeum-crawler/data/raw/law/1352000/한센인피해사건의 진상규명 및 피해자 지원 등에 관한 법률_document.jsonl' 파일로 성공적으로 저장했습니다.
2025-09-11 00:00:01,703 - INFO - [scripts.law.logic.scraper] - 데이터 14건을 '/Users/woong/Roeum/roeum-crawler/data/raw/law/1352000/한센인피해사건의 진상규명 및 피해자 지원 등에 관한 법률_chunks.jsonl' 파일로 성공적으로 저장했습니다.
2025-09-11 00:00:01,727 - INFO - [__main__] - 상세 페이지 스크레이퍼 완료: 한센인피해사건의 진상규명 및 피해자 지원 등에 관한 법률
2025-09-11 00:00:02,951 - INFO - [__main__] - 상세 페이지 스크레이퍼 실행: https://www.law.go.kr/LSW/lsInfoP.do?lsiSeq=206699&efYd=20190115
2025-09-11 00:00:03,313 - INFO - [scripts.law.logic.scraper] - 페이지로 이동 중: https://www.law.go.kr/LSW/lsInfoP.do?lsiSeq=206699&efYd=20190115
2025-09-11 00:00:04,020 - INFO - [scripts.law.logic.scraper] - 로딩 마스크가 나타나기를 기다리는 중...
2025-09-11 00:00:14,030 - WARNING - [scripts.law.logic.scraper] - 로딩 마스크가 감지되지 않았습니다. 페이지 로드가 완료된 것으로 간주하고 계속 진행합니다.
2025-09-11 00:00:14,031 - INFO - [scripts.law.logic.scraper] - 페이지 최종 렌더링을 잠시 대기합니다...
2025-09-11 00:00:15,038 - INFO - [scripts.law.logic.scraper] - 페이지 HTML 컨텐츠를 가져오는 중...
2025-09-11 00:00:15,061 - INFO - [scripts.law.logic.scraper] - 데이터 파싱 중...
2025-09-11 00:00:15,121 - INFO - [scripts.law.logic.scraper] - 데이터 1건을 '/Users/woong/Roeum/roeum-crawler/data/raw/law/1352000/천연물신약 연구개발 촉진법_document.jsonl' 파일로 성공적으로 저장했습니다.
2025-09-11 00:00:15,122 - INFO - [scripts.law.logic.scraper] - 데이터 14건을 '/Users/woong/Roeum/roeum-crawler/data/raw/law/1352000/천연물신약 연구개발 촉진법_chunks.jsonl' 파일로 성공적으로 저장했습니다.
2025-09-11 00:00:15,167 - INFO - [__main__] - 상세 페이지 스크레이퍼 완료: 천연물신약 연구개발 촉진법
2025-09-11 00:00:16,424 - INFO - [__main__] - 상세 페이지 스크레이퍼 실행: https://www.law.go.kr/LSW/lsInfoP.do?lsiSeq=199536&efYd=20171212
2025-09-11 00:00:16,838 - INFO - [scripts.law.logic.scraper] - 페이지로 이동 중: https://www.law.go.kr/LSW/lsInfoP.do?lsiSeq=199536&efYd=20171212
2025-09-11 00:00:17,434 - INFO - [scripts.law.logic.scraper] - 로딩 마스크가 나타나기를 기다리는 중...
2025-09-11 00:00:27,443 - WARNING - [scripts.law.logic.scraper] - 로딩 마스크가 감지되지 않았습니다. 페이지 로드가 완료된 것으로 간주하고 계속 진행합니다.
2025-09-11 00:00:27,444 - INFO - [scripts.law.logic.scraper] - 페이지 최종 렌더링을 잠시 대기합니다...
2025-09-11 00:00:28,452 - INFO - [scripts.law.logic.scraper] - 페이지 HTML 컨텐츠를 가져오는 중...
2025-09-11 00:00:28,480 - INFO - [scripts.law.logic.scraper] - 데이터 파싱 중...
2025-09-11 00:00:28,536 - INFO - [scripts.law.logic.scraper] - 데이터 1건을 '/Users/woong/Roeum/roeum-crawler/data/raw/law/1352000/효행 장려 및 지원에 관한 법률_document.jsonl' 파일로 성공적으로 저장했습니다.
2025-09-11 00:00:28,537 - INFO - [scripts.law.logic.scraper] - 데이터 15건을 '/Users/woong/Roeum/roeum-crawler/data/raw/law/1352000/효행 장려 및 지원에 관한 법률_chunks.jsonl' 파일로 성공적으로 저장했습니다.
2025-09-11 00:00:28,574 - INFO - [__main__] - 상세 페이지 스크레이퍼 완료: 효행 장려 및 지원에 관한 법률
2025-09-11 00:00:29,848 - INFO - [__main__] - 상세 페이지 스크레이퍼 실행: https://www.law.go.kr/LSW/lsInfoP.do?lsiSeq=183954&efYd=20160804
2025-09-11 00:00:30,245 - INFO - [scripts.law.logic.scraper] - 페이지로 이동 중: https://www.law.go.kr/LSW/lsInfoP.do?lsiSeq=183954&efYd=20160804
2025-09-11 00:00:30,860 - INFO - [scripts.law.logic.scraper] - 로딩 마스크가 나타나기를 기다리는 중...
2025-09-11 00:00:30,881 - INFO - [scripts.law.logic.scraper] - 로딩 마스크가 사라지기를 기다리는 중...
2025-09-11 00:00:30,964 - INFO - [scripts.law.logic.scraper] - 페이지 최종 렌더링을 잠시 대기합니다...
2025-09-11 00:00:31,966 - INFO - [scripts.law.logic.scraper] - 페이지 HTML 컨텐츠를 가져오는 중...
2025-09-11 00:00:31,981 - INFO - [scripts.law.logic.scraper] - 데이터 파싱 중...
2025-09-11 00:00:32,023 - INFO - [scripts.law.logic.scraper] - 데이터 1건을 '/Users/woong/Roeum/roeum-crawler/data/raw/law/1352000/사회복지공동모금회법 시행규칙_document.jsonl' 파일로 성공적으로 저장했습니다.
2025-09-11 00:00:32,023 - INFO - [scripts.law.logic.scraper] - 데이터 2건을 '/Users/woong/Roeum/roeum-crawler/data/raw/law/1352000/사회복지공동모금회법 시행규칙_chunks.jsonl' 파일로 성공적으로 저장했습니다.
2025-09-11 00:00:32,059 - INFO - [__main__] - 상세 페이지 스크레이퍼 완료: 사회복지공동모금회법 시행규칙
2025-09-11 00:00:33,284 - INFO - [__main__] - 상세 페이지 스크레이퍼 실행: https://www.law.go.kr/LSW/lsInfoP.do?lsiSeq=126914&efYd=20120715
2025-09-11 00:00:33,651 - INFO - [scripts.law.logic.scraper] - 페이지로 이동 중: https://www.law.go.kr/LSW/lsInfoP.do?lsiSeq=126914&efYd=20120715
2025-09-11 00:00:34,240 - INFO - [scripts.law.logic.scraper] - 로딩 마스크가 나타나기를 기다리는 중...
2025-09-11 00:00:44,244 - WARNING - [scripts.law.logic.scraper] - 로딩 마스크가 감지되지 않았습니다. 페이지 로드가 완료된 것으로 간주하고 계속 진행합니다.
2025-09-11 00:00:44,246 - INFO - [scripts.law.logic.scraper] - 페이지 최종 렌더링을 잠시 대기합니다...
2025-09-11 00:00:45,251 - INFO - [scripts.law.logic.scraper] - 페이지 HTML 컨텐츠를 가져오는 중...
2025-09-11 00:00:45,270 - INFO - [scripts.law.logic.scraper] - 데이터 파싱 중...
2025-09-11 00:00:45,312 - INFO - [scripts.law.logic.scraper] - 데이터 1건을 '/Users/woong/Roeum/roeum-crawler/data/raw/law/1352000/아동의 빈곤예방 및 지원 등에 관한 법률 시행규칙_document.jsonl' 파일로 성공적으로 저장했습니다.
2025-09-11 00:00:45,312 - INFO - [scripts.law.logic.scraper] - 데이터 3건을 '/Users/woong/Roeum/roeum-crawler/data/raw/law/1352000/아동의 빈곤예방 및 지원 등에 관한 법률 시행규칙_chunks.jsonl' 파일로 성공적으로 저장했습니다.
2025-09-11 00:00:45,335 - INFO - [__main__] - 상세 페이지 스크레이퍼 완료: 아동의 빈곤예방 및 지원 등에 관한 법률 시행규칙
2025-09-11 00:00:46,609 - INFO - [__main__] - 상세 페이지 스크레이퍼 실행: https://www.law.go.kr/LSW/lsInfoP.do?lsiSeq=270399&efYd=20270101
2025-09-11 00:00:47,020 - INFO - [scripts.law.logic.scraper] - 페이지로 이동 중: https://www.law.go.kr/LSW/lsInfoP.do?lsiSeq=270399&efYd=20270101
2025-09-11 00:00:47,624 - INFO - [scripts.law.logic.scraper] - 로딩 마스크가 나타나기를 기다리는 중...
2025-09-11 00:00:47,646 - INFO - [scripts.law.logic.scraper] - 로딩 마스크가 사라지기를 기다리는 중...
2025-09-11 00:00:47,846 - INFO - [scripts.law.logic.scraper] - 페이지 최종 렌더링을 잠시 대기합니다...
2025-09-11 00:00:48,848 - INFO - [scripts.law.logic.scraper] - 페이지 HTML 컨텐츠를 가져오는 중...
2025-09-11 00:00:48,880 - INFO - [scripts.law.logic.scraper] - 데이터 파싱 중...
2025-09-11 00:00:49,078 - INFO - [scripts.law.logic.scraper] - 데이터 1건을 '/Users/woong/Roeum/roeum-crawler/data/raw/law/1352000/모자보건법_document.jsonl' 파일로 성공적으로 저장했습니다.
2025-09-11 00:00:49,079 - INFO - [scripts.law.logic.scraper] - 데이터 65건을 '/Users/woong/Roeum/roeum-crawler/data/raw/law/1352000/모자보건법_chunks.jsonl' 파일로 성공적으로 저장했습니다.
2025-09-11 00:00:49,103 - INFO - [__main__] - 상세 페이지 스크레이퍼 완료: 모자보건법
2025-09-11 00:00:50,329 - INFO - [__main__] - 상세 페이지 스크레이퍼 실행: https://www.law.go.kr/LSW/lsInfoP.do?lsiSeq=269933&efYd=20250919
2025-09-11 00:00:50,701 - INFO - [scripts.law.logic.scraper] - 페이지로 이동 중: https://www.law.go.kr/LSW/lsInfoP.do?lsiSeq=269933&efYd=20250919
2025-09-11 00:00:51,608 - INFO - [scripts.law.logic.scraper] - 로딩 마스크가 나타나기를 기다리는 중...
2025-09-11 00:01:01,663 - WARNING - [scripts.law.logic.scraper] - 로딩 마스크가 감지되지 않았습니다. 페이지 로드가 완료된 것으로 간주하고 계속 진행합니다.
2025-09-11 00:01:01,664 - INFO - [scripts.law.logic.scraper] - 페이지 최종 렌더링을 잠시 대기합니다...
2025-09-11 00:01:02,694 - INFO - [scripts.law.logic.scraper] - 페이지 HTML 컨텐츠를 가져오는 중...
2025-09-11 00:01:02,775 - INFO - [scripts.law.logic.scraper] - 데이터 파싱 중...
2025-09-11 00:01:02,981 - INFO - [scripts.law.logic.scraper] - 데이터 1건을 '/Users/woong/Roeum/roeum-crawler/data/raw/law/1352000/장애인차별금지 및 권리구제 등에 관한 법률_document.jsonl' 파일로 성공적으로 저장했습니다.
2025-09-11 00:01:02,982 - INFO - [scripts.law.logic.scraper] - 데이터 53건을 '/Users/woong/Roeum/roeum-crawler/data/raw/law/1352000/장애인차별금지 및 권리구제 등에 관한 법률_chunks.jsonl' 파일로 성공적으로 저장했습니다.
2025-09-11 00:01:03,110 - INFO - [__main__] - 상세 페이지 스크레이퍼 완료: 장애인차별금지 및 권리구제 등에 관한 법률
2025-09-11 00:01:04,437 - INFO - [__main__] - 상세 페이지 스크레이퍼 실행: https://www.law.go.kr/LSW/lsInfoP.do?lsiSeq=272815&efYd=20250821
2025-09-11 00:01:05,283 - INFO - [scripts.law.logic.scraper] - 페이지로 이동 중: https://www.law.go.kr/LSW/lsInfoP.do?lsiSeq=272815&efYd=20250821
2025-09-11 00:01:06,122 - INFO - [scripts.law.logic.scraper] - 로딩 마스크가 나타나기를 기다리는 중...
2025-09-11 00:01:06,181 - INFO - [scripts.law.logic.scraper] - 로딩 마스크가 사라지기를 기다리는 중...
2025-09-11 00:01:06,338 - INFO - [scripts.law.logic.scraper] - 페이지 최종 렌더링을 잠시 대기합니다...
2025-09-11 00:01:07,343 - INFO - [scripts.law.logic.scraper] - 페이지 HTML 컨텐츠를 가져오는 중...
2025-09-11 00:01:07,373 - INFO - [scripts.law.logic.scraper] - 데이터 파싱 중...
2025-09-11 00:01:07,513 - INFO - [scripts.law.logic.scraper] - 데이터 1건을 '/Users/woong/Roeum/roeum-crawler/data/raw/law/1352000/장기등 이식에 관한 법률 시행규칙_document.jsonl' 파일로 성공적으로 저장했습니다.
2025-09-11 00:01:07,514 - INFO - [scripts.law.logic.scraper] - 데이터 35건을 '/Users/woong/Roeum/roeum-crawler/data/raw/law/1352000/장기등 이식에 관한 법률 시행규칙_chunks.jsonl' 파일로 성공적으로 저장했습니다.
2025-09-11 00:01:07,561 - INFO - [__main__] - 상세 페이지 스크레이퍼 완료: 장기등 이식에 관한 법률 시행규칙
2025-09-11 00:01:08,888 - INFO - [__main__] - 상세 페이지 스크레이퍼 실행: https://www.law.go.kr/LSW/lsInfoP.do?lsiSeq=269683&efYd=20250701
2025-09-11 00:01:10,018 - INFO - [scripts.law.logic.scraper] - 페이지로 이동 중: https://www.law.go.kr/LSW/lsInfoP.do?lsiSeq=269683&efYd=20250701
2025-09-11 00:01:10,746 - INFO - [scripts.law.logic.scraper] - 로딩 마스크가 나타나기를 기다리는 중...
2025-09-11 00:01:10,768 - INFO - [scripts.law.logic.scraper] - 로딩 마스크가 사라지기를 기다리는 중...
2025-09-11 00:01:10,882 - INFO - [scripts.law.logic.scraper] - 페이지 최종 렌더링을 잠시 대기합니다...
2025-09-11 00:01:11,887 - INFO - [scripts.law.logic.scraper] - 페이지 HTML 컨텐츠를 가져오는 중...
2025-09-11 00:01:11,909 - INFO - [scripts.law.logic.scraper] - 데이터 파싱 중...
2025-09-11 00:01:12,408 - INFO - [scripts.law.logic.scraper] - 데이터 1건을 '/Users/woong/Roeum/roeum-crawler/data/raw/law/1352000/의료사고 피해구제 및 의료분쟁 조정 등에 관한 법률 시행령_document.jsonl' 파일로 성공적으로 저장했습니다.
2025-09-11 00:01:12,410 - INFO - [scripts.law.logic.scraper] - 데이터 35건을 '/Users/woong/Roeum/roeum-crawler/data/raw/law/1352000/의료사고 피해구제 및 의료분쟁 조정 등에 관한 법률 시행령_chunks.jsonl' 파일로 성공적으로 저장했습니다.
2025-09-11 00:01:12,517 - INFO - [__main__] - 상세 페이지 스크레이퍼 완료: 의료사고 피해구제 및 의료분쟁 조정 등에 관한 법률 시행령
2025-09-11 00:01:14,501 - INFO - [__main__] - 상세 페이지 스크레이퍼 실행: https://www.law.go.kr/LSW/lsInfoP.do?lsiSeq=272553&efYd=20250621
2025-09-11 00:01:15,627 - INFO - [scripts.law.logic.scraper] - 페이지로 이동 중: https://www.law.go.kr/LSW/lsInfoP.do?lsiSeq=272553&efYd=20250621
2025-09-11 00:01:16,740 - INFO - [scripts.law.logic.scraper] - 로딩 마스크가 나타나기를 기다리는 중...
2025-09-11 00:01:26,779 - WARNING - [scripts.law.logic.scraper] - 로딩 마스크가 감지되지 않았습니다. 페이지 로드가 완료된 것으로 간주하고 계속 진행합니다.
2025-09-11 00:01:26,782 - INFO - [scripts.law.logic.scraper] - 페이지 최종 렌더링을 잠시 대기합니다...
2025-09-11 00:01:27,790 - INFO - [scripts.law.logic.scraper] - 페이지 HTML 컨텐츠를 가져오는 중...
2025-09-11 00:01:27,809 - INFO - [scripts.law.logic.scraper] - 데이터 파싱 중...
2025-09-11 00:01:27,877 - INFO - [scripts.law.logic.scraper] - 데이터 1건을 '/Users/woong/Roeum/roeum-crawler/data/raw/law/1352000/지역보건법 시행규칙_document.jsonl' 파일로 성공적으로 저장했습니다.
2025-09-11 00:01:27,878 - INFO - [scripts.law.logic.scraper] - 데이터 13건을 '/Users/woong/Roeum/roeum-crawler/data/raw/law/1352000/지역보건법 시행규칙_chunks.jsonl' 파일로 성공적으로 저장했습니다.
2025-09-11 00:01:27,941 - INFO - [__main__] - 상세 페이지 스크레이퍼 완료: 지역보건법 시행규칙
2025-09-11 00:01:30,106 - INFO - [__main__] - 상세 페이지 스크레이퍼 실행: https://www.law.go.kr/LSW/lsInfoP.do?lsiSeq=265413&efYd=20250621
2025-09-11 00:01:31,128 - INFO - [scripts.law.logic.scraper] - 페이지로 이동 중: https://www.law.go.kr/LSW/lsInfoP.do?lsiSeq=265413&efYd=20250621
2025-09-11 00:01:32,038 - INFO - [scripts.law.logic.scraper] - 로딩 마스크가 나타나기를 기다리는 중...
2025-09-11 00:01:42,060 - WARNING - [scripts.law.logic.scraper] - 로딩 마스크가 감지되지 않았습니다. 페이지 로드가 완료된 것으로 간주하고 계속 진행합니다.
2025-09-11 00:01:42,061 - INFO - [scripts.law.logic.scraper] - 페이지 최종 렌더링을 잠시 대기합니다...
2025-09-11 00:01:43,067 - INFO - [scripts.law.logic.scraper] - 페이지 HTML 컨텐츠를 가져오는 중...
2025-09-11 00:01:43,091 - INFO - [scripts.law.logic.scraper] - 데이터 파싱 중...
2025-09-11 00:01:43,172 - INFO - [scripts.law.logic.scraper] - 데이터 1건을 '/Users/woong/Roeum/roeum-crawler/data/raw/law/1352000/간호법_document.jsonl' 파일로 성공적으로 저장했습니다.
2025-09-11 00:01:43,173 - INFO - [scripts.law.logic.scraper] - 데이터 47건을 '/Users/woong/Roeum/roeum-crawler/data/raw/law/1352000/간호법_chunks.jsonl' 파일로 성공적으로 저장했습니다.
2025-09-11 00:01:43,214 - INFO - [__main__] - 상세 페이지 스크레이퍼 완료: 간호법
2025-09-11 00:01:44,532 - INFO - [__main__] - 상세 페이지 스크레이퍼 실행: https://www.law.go.kr/LSW/lsInfoP.do?lsiSeq=269867&efYd=20250311
2025-09-11 00:01:44,952 - INFO - [scripts.law.logic.scraper] - 페이지로 이동 중: https://www.law.go.kr/LSW/lsInfoP.do?lsiSeq=269867&efYd=20250311
2025-09-11 00:01:45,586 - INFO - [scripts.law.logic.scraper] - 로딩 마스크가 나타나기를 기다리는 중...
2025-09-11 00:01:45,607 - INFO - [scripts.law.logic.scraper] - 로딩 마스크가 사라지기를 기다리는 중...
2025-09-11 00:01:46,442 - INFO - [scripts.law.logic.scraper] - 페이지 최종 렌더링을 잠시 대기합니다...
2025-09-11 00:01:47,446 - INFO - [scripts.law.logic.scraper] - 페이지 HTML 컨텐츠를 가져오는 중...
2025-09-11 00:01:47,484 - INFO - [scripts.law.logic.scraper] - 데이터 파싱 중...
2025-09-11 00:01:47,683 - INFO - [scripts.law.logic.scraper] - 데이터 1건을 '/Users/woong/Roeum/roeum-crawler/data/raw/law/1352000/정신건강증진 및 정신질환자 복지서비스 지원에 관한 법률 시행규칙_document.jsonl' 파일로 성공적으로 저장했습니다.
2025-09-11 00:01:47,684 - INFO - [scripts.law.logic.scraper] - 데이터 59건을 '/Users/woong/Roeum/roeum-crawler/data/raw/law/1352000/정신건강증진 및 정신질환자 복지서비스 지원에 관한 법률 시행규칙_chunks.jsonl' 파일로 성공적으로 저장했습니다.
2025-09-11 00:01:47,725 - INFO - [__main__] - 상세 페이지 스크레이퍼 완료: 정신건강증진 및 정신질환자 복지서비스 지원에 관한 법률 시행규칙
2025-09-11 00:01:48,957 - INFO - [__main__] - 상세 페이지 스크레이퍼 실행: https://www.law.go.kr/LSW/lsInfoP.do?lsiSeq=269857&efYd=20250311
2025-09-11 00:01:49,349 - INFO - [scripts.law.logic.scraper] - 페이지로 이동 중: https://www.law.go.kr/LSW/lsInfoP.do?lsiSeq=269857&efYd=20250311
2025-09-11 00:01:49,958 - INFO - [scripts.law.logic.scraper] - 로딩 마스크가 나타나기를 기다리는 중...
2025-09-11 00:01:49,977 - INFO - [scripts.law.logic.scraper] - 로딩 마스크가 사라지기를 기다리는 중...
2025-09-11 00:01:50,039 - INFO - [scripts.law.logic.scraper] - 페이지 최종 렌더링을 잠시 대기합니다...
2025-09-11 00:01:51,041 - INFO - [scripts.law.logic.scraper] - 페이지 HTML 컨텐츠를 가져오는 중...
2025-09-11 00:01:51,060 - INFO - [scripts.law.logic.scraper] - 데이터 파싱 중...
2025-09-11 00:01:51,134 - INFO - [scripts.law.logic.scraper] - 데이터 1건을 '/Users/woong/Roeum/roeum-crawler/data/raw/law/1352000/한의사전문의의 수련 및 자격 인정 등에 관한 규정 시행규칙_document.jsonl' 파일로 성공적으로 저장했습니다.
2025-09-11 00:01:51,134 - INFO - [scripts.law.logic.scraper] - 데이터 20건을 '/Users/woong/Roeum/roeum-crawler/data/raw/law/1352000/한의사전문의의 수련 및 자격 인정 등에 관한 규정 시행규칙_chunks.jsonl' 파일로 성공적으로 저장했습니다.
2025-09-11 00:01:51,156 - INFO - [__main__] - 상세 페이지 스크레이퍼 완료: 한의사전문의의 수련 및 자격 인정 등에 관한 규정 시행규칙
2025-09-11 00:01:52,362 - INFO - [__main__] - 상세 페이지 스크레이퍼 실행: https://www.law.go.kr/LSW/lsInfoP.do?lsiSeq=267389&efYd=20241220
2025-09-11 00:01:52,745 - INFO - [scripts.law.logic.scraper] - 페이지로 이동 중: https://www.law.go.kr/LSW/lsInfoP.do?lsiSeq=267389&efYd=20241220
2025-09-11 00:01:53,396 - INFO - [scripts.law.logic.scraper] - 로딩 마스크가 나타나기를 기다리는 중...
2025-09-11 00:01:53,418 - INFO - [scripts.law.logic.scraper] - 로딩 마스크가 사라지기를 기다리는 중...
2025-09-11 00:01:53,635 - INFO - [scripts.law.logic.scraper] - 페이지 최종 렌더링을 잠시 대기합니다...
2025-09-11 00:01:54,638 - INFO - [scripts.law.logic.scraper] - 페이지 HTML 컨텐츠를 가져오는 중...
2025-09-11 00:01:54,653 - INFO - [scripts.law.logic.scraper] - 데이터 파싱 중...
2025-09-11 00:01:54,713 - INFO - [scripts.law.logic.scraper] - 데이터 1건을 '/Users/woong/Roeum/roeum-crawler/data/raw/law/1352000/노후준비 지원법_document.jsonl' 파일로 성공적으로 저장했습니다.
2025-09-11 00:01:54,713 - INFO - [scripts.law.logic.scraper] - 데이터 25건을 '/Users/woong/Roeum/roeum-crawler/data/raw/law/1352000/노후준비 지원법_chunks.jsonl' 파일로 성공적으로 저장했습니다.
2025-09-11 00:01:54,737 - INFO - [__main__] - 상세 페이지 스크레이퍼 완료: 노후준비 지원법
2025-09-11 00:01:55,931 - INFO - [__main__] - 상세 페이지 스크레이퍼 실행: https://www.law.go.kr/LSW/lsInfoP.do?lsiSeq=265795&efYd=20241014
2025-09-11 00:01:56,310 - INFO - [scripts.law.logic.scraper] - 페이지로 이동 중: https://www.law.go.kr/LSW/lsInfoP.do?lsiSeq=265795&efYd=20241014
2025-09-11 00:01:56,927 - INFO - [scripts.law.logic.scraper] - 로딩 마스크가 나타나기를 기다리는 중...
2025-09-11 00:01:56,945 - INFO - [scripts.law.logic.scraper] - 로딩 마스크가 사라지기를 기다리는 중...
2025-09-11 00:01:57,135 - INFO - [scripts.law.logic.scraper] - 페이지 최종 렌더링을 잠시 대기합니다...
2025-09-11 00:01:58,139 - INFO - [scripts.law.logic.scraper] - 페이지 HTML 컨텐츠를 가져오는 중...
2025-09-11 00:01:58,160 - INFO - [scripts.law.logic.scraper] - 데이터 파싱 중...
2025-09-11 00:01:58,330 - INFO - [scripts.law.logic.scraper] - 데이터 1건을 '/Users/woong/Roeum/roeum-crawler/data/raw/law/1352000/제대혈 관리 및 연구에 관한 법률 시행규칙_document.jsonl' 파일로 성공적으로 저장했습니다.
2025-09-11 00:01:58,330 - INFO - [scripts.law.logic.scraper] - 데이터 25건을 '/Users/woong/Roeum/roeum-crawler/data/raw/law/1352000/제대혈 관리 및 연구에 관한 법률 시행규칙_chunks.jsonl' 파일로 성공적으로 저장했습니다.
2025-09-11 00:01:58,381 - INFO - [__main__] - 상세 페이지 스크레이퍼 완료: 제대혈 관리 및 연구에 관한 법률 시행규칙
2025-09-11 00:01:59,716 - INFO - [__main__] - 상세 페이지 스크레이퍼 실행: https://www.law.go.kr/LSW/lsInfoP.do?lsiSeq=265707&efYd=20241008
2025-09-11 00:02:00,244 - INFO - [scripts.law.logic.scraper] - 페이지로 이동 중: https://www.law.go.kr/LSW/lsInfoP.do?lsiSeq=265707&efYd=20241008
2025-09-11 00:02:00,962 - INFO - [scripts.law.logic.scraper] - 로딩 마스크가 나타나기를 기다리는 중...
2025-09-11 00:02:01,000 - INFO - [scripts.law.logic.scraper] - 로딩 마스크가 사라지기를 기다리는 중...
2025-09-11 00:02:01,040 - INFO - [scripts.law.logic.scraper] - 페이지 최종 렌더링을 잠시 대기합니다...
2025-09-11 00:02:02,042 - INFO - [scripts.law.logic.scraper] - 페이지 HTML 컨텐츠를 가져오는 중...
2025-09-11 00:02:02,059 - INFO - [scripts.law.logic.scraper] - 데이터 파싱 중...
2025-09-11 00:02:02,120 - INFO - [scripts.law.logic.scraper] - 데이터 1건을 '/Users/woong/Roeum/roeum-crawler/data/raw/law/1352000/전공의의 수련환경 개선 및 지위 향상을 위한 법률 시행령_document.jsonl' 파일로 성공적으로 저장했습니다.
2025-09-11 00:02:02,120 - INFO - [scripts.law.logic.scraper] - 데이터 15건을 '/Users/woong/Roeum/roeum-crawler/data/raw/law/1352000/전공의의 수련환경 개선 및 지위 향상을 위한 법률 시행령_chunks.jsonl' 파일로 성공적으로 저장했습니다.
2025-09-11 00:02:02,220 - INFO - [__main__] - 상세 페이지 스크레이퍼 완료: 전공의의 수련환경 개선 및 지위 향상을 위한 법률 시행령
2025-09-11 00:02:03,423 - INFO - [__main__] - 상세 페이지 스크레이퍼 실행: https://www.law.go.kr/LSW/lsInfoP.do?lsiSeq=264285&efYd=20240724
2025-09-11 00:02:03,814 - INFO - [scripts.law.logic.scraper] - 페이지로 이동 중: https://www.law.go.kr/LSW/lsInfoP.do?lsiSeq=264285&efYd=20240724
2025-09-11 00:02:04,484 - INFO - [scripts.law.logic.scraper] - 로딩 마스크가 나타나기를 기다리는 중...
2025-09-11 00:02:04,507 - INFO - [scripts.law.logic.scraper] - 로딩 마스크가 사라지기를 기다리는 중...
2025-09-11 00:02:04,633 - INFO - [scripts.law.logic.scraper] - 페이지 최종 렌더링을 잠시 대기합니다...
2025-09-11 00:02:05,636 - INFO - [scripts.law.logic.scraper] - 페이지 HTML 컨텐츠를 가져오는 중...
2025-09-11 00:02:05,652 - INFO - [scripts.law.logic.scraper] - 데이터 파싱 중...
2025-09-11 00:02:05,714 - INFO - [scripts.law.logic.scraper] - 데이터 1건을 '/Users/woong/Roeum/roeum-crawler/data/raw/law/1352000/사회서비스 지원 및 사회서비스원 설립ㆍ운영에 관한 법률 시행령_document.jsonl' 파일로 성공적으로 저장했습니다.
2025-09-11 00:02:05,714 - INFO - [scripts.law.logic.scraper] - 데이터 25건을 '/Users/woong/Roeum/roeum-crawler/data/raw/law/1352000/사회서비스 지원 및 사회서비스원 설립ㆍ운영에 관한 법률 시행령_chunks.jsonl' 파일로 성공적으로 저장했습니다.
2025-09-11 00:02:05,757 - INFO - [__main__] - 상세 페이지 스크레이퍼 완료: 사회서비스 지원 및 사회서비스원 설립ㆍ운영에 관한 법률 시행령
2025-09-11 00:02:07,020 - INFO - [__main__] - 상세 페이지 스크레이퍼 실행: https://www.law.go.kr/LSW/lsInfoP.do?lsiSeq=263953&efYd=20240712
2025-09-11 00:02:07,454 - INFO - [scripts.law.logic.scraper] - 페이지로 이동 중: https://www.law.go.kr/LSW/lsInfoP.do?lsiSeq=263953&efYd=20240712
2025-09-11 00:02:08,118 - INFO - [scripts.law.logic.scraper] - 로딩 마스크가 나타나기를 기다리는 중...
2025-09-11 00:02:08,143 - INFO - [scripts.law.logic.scraper] - 로딩 마스크가 사라지기를 기다리는 중...
2025-09-11 00:02:08,232 - INFO - [scripts.law.logic.scraper] - 페이지 최종 렌더링을 잠시 대기합니다...
2025-09-11 00:02:09,237 - INFO - [scripts.law.logic.scraper] - 페이지 HTML 컨텐츠를 가져오는 중...
2025-09-11 00:02:09,255 - INFO - [scripts.law.logic.scraper] - 데이터 파싱 중...
2025-09-11 00:02:09,330 - INFO - [scripts.law.logic.scraper] - 데이터 1건을 '/Users/woong/Roeum/roeum-crawler/data/raw/law/1352000/자살예방 및 생명존중문화 조성을 위한 법률 시행령_document.jsonl' 파일로 성공적으로 저장했습니다.
2025-09-11 00:02:09,331 - INFO - [scripts.law.logic.scraper] - 데이터 19건을 '/Users/woong/Roeum/roeum-crawler/data/raw/law/1352000/자살예방 및 생명존중문화 조성을 위한 법률 시행령_chunks.jsonl' 파일로 성공적으로 저장했습니다.
2025-09-11 00:02:09,362 - INFO - [__main__] - 상세 페이지 스크레이퍼 완료: 자살예방 및 생명존중문화 조성을 위한 법률 시행령
2025-09-11 00:02:10,592 - INFO - [__main__] - 상세 페이지 스크레이퍼 실행: https://www.law.go.kr/LSW/lsInfoP.do?lsiSeq=256411&efYd=20231201
2025-09-11 00:02:11,752 - INFO - [scripts.law.logic.scraper] - 페이지로 이동 중: https://www.law.go.kr/LSW/lsInfoP.do?lsiSeq=256411&efYd=20231201
2025-09-11 00:02:12,454 - INFO - [scripts.law.logic.scraper] - 로딩 마스크가 나타나기를 기다리는 중...
2025-09-11 00:02:12,491 - INFO - [scripts.law.logic.scraper] - 로딩 마스크가 사라지기를 기다리는 중...
2025-09-11 00:02:12,608 - INFO - [scripts.law.logic.scraper] - 페이지 최종 렌더링을 잠시 대기합니다...
2025-09-11 00:02:13,633 - INFO - [scripts.law.logic.scraper] - 페이지 HTML 컨텐츠를 가져오는 중...
2025-09-11 00:02:13,723 - INFO - [scripts.law.logic.scraper] - 데이터 파싱 중...
2025-09-11 00:02:14,359 - INFO - [scripts.law.logic.scraper] - 데이터 1건을 '/Users/woong/Roeum/roeum-crawler/data/raw/law/1352000/장애인 건강권 및 의료접근성 보장에 관한 법률 시행규칙_document.jsonl' 파일로 성공적으로 저장했습니다.
2025-09-11 00:02:14,368 - INFO - [scripts.law.logic.scraper] - 데이터 23건을 '/Users/woong/Roeum/roeum-crawler/data/raw/law/1352000/장애인 건강권 및 의료접근성 보장에 관한 법률 시행규칙_chunks.jsonl' 파일로 성공적으로 저장했습니다.
2025-09-11 00:02:14,524 - INFO - [__main__] - 상세 페이지 스크레이퍼 완료: 장애인 건강권 및 의료접근성 보장에 관한 법률 시행규칙
2025-09-11 00:02:16,873 - INFO - [__main__] - 상세 페이지 스크레이퍼 실행: https://www.law.go.kr/LSW/lsInfoP.do?lsiSeq=253945&efYd=20230816
2025-09-11 00:02:18,916 - INFO - [scripts.law.logic.scraper] - 페이지로 이동 중: https://www.law.go.kr/LSW/lsInfoP.do?lsiSeq=253945&efYd=20230816
2025-09-11 00:02:19,986 - INFO - [scripts.law.logic.scraper] - 로딩 마스크가 나타나기를 기다리는 중...
2025-09-11 00:02:30,013 - WARNING - [scripts.law.logic.scraper] - 로딩 마스크가 감지되지 않았습니다. 페이지 로드가 완료된 것으로 간주하고 계속 진행합니다.
2025-09-11 00:02:30,013 - INFO - [scripts.law.logic.scraper] - 페이지 최종 렌더링을 잠시 대기합니다...
2025-09-11 00:02:31,033 - INFO - [scripts.law.logic.scraper] - 페이지 HTML 컨텐츠를 가져오는 중...
2025-09-11 00:02:31,103 - INFO - [scripts.law.logic.scraper] - 데이터 파싱 중...
2025-09-11 00:02:31,372 - INFO - [scripts.law.logic.scraper] - 데이터 1건을 '/Users/woong/Roeum/roeum-crawler/data/raw/law/1352000/인체조직안전 및 관리 등에 관한 법률 시행령_document.jsonl' 파일로 성공적으로 저장했습니다.
2025-09-11 00:02:31,377 - INFO - [scripts.law.logic.scraper] - 데이터 19건을 '/Users/woong/Roeum/roeum-crawler/data/raw/law/1352000/인체조직안전 및 관리 등에 관한 법률 시행령_chunks.jsonl' 파일로 성공적으로 저장했습니다.
2025-09-11 00:02:31,496 - INFO - [__main__] - 상세 페이지 스크레이퍼 완료: 인체조직안전 및 관리 등에 관한 법률 시행령
2025-09-11 00:02:33,526 - INFO - [__main__] - 상세 페이지 스크레이퍼 실행: https://www.law.go.kr/LSW/lsInfoP.do?lsiSeq=250701&efYd=20230622
2025-09-11 00:02:34,656 - INFO - [scripts.law.logic.scraper] - 페이지로 이동 중: https://www.law.go.kr/LSW/lsInfoP.do?lsiSeq=250701&efYd=20230622
2025-09-11 00:02:35,442 - INFO - [scripts.law.logic.scraper] - 로딩 마스크가 나타나기를 기다리는 중...
2025-09-11 00:02:45,465 - WARNING - [scripts.law.logic.scraper] - 로딩 마스크가 감지되지 않았습니다. 페이지 로드가 완료된 것으로 간주하고 계속 진행합니다.
2025-09-11 00:02:45,469 - INFO - [scripts.law.logic.scraper] - 페이지 최종 렌더링을 잠시 대기합니다...
2025-09-11 00:02:46,487 - INFO - [scripts.law.logic.scraper] - 페이지 HTML 컨텐츠를 가져오는 중...
2025-09-11 00:02:46,550 - INFO - [scripts.law.logic.scraper] - 데이터 파싱 중...
2025-09-11 00:02:46,820 - INFO - [scripts.law.logic.scraper] - 데이터 1건을 '/Users/woong/Roeum/roeum-crawler/data/raw/law/1352000/혈액관리법 시행령_document.jsonl' 파일로 성공적으로 저장했습니다.
2025-09-11 00:02:46,822 - INFO - [scripts.law.logic.scraper] - 데이터 23건을 '/Users/woong/Roeum/roeum-crawler/data/raw/law/1352000/혈액관리법 시행령_chunks.jsonl' 파일로 성공적으로 저장했습니다.
2025-09-11 00:02:46,974 - INFO - [__main__] - 상세 페이지 스크레이퍼 완료: 혈액관리법 시행령
2025-09-11 00:02:49,309 - INFO - [__main__] - 상세 페이지 스크레이퍼 실행: https://www.law.go.kr/LSW/lsInfoP.do?lsiSeq=241563&efYd=20220325
2025-09-11 00:02:50,144 - INFO - [scripts.law.logic.scraper] - 페이지로 이동 중: https://www.law.go.kr/LSW/lsInfoP.do?lsiSeq=241563&efYd=20220325
2025-09-11 00:02:50,998 - INFO - [scripts.law.logic.scraper] - 로딩 마스크가 나타나기를 기다리는 중...
2025-09-11 00:03:01,126 - WARNING - [scripts.law.logic.scraper] - 로딩 마스크가 감지되지 않았습니다. 페이지 로드가 완료된 것으로 간주하고 계속 진행합니다.
2025-09-11 00:03:01,130 - INFO - [scripts.law.logic.scraper] - 페이지 최종 렌더링을 잠시 대기합니다...
2025-09-11 00:03:02,155 - INFO - [scripts.law.logic.scraper] - 페이지 HTML 컨텐츠를 가져오는 중...
2025-09-11 00:03:02,220 - INFO - [scripts.law.logic.scraper] - 데이터 파싱 중...
2025-09-11 00:03:02,308 - INFO - [scripts.law.logic.scraper] - 데이터 1건을 '/Users/woong/Roeum/roeum-crawler/data/raw/law/1352000/사회서비스 지원 및 사회서비스원 설립ㆍ운영에 관한 법률 시행규칙_document.jsonl' 파일로 성공적으로 저장했습니다.
2025-09-11 00:03:02,308 - INFO - [scripts.law.logic.scraper] - 데이터 4건을 '/Users/woong/Roeum/roeum-crawler/data/raw/law/1352000/사회서비스 지원 및 사회서비스원 설립ㆍ운영에 관한 법률 시행규칙_chunks.jsonl' 파일로 성공적으로 저장했습니다.
2025-09-11 00:03:02,455 - INFO - [__main__] - 상세 페이지 스크레이퍼 완료: 사회서비스 지원 및 사회서비스원 설립ㆍ운영에 관한 법률 시행규칙
2025-09-11 00:03:04,007 - INFO - [__main__] - 상세 페이지 스크레이퍼 실행: https://www.law.go.kr/LSW/lsInfoP.do?lsiSeq=217901&efYd=20200504
2025-09-11 00:03:06,129 - INFO - [scripts.law.logic.scraper] - 페이지로 이동 중: https://www.law.go.kr/LSW/lsInfoP.do?lsiSeq=217901&efYd=20200504
2025-09-11 00:03:07,368 - INFO - [scripts.law.logic.scraper] - 로딩 마스크가 나타나기를 기다리는 중...
2025-09-11 00:03:17,424 - WARNING - [scripts.law.logic.scraper] - 로딩 마스크가 감지되지 않았습니다. 페이지 로드가 완료된 것으로 간주하고 계속 진행합니다.
2025-09-11 00:03:17,424 - INFO - [scripts.law.logic.scraper] - 페이지 최종 렌더링을 잠시 대기합니다...
2025-09-11 00:03:18,543 - INFO - [scripts.law.logic.scraper] - 페이지 HTML 컨텐츠를 가져오는 중...
2025-09-11 00:03:18,618 - INFO - [scripts.law.logic.scraper] - 데이터 파싱 중...
2025-09-11 00:03:18,721 - INFO - [scripts.law.logic.scraper] - 데이터 1건을 '/Users/woong/Roeum/roeum-crawler/data/raw/law/1352000/의료기기산업 육성 및 혁신의료기기 지원법 시행규칙_document.jsonl' 파일로 성공적으로 저장했습니다.
2025-09-11 00:03:18,722 - INFO - [scripts.law.logic.scraper] - 데이터 11건을 '/Users/woong/Roeum/roeum-crawler/data/raw/law/1352000/의료기기산업 육성 및 혁신의료기기 지원법 시행규칙_chunks.jsonl' 파일로 성공적으로 저장했습니다.
2025-09-11 00:03:18,818 - INFO - [__main__] - 상세 페이지 스크레이퍼 완료: 의료기기산업 육성 및 혁신의료기기 지원법 시행규칙
2025-09-11 00:03:20,280 - INFO - [__main__] - 상세 페이지 스크레이퍼 실행: https://www.law.go.kr/LSW/lsInfoP.do?lsiSeq=209898&efYd=20190709
2025-09-11 00:03:20,944 - INFO - [scripts.law.logic.scraper] - 페이지로 이동 중: https://www.law.go.kr/LSW/lsInfoP.do?lsiSeq=209898&efYd=20190709
2025-09-11 00:03:21,606 - INFO - [scripts.law.logic.scraper] - 로딩 마스크가 나타나기를 기다리는 중...
2025-09-11 00:03:31,611 - WARNING - [scripts.law.logic.scraper] - 로딩 마스크가 감지되지 않았습니다. 페이지 로드가 완료된 것으로 간주하고 계속 진행합니다.
2025-09-11 00:03:31,611 - INFO - [scripts.law.logic.scraper] - 페이지 최종 렌더링을 잠시 대기합니다...
2025-09-11 00:03:32,615 - INFO - [scripts.law.logic.scraper] - 페이지 HTML 컨텐츠를 가져오는 중...
2025-09-11 00:03:32,635 - INFO - [scripts.law.logic.scraper] - 데이터 파싱 중...
2025-09-11 00:03:32,708 - INFO - [scripts.law.logic.scraper] - 데이터 1건을 '/Users/woong/Roeum/roeum-crawler/data/raw/law/1352000/식품등 기부 활성화에 관한 법률 시행령_document.jsonl' 파일로 성공적으로 저장했습니다.
2025-09-11 00:03:32,709 - INFO - [scripts.law.logic.scraper] - 데이터 16건을 '/Users/woong/Roeum/roeum-crawler/data/raw/law/1352000/식품등 기부 활성화에 관한 법률 시행령_chunks.jsonl' 파일로 성공적으로 저장했습니다.
2025-09-11 00:03:32,747 - INFO - [__main__] - 상세 페이지 스크레이퍼 완료: 식품등 기부 활성화에 관한 법률 시행령
2025-09-11 00:03:33,997 - INFO - [__main__] - 상세 페이지 스크레이퍼 실행: https://www.law.go.kr/LSW/lsInfoP.do?lsiSeq=208892&efYd=20190612
2025-09-11 00:03:34,395 - INFO - [scripts.law.logic.scraper] - 페이지로 이동 중: https://www.law.go.kr/LSW/lsInfoP.do?lsiSeq=208892&efYd=20190612
2025-09-11 00:03:35,517 - INFO - [scripts.law.logic.scraper] - 로딩 마스크가 나타나기를 기다리는 중...
2025-09-11 00:03:35,537 - INFO - [scripts.law.logic.scraper] - 로딩 마스크가 사라지기를 기다리는 중...
2025-09-11 00:03:35,582 - INFO - [scripts.law.logic.scraper] - 페이지 최종 렌더링을 잠시 대기합니다...
2025-09-11 00:03:36,585 - INFO - [scripts.law.logic.scraper] - 페이지 HTML 컨텐츠를 가져오는 중...
2025-09-11 00:03:36,612 - INFO - [scripts.law.logic.scraper] - 데이터 파싱 중...
2025-09-11 00:03:36,683 - INFO - [scripts.law.logic.scraper] - 데이터 1건을 '/Users/woong/Roeum/roeum-crawler/data/raw/law/1352000/제약산업 육성 및 지원에 관한 특별법 시행규칙_document.jsonl' 파일로 성공적으로 저장했습니다.
2025-09-11 00:03:36,683 - INFO - [scripts.law.logic.scraper] - 데이터 13건을 '/Users/woong/Roeum/roeum-crawler/data/raw/law/1352000/제약산업 육성 및 지원에 관한 특별법 시행규칙_chunks.jsonl' 파일로 성공적으로 저장했습니다.
2025-09-11 00:03:36,704 - INFO - [__main__] - 상세 페이지 스크레이퍼 완료: 제약산업 육성 및 지원에 관한 특별법 시행규칙
2025-09-11 00:03:37,903 - INFO - [__main__] - 상세 페이지 스크레이퍼 실행: https://www.law.go.kr/LSW/lsInfoP.do?lsiSeq=203319&efYd=20180424
2025-09-11 00:03:38,242 - INFO - [scripts.law.logic.scraper] - 페이지로 이동 중: https://www.law.go.kr/LSW/lsInfoP.do?lsiSeq=203319&efYd=20180424
2025-09-11 00:03:38,817 - INFO - [scripts.law.logic.scraper] - 로딩 마스크가 나타나기를 기다리는 중...
2025-09-11 00:03:38,836 - INFO - [scripts.law.logic.scraper] - 로딩 마스크가 사라지기를 기다리는 중...
2025-09-11 00:03:38,873 - INFO - [scripts.law.logic.scraper] - 페이지 최종 렌더링을 잠시 대기합니다...
2025-09-11 00:03:39,876 - INFO - [scripts.law.logic.scraper] - 페이지 HTML 컨텐츠를 가져오는 중...
2025-09-11 00:03:39,894 - INFO - [scripts.law.logic.scraper] - 데이터 파싱 중...
2025-09-11 00:03:39,926 - INFO - [scripts.law.logic.scraper] - 데이터 1건을 '/Users/woong/Roeum/roeum-crawler/data/raw/law/1352000/효행 장려 및 지원에 관한 법률 시행령_document.jsonl' 파일로 성공적으로 저장했습니다.
2025-09-11 00:03:39,926 - INFO - [scripts.law.logic.scraper] - 데이터 3건을 '/Users/woong/Roeum/roeum-crawler/data/raw/law/1352000/효행 장려 및 지원에 관한 법률 시행령_chunks.jsonl' 파일로 성공적으로 저장했습니다.
2025-09-11 00:03:39,947 - INFO - [__main__] - 상세 페이지 스크레이퍼 완료: 효행 장려 및 지원에 관한 법률 시행령
2025-09-11 00:03:41,165 - INFO - [__main__] - 상세 페이지 스크레이퍼 실행: https://www.law.go.kr/LSW/lsInfoP.do?lsiSeq=197526&efYd=20170919
2025-09-11 00:03:41,500 - INFO - [scripts.law.logic.scraper] - 페이지로 이동 중: https://www.law.go.kr/LSW/lsInfoP.do?lsiSeq=197526&efYd=20170919
2025-09-11 00:03:42,122 - INFO - [scripts.law.logic.scraper] - 로딩 마스크가 나타나기를 기다리는 중...
2025-09-11 00:03:42,141 - INFO - [scripts.law.logic.scraper] - 로딩 마스크가 사라지기를 기다리는 중...
2025-09-11 00:03:42,186 - INFO - [scripts.law.logic.scraper] - 페이지 최종 렌더링을 잠시 대기합니다...
2025-09-11 00:03:43,189 - INFO - [scripts.law.logic.scraper] - 페이지 HTML 컨텐츠를 가져오는 중...
2025-09-11 00:03:43,213 - INFO - [scripts.law.logic.scraper] - 데이터 파싱 중...
2025-09-11 00:03:43,283 - INFO - [scripts.law.logic.scraper] - 데이터 1건을 '/Users/woong/Roeum/roeum-crawler/data/raw/law/1352000/한국보건산업진흥원법_document.jsonl' 파일로 성공적으로 저장했습니다.
2025-09-11 00:03:43,283 - INFO - [scripts.law.logic.scraper] - 데이터 18건을 '/Users/woong/Roeum/roeum-crawler/data/raw/law/1352000/한국보건산업진흥원법_chunks.jsonl' 파일로 성공적으로 저장했습니다.
2025-09-11 00:03:43,303 - INFO - [__main__] - 상세 페이지 스크레이퍼 완료: 한국보건산업진흥원법
2025-09-11 00:03:44,681 - INFO - [__main__] - 상세 페이지 스크레이퍼 실행: https://www.law.go.kr/LSW/lsInfoP.do?lsiSeq=173522&efYd=20150729
2025-09-11 00:03:45,101 - INFO - [scripts.law.logic.scraper] - 페이지로 이동 중: https://www.law.go.kr/LSW/lsInfoP.do?lsiSeq=173522&efYd=20150729
2025-09-11 00:03:45,805 - INFO - [scripts.law.logic.scraper] - 로딩 마스크가 나타나기를 기다리는 중...
2025-09-11 00:03:45,837 - INFO - [scripts.law.logic.scraper] - 로딩 마스크가 사라지기를 기다리는 중...
2025-09-11 00:03:45,923 - INFO - [scripts.law.logic.scraper] - 페이지 최종 렌더링을 잠시 대기합니다...
2025-09-11 00:03:46,927 - INFO - [scripts.law.logic.scraper] - 페이지 HTML 컨텐츠를 가져오는 중...
2025-09-11 00:03:46,939 - INFO - [scripts.law.logic.scraper] - 데이터 파싱 중...
2025-09-11 00:03:46,979 - INFO - [scripts.law.logic.scraper] - 데이터 1건을 '/Users/woong/Roeum/roeum-crawler/data/raw/law/1352000/지방의료원의 설립 및 운영에 관한 법률 시행규칙_document.jsonl' 파일로 성공적으로 저장했습니다.
2025-09-11 00:03:46,979 - INFO - [scripts.law.logic.scraper] - 데이터 9건을 '/Users/woong/Roeum/roeum-crawler/data/raw/law/1352000/지방의료원의 설립 및 운영에 관한 법률 시행규칙_chunks.jsonl' 파일로 성공적으로 저장했습니다.
2025-09-11 00:03:47,019 - INFO - [__main__] - 상세 페이지 스크레이퍼 완료: 지방의료원의 설립 및 운영에 관한 법률 시행규칙
2025-09-11 00:03:48,228 - INFO - [__main__] - 상세 페이지 스크레이퍼 실행: https://www.law.go.kr/LSW/lsInfoP.do?lsiSeq=267415&efYd=20260101
2025-09-11 00:03:48,596 - INFO - [scripts.law.logic.scraper] - 페이지로 이동 중: https://www.law.go.kr/LSW/lsInfoP.do?lsiSeq=267415&efYd=20260101
2025-09-11 00:03:49,245 - INFO - [scripts.law.logic.scraper] - 로딩 마스크가 나타나기를 기다리는 중...
2025-09-11 00:03:59,250 - WARNING - [scripts.law.logic.scraper] - 로딩 마스크가 감지되지 않았습니다. 페이지 로드가 완료된 것으로 간주하고 계속 진행합니다.
2025-09-11 00:03:59,250 - INFO - [scripts.law.logic.scraper] - 페이지 최종 렌더링을 잠시 대기합니다...
2025-09-11 00:04:00,257 - INFO - [scripts.law.logic.scraper] - 페이지 HTML 컨텐츠를 가져오는 중...
2025-09-11 00:04:00,287 - INFO - [scripts.law.logic.scraper] - 데이터 파싱 중...
2025-09-11 00:04:00,438 - INFO - [scripts.law.logic.scraper] - 데이터 1건을 '/Users/woong/Roeum/roeum-crawler/data/raw/law/1352000/노인 일자리 및 사회활동 지원에 관한 법률_document.jsonl' 파일로 성공적으로 저장했습니다.
2025-09-11 00:04:00,443 - INFO - [scripts.law.logic.scraper] - 데이터 32건을 '/Users/woong/Roeum/roeum-crawler/data/raw/law/1352000/노인 일자리 및 사회활동 지원에 관한 법률_chunks.jsonl' 파일로 성공적으로 저장했습니다.
2025-09-11 00:04:00,514 - INFO - [__main__] - 상세 페이지 스크레이퍼 완료: 노인 일자리 및 사회활동 지원에 관한 법률
2025-09-11 00:04:01,836 - INFO - [__main__] - 상세 페이지 스크레이퍼 실행: https://www.law.go.kr/LSW/lsInfoP.do?lsiSeq=270369&efYd=20251002
2025-09-11 00:04:02,306 - INFO - [scripts.law.logic.scraper] - 페이지로 이동 중: https://www.law.go.kr/LSW/lsInfoP.do?lsiSeq=270369&efYd=20251002
2025-09-11 00:04:02,912 - INFO - [scripts.law.logic.scraper] - 로딩 마스크가 나타나기를 기다리는 중...
2025-09-11 00:04:02,934 - INFO - [scripts.law.logic.scraper] - 로딩 마스크가 사라지기를 기다리는 중...
2025-09-11 00:04:03,028 - INFO - [scripts.law.logic.scraper] - 페이지 최종 렌더링을 잠시 대기합니다...
2025-09-11 00:04:04,032 - INFO - [scripts.law.logic.scraper] - 페이지 HTML 컨텐츠를 가져오는 중...
2025-09-11 00:04:04,056 - INFO - [scripts.law.logic.scraper] - 데이터 파싱 중...
2025-09-11 00:04:04,110 - INFO - [scripts.law.logic.scraper] - 데이터 1건을 '/Users/woong/Roeum/roeum-crawler/data/raw/law/1352000/아동의 빈곤예방 및 지원 등에 관한 법률_document.jsonl' 파일로 성공적으로 저장했습니다.
2025-09-11 00:04:04,110 - INFO - [scripts.law.logic.scraper] - 데이터 12건을 '/Users/woong/Roeum/roeum-crawler/data/raw/law/1352000/아동의 빈곤예방 및 지원 등에 관한 법률_chunks.jsonl' 파일로 성공적으로 저장했습니다.
2025-09-11 00:04:04,135 - INFO - [__main__] - 상세 페이지 스크레이퍼 완료: 아동의 빈곤예방 및 지원 등에 관한 법률
2025-09-11 00:04:05,324 - INFO - [__main__] - 상세 페이지 스크레이퍼 실행: https://www.law.go.kr/LSW/lsInfoP.do?lsiSeq=269687&efYd=20250907
2025-09-11 00:04:05,671 - INFO - [scripts.law.logic.scraper] - 페이지로 이동 중: https://www.law.go.kr/LSW/lsInfoP.do?lsiSeq=269687&efYd=20250907
2025-09-11 00:04:06,268 - INFO - [scripts.law.logic.scraper] - 로딩 마스크가 나타나기를 기다리는 중...
2025-09-11 00:04:06,286 - INFO - [scripts.law.logic.scraper] - 로딩 마스크가 사라지기를 기다리는 중...
2025-09-11 00:04:06,535 - INFO - [scripts.law.logic.scraper] - 페이지 최종 렌더링을 잠시 대기합니다...
2025-09-11 00:04:07,537 - INFO - [scripts.law.logic.scraper] - 페이지 HTML 컨텐츠를 가져오는 중...
2025-09-11 00:04:07,570 - INFO - [scripts.law.logic.scraper] - 데이터 파싱 중...
2025-09-11 00:04:07,659 - INFO - [scripts.law.logic.scraper] - 데이터 1건을 '/Users/woong/Roeum/roeum-crawler/data/raw/law/1352000/신의료기술평가에 관한 규칙_document.jsonl' 파일로 성공적으로 저장했습니다.
2025-09-11 00:04:07,659 - INFO - [scripts.law.logic.scraper] - 데이터 18건을 '/Users/woong/Roeum/roeum-crawler/data/raw/law/1352000/신의료기술평가에 관한 규칙_chunks.jsonl' 파일로 성공적으로 저장했습니다.
2025-09-11 00:04:07,680 - INFO - [__main__] - 상세 페이지 스크레이퍼 완료: 신의료기술평가에 관한 규칙
2025-09-11 00:04:08,887 - INFO - [__main__] - 상세 페이지 스크레이퍼 실행: https://www.law.go.kr/LSW/lsInfoP.do?lsiSeq=273463&efYd=20250828
2025-09-11 00:04:09,215 - INFO - [scripts.law.logic.scraper] - 페이지로 이동 중: https://www.law.go.kr/LSW/lsInfoP.do?lsiSeq=273463&efYd=20250828
2025-09-11 00:04:09,876 - INFO - [scripts.law.logic.scraper] - 로딩 마스크가 나타나기를 기다리는 중...
2025-09-11 00:04:19,890 - WARNING - [scripts.law.logic.scraper] - 로딩 마스크가 감지되지 않았습니다. 페이지 로드가 완료된 것으로 간주하고 계속 진행합니다.
2025-09-11 00:04:19,892 - INFO - [scripts.law.logic.scraper] - 페이지 최종 렌더링을 잠시 대기합니다...
2025-09-11 00:04:20,897 - INFO - [scripts.law.logic.scraper] - 페이지 HTML 컨텐츠를 가져오는 중...
2025-09-11 00:04:20,933 - INFO - [scripts.law.logic.scraper] - 데이터 파싱 중...
2025-09-11 00:04:21,027 - INFO - [scripts.law.logic.scraper] - 데이터 1건을 '/Users/woong/Roeum/roeum-crawler/data/raw/law/1352000/실종아동등의 보호 및 지원에 관한 법률 시행령_document.jsonl' 파일로 성공적으로 저장했습니다.
2025-09-11 00:04:21,028 - INFO - [scripts.law.logic.scraper] - 데이터 21건을 '/Users/woong/Roeum/roeum-crawler/data/raw/law/1352000/실종아동등의 보호 및 지원에 관한 법률 시행령_chunks.jsonl' 파일로 성공적으로 저장했습니다.
2025-09-11 00:04:21,078 - INFO - [__main__] - 상세 페이지 스크레이퍼 완료: 실종아동등의 보호 및 지원에 관한 법률 시행령
2025-09-11 00:04:22,367 - INFO - [__main__] - 상세 페이지 스크레이퍼 실행: https://www.law.go.kr/LSW/lsInfoP.do?lsiSeq=273475&efYd=20250828
2025-09-11 00:04:23,235 - INFO - [scripts.law.logic.scraper] - 페이지로 이동 중: https://www.law.go.kr/LSW/lsInfoP.do?lsiSeq=273475&efYd=20250828
2025-09-11 00:04:24,035 - INFO - [scripts.law.logic.scraper] - 로딩 마스크가 나타나기를 기다리는 중...
2025-09-11 00:04:34,052 - WARNING - [scripts.law.logic.scraper] - 로딩 마스크가 감지되지 않았습니다. 페이지 로드가 완료된 것으로 간주하고 계속 진행합니다.
2025-09-11 00:04:34,053 - INFO - [scripts.law.logic.scraper] - 페이지 최종 렌더링을 잠시 대기합니다...
2025-09-11 00:04:35,060 - INFO - [scripts.law.logic.scraper] - 페이지 HTML 컨텐츠를 가져오는 중...
2025-09-11 00:04:35,098 - INFO - [scripts.law.logic.scraper] - 데이터 파싱 중...
2025-09-11 00:04:35,200 - INFO - [scripts.law.logic.scraper] - 데이터 1건을 '/Users/woong/Roeum/roeum-crawler/data/raw/law/1352000/장애인차별금지 및 권리구제 등에 관한 법률 시행령_document.jsonl' 파일로 성공적으로 저장했습니다.
2025-09-11 00:04:35,201 - INFO - [scripts.law.logic.scraper] - 데이터 33건을 '/Users/woong/Roeum/roeum-crawler/data/raw/law/1352000/장애인차별금지 및 권리구제 등에 관한 법률 시행령_chunks.jsonl' 파일로 성공적으로 저장했습니다.
2025-09-11 00:04:35,281 - INFO - [__main__] - 상세 페이지 스크레이퍼 완료: 장애인차별금지 및 권리구제 등에 관한 법률 시행령
2025-09-11 00:04:36,585 - INFO - [__main__] - 상세 페이지 스크레이퍼 실행: https://www.law.go.kr/LSW/lsInfoP.do?lsiSeq=270995&efYd=20250719
2025-09-11 00:04:37,813 - INFO - [scripts.law.logic.scraper] - 페이지로 이동 중: https://www.law.go.kr/LSW/lsInfoP.do?lsiSeq=270995&efYd=20250719
2025-09-11 00:04:38,531 - INFO - [scripts.law.logic.scraper] - 로딩 마스크가 나타나기를 기다리는 중...
2025-09-11 00:04:48,543 - WARNING - [scripts.law.logic.scraper] - 로딩 마스크가 감지되지 않았습니다. 페이지 로드가 완료된 것으로 간주하고 계속 진행합니다.
2025-09-11 00:04:48,545 - INFO - [scripts.law.logic.scraper] - 페이지 최종 렌더링을 잠시 대기합니다...
2025-09-11 00:04:49,549 - INFO - [scripts.law.logic.scraper] - 페이지 HTML 컨텐츠를 가져오는 중...
2025-09-11 00:04:49,574 - INFO - [scripts.law.logic.scraper] - 데이터 파싱 중...
2025-09-11 00:04:49,645 - INFO - [scripts.law.logic.scraper] - 데이터 1건을 '/Users/woong/Roeum/roeum-crawler/data/raw/law/1352000/국내입양에 관한 특별법 시행령_document.jsonl' 파일로 성공적으로 저장했습니다.
2025-09-11 00:04:49,646 - INFO - [scripts.law.logic.scraper] - 데이터 25건을 '/Users/woong/Roeum/roeum-crawler/data/raw/law/1352000/국내입양에 관한 특별법 시행령_chunks.jsonl' 파일로 성공적으로 저장했습니다.
2025-09-11 00:04:49,685 - INFO - [__main__] - 상세 페이지 스크레이퍼 완료: 국내입양에 관한 특별법 시행령
2025-09-11 00:04:51,050 - INFO - [__main__] - 상세 페이지 스크레이퍼 실행: https://www.law.go.kr/LSW/lsInfoP.do?lsiSeq=272611&efYd=20250626
2025-09-11 00:04:51,667 - INFO - [scripts.law.logic.scraper] - 페이지로 이동 중: https://www.law.go.kr/LSW/lsInfoP.do?lsiSeq=272611&efYd=20250626
2025-09-11 00:04:52,384 - INFO - [scripts.law.logic.scraper] - 로딩 마스크가 나타나기를 기다리는 중...
2025-09-11 00:04:52,450 - INFO - [scripts.law.logic.scraper] - 로딩 마스크가 사라지기를 기다리는 중...
2025-09-11 00:04:53,323 - INFO - [scripts.law.logic.scraper] - 페이지 최종 렌더링을 잠시 대기합니다...
2025-09-11 00:04:54,355 - INFO - [scripts.law.logic.scraper] - 페이지 HTML 컨텐츠를 가져오는 중...
2025-09-11 00:04:54,417 - INFO - [scripts.law.logic.scraper] - 데이터 파싱 중...
2025-09-11 00:04:54,967 - INFO - [scripts.law.logic.scraper] - 데이터 1건을 '/Users/woong/Roeum/roeum-crawler/data/raw/law/1352000/국민연금법 시행규칙_document.jsonl' 파일로 성공적으로 저장했습니다.
2025-09-11 00:04:54,968 - INFO - [scripts.law.logic.scraper] - 데이터 71건을 '/Users/woong/Roeum/roeum-crawler/data/raw/law/1352000/국민연금법 시행규칙_chunks.jsonl' 파일로 성공적으로 저장했습니다.
2025-09-11 00:04:55,041 - INFO - [__main__] - 상세 페이지 스크레이퍼 완료: 국민연금법 시행규칙
2025-09-11 00:04:56,310 - INFO - [__main__] - 상세 페이지 스크레이퍼 실행: https://www.law.go.kr/LSW/lsInfoP.do?lsiSeq=272437&efYd=20250621
2025-09-11 00:04:56,788 - INFO - [scripts.law.logic.scraper] - 페이지로 이동 중: https://www.law.go.kr/LSW/lsInfoP.do?lsiSeq=272437&efYd=20250621
2025-09-11 00:04:57,515 - INFO - [scripts.law.logic.scraper] - 로딩 마스크가 나타나기를 기다리는 중...
2025-09-11 00:05:07,527 - WARNING - [scripts.law.logic.scraper] - 로딩 마스크가 감지되지 않았습니다. 페이지 로드가 완료된 것으로 간주하고 계속 진행합니다.
2025-09-11 00:05:07,528 - INFO - [scripts.law.logic.scraper] - 페이지 최종 렌더링을 잠시 대기합니다...
2025-09-11 00:05:08,534 - INFO - [scripts.law.logic.scraper] - 페이지 HTML 컨텐츠를 가져오는 중...
2025-09-11 00:05:08,569 - INFO - [scripts.law.logic.scraper] - 데이터 파싱 중...
2025-09-11 00:05:08,646 - INFO - [scripts.law.logic.scraper] - 데이터 1건을 '/Users/woong/Roeum/roeum-crawler/data/raw/law/1352000/간호법 시행령_document.jsonl' 파일로 성공적으로 저장했습니다.
2025-09-11 00:05:08,647 - INFO - [scripts.law.logic.scraper] - 데이터 26건을 '/Users/woong/Roeum/roeum-crawler/data/raw/law/1352000/간호법 시행령_chunks.jsonl' 파일로 성공적으로 저장했습니다.
2025-09-11 00:05:08,684 - INFO - [__main__] - 상세 페이지 스크레이퍼 완료: 간호법 시행령
2025-09-11 00:05:09,957 - INFO - [__main__] - 상세 페이지 스크레이퍼 실행: https://www.law.go.kr/LSW/lsInfoP.do?lsiSeq=251785&efYd=20250614
2025-09-11 00:05:10,357 - INFO - [scripts.law.logic.scraper] - 페이지로 이동 중: https://www.law.go.kr/LSW/lsInfoP.do?lsiSeq=251785&efYd=20250614
2025-09-11 00:05:10,953 - INFO - [scripts.law.logic.scraper] - 로딩 마스크가 나타나기를 기다리는 중...
2025-09-11 00:05:10,975 - INFO - [scripts.law.logic.scraper] - 로딩 마스크가 사라지기를 기다리는 중...
2025-09-11 00:05:11,054 - INFO - [scripts.law.logic.scraper] - 페이지 최종 렌더링을 잠시 대기합니다...
2025-09-11 00:05:12,058 - INFO - [scripts.law.logic.scraper] - 페이지 HTML 컨텐츠를 가져오는 중...
2025-09-11 00:05:12,084 - INFO - [scripts.law.logic.scraper] - 데이터 파싱 중...
2025-09-11 00:05:12,164 - INFO - [scripts.law.logic.scraper] - 데이터 1건을 '/Users/woong/Roeum/roeum-crawler/data/raw/law/1352000/구강보건법_document.jsonl' 파일로 성공적으로 저장했습니다.
2025-09-11 00:05:12,165 - INFO - [scripts.law.logic.scraper] - 데이터 27건을 '/Users/woong/Roeum/roeum-crawler/data/raw/law/1352000/구강보건법_chunks.jsonl' 파일로 성공적으로 저장했습니다.
2025-09-11 00:05:12,186 - INFO - [__main__] - 상세 페이지 스크레이퍼 완료: 구강보건법
2025-09-11 00:05:13,397 - INFO - [__main__] - 상세 페이지 스크레이퍼 실행: https://www.law.go.kr/LSW/lsInfoP.do?lsiSeq=269847&efYd=20250311
2025-09-11 00:05:13,775 - INFO - [scripts.law.logic.scraper] - 페이지로 이동 중: https://www.law.go.kr/LSW/lsInfoP.do?lsiSeq=269847&efYd=20250311
2025-09-11 00:05:14,984 - INFO - [scripts.law.logic.scraper] - 로딩 마스크가 나타나기를 기다리는 중...
2025-09-11 00:05:25,007 - WARNING - [scripts.law.logic.scraper] - 로딩 마스크가 감지되지 않았습니다. 페이지 로드가 완료된 것으로 간주하고 계속 진행합니다.
2025-09-11 00:05:25,008 - INFO - [scripts.law.logic.scraper] - 페이지 최종 렌더링을 잠시 대기합니다...
2025-09-11 00:05:26,011 - INFO - [scripts.law.logic.scraper] - 페이지 HTML 컨텐츠를 가져오는 중...
2025-09-11 00:05:26,029 - INFO - [scripts.law.logic.scraper] - 데이터 파싱 중...
2025-09-11 00:05:26,097 - INFO - [scripts.law.logic.scraper] - 데이터 1건을 '/Users/woong/Roeum/roeum-crawler/data/raw/law/1352000/의료기관세탁물 관리규칙_document.jsonl' 파일로 성공적으로 저장했습니다.
2025-09-11 00:05:26,098 - INFO - [scripts.law.logic.scraper] - 데이터 12건을 '/Users/woong/Roeum/roeum-crawler/data/raw/law/1352000/의료기관세탁물 관리규칙_chunks.jsonl' 파일로 성공적으로 저장했습니다.
2025-09-11 00:05:26,152 - INFO - [__main__] - 상세 페이지 스크레이퍼 완료: 의료기관세탁물 관리규칙
2025-09-11 00:05:27,535 - INFO - [__main__] - 상세 페이지 스크레이퍼 실행: https://www.law.go.kr/LSW/lsInfoP.do?lsiSeq=269855&efYd=20250311
2025-09-11 00:05:28,028 - INFO - [scripts.law.logic.scraper] - 페이지로 이동 중: https://www.law.go.kr/LSW/lsInfoP.do?lsiSeq=269855&efYd=20250311
2025-09-11 00:05:28,634 - INFO - [scripts.law.logic.scraper] - 로딩 마스크가 나타나기를 기다리는 중...
2025-09-11 00:05:28,657 - INFO - [scripts.law.logic.scraper] - 로딩 마스크가 사라지기를 기다리는 중...
2025-09-11 00:05:28,745 - INFO - [scripts.law.logic.scraper] - 페이지 최종 렌더링을 잠시 대기합니다...
2025-09-11 00:05:29,748 - INFO - [scripts.law.logic.scraper] - 페이지 HTML 컨텐츠를 가져오는 중...
2025-09-11 00:05:29,778 - INFO - [scripts.law.logic.scraper] - 데이터 파싱 중...
2025-09-11 00:05:29,870 - INFO - [scripts.law.logic.scraper] - 데이터 1건을 '/Users/woong/Roeum/roeum-crawler/data/raw/law/1352000/치과의사전문의의 수련 및 자격 인정 등에 관한 규정 시행규칙_document.jsonl' 파일로 성공적으로 저장했습니다.
2025-09-11 00:05:29,870 - INFO - [scripts.law.logic.scraper] - 데이터 19건을 '/Users/woong/Roeum/roeum-crawler/data/raw/law/1352000/치과의사전문의의 수련 및 자격 인정 등에 관한 규정 시행규칙_chunks.jsonl' 파일로 성공적으로 저장했습니다.
2025-09-11 00:05:29,896 - INFO - [__main__] - 상세 페이지 스크레이퍼 완료: 치과의사전문의의 수련 및 자격 인정 등에 관한 규정 시행규칙
2025-09-11 00:05:31,120 - INFO - [__main__] - 상세 페이지 스크레이퍼 실행: https://www.law.go.kr/LSW/lsInfoP.do?lsiSeq=257855&efYd=20250103
2025-09-11 00:05:31,459 - INFO - [scripts.law.logic.scraper] - 페이지로 이동 중: https://www.law.go.kr/LSW/lsInfoP.do?lsiSeq=257855&efYd=20250103
2025-09-11 00:05:32,035 - INFO - [scripts.law.logic.scraper] - 로딩 마스크가 나타나기를 기다리는 중...
2025-09-11 00:05:32,058 - INFO - [scripts.law.logic.scraper] - 로딩 마스크가 사라지기를 기다리는 중...
2025-09-11 00:05:32,175 - INFO - [scripts.law.logic.scraper] - 페이지 최종 렌더링을 잠시 대기합니다...
2025-09-11 00:05:33,179 - INFO - [scripts.law.logic.scraper] - 페이지 HTML 컨텐츠를 가져오는 중...
2025-09-11 00:05:33,210 - INFO - [scripts.law.logic.scraper] - 데이터 파싱 중...
2025-09-11 00:05:33,309 - INFO - [scripts.law.logic.scraper] - 데이터 1건을 '/Users/woong/Roeum/roeum-crawler/data/raw/law/1352000/사회서비스 이용 및 이용권 관리에 관한 법률_document.jsonl' 파일로 성공적으로 저장했습니다.
2025-09-11 00:05:33,310 - INFO - [scripts.law.logic.scraper] - 데이터 47건을 '/Users/woong/Roeum/roeum-crawler/data/raw/law/1352000/사회서비스 이용 및 이용권 관리에 관한 법률_chunks.jsonl' 파일로 성공적으로 저장했습니다.
2025-09-11 00:05:33,335 - INFO - [__main__] - 상세 페이지 스크레이퍼 완료: 사회서비스 이용 및 이용권 관리에 관한 법률
2025-09-11 00:05:34,551 - INFO - [__main__] - 상세 페이지 스크레이퍼 실행: https://www.law.go.kr/LSW/lsInfoP.do?lsiSeq=266465&efYd=20241112
2025-09-11 00:05:34,873 - INFO - [scripts.law.logic.scraper] - 페이지로 이동 중: https://www.law.go.kr/LSW/lsInfoP.do?lsiSeq=266465&efYd=20241112
2025-09-11 00:05:35,528 - INFO - [scripts.law.logic.scraper] - 로딩 마스크가 나타나기를 기다리는 중...
2025-09-11 00:05:35,552 - INFO - [scripts.law.logic.scraper] - 로딩 마스크가 사라지기를 기다리는 중...
2025-09-11 00:05:35,634 - INFO - [scripts.law.logic.scraper] - 페이지 최종 렌더링을 잠시 대기합니다...
2025-09-11 00:05:36,636 - INFO - [scripts.law.logic.scraper] - 페이지 HTML 컨텐츠를 가져오는 중...
2025-09-11 00:05:36,658 - INFO - [scripts.law.logic.scraper] - 데이터 파싱 중...
2025-09-11 00:05:36,781 - INFO - [scripts.law.logic.scraper] - 데이터 1건을 '/Users/woong/Roeum/roeum-crawler/data/raw/law/1352000/의사상자 등 예우 및 지원에 관한 법률 시행규칙_document.jsonl' 파일로 성공적으로 저장했습니다.
2025-09-11 00:05:36,781 - INFO - [scripts.law.logic.scraper] - 데이터 10건을 '/Users/woong/Roeum/roeum-crawler/data/raw/law/1352000/의사상자 등 예우 및 지원에 관한 법률 시행규칙_chunks.jsonl' 파일로 성공적으로 저장했습니다.
2025-09-11 00:05:36,831 - INFO - [__main__] - 상세 페이지 스크레이퍼 완료: 의사상자 등 예우 및 지원에 관한 법률 시행규칙
2025-09-11 00:05:38,068 - INFO - [__main__] - 상세 페이지 스크레이퍼 실행: https://www.law.go.kr/LSW/lsInfoP.do?lsiSeq=262725&efYd=20240822
2025-09-11 00:05:38,448 - INFO - [scripts.law.logic.scraper] - 페이지로 이동 중: https://www.law.go.kr/LSW/lsInfoP.do?lsiSeq=262725&efYd=20240822
2025-09-11 00:05:39,054 - INFO - [scripts.law.logic.scraper] - 로딩 마스크가 나타나기를 기다리는 중...
2025-09-11 00:05:39,085 - INFO - [scripts.law.logic.scraper] - 로딩 마스크가 사라지기를 기다리는 중...
2025-09-11 00:05:39,877 - INFO - [scripts.law.logic.scraper] - 페이지 최종 렌더링을 잠시 대기합니다...
2025-09-11 00:05:40,880 - INFO - [scripts.law.logic.scraper] - 페이지 HTML 컨텐츠를 가져오는 중...
2025-09-11 00:05:40,913 - INFO - [scripts.law.logic.scraper] - 데이터 파싱 중...
2025-09-11 00:05:40,993 - INFO - [scripts.law.logic.scraper] - 데이터 1건을 '/Users/woong/Roeum/roeum-crawler/data/raw/law/1352000/고령친화산업 진흥법 시행령_document.jsonl' 파일로 성공적으로 저장했습니다.
2025-09-11 00:05:40,994 - INFO - [scripts.law.logic.scraper] - 데이터 16건을 '/Users/woong/Roeum/roeum-crawler/data/raw/law/1352000/고령친화산업 진흥법 시행령_chunks.jsonl' 파일로 성공적으로 저장했습니다.
2025-09-11 00:05:41,016 - INFO - [__main__] - 상세 페이지 스크레이퍼 완료: 고령친화산업 진흥법 시행령
2025-09-11 00:05:42,270 - INFO - [__main__] - 상세 페이지 스크레이퍼 실행: https://www.law.go.kr/LSW/lsInfoP.do?lsiSeq=264655&efYd=20240731
2025-09-11 00:05:42,604 - INFO - [scripts.law.logic.scraper] - 페이지로 이동 중: https://www.law.go.kr/LSW/lsInfoP.do?lsiSeq=264655&efYd=20240731
2025-09-11 00:05:43,288 - INFO - [scripts.law.logic.scraper] - 로딩 마스크가 나타나기를 기다리는 중...
2025-09-11 00:05:43,326 - INFO - [scripts.law.logic.scraper] - 로딩 마스크가 사라지기를 기다리는 중...
2025-09-11 00:05:43,638 - INFO - [scripts.law.logic.scraper] - 페이지 최종 렌더링을 잠시 대기합니다...
2025-09-11 00:05:44,641 - INFO - [scripts.law.logic.scraper] - 페이지 HTML 컨텐츠를 가져오는 중...
2025-09-11 00:05:44,657 - INFO - [scripts.law.logic.scraper] - 데이터 파싱 중...
2025-09-11 00:05:44,726 - INFO - [scripts.law.logic.scraper] - 데이터 1건을 '/Users/woong/Roeum/roeum-crawler/data/raw/law/1352000/어린이ㆍ노인 및 장애인 보호구역의 지정 및 관리에 관한 규칙_document.jsonl' 파일로 성공적으로 저장했습니다.
2025-09-11 00:05:44,727 - INFO - [scripts.law.logic.scraper] - 데이터 14건을 '/Users/woong/Roeum/roeum-crawler/data/raw/law/1352000/어린이ㆍ노인 및 장애인 보호구역의 지정 및 관리에 관한 규칙_chunks.jsonl' 파일로 성공적으로 저장했습니다.
2025-09-11 00:05:44,748 - INFO - [__main__] - 상세 페이지 스크레이퍼 완료: 어린이ㆍ노인 및 장애인 보호구역의 지정 및 관리에 관한 규칙
2025-09-11 00:05:45,955 - INFO - [__main__] - 상세 페이지 스크레이퍼 실행: https://www.law.go.kr/LSW/lsInfoP.do?lsiSeq=252497&efYd=20240712
2025-09-11 00:05:46,331 - INFO - [scripts.law.logic.scraper] - 페이지로 이동 중: https://www.law.go.kr/LSW/lsInfoP.do?lsiSeq=252497&efYd=20240712
2025-09-11 00:05:46,957 - INFO - [scripts.law.logic.scraper] - 로딩 마스크가 나타나기를 기다리는 중...
2025-09-11 00:05:46,976 - INFO - [scripts.law.logic.scraper] - 로딩 마스크가 사라지기를 기다리는 중...
2025-09-11 00:05:47,210 - INFO - [scripts.law.logic.scraper] - 페이지 최종 렌더링을 잠시 대기합니다...
2025-09-11 00:05:48,212 - INFO - [scripts.law.logic.scraper] - 페이지 HTML 컨텐츠를 가져오는 중...
2025-09-11 00:05:48,241 - INFO - [scripts.law.logic.scraper] - 데이터 파싱 중...
2025-09-11 00:05:48,397 - INFO - [scripts.law.logic.scraper] - 데이터 1건을 '/Users/woong/Roeum/roeum-crawler/data/raw/law/1352000/자살예방 및 생명존중문화 조성을 위한 법률_document.jsonl' 파일로 성공적으로 저장했습니다.
2025-09-11 00:05:48,397 - INFO - [scripts.law.logic.scraper] - 데이터 36건을 '/Users/woong/Roeum/roeum-crawler/data/raw/law/1352000/자살예방 및 생명존중문화 조성을 위한 법률_chunks.jsonl' 파일로 성공적으로 저장했습니다.
2025-09-11 00:05:48,427 - INFO - [__main__] - 상세 페이지 스크레이퍼 완료: 자살예방 및 생명존중문화 조성을 위한 법률
2025-09-11 00:05:49,696 - INFO - [__main__] - 상세 페이지 스크레이퍼 실행: https://www.law.go.kr/LSW/lsInfoP.do?lsiSeq=258075&efYd=20240710
2025-09-11 00:05:50,178 - INFO - [scripts.law.logic.scraper] - 페이지로 이동 중: https://www.law.go.kr/LSW/lsInfoP.do?lsiSeq=258075&efYd=20240710
2025-09-11 00:05:50,824 - INFO - [scripts.law.logic.scraper] - 로딩 마스크가 나타나기를 기다리는 중...
2025-09-11 00:06:00,836 - WARNING - [scripts.law.logic.scraper] - 로딩 마스크가 감지되지 않았습니다. 페이지 로드가 완료된 것으로 간주하고 계속 진행합니다.
2025-09-11 00:06:00,836 - INFO - [scripts.law.logic.scraper] - 페이지 최종 렌더링을 잠시 대기합니다...
2025-09-11 00:06:01,851 - INFO - [scripts.law.logic.scraper] - 페이지 HTML 컨텐츠를 가져오는 중...
2025-09-11 00:06:01,886 - INFO - [scripts.law.logic.scraper] - 데이터 파싱 중...
2025-09-11 00:06:02,051 - INFO - [scripts.law.logic.scraper] - 데이터 1건을 '/Users/woong/Roeum/roeum-crawler/data/raw/law/1352000/의료 해외진출 및 외국인환자 유치 지원에 관한 법률_document.jsonl' 파일로 성공적으로 저장했습니다.
2025-09-11 00:06:02,052 - INFO - [scripts.law.logic.scraper] - 데이터 36건을 '/Users/woong/Roeum/roeum-crawler/data/raw/law/1352000/의료 해외진출 및 외국인환자 유치 지원에 관한 법률_chunks.jsonl' 파일로 성공적으로 저장했습니다.
2025-09-11 00:06:02,091 - INFO - [__main__] - 상세 페이지 스크레이퍼 완료: 의료 해외진출 및 외국인환자 유치 지원에 관한 법률
2025-09-11 00:06:03,370 - INFO - [__main__] - 상세 페이지 스크레이퍼 실행: https://www.law.go.kr/LSW/lsInfoP.do?lsiSeq=255029&efYd=20230929
2025-09-11 00:06:03,980 - INFO - [scripts.law.logic.scraper] - 페이지로 이동 중: https://www.law.go.kr/LSW/lsInfoP.do?lsiSeq=255029&efYd=20230929
2025-09-11 00:06:04,670 - INFO - [scripts.law.logic.scraper] - 로딩 마스크가 나타나기를 기다리는 중...
2025-09-11 00:06:04,723 - INFO - [scripts.law.logic.scraper] - 로딩 마스크가 사라지기를 기다리는 중...
2025-09-11 00:06:04,939 - INFO - [scripts.law.logic.scraper] - 페이지 최종 렌더링을 잠시 대기합니다...
2025-09-11 00:06:05,946 - INFO - [scripts.law.logic.scraper] - 페이지 HTML 컨텐츠를 가져오는 중...
2025-09-11 00:06:05,974 - INFO - [scripts.law.logic.scraper] - 데이터 파싱 중...
2025-09-11 00:06:06,077 - INFO - [scripts.law.logic.scraper] - 데이터 1건을 '/Users/woong/Roeum/roeum-crawler/data/raw/law/1352000/치매관리법 시행령_document.jsonl' 파일로 성공적으로 저장했습니다.
2025-09-11 00:06:06,078 - INFO - [scripts.law.logic.scraper] - 데이터 17건을 '/Users/woong/Roeum/roeum-crawler/data/raw/law/1352000/치매관리법 시행령_chunks.jsonl' 파일로 성공적으로 저장했습니다.
2025-09-11 00:06:06,135 - INFO - [__main__] - 상세 페이지 스크레이퍼 완료: 치매관리법 시행령
2025-09-11 00:06:07,407 - INFO - [__main__] - 상세 페이지 스크레이퍼 실행: https://www.law.go.kr/LSW/lsInfoP.do?lsiSeq=251721&efYd=20230914
2025-09-11 00:06:07,800 - INFO - [scripts.law.logic.scraper] - 페이지로 이동 중: https://www.law.go.kr/LSW/lsInfoP.do?lsiSeq=251721&efYd=20230914
2025-09-11 00:06:08,384 - INFO - [scripts.law.logic.scraper] - 로딩 마스크가 나타나기를 기다리는 중...
2025-09-11 00:06:08,407 - INFO - [scripts.law.logic.scraper] - 로딩 마스크가 사라지기를 기다리는 중...
2025-09-11 00:06:08,617 - INFO - [scripts.law.logic.scraper] - 페이지 최종 렌더링을 잠시 대기합니다...
2025-09-11 00:06:09,619 - INFO - [scripts.law.logic.scraper] - 페이지 HTML 컨텐츠를 가져오는 중...
2025-09-11 00:06:09,640 - INFO - [scripts.law.logic.scraper] - 데이터 파싱 중...
2025-09-11 00:06:09,719 - INFO - [scripts.law.logic.scraper] - 데이터 1건을 '/Users/woong/Roeum/roeum-crawler/data/raw/law/1352000/아동수당법_document.jsonl' 파일로 성공적으로 저장했습니다.
2025-09-11 00:06:09,719 - INFO - [scripts.law.logic.scraper] - 데이터 26건을 '/Users/woong/Roeum/roeum-crawler/data/raw/law/1352000/아동수당법_chunks.jsonl' 파일로 성공적으로 저장했습니다.
2025-09-11 00:06:09,741 - INFO - [__main__] - 상세 페이지 스크레이퍼 완료: 아동수당법
2025-09-11 00:06:10,964 - INFO - [__main__] - 상세 페이지 스크레이퍼 실행: https://www.law.go.kr/LSW/lsInfoP.do?lsiSeq=247981&efYd=20230126
2025-09-11 00:06:11,312 - INFO - [scripts.law.logic.scraper] - 페이지로 이동 중: https://www.law.go.kr/LSW/lsInfoP.do?lsiSeq=247981&efYd=20230126
2025-09-11 00:06:11,918 - INFO - [scripts.law.logic.scraper] - 로딩 마스크가 나타나기를 기다리는 중...
2025-09-11 00:06:11,940 - INFO - [scripts.law.logic.scraper] - 로딩 마스크가 사라지기를 기다리는 중...
2025-09-11 00:06:12,124 - INFO - [scripts.law.logic.scraper] - 페이지 최종 렌더링을 잠시 대기합니다...
2025-09-11 00:06:13,128 - INFO - [scripts.law.logic.scraper] - 페이지 HTML 컨텐츠를 가져오는 중...
2025-09-11 00:06:13,158 - INFO - [scripts.law.logic.scraper] - 데이터 파싱 중...
2025-09-11 00:06:13,242 - INFO - [scripts.law.logic.scraper] - 데이터 1건을 '/Users/woong/Roeum/roeum-crawler/data/raw/law/1352000/구강보건법 시행규칙_document.jsonl' 파일로 성공적으로 저장했습니다.
2025-09-11 00:06:13,243 - INFO - [scripts.law.logic.scraper] - 데이터 22건을 '/Users/woong/Roeum/roeum-crawler/data/raw/law/1352000/구강보건법 시행규칙_chunks.jsonl' 파일로 성공적으로 저장했습니다.
2025-09-11 00:06:13,264 - INFO - [__main__] - 상세 페이지 스크레이퍼 완료: 구강보건법 시행규칙
2025-09-11 00:06:14,480 - INFO - [__main__] - 상세 페이지 스크레이퍼 실행: https://www.law.go.kr/LSW/lsInfoP.do?lsiSeq=247357&efYd=20221230
2025-09-11 00:06:14,820 - INFO - [scripts.law.logic.scraper] - 페이지로 이동 중: https://www.law.go.kr/LSW/lsInfoP.do?lsiSeq=247357&efYd=20221230
2025-09-11 00:06:15,419 - INFO - [scripts.law.logic.scraper] - 로딩 마스크가 나타나기를 기다리는 중...
2025-09-11 00:06:15,440 - INFO - [scripts.law.logic.scraper] - 로딩 마스크가 사라지기를 기다리는 중...
2025-09-11 00:06:15,624 - INFO - [scripts.law.logic.scraper] - 페이지 최종 렌더링을 잠시 대기합니다...
2025-09-11 00:06:16,627 - INFO - [scripts.law.logic.scraper] - 페이지 HTML 컨텐츠를 가져오는 중...
2025-09-11 00:06:16,656 - INFO - [scripts.law.logic.scraper] - 데이터 파싱 중...
2025-09-11 00:06:16,731 - INFO - [scripts.law.logic.scraper] - 데이터 1건을 '/Users/woong/Roeum/roeum-crawler/data/raw/law/1352000/농어촌주민의 보건복지 증진을 위한 특별법 시행규칙_document.jsonl' 파일로 성공적으로 저장했습니다.
2025-09-11 00:06:16,732 - INFO - [scripts.law.logic.scraper] - 데이터 12건을 '/Users/woong/Roeum/roeum-crawler/data/raw/law/1352000/농어촌주민의 보건복지 증진을 위한 특별법 시행규칙_chunks.jsonl' 파일로 성공적으로 저장했습니다.
2025-09-11 00:06:16,752 - INFO - [__main__] - 상세 페이지 스크레이퍼 완료: 농어촌주민의 보건복지 증진을 위한 특별법 시행규칙
2025-09-11 00:06:17,971 - INFO - [__main__] - 상세 페이지 스크레이퍼 실행: https://www.law.go.kr/LSW/lsInfoP.do?lsiSeq=246915&efYd=20221227
2025-09-11 00:06:18,311 - INFO - [scripts.law.logic.scraper] - 페이지로 이동 중: https://www.law.go.kr/LSW/lsInfoP.do?lsiSeq=246915&efYd=20221227
2025-09-11 00:06:18,922 - INFO - [scripts.law.logic.scraper] - 로딩 마스크가 나타나기를 기다리는 중...
2025-09-11 00:06:18,941 - INFO - [scripts.law.logic.scraper] - 로딩 마스크가 사라지기를 기다리는 중...
2025-09-11 00:06:19,732 - INFO - [scripts.law.logic.scraper] - 페이지 최종 렌더링을 잠시 대기합니다...
2025-09-11 00:06:20,735 - INFO - [scripts.law.logic.scraper] - 페이지 HTML 컨텐츠를 가져오는 중...
2025-09-11 00:06:20,750 - INFO - [scripts.law.logic.scraper] - 데이터 파싱 중...
2025-09-11 00:06:20,808 - INFO - [scripts.law.logic.scraper] - 데이터 1건을 '/Users/woong/Roeum/roeum-crawler/data/raw/law/1352000/제약산업 육성 및 지원에 관한 특별법 시행령_document.jsonl' 파일로 성공적으로 저장했습니다.
2025-09-11 00:06:20,808 - INFO - [scripts.law.logic.scraper] - 데이터 18건을 '/Users/woong/Roeum/roeum-crawler/data/raw/law/1352000/제약산업 육성 및 지원에 관한 특별법 시행령_chunks.jsonl' 파일로 성공적으로 저장했습니다.
2025-09-11 00:06:20,837 - INFO - [__main__] - 상세 페이지 스크레이퍼 완료: 제약산업 육성 및 지원에 관한 특별법 시행령
2025-09-11 00:06:22,064 - INFO - [__main__] - 상세 페이지 스크레이퍼 실행: https://www.law.go.kr/LSW/lsInfoP.do?lsiSeq=241263&efYd=20220308
2025-09-11 00:06:22,419 - INFO - [scripts.law.logic.scraper] - 페이지로 이동 중: https://www.law.go.kr/LSW/lsInfoP.do?lsiSeq=241263&efYd=20220308
2025-09-11 00:06:23,083 - INFO - [scripts.law.logic.scraper] - 로딩 마스크가 나타나기를 기다리는 중...
2025-09-11 00:06:33,098 - WARNING - [scripts.law.logic.scraper] - 로딩 마스크가 감지되지 않았습니다. 페이지 로드가 완료된 것으로 간주하고 계속 진행합니다.
2025-09-11 00:06:33,099 - INFO - [scripts.law.logic.scraper] - 페이지 최종 렌더링을 잠시 대기합니다...
2025-09-11 00:06:34,102 - INFO - [scripts.law.logic.scraper] - 페이지 HTML 컨텐츠를 가져오는 중...
2025-09-11 00:06:34,118 - INFO - [scripts.law.logic.scraper] - 데이터 파싱 중...
2025-09-11 00:06:34,168 - INFO - [scripts.law.logic.scraper] - 데이터 1건을 '/Users/woong/Roeum/roeum-crawler/data/raw/law/1352000/시체 해부 및 보존에 관한 법률 시행령_document.jsonl' 파일로 성공적으로 저장했습니다.
2025-09-11 00:06:34,168 - INFO - [scripts.law.logic.scraper] - 데이터 10건을 '/Users/woong/Roeum/roeum-crawler/data/raw/law/1352000/시체 해부 및 보존에 관한 법률 시행령_chunks.jsonl' 파일로 성공적으로 저장했습니다.
2025-09-11 00:06:34,200 - INFO - [__main__] - 상세 페이지 스크레이퍼 완료: 시체 해부 및 보존에 관한 법률 시행령
2025-09-11 00:06:35,461 - INFO - [__main__] - 상세 페이지 스크레이퍼 실행: https://www.law.go.kr/LSW/lsInfoP.do?lsiSeq=234671&efYd=20220218
2025-09-11 00:06:35,870 - INFO - [scripts.law.logic.scraper] - 페이지로 이동 중: https://www.law.go.kr/LSW/lsInfoP.do?lsiSeq=234671&efYd=20220218
2025-09-11 00:06:36,464 - INFO - [scripts.law.logic.scraper] - 로딩 마스크가 나타나기를 기다리는 중...
2025-09-11 00:06:46,488 - WARNING - [scripts.law.logic.scraper] - 로딩 마스크가 감지되지 않았습니다. 페이지 로드가 완료된 것으로 간주하고 계속 진행합니다.
2025-09-11 00:06:46,488 - INFO - [scripts.law.logic.scraper] - 페이지 최종 렌더링을 잠시 대기합니다...
2025-09-11 00:06:47,493 - INFO - [scripts.law.logic.scraper] - 페이지 HTML 컨텐츠를 가져오는 중...
2025-09-11 00:06:47,519 - INFO - [scripts.law.logic.scraper] - 데이터 파싱 중...
2025-09-11 00:06:47,592 - INFO - [scripts.law.logic.scraper] - 데이터 1건을 '/Users/woong/Roeum/roeum-crawler/data/raw/law/1352000/고령친화산업 진흥법_document.jsonl' 파일로 성공적으로 저장했습니다.
2025-09-11 00:06:47,592 - INFO - [scripts.law.logic.scraper] - 데이터 16건을 '/Users/woong/Roeum/roeum-crawler/data/raw/law/1352000/고령친화산업 진흥법_chunks.jsonl' 파일로 성공적으로 저장했습니다.
2025-09-11 00:06:47,627 - INFO - [__main__] - 상세 페이지 스크레이퍼 완료: 고령친화산업 진흥법
2025-09-11 00:06:48,884 - INFO - [__main__] - 상세 페이지 스크레이퍼 실행: https://www.law.go.kr/LSW/lsInfoP.do?lsiSeq=224121&efYd=20201215
2025-09-11 00:06:49,282 - INFO - [scripts.law.logic.scraper] - 페이지로 이동 중: https://www.law.go.kr/LSW/lsInfoP.do?lsiSeq=224121&efYd=20201215
2025-09-11 00:06:49,858 - INFO - [scripts.law.logic.scraper] - 로딩 마스크가 나타나기를 기다리는 중...
2025-09-11 00:06:49,876 - INFO - [scripts.law.logic.scraper] - 로딩 마스크가 사라지기를 기다리는 중...
2025-09-11 00:06:49,954 - INFO - [scripts.law.logic.scraper] - 페이지 최종 렌더링을 잠시 대기합니다...
2025-09-11 00:06:50,959 - INFO - [scripts.law.logic.scraper] - 페이지 HTML 컨텐츠를 가져오는 중...
2025-09-11 00:06:50,985 - INFO - [scripts.law.logic.scraper] - 데이터 파싱 중...
2025-09-11 00:06:51,043 - INFO - [scripts.law.logic.scraper] - 데이터 1건을 '/Users/woong/Roeum/roeum-crawler/data/raw/law/1352000/노숙인 등의 복지 및 자립지원에 관한 법률 시행령_document.jsonl' 파일로 성공적으로 저장했습니다.
2025-09-11 00:06:51,043 - INFO - [scripts.law.logic.scraper] - 데이터 11건을 '/Users/woong/Roeum/roeum-crawler/data/raw/law/1352000/노숙인 등의 복지 및 자립지원에 관한 법률 시행령_chunks.jsonl' 파일로 성공적으로 저장했습니다.
2025-09-11 00:06:51,064 - INFO - [__main__] - 상세 페이지 스크레이퍼 완료: 노숙인 등의 복지 및 자립지원에 관한 법률 시행령
2025-09-11 00:06:52,288 - INFO - [__main__] - 상세 페이지 스크레이퍼 실행: https://www.law.go.kr/LSW/lsInfoP.do?lsiSeq=223281&efYd=20201127
2025-09-11 00:06:52,631 - INFO - [scripts.law.logic.scraper] - 페이지로 이동 중: https://www.law.go.kr/LSW/lsInfoP.do?lsiSeq=223281&efYd=20201127
2025-09-11 00:06:53,231 - INFO - [scripts.law.logic.scraper] - 로딩 마스크가 나타나기를 기다리는 중...
2025-09-11 00:06:53,251 - INFO - [scripts.law.logic.scraper] - 로딩 마스크가 사라지기를 기다리는 중...
2025-09-11 00:06:53,436 - INFO - [scripts.law.logic.scraper] - 페이지 최종 렌더링을 잠시 대기합니다...
2025-09-11 00:06:54,439 - INFO - [scripts.law.logic.scraper] - 페이지 HTML 컨텐츠를 가져오는 중...
2025-09-11 00:06:54,461 - INFO - [scripts.law.logic.scraper] - 데이터 파싱 중...
2025-09-11 00:06:54,507 - INFO - [scripts.law.logic.scraper] - 데이터 1건을 '/Users/woong/Roeum/roeum-crawler/data/raw/law/1352000/보건복지부장관의 소속 청장 지휘에 관한 규칙_document.jsonl' 파일로 성공적으로 저장했습니다.
2025-09-11 00:06:54,507 - INFO - [scripts.law.logic.scraper] - 데이터 8건을 '/Users/woong/Roeum/roeum-crawler/data/raw/law/1352000/보건복지부장관의 소속 청장 지휘에 관한 규칙_chunks.jsonl' 파일로 성공적으로 저장했습니다.
2025-09-11 00:06:54,532 - INFO - [__main__] - 상세 페이지 스크레이퍼 완료: 보건복지부장관의 소속 청장 지휘에 관한 규칙
2025-09-11 00:06:55,726 - INFO - [__main__] - 상세 페이지 스크레이퍼 실행: https://www.law.go.kr/LSW/lsInfoP.do?lsiSeq=209992&efYd=20190716
2025-09-11 00:06:56,161 - INFO - [scripts.law.logic.scraper] - 페이지로 이동 중: https://www.law.go.kr/LSW/lsInfoP.do?lsiSeq=209992&efYd=20190716
2025-09-11 00:06:56,883 - INFO - [scripts.law.logic.scraper] - 로딩 마스크가 나타나기를 기다리는 중...
2025-09-11 00:07:06,900 - WARNING - [scripts.law.logic.scraper] - 로딩 마스크가 감지되지 않았습니다. 페이지 로드가 완료된 것으로 간주하고 계속 진행합니다.
2025-09-11 00:07:06,900 - INFO - [scripts.law.logic.scraper] - 페이지 최종 렌더링을 잠시 대기합니다...
2025-09-11 00:07:07,906 - INFO - [scripts.law.logic.scraper] - 페이지 HTML 컨텐츠를 가져오는 중...
2025-09-11 00:07:07,943 - INFO - [scripts.law.logic.scraper] - 데이터 파싱 중...
2025-09-11 00:07:08,037 - INFO - [scripts.law.logic.scraper] - 데이터 1건을 '/Users/woong/Roeum/roeum-crawler/data/raw/law/1352000/인체조직안전 및 관리 등에 관한 법률 시행규칙_document.jsonl' 파일로 성공적으로 저장했습니다.
2025-09-11 00:07:08,038 - INFO - [scripts.law.logic.scraper] - 데이터 19건을 '/Users/woong/Roeum/roeum-crawler/data/raw/law/1352000/인체조직안전 및 관리 등에 관한 법률 시행규칙_chunks.jsonl' 파일로 성공적으로 저장했습니다.
2025-09-11 00:07:08,073 - INFO - [__main__] - 상세 페이지 스크레이퍼 완료: 인체조직안전 및 관리 등에 관한 법률 시행규칙
2025-09-11 00:07:09,353 - INFO - [__main__] - 상세 페이지 스크레이퍼 실행: https://www.law.go.kr/LSW/lsInfoP.do?lsiSeq=203336&efYd=20180424
2025-09-11 00:07:09,741 - INFO - [scripts.law.logic.scraper] - 페이지로 이동 중: https://www.law.go.kr/LSW/lsInfoP.do?lsiSeq=203336&efYd=20180424
2025-09-11 00:07:10,341 - INFO - [scripts.law.logic.scraper] - 로딩 마스크가 나타나기를 기다리는 중...
2025-09-11 00:07:10,363 - INFO - [scripts.law.logic.scraper] - 로딩 마스크가 사라지기를 기다리는 중...
2025-09-11 00:07:10,447 - INFO - [scripts.law.logic.scraper] - 페이지 최종 렌더링을 잠시 대기합니다...
2025-09-11 00:07:11,454 - INFO - [scripts.law.logic.scraper] - 페이지 HTML 컨텐츠를 가져오는 중...
2025-09-11 00:07:11,472 - INFO - [scripts.law.logic.scraper] - 데이터 파싱 중...
2025-09-11 00:07:11,516 - INFO - [scripts.law.logic.scraper] - 데이터 1건을 '/Users/woong/Roeum/roeum-crawler/data/raw/law/1352000/효행 장려 및 지원에 관한 법률 시행규칙_document.jsonl' 파일로 성공적으로 저장했습니다.
2025-09-11 00:07:11,517 - INFO - [scripts.law.logic.scraper] - 데이터 4건을 '/Users/woong/Roeum/roeum-crawler/data/raw/law/1352000/효행 장려 및 지원에 관한 법률 시행규칙_chunks.jsonl' 파일로 성공적으로 저장했습니다.
2025-09-11 00:07:11,552 - INFO - [__main__] - 상세 페이지 스크레이퍼 완료: 효행 장려 및 지원에 관한 법률 시행규칙
2025-09-11 00:07:12,771 - INFO - [__main__] - 상세 페이지 스크레이퍼 실행: https://www.law.go.kr/LSW/lsInfoP.do?lsiSeq=103231&efYd=20100319
2025-09-11 00:07:13,127 - INFO - [scripts.law.logic.scraper] - 페이지로 이동 중: https://www.law.go.kr/LSW/lsInfoP.do?lsiSeq=103231&efYd=20100319
2025-09-11 00:07:13,734 - INFO - [scripts.law.logic.scraper] - 로딩 마스크가 나타나기를 기다리는 중...
2025-09-11 00:07:13,754 - INFO - [scripts.law.logic.scraper] - 로딩 마스크가 사라지기를 기다리는 중...
2025-09-11 00:07:13,937 - INFO - [scripts.law.logic.scraper] - 페이지 최종 렌더링을 잠시 대기합니다...
2025-09-11 00:07:14,939 - INFO - [scripts.law.logic.scraper] - 페이지 HTML 컨텐츠를 가져오는 중...
2025-09-11 00:07:14,959 - INFO - [scripts.law.logic.scraper] - 데이터 파싱 중...
2025-09-11 00:07:15,009 - INFO - [scripts.law.logic.scraper] - 데이터 1건을 '/Users/woong/Roeum/roeum-crawler/data/raw/law/1352000/보건의료요원장학금규정_document.jsonl' 파일로 성공적으로 저장했습니다.
2025-09-11 00:07:15,009 - INFO - [scripts.law.logic.scraper] - 데이터 8건을 '/Users/woong/Roeum/roeum-crawler/data/raw/law/1352000/보건의료요원장학금규정_chunks.jsonl' 파일로 성공적으로 저장했습니다.
2025-09-11 00:07:15,034 - INFO - [__main__] - 상세 페이지 스크레이퍼 완료: 보건의료요원장학금규정
2025-09-11 00:07:16,260 - INFO - [__main__] - 상세 페이지 스크레이퍼 실행: https://www.law.go.kr/LSW/lsInfoP.do?lsiSeq=260571&efYd=20260221
2025-09-11 00:07:16,612 - INFO - [scripts.law.logic.scraper] - 페이지로 이동 중: https://www.law.go.kr/LSW/lsInfoP.do?lsiSeq=260571&efYd=20260221
2025-09-11 00:07:17,211 - INFO - [scripts.law.logic.scraper] - 로딩 마스크가 나타나기를 기다리는 중...
2025-09-11 00:07:17,235 - INFO - [scripts.law.logic.scraper] - 로딩 마스크가 사라지기를 기다리는 중...
2025-09-11 00:07:18,032 - INFO - [scripts.law.logic.scraper] - 페이지 최종 렌더링을 잠시 대기합니다...
2025-09-11 00:07:19,036 - INFO - [scripts.law.logic.scraper] - 페이지 HTML 컨텐츠를 가져오는 중...
2025-09-11 00:07:19,060 - INFO - [scripts.law.logic.scraper] - 데이터 파싱 중...
2025-09-11 00:07:19,136 - INFO - [scripts.law.logic.scraper] - 데이터 1건을 '/Users/woong/Roeum/roeum-crawler/data/raw/law/1352000/전공의의 수련환경 개선 및 지위 향상을 위한 법률_document.jsonl' 파일로 성공적으로 저장했습니다.
2025-09-11 00:07:19,137 - INFO - [scripts.law.logic.scraper] - 데이터 24건을 '/Users/woong/Roeum/roeum-crawler/data/raw/law/1352000/전공의의 수련환경 개선 및 지위 향상을 위한 법률_chunks.jsonl' 파일로 성공적으로 저장했습니다.
2025-09-11 00:07:19,160 - INFO - [__main__] - 상세 페이지 스크레이퍼 완료: 전공의의 수련환경 개선 및 지위 향상을 위한 법률
2025-09-11 00:07:20,375 - INFO - [__main__] - 상세 페이지 스크레이퍼 실행: https://www.law.go.kr/LSW/lsInfoP.do?lsiSeq=257867&efYd=20260103
2025-09-11 00:07:20,713 - INFO - [scripts.law.logic.scraper] - 페이지로 이동 중: https://www.law.go.kr/LSW/lsInfoP.do?lsiSeq=257867&efYd=20260103
2025-09-11 00:07:21,324 - INFO - [scripts.law.logic.scraper] - 로딩 마스크가 나타나기를 기다리는 중...
2025-09-11 00:07:21,342 - INFO - [scripts.law.logic.scraper] - 로딩 마스크가 사라지기를 기다리는 중...
2025-09-11 00:07:21,744 - INFO - [scripts.law.logic.scraper] - 페이지 최종 렌더링을 잠시 대기합니다...
2025-09-11 00:07:22,761 - INFO - [scripts.law.logic.scraper] - 페이지 HTML 컨텐츠를 가져오는 중...
2025-09-11 00:07:22,825 - INFO - [scripts.law.logic.scraper] - 데이터 파싱 중...
2025-09-11 00:07:23,094 - INFO - [scripts.law.logic.scraper] - 데이터 1건을 '/Users/woong/Roeum/roeum-crawler/data/raw/law/1352000/정신건강증진 및 정신질환자 복지서비스 지원에 관한 법률_document.jsonl' 파일로 성공적으로 저장했습니다.
2025-09-11 00:07:23,096 - INFO - [scripts.law.logic.scraper] - 데이터 101건을 '/Users/woong/Roeum/roeum-crawler/data/raw/law/1352000/정신건강증진 및 정신질환자 복지서비스 지원에 관한 법률_chunks.jsonl' 파일로 성공적으로 저장했습니다.
2025-09-11 00:07:23,153 - INFO - [__main__] - 상세 페이지 스크레이퍼 완료: 정신건강증진 및 정신질환자 복지서비스 지원에 관한 법률
2025-09-11 00:07:24,411 - INFO - [__main__] - 상세 페이지 스크레이퍼 실행: https://www.law.go.kr/LSW/lsInfoP.do?lsiSeq=270511&efYd=20260101
2025-09-11 00:07:24,838 - INFO - [scripts.law.logic.scraper] - 페이지로 이동 중: https://www.law.go.kr/LSW/lsInfoP.do?lsiSeq=270511&efYd=20260101
2025-09-11 00:07:25,475 - INFO - [scripts.law.logic.scraper] - 로딩 마스크가 나타나기를 기다리는 중...
2025-09-11 00:07:25,500 - INFO - [scripts.law.logic.scraper] - 로딩 마스크가 사라지기를 기다리는 중...
2025-09-11 00:07:25,914 - INFO - [scripts.law.logic.scraper] - 페이지 최종 렌더링을 잠시 대기합니다...
2025-09-11 00:07:26,918 - INFO - [scripts.law.logic.scraper] - 페이지 HTML 컨텐츠를 가져오는 중...
2025-09-11 00:07:26,947 - INFO - [scripts.law.logic.scraper] - 데이터 파싱 중...
2025-09-11 00:07:27,186 - INFO - [scripts.law.logic.scraper] - 데이터 1건을 '/Users/woong/Roeum/roeum-crawler/data/raw/law/1352000/국민연금법_document.jsonl' 파일로 성공적으로 저장했습니다.
2025-09-11 00:07:27,187 - INFO - [scripts.law.logic.scraper] - 데이터 163건을 '/Users/woong/Roeum/roeum-crawler/data/raw/law/1352000/국민연금법_chunks.jsonl' 파일로 성공적으로 저장했습니다.
2025-09-11 00:07:27,211 - INFO - [__main__] - 상세 페이지 스크레이퍼 완료: 국민연금법
2025-09-11 00:07:28,443 - INFO - [__main__] - 상세 페이지 스크레이퍼 실행: https://www.law.go.kr/LSW/lsInfoP.do?lsiSeq=269969&efYd=20260101
2025-09-11 00:07:28,800 - INFO - [scripts.law.logic.scraper] - 페이지로 이동 중: https://www.law.go.kr/LSW/lsInfoP.do?lsiSeq=269969&efYd=20260101
2025-09-11 00:07:29,389 - INFO - [scripts.law.logic.scraper] - 로딩 마스크가 나타나기를 기다리는 중...
2025-09-11 00:07:29,410 - INFO - [scripts.law.logic.scraper] - 로딩 마스크가 사라지기를 기다리는 중...
2025-09-11 00:07:29,717 - INFO - [scripts.law.logic.scraper] - 페이지 최종 렌더링을 잠시 대기합니다...
2025-09-11 00:07:30,721 - INFO - [scripts.law.logic.scraper] - 페이지 HTML 컨텐츠를 가져오는 중...
2025-09-11 00:07:30,762 - INFO - [scripts.law.logic.scraper] - 데이터 파싱 중...
2025-09-11 00:07:30,915 - INFO - [scripts.law.logic.scraper] - 데이터 1건을 '/Users/woong/Roeum/roeum-crawler/data/raw/law/1352000/정신건강증진 및 정신질환자 복지서비스 지원에 관한 법률_document.jsonl' 파일로 성공적으로 저장했습니다.
2025-09-11 00:07:30,916 - INFO - [scripts.law.logic.scraper] - 데이터 97건을 '/Users/woong/Roeum/roeum-crawler/data/raw/law/1352000/정신건강증진 및 정신질환자 복지서비스 지원에 관한 법률_chunks.jsonl' 파일로 성공적으로 저장했습니다.
2025-09-11 00:07:30,936 - INFO - [__main__] - 상세 페이지 스크레이퍼 완료: 정신건강증진 및 정신질환자 복지서비스 지원에 관한 법률
2025-09-11 00:07:32,147 - INFO - [__main__] - 상세 페이지 스크레이퍼 실행: https://www.law.go.kr/LSW/lsInfoP.do?lsiSeq=268885&efYd=20250801
2025-09-11 00:07:32,491 - INFO - [scripts.law.logic.scraper] - 페이지로 이동 중: https://www.law.go.kr/LSW/lsInfoP.do?lsiSeq=268885&efYd=20250801
2025-09-11 00:07:33,080 - INFO - [scripts.law.logic.scraper] - 로딩 마스크가 나타나기를 기다리는 중...
2025-09-11 00:07:33,103 - INFO - [scripts.law.logic.scraper] - 로딩 마스크가 사라지기를 기다리는 중...
2025-09-11 00:07:33,897 - INFO - [scripts.law.logic.scraper] - 페이지 최종 렌더링을 잠시 대기합니다...
2025-09-11 00:07:34,901 - INFO - [scripts.law.logic.scraper] - 페이지 HTML 컨텐츠를 가져오는 중...
2025-09-11 00:07:34,951 - INFO - [scripts.law.logic.scraper] - 데이터 파싱 중...
2025-09-11 00:07:35,148 - INFO - [scripts.law.logic.scraper] - 데이터 1건을 '/Users/woong/Roeum/roeum-crawler/data/raw/law/1352000/의료기기법_document.jsonl' 파일로 성공적으로 저장했습니다.
2025-09-11 00:07:35,150 - INFO - [scripts.law.logic.scraper] - 데이터 92건을 '/Users/woong/Roeum/roeum-crawler/data/raw/law/1352000/의료기기법_chunks.jsonl' 파일로 성공적으로 저장했습니다.
2025-09-11 00:07:35,172 - INFO - [__main__] - 상세 페이지 스크레이퍼 완료: 의료기기법
2025-09-11 00:07:36,392 - INFO - [__main__] - 상세 페이지 스크레이퍼 실행: https://www.law.go.kr/LSW/lsInfoP.do?lsiSeq=271111&efYd=20250719
2025-09-11 00:07:36,730 - INFO - [scripts.law.logic.scraper] - 페이지로 이동 중: https://www.law.go.kr/LSW/lsInfoP.do?lsiSeq=271111&efYd=20250719
2025-09-11 00:07:37,319 - INFO - [scripts.law.logic.scraper] - 로딩 마스크가 나타나기를 기다리는 중...
2025-09-11 00:07:37,339 - INFO - [scripts.law.logic.scraper] - 로딩 마스크가 사라지기를 기다리는 중...
2025-09-11 00:07:37,569 - INFO - [scripts.law.logic.scraper] - 페이지 최종 렌더링을 잠시 대기합니다...
2025-09-11 00:07:38,572 - INFO - [scripts.law.logic.scraper] - 페이지 HTML 컨텐츠를 가져오는 중...
2025-09-11 00:07:38,599 - INFO - [scripts.law.logic.scraper] - 데이터 파싱 중...
2025-09-11 00:07:38,681 - INFO - [scripts.law.logic.scraper] - 데이터 1건을 '/Users/woong/Roeum/roeum-crawler/data/raw/law/1352000/위기 임신 및 보호출산 지원과 아동 보호에 관한 특별법 시행규칙_document.jsonl' 파일로 성공적으로 저장했습니다.
2025-09-11 00:07:38,681 - INFO - [scripts.law.logic.scraper] - 데이터 16건을 '/Users/woong/Roeum/roeum-crawler/data/raw/law/1352000/위기 임신 및 보호출산 지원과 아동 보호에 관한 특별법 시행규칙_chunks.jsonl' 파일로 성공적으로 저장했습니다.
2025-09-11 00:07:38,706 - INFO - [__main__] - 상세 페이지 스크레이퍼 완료: 위기 임신 및 보호출산 지원과 아동 보호에 관한 특별법 시행규칙
2025-09-11 00:07:39,931 - INFO - [__main__] - 상세 페이지 스크레이퍼 실행: https://www.law.go.kr/LSW/lsInfoP.do?lsiSeq=270019&efYd=20250321
2025-09-11 00:07:40,283 - INFO - [scripts.law.logic.scraper] - 페이지로 이동 중: https://www.law.go.kr/LSW/lsInfoP.do?lsiSeq=270019&efYd=20250321
2025-09-11 00:07:40,870 - INFO - [scripts.law.logic.scraper] - 로딩 마스크가 나타나기를 기다리는 중...
2025-09-11 00:07:40,890 - INFO - [scripts.law.logic.scraper] - 로딩 마스크가 사라지기를 기다리는 중...
2025-09-11 00:07:41,216 - INFO - [scripts.law.logic.scraper] - 페이지 최종 렌더링을 잠시 대기합니다...
2025-09-11 00:07:42,219 - INFO - [scripts.law.logic.scraper] - 페이지 HTML 컨텐츠를 가져오는 중...
2025-09-11 00:07:42,260 - INFO - [scripts.law.logic.scraper] - 데이터 파싱 중...
2025-09-11 00:07:42,378 - INFO - [scripts.law.logic.scraper] - 데이터 1건을 '/Users/woong/Roeum/roeum-crawler/data/raw/law/1352000/농어촌 등 보건의료를 위한 특별조치법 시행규칙_document.jsonl' 파일로 성공적으로 저장했습니다.
2025-09-11 00:07:42,378 - INFO - [scripts.law.logic.scraper] - 데이터 34건을 '/Users/woong/Roeum/roeum-crawler/data/raw/law/1352000/농어촌 등 보건의료를 위한 특별조치법 시행규칙_chunks.jsonl' 파일로 성공적으로 저장했습니다.
2025-09-11 00:07:42,399 - INFO - [__main__] - 상세 페이지 스크레이퍼 완료: 농어촌 등 보건의료를 위한 특별조치법 시행규칙
2025-09-11 00:07:43,613 - INFO - [__main__] - 상세 페이지 스크레이퍼 실행: https://www.law.go.kr/LSW/lsInfoP.do?lsiSeq=269063&efYd=20250209
2025-09-11 00:07:43,959 - INFO - [scripts.law.logic.scraper] - 페이지로 이동 중: https://www.law.go.kr/LSW/lsInfoP.do?lsiSeq=269063&efYd=20250209
2025-09-11 00:07:44,616 - INFO - [scripts.law.logic.scraper] - 로딩 마스크가 나타나기를 기다리는 중...
2025-09-11 00:07:44,637 - INFO - [scripts.law.logic.scraper] - 로딩 마스크가 사라지기를 기다리는 중...
2025-09-11 00:07:44,869 - INFO - [scripts.law.logic.scraper] - 페이지 최종 렌더링을 잠시 대기합니다...
2025-09-11 00:07:45,884 - INFO - [scripts.law.logic.scraper] - 페이지 HTML 컨텐츠를 가져오는 중...
2025-09-11 00:07:45,934 - INFO - [scripts.law.logic.scraper] - 데이터 파싱 중...
2025-09-11 00:07:46,039 - INFO - [scripts.law.logic.scraper] - 데이터 1건을 '/Users/woong/Roeum/roeum-crawler/data/raw/law/1352000/의료기기 유통 및 판매질서 유지에 관한 규칙_document.jsonl' 파일로 성공적으로 저장했습니다.
2025-09-11 00:07:46,040 - INFO - [scripts.law.logic.scraper] - 데이터 16건을 '/Users/woong/Roeum/roeum-crawler/data/raw/law/1352000/의료기기 유통 및 판매질서 유지에 관한 규칙_chunks.jsonl' 파일로 성공적으로 저장했습니다.
2025-09-11 00:07:46,069 - INFO - [__main__] - 상세 페이지 스크레이퍼 완료: 의료기기 유통 및 판매질서 유지에 관한 규칙
2025-09-11 00:07:47,302 - INFO - [__main__] - 상세 페이지 스크레이퍼 실행: https://www.law.go.kr/LSW/lsInfoP.do?lsiSeq=257859&efYd=20250103
2025-09-11 00:07:47,679 - INFO - [scripts.law.logic.scraper] - 페이지로 이동 중: https://www.law.go.kr/LSW/lsInfoP.do?lsiSeq=257859&efYd=20250103
2025-09-11 00:07:48,265 - INFO - [scripts.law.logic.scraper] - 로딩 마스크가 나타나기를 기다리는 중...
2025-09-11 00:07:58,275 - WARNING - [scripts.law.logic.scraper] - 로딩 마스크가 감지되지 않았습니다. 페이지 로드가 완료된 것으로 간주하고 계속 진행합니다.
2025-09-11 00:07:58,276 - INFO - [scripts.law.logic.scraper] - 페이지 최종 렌더링을 잠시 대기합니다...
2025-09-11 00:07:59,282 - INFO - [scripts.law.logic.scraper] - 페이지 HTML 컨텐츠를 가져오는 중...
2025-09-11 00:07:59,315 - INFO - [scripts.law.logic.scraper] - 데이터 파싱 중...
2025-09-11 00:07:59,434 - INFO - [scripts.law.logic.scraper] - 데이터 1건을 '/Users/woong/Roeum/roeum-crawler/data/raw/law/1352000/암관리법_document.jsonl' 파일로 성공적으로 저장했습니다.
2025-09-11 00:07:59,435 - INFO - [scripts.law.logic.scraper] - 데이터 61건을 '/Users/woong/Roeum/roeum-crawler/data/raw/law/1352000/암관리법_chunks.jsonl' 파일로 성공적으로 저장했습니다.
2025-09-11 00:07:59,463 - INFO - [__main__] - 상세 페이지 스크레이퍼 완료: 암관리법
2025-09-11 00:08:00,755 - INFO - [__main__] - 상세 페이지 스크레이퍼 실행: https://www.law.go.kr/LSW/lsInfoP.do?lsiSeq=266293&efYd=20241107
2025-09-11 00:08:01,173 - INFO - [scripts.law.logic.scraper] - 페이지로 이동 중: https://www.law.go.kr/LSW/lsInfoP.do?lsiSeq=266293&efYd=20241107
2025-09-11 00:08:01,806 - INFO - [scripts.law.logic.scraper] - 로딩 마스크가 나타나기를 기다리는 중...
2025-09-11 00:08:11,829 - WARNING - [scripts.law.logic.scraper] - 로딩 마스크가 감지되지 않았습니다. 페이지 로드가 완료된 것으로 간주하고 계속 진행합니다.
2025-09-11 00:08:11,833 - INFO - [scripts.law.logic.scraper] - 페이지 최종 렌더링을 잠시 대기합니다...
2025-09-11 00:08:12,852 - INFO - [scripts.law.logic.scraper] - 페이지 HTML 컨텐츠를 가져오는 중...
2025-09-11 00:08:12,884 - INFO - [scripts.law.logic.scraper] - 데이터 파싱 중...
2025-09-11 00:08:12,956 - INFO - [scripts.law.logic.scraper] - 데이터 1건을 '/Users/woong/Roeum/roeum-crawler/data/raw/law/1352000/안마사에 관한 규칙_document.jsonl' 파일로 성공적으로 저장했습니다.
2025-09-11 00:08:12,957 - INFO - [scripts.law.logic.scraper] - 데이터 12건을 '/Users/woong/Roeum/roeum-crawler/data/raw/law/1352000/안마사에 관한 규칙_chunks.jsonl' 파일로 성공적으로 저장했습니다.
2025-09-11 00:08:12,996 - INFO - [__main__] - 상세 페이지 스크레이퍼 완료: 안마사에 관한 규칙
2025-09-11 00:08:14,269 - INFO - [__main__] - 상세 페이지 스크레이퍼 실행: https://www.law.go.kr/LSW/lsInfoP.do?lsiSeq=265793&efYd=20241014
2025-09-11 00:08:14,705 - INFO - [scripts.law.logic.scraper] - 페이지로 이동 중: https://www.law.go.kr/LSW/lsInfoP.do?lsiSeq=265793&efYd=20241014
2025-09-11 00:08:15,346 - INFO - [scripts.law.logic.scraper] - 로딩 마스크가 나타나기를 기다리는 중...
2025-09-11 00:08:15,384 - INFO - [scripts.law.logic.scraper] - 로딩 마스크가 사라지기를 기다리는 중...
2025-09-11 00:08:15,730 - INFO - [scripts.law.logic.scraper] - 페이지 최종 렌더링을 잠시 대기합니다...
2025-09-11 00:08:16,734 - INFO - [scripts.law.logic.scraper] - 페이지 HTML 컨텐츠를 가져오는 중...
2025-09-11 00:08:16,758 - INFO - [scripts.law.logic.scraper] - 데이터 파싱 중...
2025-09-11 00:08:16,936 - INFO - [scripts.law.logic.scraper] - 데이터 1건을 '/Users/woong/Roeum/roeum-crawler/data/raw/law/1352000/혈액관리법 시행규칙_document.jsonl' 파일로 성공적으로 저장했습니다.
2025-09-11 00:08:16,937 - INFO - [scripts.law.logic.scraper] - 데이터 38건을 '/Users/woong/Roeum/roeum-crawler/data/raw/law/1352000/혈액관리법 시행규칙_chunks.jsonl' 파일로 성공적으로 저장했습니다.
2025-09-11 00:08:16,970 - INFO - [__main__] - 상세 페이지 스크레이퍼 완료: 혈액관리법 시행규칙
2025-09-11 00:08:18,191 - INFO - [__main__] - 상세 페이지 스크레이퍼 실행: https://www.law.go.kr/LSW/lsInfoP.do?lsiSeq=259215&efYd=20240724
2025-09-11 00:08:18,639 - INFO - [scripts.law.logic.scraper] - 페이지로 이동 중: https://www.law.go.kr/LSW/lsInfoP.do?lsiSeq=259215&efYd=20240724
2025-09-11 00:08:19,441 - INFO - [scripts.law.logic.scraper] - 로딩 마스크가 나타나기를 기다리는 중...
2025-09-11 00:08:29,473 - WARNING - [scripts.law.logic.scraper] - 로딩 마스크가 감지되지 않았습니다. 페이지 로드가 완료된 것으로 간주하고 계속 진행합니다.
2025-09-11 00:08:29,474 - INFO - [scripts.law.logic.scraper] - 페이지 최종 렌더링을 잠시 대기합니다...
2025-09-11 00:08:30,479 - INFO - [scripts.law.logic.scraper] - 페이지 HTML 컨텐츠를 가져오는 중...
2025-09-11 00:08:30,510 - INFO - [scripts.law.logic.scraper] - 데이터 파싱 중...
2025-09-11 00:08:30,585 - INFO - [scripts.law.logic.scraper] - 데이터 1건을 '/Users/woong/Roeum/roeum-crawler/data/raw/law/1352000/의사상자 등 예우 및 지원에 관한 법률_document.jsonl' 파일로 성공적으로 저장했습니다.
2025-09-11 00:08:30,586 - INFO - [scripts.law.logic.scraper] - 데이터 23건을 '/Users/woong/Roeum/roeum-crawler/data/raw/law/1352000/의사상자 등 예우 및 지원에 관한 법률_chunks.jsonl' 파일로 성공적으로 저장했습니다.
2025-09-11 00:08:30,621 - INFO - [__main__] - 상세 페이지 스크레이퍼 완료: 의사상자 등 예우 및 지원에 관한 법률
2025-09-11 00:08:31,888 - INFO - [__main__] - 상세 페이지 스크레이퍼 실행: https://www.law.go.kr/LSW/lsInfoP.do?lsiSeq=264101&efYd=20240717
2025-09-11 00:08:32,410 - INFO - [scripts.law.logic.scraper] - 페이지로 이동 중: https://www.law.go.kr/LSW/lsInfoP.do?lsiSeq=264101&efYd=20240717
2025-09-11 00:08:33,028 - INFO - [scripts.law.logic.scraper] - 로딩 마스크가 나타나기를 기다리는 중...
2025-09-11 00:08:33,047 - INFO - [scripts.law.logic.scraper] - 로딩 마스크가 사라지기를 기다리는 중...
2025-09-11 00:08:33,270 - INFO - [scripts.law.logic.scraper] - 페이지 최종 렌더링을 잠시 대기합니다...
2025-09-11 00:08:34,273 - INFO - [scripts.law.logic.scraper] - 페이지 HTML 컨텐츠를 가져오는 중...
2025-09-11 00:08:34,292 - INFO - [scripts.law.logic.scraper] - 데이터 파싱 중...
2025-09-11 00:08:34,375 - INFO - [scripts.law.logic.scraper] - 데이터 1건을 '/Users/woong/Roeum/roeum-crawler/data/raw/law/1352000/보건의료기술 진흥법 시행규칙_document.jsonl' 파일로 성공적으로 저장했습니다.
2025-09-11 00:08:34,376 - INFO - [scripts.law.logic.scraper] - 데이터 21건을 '/Users/woong/Roeum/roeum-crawler/data/raw/law/1352000/보건의료기술 진흥법 시행규칙_chunks.jsonl' 파일로 성공적으로 저장했습니다.
2025-09-11 00:08:34,399 - INFO - [__main__] - 상세 페이지 스크레이퍼 완료: 보건의료기술 진흥법 시행규칙
2025-09-11 00:08:35,768 - INFO - [__main__] - 상세 페이지 스크레이퍼 실행: https://www.law.go.kr/LSW/lsInfoP.do?lsiSeq=261481&efYd=20240325
2025-09-11 00:08:36,501 - INFO - [scripts.law.logic.scraper] - 페이지로 이동 중: https://www.law.go.kr/LSW/lsInfoP.do?lsiSeq=261481&efYd=20240325
2025-09-11 00:08:37,256 - INFO - [scripts.law.logic.scraper] - 로딩 마스크가 나타나기를 기다리는 중...
2025-09-11 00:08:47,263 - WARNING - [scripts.law.logic.scraper] - 로딩 마스크가 감지되지 않았습니다. 페이지 로드가 완료된 것으로 간주하고 계속 진행합니다.
2025-09-11 00:08:47,264 - INFO - [scripts.law.logic.scraper] - 페이지 최종 렌더링을 잠시 대기합니다...
2025-09-11 00:08:48,270 - INFO - [scripts.law.logic.scraper] - 페이지 HTML 컨텐츠를 가져오는 중...
2025-09-11 00:08:48,289 - INFO - [scripts.law.logic.scraper] - 데이터 파싱 중...
2025-09-11 00:08:48,332 - INFO - [scripts.law.logic.scraper] - 데이터 1건을 '/Users/woong/Roeum/roeum-crawler/data/raw/law/1352000/고독사 예방 및 관리에 관한 법률 시행규칙_document.jsonl' 파일로 성공적으로 저장했습니다.
2025-09-11 00:08:48,333 - INFO - [scripts.law.logic.scraper] - 데이터 5건을 '/Users/woong/Roeum/roeum-crawler/data/raw/law/1352000/고독사 예방 및 관리에 관한 법률 시행규칙_chunks.jsonl' 파일로 성공적으로 저장했습니다.
2025-09-11 00:08:48,375 - INFO - [__main__] - 상세 페이지 스크레이퍼 완료: 고독사 예방 및 관리에 관한 법률 시행규칙
2025-09-11 00:08:49,645 - INFO - [__main__] - 상세 페이지 스크레이퍼 실행: https://www.law.go.kr/LSW/lsInfoP.do?lsiSeq=256073&efYd=20231116
2025-09-11 00:08:50,105 - INFO - [scripts.law.logic.scraper] - 페이지로 이동 중: https://www.law.go.kr/LSW/lsInfoP.do?lsiSeq=256073&efYd=20231116
2025-09-11 00:08:50,711 - INFO - [scripts.law.logic.scraper] - 로딩 마스크가 나타나기를 기다리는 중...
2025-09-11 00:08:50,734 - INFO - [scripts.law.logic.scraper] - 로딩 마스크가 사라지기를 기다리는 중...
2025-09-11 00:08:50,757 - INFO - [scripts.law.logic.scraper] - 페이지 최종 렌더링을 잠시 대기합니다...
2025-09-11 00:08:51,761 - INFO - [scripts.law.logic.scraper] - 페이지 HTML 컨텐츠를 가져오는 중...
2025-09-11 00:08:51,771 - INFO - [scripts.law.logic.scraper] - 데이터 파싱 중...
2025-09-11 00:08:51,800 - INFO - [scripts.law.logic.scraper] - 데이터 1건을 '/Users/woong/Roeum/roeum-crawler/data/raw/law/1352000/아동의 빈곤예방 및 지원 등에 관한 법률 시행령_document.jsonl' 파일로 성공적으로 저장했습니다.
2025-09-11 00:08:51,801 - INFO - [scripts.law.logic.scraper] - 데이터 10건을 '/Users/woong/Roeum/roeum-crawler/data/raw/law/1352000/아동의 빈곤예방 및 지원 등에 관한 법률 시행령_chunks.jsonl' 파일로 성공적으로 저장했습니다.
2025-09-11 00:08:51,822 - INFO - [__main__] - 상세 페이지 스크레이퍼 완료: 아동의 빈곤예방 및 지원 등에 관한 법률 시행령
2025-09-11 00:08:53,058 - INFO - [__main__] - 상세 페이지 스크레이퍼 실행: https://www.law.go.kr/LSW/lsInfoP.do?lsiSeq=255025&efYd=20230929
2025-09-11 00:08:53,414 - INFO - [scripts.law.logic.scraper] - 페이지로 이동 중: https://www.law.go.kr/LSW/lsInfoP.do?lsiSeq=255025&efYd=20230929
2025-09-11 00:08:54,064 - INFO - [scripts.law.logic.scraper] - 로딩 마스크가 나타나기를 기다리는 중...
2025-09-11 00:09:04,083 - WARNING - [scripts.law.logic.scraper] - 로딩 마스크가 감지되지 않았습니다. 페이지 로드가 완료된 것으로 간주하고 계속 진행합니다.
2025-09-11 00:09:04,085 - INFO - [scripts.law.logic.scraper] - 페이지 최종 렌더링을 잠시 대기합니다...
2025-09-11 00:09:05,091 - INFO - [scripts.law.logic.scraper] - 페이지 HTML 컨텐츠를 가져오는 중...
2025-09-11 00:09:05,109 - INFO - [scripts.law.logic.scraper] - 데이터 파싱 중...
2025-09-11 00:09:05,163 - INFO - [scripts.law.logic.scraper] - 데이터 1건을 '/Users/woong/Roeum/roeum-crawler/data/raw/law/1352000/국민영양관리법 시행령_document.jsonl' 파일로 성공적으로 저장했습니다.
2025-09-11 00:09:05,163 - INFO - [scripts.law.logic.scraper] - 데이터 13건을 '/Users/woong/Roeum/roeum-crawler/data/raw/law/1352000/국민영양관리법 시행령_chunks.jsonl' 파일로 성공적으로 저장했습니다.
2025-09-11 00:09:05,222 - INFO - [__main__] - 상세 페이지 스크레이퍼 완료: 국민영양관리법 시행령
2025-09-11 00:09:06,512 - INFO - [__main__] - 상세 페이지 스크레이퍼 실행: https://www.law.go.kr/LSW/lsInfoP.do?lsiSeq=254697&efYd=20230914
2025-09-11 00:09:06,986 - INFO - [scripts.law.logic.scraper] - 페이지로 이동 중: https://www.law.go.kr/LSW/lsInfoP.do?lsiSeq=254697&efYd=20230914
2025-09-11 00:09:07,934 - INFO - [scripts.law.logic.scraper] - 로딩 마스크가 나타나기를 기다리는 중...
2025-09-11 00:09:17,967 - WARNING - [scripts.law.logic.scraper] - 로딩 마스크가 감지되지 않았습니다. 페이지 로드가 완료된 것으로 간주하고 계속 진행합니다.
2025-09-11 00:09:17,968 - INFO - [scripts.law.logic.scraper] - 페이지 최종 렌더링을 잠시 대기합니다...
2025-09-11 00:09:18,974 - INFO - [scripts.law.logic.scraper] - 페이지 HTML 컨텐츠를 가져오는 중...
2025-09-11 00:09:18,994 - INFO - [scripts.law.logic.scraper] - 데이터 파싱 중...
2025-09-11 00:09:19,066 - INFO - [scripts.law.logic.scraper] - 데이터 1건을 '/Users/woong/Roeum/roeum-crawler/data/raw/law/1352000/아동수당법 시행령_document.jsonl' 파일로 성공적으로 저장했습니다.
2025-09-11 00:09:19,067 - INFO - [scripts.law.logic.scraper] - 데이터 23건을 '/Users/woong/Roeum/roeum-crawler/data/raw/law/1352000/아동수당법 시행령_chunks.jsonl' 파일로 성공적으로 저장했습니다.
2025-09-11 00:09:19,114 - INFO - [__main__] - 상세 페이지 스크레이퍼 완료: 아동수당법 시행령
2025-09-11 00:09:20,386 - INFO - [__main__] - 상세 페이지 스크레이퍼 실행: https://www.law.go.kr/LSW/lsInfoP.do?lsiSeq=241703&efYd=20220401
2025-09-11 00:09:20,799 - INFO - [scripts.law.logic.scraper] - 페이지로 이동 중: https://www.law.go.kr/LSW/lsInfoP.do?lsiSeq=241703&efYd=20220401
2025-09-11 00:09:21,386 - INFO - [scripts.law.logic.scraper] - 로딩 마스크가 나타나기를 기다리는 중...
2025-09-11 00:09:21,413 - INFO - [scripts.law.logic.scraper] - 로딩 마스크가 사라지기를 기다리는 중...
2025-09-11 00:09:21,599 - INFO - [scripts.law.logic.scraper] - 페이지 최종 렌더링을 잠시 대기합니다...
2025-09-11 00:09:22,602 - INFO - [scripts.law.logic.scraper] - 페이지 HTML 컨텐츠를 가져오는 중...
2025-09-11 00:09:22,623 - INFO - [scripts.law.logic.scraper] - 데이터 파싱 중...
2025-09-11 00:09:22,668 - INFO - [scripts.law.logic.scraper] - 데이터 1건을 '/Users/woong/Roeum/roeum-crawler/data/raw/law/1352000/저출산ㆍ고령사회 기본법 시행규칙_document.jsonl' 파일로 성공적으로 저장했습니다.
2025-09-11 00:09:22,668 - INFO - [scripts.law.logic.scraper] - 데이터 4건을 '/Users/woong/Roeum/roeum-crawler/data/raw/law/1352000/저출산ㆍ고령사회 기본법 시행규칙_chunks.jsonl' 파일로 성공적으로 저장했습니다.
2025-09-11 00:09:22,692 - INFO - [__main__] - 상세 페이지 스크레이퍼 완료: 저출산ㆍ고령사회 기본법 시행규칙
2025-09-11 00:09:23,888 - INFO - [__main__] - 상세 페이지 스크레이퍼 실행: https://www.law.go.kr/LSW/lsInfoP.do?lsiSeq=228601&efYd=20220113
2025-09-11 00:09:24,255 - INFO - [scripts.law.logic.scraper] - 페이지로 이동 중: https://www.law.go.kr/LSW/lsInfoP.do?lsiSeq=228601&efYd=20220113
2025-09-11 00:09:24,946 - INFO - [scripts.law.logic.scraper] - 로딩 마스크가 나타나기를 기다리는 중...
2025-09-11 00:09:34,973 - WARNING - [scripts.law.logic.scraper] - 로딩 마스크가 감지되지 않았습니다. 페이지 로드가 완료된 것으로 간주하고 계속 진행합니다.
2025-09-11 00:09:34,974 - INFO - [scripts.law.logic.scraper] - 페이지 최종 렌더링을 잠시 대기합니다...
2025-09-11 00:09:35,980 - INFO - [scripts.law.logic.scraper] - 페이지 HTML 컨텐츠를 가져오는 중...
2025-09-11 00:09:35,998 - INFO - [scripts.law.logic.scraper] - 데이터 파싱 중...
2025-09-11 00:09:36,085 - INFO - [scripts.law.logic.scraper] - 데이터 1건을 '/Users/woong/Roeum/roeum-crawler/data/raw/law/1352000/지방의료원의 설립 및 운영에 관한 법률_document.jsonl' 파일로 성공적으로 저장했습니다.
2025-09-11 00:09:36,086 - INFO - [scripts.law.logic.scraper] - 데이터 35건을 '/Users/woong/Roeum/roeum-crawler/data/raw/law/1352000/지방의료원의 설립 및 운영에 관한 법률_chunks.jsonl' 파일로 성공적으로 저장했습니다.
2025-09-11 00:09:36,126 - INFO - [__main__] - 상세 페이지 스크레이퍼 완료: 지방의료원의 설립 및 운영에 관한 법률
2025-09-11 00:09:37,376 - INFO - [__main__] - 상세 페이지 스크레이퍼 실행: https://www.law.go.kr/LSW/lsInfoP.do?lsiSeq=235847&efYd=20210930
2025-09-11 00:09:37,782 - INFO - [scripts.law.logic.scraper] - 페이지로 이동 중: https://www.law.go.kr/LSW/lsInfoP.do?lsiSeq=235847&efYd=20210930
2025-09-11 00:09:38,388 - INFO - [scripts.law.logic.scraper] - 로딩 마스크가 나타나기를 기다리는 중...
2025-09-11 00:09:38,409 - INFO - [scripts.law.logic.scraper] - 로딩 마스크가 사라지기를 기다리는 중...
2025-09-11 00:09:38,595 - INFO - [scripts.law.logic.scraper] - 페이지 최종 렌더링을 잠시 대기합니다...
2025-09-11 00:09:39,598 - INFO - [scripts.law.logic.scraper] - 페이지 HTML 컨텐츠를 가져오는 중...
2025-09-11 00:09:39,621 - INFO - [scripts.law.logic.scraper] - 데이터 파싱 중...
2025-09-11 00:09:39,738 - INFO - [scripts.law.logic.scraper] - 데이터 1건을 '/Users/woong/Roeum/roeum-crawler/data/raw/law/1352000/장기요양기관 재무ㆍ회계 규칙_document.jsonl' 파일로 성공적으로 저장했습니다.
2025-09-11 00:09:39,738 - INFO - [scripts.law.logic.scraper] - 데이터 17건을 '/Users/woong/Roeum/roeum-crawler/data/raw/law/1352000/장기요양기관 재무ㆍ회계 규칙_chunks.jsonl' 파일로 성공적으로 저장했습니다.
2025-09-11 00:09:39,786 - INFO - [__main__] - 상세 페이지 스크레이퍼 완료: 장기요양기관 재무ㆍ회계 규칙
2025-09-11 00:09:41,171 - INFO - [__main__] - 상세 페이지 스크레이퍼 실행: https://www.law.go.kr/LSW/lsInfoP.do?lsiSeq=228463&efYd=20210107
2025-09-11 00:09:41,849 - INFO - [scripts.law.logic.scraper] - 페이지로 이동 중: https://www.law.go.kr/LSW/lsInfoP.do?lsiSeq=228463&efYd=20210107
2025-09-11 00:09:42,513 - INFO - [scripts.law.logic.scraper] - 로딩 마스크가 나타나기를 기다리는 중...
2025-09-11 00:09:52,531 - WARNING - [scripts.law.logic.scraper] - 로딩 마스크가 감지되지 않았습니다. 페이지 로드가 완료된 것으로 간주하고 계속 진행합니다.
2025-09-11 00:09:52,532 - INFO - [scripts.law.logic.scraper] - 페이지 최종 렌더링을 잠시 대기합니다...
2025-09-11 00:09:53,538 - INFO - [scripts.law.logic.scraper] - 페이지 HTML 컨텐츠를 가져오는 중...
2025-09-11 00:09:53,562 - INFO - [scripts.law.logic.scraper] - 데이터 파싱 중...
2025-09-11 00:09:53,619 - INFO - [scripts.law.logic.scraper] - 데이터 1건을 '/Users/woong/Roeum/roeum-crawler/data/raw/law/1352000/한센인피해사건의 진상규명 및 피해자 지원 등에 관한 법률 시행규칙_document.jsonl' 파일로 성공적으로 저장했습니다.
2025-09-11 00:09:53,619 - INFO - [scripts.law.logic.scraper] - 데이터 9건을 '/Users/woong/Roeum/roeum-crawler/data/raw/law/1352000/한센인피해사건의 진상규명 및 피해자 지원 등에 관한 법률 시행규칙_chunks.jsonl' 파일로 성공적으로 저장했습니다.
2025-09-11 00:09:53,662 - INFO - [__main__] - 상세 페이지 스크레이퍼 완료: 한센인피해사건의 진상규명 및 피해자 지원 등에 관한 법률 시행규칙
2025-09-11 00:09:55,201 - INFO - [__main__] - 상세 페이지 스크레이퍼 실행: https://www.law.go.kr/LSW/lsInfoP.do?lsiSeq=210947&efYd=20191024
2025-09-11 00:09:55,731 - INFO - [scripts.law.logic.scraper] - 페이지로 이동 중: https://www.law.go.kr/LSW/lsInfoP.do?lsiSeq=210947&efYd=20191024
2025-09-11 00:09:56,517 - INFO - [scripts.law.logic.scraper] - 로딩 마스크가 나타나기를 기다리는 중...
2025-09-11 00:10:06,527 - WARNING - [scripts.law.logic.scraper] - 로딩 마스크가 감지되지 않았습니다. 페이지 로드가 완료된 것으로 간주하고 계속 진행합니다.
2025-09-11 00:10:06,527 - INFO - [scripts.law.logic.scraper] - 페이지 최종 렌더링을 잠시 대기합니다...
2025-09-11 00:10:07,531 - INFO - [scripts.law.logic.scraper] - 페이지 HTML 컨텐츠를 가져오는 중...
2025-09-11 00:10:07,547 - INFO - [scripts.law.logic.scraper] - 데이터 파싱 중...
2025-09-11 00:10:07,572 - INFO - [scripts.law.logic.scraper] - 데이터 1건을 '/Users/woong/Roeum/roeum-crawler/data/raw/law/1352000/보건의료인력지원법 시행규칙_document.jsonl' 파일로 성공적으로 저장했습니다.
2025-09-11 00:10:07,573 - INFO - [scripts.law.logic.scraper] - 데이터 3건을 '/Users/woong/Roeum/roeum-crawler/data/raw/law/1352000/보건의료인력지원법 시행규칙_chunks.jsonl' 파일로 성공적으로 저장했습니다.
2025-09-11 00:10:07,619 - INFO - [__main__] - 상세 페이지 스크레이퍼 완료: 보건의료인력지원법 시행규칙
2025-09-11 00:10:08,906 - INFO - [__main__] - 상세 페이지 스크레이퍼 실행: https://www.law.go.kr/LSW/lsInfoP.do?lsiSeq=198574&efYd=20181101
2025-09-11 00:10:09,343 - INFO - [scripts.law.logic.scraper] - 페이지로 이동 중: https://www.law.go.kr/LSW/lsInfoP.do?lsiSeq=198574&efYd=20181101
2025-09-11 00:10:10,430 - INFO - [scripts.law.logic.scraper] - 로딩 마스크가 나타나기를 기다리는 중...
2025-09-11 00:10:20,720 - WARNING - [scripts.law.logic.scraper] - 로딩 마스크가 감지되지 않았습니다. 페이지 로드가 완료된 것으로 간주하고 계속 진행합니다.
2025-09-11 00:10:20,742 - INFO - [scripts.law.logic.scraper] - 페이지 최종 렌더링을 잠시 대기합니다...
2025-09-11 00:10:21,771 - INFO - [scripts.law.logic.scraper] - 페이지 HTML 컨텐츠를 가져오는 중...
2025-09-11 00:10:21,812 - INFO - [scripts.law.logic.scraper] - 데이터 파싱 중...
2025-09-11 00:10:22,012 - INFO - [scripts.law.logic.scraper] - 데이터 1건을 '/Users/woong/Roeum/roeum-crawler/data/raw/law/1352000/한국보건의료인국가시험원법_document.jsonl' 파일로 성공적으로 저장했습니다.
2025-09-11 00:10:22,013 - INFO - [scripts.law.logic.scraper] - 데이터 26건을 '/Users/woong/Roeum/roeum-crawler/data/raw/law/1352000/한국보건의료인국가시험원법_chunks.jsonl' 파일로 성공적으로 저장했습니다.
2025-09-11 00:10:22,086 - INFO - [__main__] - 상세 페이지 스크레이퍼 완료: 한국보건의료인국가시험원법
2025-09-11 00:10:23,558 - INFO - [__main__] - 상세 페이지 스크레이퍼 실행: https://www.law.go.kr/LSW/lsInfoP.do?lsiSeq=195200&efYd=20170726
2025-09-11 00:10:24,349 - INFO - [scripts.law.logic.scraper] - 페이지로 이동 중: https://www.law.go.kr/LSW/lsInfoP.do?lsiSeq=195200&efYd=20170726
2025-09-11 00:10:24,979 - INFO - [scripts.law.logic.scraper] - 로딩 마스크가 나타나기를 기다리는 중...
2025-09-11 00:10:34,991 - WARNING - [scripts.law.logic.scraper] - 로딩 마스크가 감지되지 않았습니다. 페이지 로드가 완료된 것으로 간주하고 계속 진행합니다.
2025-09-11 00:10:34,993 - INFO - [scripts.law.logic.scraper] - 페이지 최종 렌더링을 잠시 대기합니다...
2025-09-11 00:10:35,997 - INFO - [scripts.law.logic.scraper] - 페이지 HTML 컨텐츠를 가져오는 중...
2025-09-11 00:10:36,012 - INFO - [scripts.law.logic.scraper] - 데이터 파싱 중...
2025-09-11 00:10:36,049 - INFO - [scripts.law.logic.scraper] - 데이터 1건을 '/Users/woong/Roeum/roeum-crawler/data/raw/law/1352000/아동의 빈곤예방 및 지원 등에 관한 법률_document.jsonl' 파일로 성공적으로 저장했습니다.
2025-09-11 00:10:36,049 - INFO - [scripts.law.logic.scraper] - 데이터 12건을 '/Users/woong/Roeum/roeum-crawler/data/raw/law/1352000/아동의 빈곤예방 및 지원 등에 관한 법률_chunks.jsonl' 파일로 성공적으로 저장했습니다.
2025-09-11 00:10:36,094 - INFO - [__main__] - 상세 페이지 스크레이퍼 완료: 아동의 빈곤예방 및 지원 등에 관한 법률
2025-09-11 00:10:37,355 - INFO - [__main__] - 상세 페이지 스크레이퍼 실행: https://www.law.go.kr/LSW/lsInfoP.do?lsiSeq=194077&efYd=20170530
2025-09-11 00:10:37,746 - INFO - [scripts.law.logic.scraper] - 페이지로 이동 중: https://www.law.go.kr/LSW/lsInfoP.do?lsiSeq=194077&efYd=20170530
2025-09-11 00:10:38,345 - INFO - [scripts.law.logic.scraper] - 로딩 마스크가 나타나기를 기다리는 중...
2025-09-11 00:10:48,355 - WARNING - [scripts.law.logic.scraper] - 로딩 마스크가 감지되지 않았습니다. 페이지 로드가 완료된 것으로 간주하고 계속 진행합니다.
2025-09-11 00:10:48,355 - INFO - [scripts.law.logic.scraper] - 페이지 최종 렌더링을 잠시 대기합니다...
2025-09-11 00:10:49,362 - INFO - [scripts.law.logic.scraper] - 페이지 HTML 컨텐츠를 가져오는 중...
2025-09-11 00:10:49,387 - INFO - [scripts.law.logic.scraper] - 데이터 파싱 중...
2025-09-11 00:10:49,499 - INFO - [scripts.law.logic.scraper] - 데이터 1건을 '/Users/woong/Roeum/roeum-crawler/data/raw/law/1352000/국립소록도병원 운영규칙_document.jsonl' 파일로 성공적으로 저장했습니다.
2025-09-11 00:10:49,500 - INFO - [scripts.law.logic.scraper] - 데이터 12건을 '/Users/woong/Roeum/roeum-crawler/data/raw/law/1352000/국립소록도병원 운영규칙_chunks.jsonl' 파일로 성공적으로 저장했습니다.
2025-09-11 00:10:49,591 - INFO - [__main__] - 상세 페이지 스크레이퍼 완료: 국립소록도병원 운영규칙
2025-09-11 00:10:51,158 - INFO - [__main__] - 상세 페이지 스크레이퍼 실행: https://www.law.go.kr/LSW/lsInfoP.do?lsiSeq=103537&efYd=20100319
2025-09-11 00:10:51,878 - INFO - [scripts.law.logic.scraper] - 페이지로 이동 중: https://www.law.go.kr/LSW/lsInfoP.do?lsiSeq=103537&efYd=20100319
2025-09-11 00:10:52,621 - INFO - [scripts.law.logic.scraper] - 로딩 마스크가 나타나기를 기다리는 중...
2025-09-11 00:11:02,645 - WARNING - [scripts.law.logic.scraper] - 로딩 마스크가 감지되지 않았습니다. 페이지 로드가 완료된 것으로 간주하고 계속 진행합니다.
2025-09-11 00:11:02,646 - INFO - [scripts.law.logic.scraper] - 페이지 최종 렌더링을 잠시 대기합니다...
2025-09-11 00:11:03,655 - INFO - [scripts.law.logic.scraper] - 페이지 HTML 컨텐츠를 가져오는 중...
2025-09-11 00:11:03,668 - INFO - [scripts.law.logic.scraper] - 데이터 파싱 중...
2025-09-11 00:11:03,698 - INFO - [scripts.law.logic.scraper] - 데이터 1건을 '/Users/woong/Roeum/roeum-crawler/data/raw/law/1352000/병상 수급계획의 수립 및 조정에 관한 규칙_document.jsonl' 파일로 성공적으로 저장했습니다.
2025-09-11 00:11:03,698 - INFO - [scripts.law.logic.scraper] - 데이터 6건을 '/Users/woong/Roeum/roeum-crawler/data/raw/law/1352000/병상 수급계획의 수립 및 조정에 관한 규칙_chunks.jsonl' 파일로 성공적으로 저장했습니다.
2025-09-11 00:11:03,747 - INFO - [__main__] - 상세 페이지 스크레이퍼 완료: 병상 수급계획의 수립 및 조정에 관한 규칙
2025-09-11 00:11:05,039 - INFO - [__main__] - 상세 페이지 스크레이퍼 실행: https://www.law.go.kr/LSW/lsInfoP.do?lsiSeq=103228&efYd=20100319
2025-09-11 00:11:05,566 - INFO - [scripts.law.logic.scraper] - 페이지로 이동 중: https://www.law.go.kr/LSW/lsInfoP.do?lsiSeq=103228&efYd=20100319
2025-09-11 00:11:06,402 - INFO - [scripts.law.logic.scraper] - 로딩 마스크가 나타나기를 기다리는 중...
2025-09-11 00:11:16,422 - WARNING - [scripts.law.logic.scraper] - 로딩 마스크가 감지되지 않았습니다. 페이지 로드가 완료된 것으로 간주하고 계속 진행합니다.
2025-09-11 00:11:16,423 - INFO - [scripts.law.logic.scraper] - 페이지 최종 렌더링을 잠시 대기합니다...
2025-09-11 00:11:17,433 - INFO - [scripts.law.logic.scraper] - 페이지 HTML 컨텐츠를 가져오는 중...
2025-09-11 00:11:17,453 - INFO - [scripts.law.logic.scraper] - 데이터 파싱 중...
2025-09-11 00:11:17,487 - INFO - [scripts.law.logic.scraper] - 데이터 1건을 '/Users/woong/Roeum/roeum-crawler/data/raw/law/1352000/보건범죄단속에관한특별조치법시행령_document.jsonl' 파일로 성공적으로 저장했습니다.
2025-09-11 00:11:17,487 - INFO - [scripts.law.logic.scraper] - 데이터 7건을 '/Users/woong/Roeum/roeum-crawler/data/raw/law/1352000/보건범죄단속에관한특별조치법시행령_chunks.jsonl' 파일로 성공적으로 저장했습니다.
2025-09-11 00:11:17,528 - INFO - [__main__] - 상세 페이지 스크레이퍼 완료: 보건범죄단속에관한특별조치법시행령
2025-09-11 00:11:18,798 - INFO - [__main__] - 상세 페이지 스크레이퍼 실행: https://www.law.go.kr/LSW/lsInfoP.do?lsiSeq=272577&efYd=20260101
2025-09-11 00:11:19,218 - INFO - [scripts.law.logic.scraper] - 페이지로 이동 중: https://www.law.go.kr/LSW/lsInfoP.do?lsiSeq=272577&efYd=20260101
2025-09-11 00:11:19,828 - INFO - [scripts.law.logic.scraper] - 로딩 마스크가 나타나기를 기다리는 중...
2025-09-11 00:11:19,849 - INFO - [scripts.law.logic.scraper] - 로딩 마스크가 사라지기를 기다리는 중...
2025-09-11 00:11:20,676 - INFO - [scripts.law.logic.scraper] - 페이지 최종 렌더링을 잠시 대기합니다...
2025-09-11 00:11:21,686 - INFO - [scripts.law.logic.scraper] - 페이지 HTML 컨텐츠를 가져오는 중...
2025-09-11 00:11:21,745 - INFO - [scripts.law.logic.scraper] - 데이터 파싱 중...
2025-09-11 00:11:22,194 - INFO - [scripts.law.logic.scraper] - 데이터 1건을 '/Users/woong/Roeum/roeum-crawler/data/raw/law/1352000/국민연금법 시행령_document.jsonl' 파일로 성공적으로 저장했습니다.
2025-09-11 00:11:22,197 - INFO - [scripts.law.logic.scraper] - 데이터 161건을 '/Users/woong/Roeum/roeum-crawler/data/raw/law/1352000/국민연금법 시행령_chunks.jsonl' 파일로 성공적으로 저장했습니다.
2025-09-11 00:11:22,253 - INFO - [__main__] - 상세 페이지 스크레이퍼 완료: 국민연금법 시행령
2025-09-11 00:11:23,466 - INFO - [__main__] - 상세 페이지 스크레이퍼 실행: https://www.law.go.kr/LSW/lsInfoP.do?lsiSeq=270401&efYd=20251002
2025-09-11 00:11:23,870 - INFO - [scripts.law.logic.scraper] - 페이지로 이동 중: https://www.law.go.kr/LSW/lsInfoP.do?lsiSeq=270401&efYd=20251002
2025-09-11 00:11:24,461 - INFO - [scripts.law.logic.scraper] - 로딩 마스크가 나타나기를 기다리는 중...
2025-09-11 00:11:24,487 - INFO - [scripts.law.logic.scraper] - 로딩 마스크가 사라지기를 기다리는 중...
2025-09-11 00:11:24,558 - INFO - [scripts.law.logic.scraper] - 페이지 최종 렌더링을 잠시 대기합니다...
2025-09-11 00:11:25,562 - INFO - [scripts.law.logic.scraper] - 페이지 HTML 컨텐츠를 가져오는 중...
2025-09-11 00:11:25,578 - INFO - [scripts.law.logic.scraper] - 데이터 파싱 중...
2025-09-11 00:11:25,652 - INFO - [scripts.law.logic.scraper] - 데이터 1건을 '/Users/woong/Roeum/roeum-crawler/data/raw/law/1352000/사회복지공동모금회법_document.jsonl' 파일로 성공적으로 저장했습니다.
2025-09-11 00:11:25,653 - INFO - [scripts.law.logic.scraper] - 데이터 44건을 '/Users/woong/Roeum/roeum-crawler/data/raw/law/1352000/사회복지공동모금회법_chunks.jsonl' 파일로 성공적으로 저장했습니다.
2025-09-11 00:11:25,681 - INFO - [__main__] - 상세 페이지 스크레이퍼 완료: 사회복지공동모금회법
2025-09-11 00:11:26,898 - INFO - [__main__] - 상세 페이지 스크레이퍼 실행: https://www.law.go.kr/LSW/lsInfoP.do?lsiSeq=270385&efYd=20251002
2025-09-11 00:11:27,276 - INFO - [scripts.law.logic.scraper] - 페이지로 이동 중: https://www.law.go.kr/LSW/lsInfoP.do?lsiSeq=270385&efYd=20251002
2025-09-11 00:11:27,926 - INFO - [scripts.law.logic.scraper] - 로딩 마스크가 나타나기를 기다리는 중...
2025-09-11 00:11:27,946 - INFO - [scripts.law.logic.scraper] - 로딩 마스크가 사라지기를 기다리는 중...
2025-09-11 00:11:28,750 - INFO - [scripts.law.logic.scraper] - 페이지 최종 렌더링을 잠시 대기합니다...
2025-09-11 00:11:29,754 - INFO - [scripts.law.logic.scraper] - 페이지 HTML 컨텐츠를 가져오는 중...
2025-09-11 00:11:29,801 - INFO - [scripts.law.logic.scraper] - 데이터 파싱 중...
2025-09-11 00:11:30,020 - INFO - [scripts.law.logic.scraper] - 데이터 1건을 '/Users/woong/Roeum/roeum-crawler/data/raw/law/1352000/감염병의 예방 및 관리에 관한 법률_document.jsonl' 파일로 성공적으로 저장했습니다.
2025-09-11 00:11:30,021 - INFO - [scripts.law.logic.scraper] - 데이터 138건을 '/Users/woong/Roeum/roeum-crawler/data/raw/law/1352000/감염병의 예방 및 관리에 관한 법률_chunks.jsonl' 파일로 성공적으로 저장했습니다.
2025-09-11 00:11:30,042 - INFO - [__main__] - 상세 페이지 스크레이퍼 완료: 감염병의 예방 및 관리에 관한 법률
2025-09-11 00:11:31,259 - INFO - [__main__] - 상세 페이지 스크레이퍼 실행: https://www.law.go.kr/LSW/lsInfoP.do?lsiSeq=273329&efYd=20250819
2025-09-11 00:11:31,607 - INFO - [scripts.law.logic.scraper] - 페이지로 이동 중: https://www.law.go.kr/LSW/lsInfoP.do?lsiSeq=273329&efYd=20250819
2025-09-11 00:11:32,218 - INFO - [scripts.law.logic.scraper] - 로딩 마스크가 나타나기를 기다리는 중...
2025-09-11 00:11:32,237 - INFO - [scripts.law.logic.scraper] - 로딩 마스크가 사라지기를 기다리는 중...
2025-09-11 00:11:32,467 - INFO - [scripts.law.logic.scraper] - 페이지 최종 렌더링을 잠시 대기합니다...
2025-09-11 00:11:33,469 - INFO - [scripts.law.logic.scraper] - 페이지 HTML 컨텐츠를 가져오는 중...
2025-09-11 00:11:33,495 - INFO - [scripts.law.logic.scraper] - 데이터 파싱 중...
2025-09-11 00:11:33,573 - INFO - [scripts.law.logic.scraper] - 데이터 1건을 '/Users/woong/Roeum/roeum-crawler/data/raw/law/1352000/제대혈 관리 및 연구에 관한 법률 시행령_document.jsonl' 파일로 성공적으로 저장했습니다.
2025-09-11 00:11:33,573 - INFO - [scripts.law.logic.scraper] - 데이터 23건을 '/Users/woong/Roeum/roeum-crawler/data/raw/law/1352000/제대혈 관리 및 연구에 관한 법률 시행령_chunks.jsonl' 파일로 성공적으로 저장했습니다.
2025-09-11 00:11:33,595 - INFO - [__main__] - 상세 페이지 스크레이퍼 완료: 제대혈 관리 및 연구에 관한 법률 시행령
2025-09-11 00:11:34,817 - INFO - [__main__] - 상세 페이지 스크레이퍼 실행: https://www.law.go.kr/LSW/lsInfoP.do?lsiSeq=272599&efYd=20250731
2025-09-11 00:11:35,146 - INFO - [scripts.law.logic.scraper] - 페이지로 이동 중: https://www.law.go.kr/LSW/lsInfoP.do?lsiSeq=272599&efYd=20250731
2025-09-11 00:11:35,742 - INFO - [scripts.law.logic.scraper] - 로딩 마스크가 나타나기를 기다리는 중...
2025-09-11 00:11:35,764 - INFO - [scripts.law.logic.scraper] - 로딩 마스크가 사라지기를 기다리는 중...
2025-09-11 00:11:35,845 - INFO - [scripts.law.logic.scraper] - 페이지 최종 렌더링을 잠시 대기합니다...
2025-09-11 00:11:36,848 - INFO - [scripts.law.logic.scraper] - 페이지 HTML 컨텐츠를 가져오는 중...
2025-09-11 00:11:36,869 - INFO - [scripts.law.logic.scraper] - 데이터 파싱 중...
2025-09-11 00:11:36,928 - INFO - [scripts.law.logic.scraper] - 데이터 1건을 '/Users/woong/Roeum/roeum-crawler/data/raw/law/1352000/심뇌혈관질환의 예방 및 관리에 관한 법률 시행령_document.jsonl' 파일로 성공적으로 저장했습니다.
2025-09-11 00:11:36,928 - INFO - [scripts.law.logic.scraper] - 데이터 12건을 '/Users/woong/Roeum/roeum-crawler/data/raw/law/1352000/심뇌혈관질환의 예방 및 관리에 관한 법률 시행령_chunks.jsonl' 파일로 성공적으로 저장했습니다.
2025-09-11 00:11:36,956 - INFO - [__main__] - 상세 페이지 스크레이퍼 완료: 심뇌혈관질환의 예방 및 관리에 관한 법률 시행령
2025-09-11 00:11:38,170 - INFO - [__main__] - 상세 페이지 스크레이퍼 실행: https://www.law.go.kr/LSW/lsInfoP.do?lsiSeq=267367&efYd=20250621
2025-09-11 00:11:38,516 - INFO - [scripts.law.logic.scraper] - 페이지로 이동 중: https://www.law.go.kr/LSW/lsInfoP.do?lsiSeq=267367&efYd=20250621
2025-09-11 00:11:39,096 - INFO - [scripts.law.logic.scraper] - 로딩 마스크가 나타나기를 기다리는 중...
2025-09-11 00:11:39,114 - INFO - [scripts.law.logic.scraper] - 로딩 마스크가 사라지기를 기다리는 중...
2025-09-11 00:11:39,182 - INFO - [scripts.law.logic.scraper] - 페이지 최종 렌더링을 잠시 대기합니다...
2025-09-11 00:11:40,185 - INFO - [scripts.law.logic.scraper] - 페이지 HTML 컨텐츠를 가져오는 중...
2025-09-11 00:11:40,215 - INFO - [scripts.law.logic.scraper] - 데이터 파싱 중...
2025-09-11 00:11:40,308 - INFO - [scripts.law.logic.scraper] - 데이터 1건을 '/Users/woong/Roeum/roeum-crawler/data/raw/law/1352000/사회보장기본법_document.jsonl' 파일로 성공적으로 저장했습니다.
2025-09-11 00:11:40,309 - INFO - [scripts.law.logic.scraper] - 데이터 48건을 '/Users/woong/Roeum/roeum-crawler/data/raw/law/1352000/사회보장기본법_chunks.jsonl' 파일로 성공적으로 저장했습니다.
2025-09-11 00:11:40,331 - INFO - [__main__] - 상세 페이지 스크레이퍼 완료: 사회보장기본법
2025-09-11 00:11:41,554 - INFO - [__main__] - 상세 페이지 스크레이퍼 실행: https://www.law.go.kr/LSW/lsInfoP.do?lsiSeq=270275&efYd=20250501
2025-09-11 00:11:41,928 - INFO - [scripts.law.logic.scraper] - 페이지로 이동 중: https://www.law.go.kr/LSW/lsInfoP.do?lsiSeq=270275&efYd=20250501
2025-09-11 00:11:42,580 - INFO - [scripts.law.logic.scraper] - 로딩 마스크가 나타나기를 기다리는 중...
2025-09-11 00:11:42,599 - INFO - [scripts.law.logic.scraper] - 로딩 마스크가 사라지기를 기다리는 중...
2025-09-11 00:11:42,690 - INFO - [scripts.law.logic.scraper] - 페이지 최종 렌더링을 잠시 대기합니다...
2025-09-11 00:11:43,694 - INFO - [scripts.law.logic.scraper] - 페이지 HTML 컨텐츠를 가져오는 중...
2025-09-11 00:11:43,723 - INFO - [scripts.law.logic.scraper] - 데이터 파싱 중...
2025-09-11 00:11:43,802 - INFO - [scripts.law.logic.scraper] - 데이터 1건을 '/Users/woong/Roeum/roeum-crawler/data/raw/law/1352000/의료사고 피해구제 및 의료분쟁 조정 등에 관한 법률 시행규칙_document.jsonl' 파일로 성공적으로 저장했습니다.
2025-09-11 00:11:43,803 - INFO - [scripts.law.logic.scraper] - 데이터 15건을 '/Users/woong/Roeum/roeum-crawler/data/raw/law/1352000/의료사고 피해구제 및 의료분쟁 조정 등에 관한 법률 시행규칙_chunks.jsonl' 파일로 성공적으로 저장했습니다.
2025-09-11 00:11:43,826 - INFO - [__main__] - 상세 페이지 스크레이퍼 완료: 의료사고 피해구제 및 의료분쟁 조정 등에 관한 법률 시행규칙
2025-09-11 00:11:45,028 - INFO - [__main__] - 상세 페이지 스크레이퍼 실행: https://www.law.go.kr/LSW/lsInfoP.do?lsiSeq=270399&efYd=20250401
2025-09-11 00:11:45,351 - INFO - [scripts.law.logic.scraper] - 페이지로 이동 중: https://www.law.go.kr/LSW/lsInfoP.do?lsiSeq=270399&efYd=20250401
2025-09-11 00:11:45,961 - INFO - [scripts.law.logic.scraper] - 로딩 마스크가 나타나기를 기다리는 중...
2025-09-11 00:11:45,981 - INFO - [scripts.law.logic.scraper] - 로딩 마스크가 사라지기를 기다리는 중...
2025-09-11 00:11:46,379 - INFO - [scripts.law.logic.scraper] - 페이지 최종 렌더링을 잠시 대기합니다...
2025-09-11 00:11:47,383 - INFO - [scripts.law.logic.scraper] - 페이지 HTML 컨텐츠를 가져오는 중...
2025-09-11 00:11:47,414 - INFO - [scripts.law.logic.scraper] - 데이터 파싱 중...
2025-09-11 00:11:47,547 - INFO - [scripts.law.logic.scraper] - 데이터 1건을 '/Users/woong/Roeum/roeum-crawler/data/raw/law/1352000/모자보건법_document.jsonl' 파일로 성공적으로 저장했습니다.
2025-09-11 00:11:47,548 - INFO - [scripts.law.logic.scraper] - 데이터 65건을 '/Users/woong/Roeum/roeum-crawler/data/raw/law/1352000/모자보건법_chunks.jsonl' 파일로 성공적으로 저장했습니다.
2025-09-11 00:11:47,568 - INFO - [__main__] - 상세 페이지 스크레이퍼 완료: 모자보건법
2025-09-11 00:11:48,784 - INFO - [__main__] - 상세 페이지 스크레이퍼 실행: https://www.law.go.kr/LSW/lsInfoP.do?lsiSeq=269367&efYd=20250221
2025-09-11 00:11:49,116 - INFO - [scripts.law.logic.scraper] - 페이지로 이동 중: https://www.law.go.kr/LSW/lsInfoP.do?lsiSeq=269367&efYd=20250221
2025-09-11 00:11:49,726 - INFO - [scripts.law.logic.scraper] - 로딩 마스크가 나타나기를 기다리는 중...
2025-09-11 00:11:49,746 - INFO - [scripts.law.logic.scraper] - 로딩 마스크가 사라지기를 기다리는 중...
2025-09-11 00:11:49,944 - INFO - [scripts.law.logic.scraper] - 페이지 최종 렌더링을 잠시 대기합니다...
2025-09-11 00:11:50,947 - INFO - [scripts.law.logic.scraper] - 페이지 HTML 컨텐츠를 가져오는 중...
2025-09-11 00:11:50,978 - INFO - [scripts.law.logic.scraper] - 데이터 파싱 중...
2025-09-11 00:11:51,069 - INFO - [scripts.law.logic.scraper] - 데이터 1건을 '/Users/woong/Roeum/roeum-crawler/data/raw/law/1352000/첨단재생의료 안전 및 지원에 관한 규칙_document.jsonl' 파일로 성공적으로 저장했습니다.
2025-09-11 00:11:51,069 - INFO - [scripts.law.logic.scraper] - 데이터 25건을 '/Users/woong/Roeum/roeum-crawler/data/raw/law/1352000/첨단재생의료 안전 및 지원에 관한 규칙_chunks.jsonl' 파일로 성공적으로 저장했습니다.
2025-09-11 00:11:51,090 - INFO - [__main__] - 상세 페이지 스크레이퍼 완료: 첨단재생의료 안전 및 지원에 관한 규칙
2025-09-11 00:11:52,304 - INFO - [__main__] - 상세 페이지 스크레이퍼 실행: https://www.law.go.kr/LSW/lsInfoP.do?lsiSeq=267373&efYd=20241220
2025-09-11 00:11:52,648 - INFO - [scripts.law.logic.scraper] - 페이지로 이동 중: https://www.law.go.kr/LSW/lsInfoP.do?lsiSeq=267373&efYd=20241220
2025-09-11 00:11:53,246 - INFO - [scripts.law.logic.scraper] - 로딩 마스크가 나타나기를 기다리는 중...
2025-09-11 00:11:53,265 - INFO - [scripts.law.logic.scraper] - 로딩 마스크가 사라지기를 기다리는 중...
2025-09-11 00:11:54,103 - INFO - [scripts.law.logic.scraper] - 페이지 최종 렌더링을 잠시 대기합니다...
2025-09-11 00:11:55,106 - INFO - [scripts.law.logic.scraper] - 페이지 HTML 컨텐츠를 가져오는 중...
2025-09-11 00:11:55,156 - INFO - [scripts.law.logic.scraper] - 데이터 파싱 중...
2025-09-11 00:11:55,436 - INFO - [scripts.law.logic.scraper] - 데이터 1건을 '/Users/woong/Roeum/roeum-crawler/data/raw/law/1352000/국민연금법_document.jsonl' 파일로 성공적으로 저장했습니다.
2025-09-11 00:11:55,437 - INFO - [scripts.law.logic.scraper] - 데이터 163건을 '/Users/woong/Roeum/roeum-crawler/data/raw/law/1352000/국민연금법_chunks.jsonl' 파일로 성공적으로 저장했습니다.
2025-09-11 00:11:55,458 - INFO - [__main__] - 상세 페이지 스크레이퍼 완료: 국민연금법
2025-09-11 00:11:56,683 - INFO - [__main__] - 상세 페이지 스크레이퍼 실행: https://www.law.go.kr/LSW/lsInfoP.do?lsiSeq=266289&efYd=20241107
2025-09-11 00:11:57,024 - INFO - [scripts.law.logic.scraper] - 페이지로 이동 중: https://www.law.go.kr/LSW/lsInfoP.do?lsiSeq=266289&efYd=20241107
2025-09-11 00:11:57,605 - INFO - [scripts.law.logic.scraper] - 로딩 마스크가 나타나기를 기다리는 중...
2025-09-11 00:11:57,624 - INFO - [scripts.law.logic.scraper] - 로딩 마스크가 사라지기를 기다리는 중...
2025-09-11 00:11:57,807 - INFO - [scripts.law.logic.scraper] - 페이지 최종 렌더링을 잠시 대기합니다...
2025-09-11 00:11:58,811 - INFO - [scripts.law.logic.scraper] - 페이지 HTML 컨텐츠를 가져오는 중...
2025-09-11 00:11:58,835 - INFO - [scripts.law.logic.scraper] - 데이터 파싱 중...
2025-09-11 00:11:58,886 - INFO - [scripts.law.logic.scraper] - 데이터 1건을 '/Users/woong/Roeum/roeum-crawler/data/raw/law/1352000/경제자유구역 내 외국의료기관의 개설허가절차 등에 관한 규칙_document.jsonl' 파일로 성공적으로 저장했습니다.
2025-09-11 00:11:58,887 - INFO - [scripts.law.logic.scraper] - 데이터 6건을 '/Users/woong/Roeum/roeum-crawler/data/raw/law/1352000/경제자유구역 내 외국의료기관의 개설허가절차 등에 관한 규칙_chunks.jsonl' 파일로 성공적으로 저장했습니다.
2025-09-11 00:11:58,910 - INFO - [__main__] - 상세 페이지 스크레이퍼 완료: 경제자유구역 내 외국의료기관의 개설허가절차 등에 관한 규칙
2025-09-11 00:12:00,134 - INFO - [__main__] - 상세 페이지 스크레이퍼 실행: https://www.law.go.kr/LSW/lsInfoP.do?lsiSeq=265683&efYd=20241002
2025-09-11 00:12:00,793 - INFO - [scripts.law.logic.scraper] - 페이지로 이동 중: https://www.law.go.kr/LSW/lsInfoP.do?lsiSeq=265683&efYd=20241002
2025-09-11 00:12:01,440 - INFO - [scripts.law.logic.scraper] - 로딩 마스크가 나타나기를 기다리는 중...
2025-09-11 00:12:01,596 - INFO - [scripts.law.logic.scraper] - 로딩 마스크가 사라지기를 기다리는 중...
2025-09-11 00:12:01,607 - INFO - [scripts.law.logic.scraper] - 페이지 최종 렌더링을 잠시 대기합니다...
2025-09-11 00:12:02,616 - INFO - [scripts.law.logic.scraper] - 페이지 HTML 컨텐츠를 가져오는 중...
2025-09-11 00:12:02,650 - INFO - [scripts.law.logic.scraper] - 데이터 파싱 중...
2025-09-11 00:12:03,222 - INFO - [scripts.law.logic.scraper] - 데이터 1건을 '/Users/woong/Roeum/roeum-crawler/data/raw/law/1352000/의료급여법 시행령_document.jsonl' 파일로 성공적으로 저장했습니다.
2025-09-11 00:12:03,224 - INFO - [scripts.law.logic.scraper] - 데이터 41건을 '/Users/woong/Roeum/roeum-crawler/data/raw/law/1352000/의료급여법 시행령_chunks.jsonl' 파일로 성공적으로 저장했습니다.
2025-09-11 00:12:03,321 - INFO - [__main__] - 상세 페이지 스크레이퍼 완료: 의료급여법 시행령
2025-09-11 00:12:04,556 - INFO - [__main__] - 상세 페이지 스크레이퍼 실행: https://www.law.go.kr/LSW/lsInfoP.do?lsiSeq=263905&efYd=20240710
2025-09-11 00:12:04,936 - INFO - [scripts.law.logic.scraper] - 페이지로 이동 중: https://www.law.go.kr/LSW/lsInfoP.do?lsiSeq=263905&efYd=20240710
2025-09-11 00:12:05,577 - INFO - [scripts.law.logic.scraper] - 로딩 마스크가 나타나기를 기다리는 중...
2025-09-11 00:12:05,608 - INFO - [scripts.law.logic.scraper] - 로딩 마스크가 사라지기를 기다리는 중...
2025-09-11 00:12:05,696 - INFO - [scripts.law.logic.scraper] - 페이지 최종 렌더링을 잠시 대기합니다...
2025-09-11 00:12:06,702 - INFO - [scripts.law.logic.scraper] - 페이지 HTML 컨텐츠를 가져오는 중...
2025-09-11 00:12:06,720 - INFO - [scripts.law.logic.scraper] - 데이터 파싱 중...
2025-09-11 00:12:06,774 - INFO - [scripts.law.logic.scraper] - 데이터 1건을 '/Users/woong/Roeum/roeum-crawler/data/raw/law/1352000/한국인 원자폭탄 피해자 지원을 위한 특별법 시행령_document.jsonl' 파일로 성공적으로 저장했습니다.
2025-09-11 00:12:06,774 - INFO - [scripts.law.logic.scraper] - 데이터 16건을 '/Users/woong/Roeum/roeum-crawler/data/raw/law/1352000/한국인 원자폭탄 피해자 지원을 위한 특별법 시행령_chunks.jsonl' 파일로 성공적으로 저장했습니다.
2025-09-11 00:12:06,811 - INFO - [__main__] - 상세 페이지 스크레이퍼 완료: 한국인 원자폭탄 피해자 지원을 위한 특별법 시행령
2025-09-11 00:12:08,014 - INFO - [__main__] - 상세 페이지 스크레이퍼 실행: https://www.law.go.kr/LSW/lsInfoP.do?lsiSeq=258101&efYd=20240710
2025-09-11 00:12:08,401 - INFO - [scripts.law.logic.scraper] - 페이지로 이동 중: https://www.law.go.kr/LSW/lsInfoP.do?lsiSeq=258101&efYd=20240710
2025-09-11 00:12:09,036 - INFO - [scripts.law.logic.scraper] - 로딩 마스크가 나타나기를 기다리는 중...
2025-09-11 00:12:09,058 - INFO - [scripts.law.logic.scraper] - 로딩 마스크가 사라지기를 기다리는 중...
2025-09-11 00:12:09,105 - INFO - [scripts.law.logic.scraper] - 페이지 최종 렌더링을 잠시 대기합니다...
2025-09-11 00:12:10,108 - INFO - [scripts.law.logic.scraper] - 페이지 HTML 컨텐츠를 가져오는 중...
2025-09-11 00:12:10,142 - INFO - [scripts.law.logic.scraper] - 데이터 파싱 중...
2025-09-11 00:12:10,203 - INFO - [scripts.law.logic.scraper] - 데이터 1건을 '/Users/woong/Roeum/roeum-crawler/data/raw/law/1352000/한국인 원자폭탄 피해자 지원을 위한 특별법_document.jsonl' 파일로 성공적으로 저장했습니다.
2025-09-11 00:12:10,203 - INFO - [scripts.law.logic.scraper] - 데이터 20건을 '/Users/woong/Roeum/roeum-crawler/data/raw/law/1352000/한국인 원자폭탄 피해자 지원을 위한 특별법_chunks.jsonl' 파일로 성공적으로 저장했습니다.
2025-09-11 00:12:10,231 - INFO - [__main__] - 상세 페이지 스크레이퍼 완료: 한국인 원자폭탄 피해자 지원을 위한 특별법
2025-09-11 00:12:11,453 - INFO - [__main__] - 상세 페이지 스크레이퍼 실행: https://www.law.go.kr/LSW/lsInfoP.do?lsiSeq=262601&efYd=20240507
2025-09-11 00:12:11,800 - INFO - [scripts.law.logic.scraper] - 페이지로 이동 중: https://www.law.go.kr/LSW/lsInfoP.do?lsiSeq=262601&efYd=20240507
2025-09-11 00:12:12,425 - INFO - [scripts.law.logic.scraper] - 로딩 마스크가 나타나기를 기다리는 중...
2025-09-11 00:12:12,447 - INFO - [scripts.law.logic.scraper] - 로딩 마스크가 사라지기를 기다리는 중...
2025-09-11 00:12:12,550 - INFO - [scripts.law.logic.scraper] - 페이지 최종 렌더링을 잠시 대기합니다...
2025-09-11 00:12:13,552 - INFO - [scripts.law.logic.scraper] - 페이지 HTML 컨텐츠를 가져오는 중...
2025-09-11 00:12:13,576 - INFO - [scripts.law.logic.scraper] - 데이터 파싱 중...
2025-09-11 00:12:13,645 - INFO - [scripts.law.logic.scraper] - 데이터 1건을 '/Users/woong/Roeum/roeum-crawler/data/raw/law/1352000/첨단의료복합단지 육성에 관한 특별법 시행규칙_document.jsonl' 파일로 성공적으로 저장했습니다.
2025-09-11 00:12:13,645 - INFO - [scripts.law.logic.scraper] - 데이터 8건을 '/Users/woong/Roeum/roeum-crawler/data/raw/law/1352000/첨단의료복합단지 육성에 관한 특별법 시행규칙_chunks.jsonl' 파일로 성공적으로 저장했습니다.
2025-09-11 00:12:13,666 - INFO - [__main__] - 상세 페이지 스크레이퍼 완료: 첨단의료복합단지 육성에 관한 특별법 시행규칙
2025-09-11 00:12:14,884 - INFO - [__main__] - 상세 페이지 스크레이퍼 실행: https://www.law.go.kr/LSW/lsInfoP.do?lsiSeq=246241&efYd=20221220
2025-09-11 00:12:15,238 - INFO - [scripts.law.logic.scraper] - 페이지로 이동 중: https://www.law.go.kr/LSW/lsInfoP.do?lsiSeq=246241&efYd=20221220
2025-09-11 00:12:15,929 - INFO - [scripts.law.logic.scraper] - 로딩 마스크가 나타나기를 기다리는 중...
2025-09-11 00:12:15,949 - INFO - [scripts.law.logic.scraper] - 로딩 마스크가 사라지기를 기다리는 중...
2025-09-11 00:12:16,009 - INFO - [scripts.law.logic.scraper] - 페이지 최종 렌더링을 잠시 대기합니다...
2025-09-11 00:12:17,011 - INFO - [scripts.law.logic.scraper] - 페이지 HTML 컨텐츠를 가져오는 중...
2025-09-11 00:12:17,020 - INFO - [scripts.law.logic.scraper] - 데이터 파싱 중...
2025-09-11 00:12:17,078 - INFO - [scripts.law.logic.scraper] - 데이터 1건을 '/Users/woong/Roeum/roeum-crawler/data/raw/law/1352000/건강검진기본법 시행령_document.jsonl' 파일로 성공적으로 저장했습니다.
2025-09-11 00:12:17,079 - INFO - [scripts.law.logic.scraper] - 데이터 13건을 '/Users/woong/Roeum/roeum-crawler/data/raw/law/1352000/건강검진기본법 시행령_chunks.jsonl' 파일로 성공적으로 저장했습니다.
2025-09-11 00:12:17,106 - INFO - [__main__] - 상세 페이지 스크레이퍼 완료: 건강검진기본법 시행령
2025-09-11 00:12:18,326 - INFO - [__main__] - 상세 페이지 스크레이퍼 실행: https://www.law.go.kr/LSW/lsInfoP.do?lsiSeq=242023&efYd=20220503
2025-09-11 00:12:18,721 - INFO - [scripts.law.logic.scraper] - 페이지로 이동 중: https://www.law.go.kr/LSW/lsInfoP.do?lsiSeq=242023&efYd=20220503
2025-09-11 00:12:19,383 - INFO - [scripts.law.logic.scraper] - 로딩 마스크가 나타나기를 기다리는 중...
2025-09-11 00:12:29,387 - WARNING - [scripts.law.logic.scraper] - 로딩 마스크가 감지되지 않았습니다. 페이지 로드가 완료된 것으로 간주하고 계속 진행합니다.
2025-09-11 00:12:29,388 - INFO - [scripts.law.logic.scraper] - 페이지 최종 렌더링을 잠시 대기합니다...
2025-09-11 00:12:30,392 - INFO - [scripts.law.logic.scraper] - 페이지 HTML 컨텐츠를 가져오는 중...
2025-09-11 00:12:30,404 - INFO - [scripts.law.logic.scraper] - 데이터 파싱 중...
2025-09-11 00:12:30,486 - INFO - [scripts.law.logic.scraper] - 데이터 1건을 '/Users/woong/Roeum/roeum-crawler/data/raw/law/1352000/긴급복지지원법 시행령_document.jsonl' 파일로 성공적으로 저장했습니다.
2025-09-11 00:12:30,486 - INFO - [scripts.law.logic.scraper] - 데이터 13건을 '/Users/woong/Roeum/roeum-crawler/data/raw/law/1352000/긴급복지지원법 시행령_chunks.jsonl' 파일로 성공적으로 저장했습니다.
2025-09-11 00:12:30,520 - INFO - [__main__] - 상세 페이지 스크레이퍼 완료: 긴급복지지원법 시행령
2025-09-11 00:12:31,736 - INFO - [__main__] - 상세 페이지 스크레이퍼 실행: https://www.law.go.kr/LSW/lsInfoP.do?lsiSeq=240367&efYd=20220211
2025-09-11 00:12:32,108 - INFO - [scripts.law.logic.scraper] - 페이지로 이동 중: https://www.law.go.kr/LSW/lsInfoP.do?lsiSeq=240367&efYd=20220211
2025-09-11 00:12:32,735 - INFO - [scripts.law.logic.scraper] - 로딩 마스크가 나타나기를 기다리는 중...
2025-09-11 00:12:32,754 - INFO - [scripts.law.logic.scraper] - 로딩 마스크가 사라지기를 기다리는 중...
2025-09-11 00:12:32,973 - INFO - [scripts.law.logic.scraper] - 페이지 최종 렌더링을 잠시 대기합니다...
2025-09-11 00:12:33,976 - INFO - [scripts.law.logic.scraper] - 페이지 HTML 컨텐츠를 가져오는 중...
2025-09-11 00:12:34,001 - INFO - [scripts.law.logic.scraper] - 데이터 파싱 중...
2025-09-11 00:12:34,082 - INFO - [scripts.law.logic.scraper] - 데이터 1건을 '/Users/woong/Roeum/roeum-crawler/data/raw/law/1352000/아동수당법 시행규칙_document.jsonl' 파일로 성공적으로 저장했습니다.
2025-09-11 00:12:34,082 - INFO - [scripts.law.logic.scraper] - 데이터 17건을 '/Users/woong/Roeum/roeum-crawler/data/raw/law/1352000/아동수당법 시행규칙_chunks.jsonl' 파일로 성공적으로 저장했습니다.
2025-09-11 00:12:34,103 - INFO - [__main__] - 상세 페이지 스크레이퍼 완료: 아동수당법 시행규칙
2025-09-11 00:12:35,291 - INFO - [__main__] - 상세 페이지 스크레이퍼 실행: https://www.law.go.kr/LSW/lsInfoP.do?lsiSeq=237467&efYd=20211209
2025-09-11 00:12:35,618 - INFO - [scripts.law.logic.scraper] - 페이지로 이동 중: https://www.law.go.kr/LSW/lsInfoP.do?lsiSeq=237467&efYd=20211209
2025-09-11 00:12:36,228 - INFO - [scripts.law.logic.scraper] - 로딩 마스크가 나타나기를 기다리는 중...
2025-09-11 00:12:36,248 - INFO - [scripts.law.logic.scraper] - 로딩 마스크가 사라지기를 기다리는 중...
2025-09-11 00:12:36,278 - INFO - [scripts.law.logic.scraper] - 페이지 최종 렌더링을 잠시 대기합니다...
2025-09-11 00:12:37,282 - INFO - [scripts.law.logic.scraper] - 페이지 HTML 컨텐츠를 가져오는 중...
2025-09-11 00:12:37,303 - INFO - [scripts.law.logic.scraper] - 데이터 파싱 중...
2025-09-11 00:12:37,342 - INFO - [scripts.law.logic.scraper] - 데이터 1건을 '/Users/woong/Roeum/roeum-crawler/data/raw/law/1352000/사회보장기본법 시행규칙_document.jsonl' 파일로 성공적으로 저장했습니다.
2025-09-11 00:12:37,342 - INFO - [scripts.law.logic.scraper] - 데이터 2건을 '/Users/woong/Roeum/roeum-crawler/data/raw/law/1352000/사회보장기본법 시행규칙_chunks.jsonl' 파일로 성공적으로 저장했습니다.
2025-09-11 00:12:37,367 - INFO - [__main__] - 상세 페이지 스크레이퍼 완료: 사회보장기본법 시행규칙
2025-09-11 00:12:38,563 - INFO - [__main__] - 상세 페이지 스크레이퍼 실행: https://www.law.go.kr/LSW/lsInfoP.do?lsiSeq=224917&efYd=20210630
2025-09-11 00:12:38,903 - INFO - [scripts.law.logic.scraper] - 페이지로 이동 중: https://www.law.go.kr/LSW/lsInfoP.do?lsiSeq=224917&efYd=20210630
2025-09-11 00:12:39,517 - INFO - [scripts.law.logic.scraper] - 로딩 마스크가 나타나기를 기다리는 중...
2025-09-11 00:12:39,537 - INFO - [scripts.law.logic.scraper] - 로딩 마스크가 사라지기를 기다리는 중...
2025-09-11 00:12:39,823 - INFO - [scripts.law.logic.scraper] - 페이지 최종 렌더링을 잠시 대기합니다...
2025-09-11 00:12:40,827 - INFO - [scripts.law.logic.scraper] - 페이지 HTML 컨텐츠를 가져오는 중...
2025-09-11 00:12:40,857 - INFO - [scripts.law.logic.scraper] - 데이터 파싱 중...
2025-09-11 00:12:40,940 - INFO - [scripts.law.logic.scraper] - 데이터 1건을 '/Users/woong/Roeum/roeum-crawler/data/raw/law/1352000/노숙인 등의 복지 및 자립지원에 관한 법률_document.jsonl' 파일로 성공적으로 저장했습니다.
2025-09-11 00:12:40,941 - INFO - [scripts.law.logic.scraper] - 데이터 34건을 '/Users/woong/Roeum/roeum-crawler/data/raw/law/1352000/노숙인 등의 복지 및 자립지원에 관한 법률_chunks.jsonl' 파일로 성공적으로 저장했습니다.
2025-09-11 00:12:40,966 - INFO - [__main__] - 상세 페이지 스크레이퍼 완료: 노숙인 등의 복지 및 자립지원에 관한 법률
2025-09-11 00:12:42,199 - INFO - [__main__] - 상세 페이지 스크레이퍼 실행: https://www.law.go.kr/LSW/lsInfoP.do?lsiSeq=210616&efYd=20190927
2025-09-11 00:12:42,557 - INFO - [scripts.law.logic.scraper] - 페이지로 이동 중: https://www.law.go.kr/LSW/lsInfoP.do?lsiSeq=210616&efYd=20190927
2025-09-11 00:12:43,170 - INFO - [scripts.law.logic.scraper] - 로딩 마스크가 나타나기를 기다리는 중...
2025-09-11 00:12:43,196 - INFO - [scripts.law.logic.scraper] - 로딩 마스크가 사라지기를 기다리는 중...
2025-09-11 00:12:43,318 - INFO - [scripts.law.logic.scraper] - 페이지 최종 렌더링을 잠시 대기합니다...
2025-09-11 00:12:44,321 - INFO - [scripts.law.logic.scraper] - 페이지 HTML 컨텐츠를 가져오는 중...
2025-09-11 00:12:44,341 - INFO - [scripts.law.logic.scraper] - 데이터 파싱 중...
2025-09-11 00:12:44,408 - INFO - [scripts.law.logic.scraper] - 데이터 1건을 '/Users/woong/Roeum/roeum-crawler/data/raw/law/1352000/식품등 기부 활성화에 관한 법률 시행규칙_document.jsonl' 파일로 성공적으로 저장했습니다.
2025-09-11 00:12:44,408 - INFO - [scripts.law.logic.scraper] - 데이터 8건을 '/Users/woong/Roeum/roeum-crawler/data/raw/law/1352000/식품등 기부 활성화에 관한 법률 시행규칙_chunks.jsonl' 파일로 성공적으로 저장했습니다.
2025-09-11 00:12:44,433 - INFO - [__main__] - 상세 페이지 스크레이퍼 완료: 식품등 기부 활성화에 관한 법률 시행규칙
2025-09-11 00:12:45,657 - INFO - [__main__] - 상세 페이지 스크레이퍼 실행: https://www.law.go.kr/LSW/lsInfoP.do?lsiSeq=205871&efYd=20181230
2025-09-11 00:12:45,999 - INFO - [scripts.law.logic.scraper] - 페이지로 이동 중: https://www.law.go.kr/LSW/lsInfoP.do?lsiSeq=205871&efYd=20181230
2025-09-11 00:12:46,615 - INFO - [scripts.law.logic.scraper] - 로딩 마스크가 나타나기를 기다리는 중...
2025-09-11 00:12:46,634 - INFO - [scripts.law.logic.scraper] - 로딩 마스크가 사라지기를 기다리는 중...
2025-09-11 00:12:46,712 - INFO - [scripts.law.logic.scraper] - 페이지 최종 렌더링을 잠시 대기합니다...
2025-09-11 00:12:47,713 - INFO - [scripts.law.logic.scraper] - 페이지 HTML 컨텐츠를 가져오는 중...
2025-09-11 00:12:47,727 - INFO - [scripts.law.logic.scraper] - 데이터 파싱 중...
2025-09-11 00:12:47,762 - INFO - [scripts.law.logic.scraper] - 데이터 1건을 '/Users/woong/Roeum/roeum-crawler/data/raw/law/1352000/장애인ㆍ노인 등을 위한 보조기기 지원 및 활용촉진에 관한 법률 시행령_document.jsonl' 파일로 성공적으로 저장했습니다.
2025-09-11 00:12:47,763 - INFO - [scripts.law.logic.scraper] - 데이터 7건을 '/Users/woong/Roeum/roeum-crawler/data/raw/law/1352000/장애인ㆍ노인 등을 위한 보조기기 지원 및 활용촉진에 관한 법률 시행령_chunks.jsonl' 파일로 성공적으로 저장했습니다.
2025-09-11 00:12:47,783 - INFO - [__main__] - 상세 페이지 스크레이퍼 완료: 장애인ㆍ노인 등을 위한 보조기기 지원 및 활용촉진에 관한 법률 시행령
2025-09-11 00:12:49,007 - INFO - [__main__] - 상세 페이지 스크레이퍼 실행: https://www.law.go.kr/LSW/lsInfoP.do?lsiSeq=270413&efYd=20251002
2025-09-11 00:12:49,347 - INFO - [scripts.law.logic.scraper] - 페이지로 이동 중: https://www.law.go.kr/LSW/lsInfoP.do?lsiSeq=270413&efYd=20251002
2025-09-11 00:12:49,944 - INFO - [scripts.law.logic.scraper] - 로딩 마스크가 나타나기를 기다리는 중...
2025-09-11 00:12:59,949 - WARNING - [scripts.law.logic.scraper] - 로딩 마스크가 감지되지 않았습니다. 페이지 로드가 완료된 것으로 간주하고 계속 진행합니다.
2025-09-11 00:12:59,951 - INFO - [scripts.law.logic.scraper] - 페이지 최종 렌더링을 잠시 대기합니다...
2025-09-11 00:13:00,959 - INFO - [scripts.law.logic.scraper] - 페이지 HTML 컨텐츠를 가져오는 중...
2025-09-11 00:13:00,987 - INFO - [scripts.law.logic.scraper] - 데이터 파싱 중...
2025-09-11 00:13:01,071 - INFO - [scripts.law.logic.scraper] - 데이터 1건을 '/Users/woong/Roeum/roeum-crawler/data/raw/law/1352000/장애인 건강권 및 의료접근성 보장에 관한 법률_document.jsonl' 파일로 성공적으로 저장했습니다.
2025-09-11 00:13:01,071 - INFO - [scripts.law.logic.scraper] - 데이터 32건을 '/Users/woong/Roeum/roeum-crawler/data/raw/law/1352000/장애인 건강권 및 의료접근성 보장에 관한 법률_chunks.jsonl' 파일로 성공적으로 저장했습니다.
2025-09-11 00:13:01,095 - INFO - [__main__] - 상세 페이지 스크레이퍼 완료: 장애인 건강권 및 의료접근성 보장에 관한 법률
2025-09-11 00:13:02,364 - INFO - [__main__] - 상세 페이지 스크레이퍼 실행: https://www.law.go.kr/LSW/lsInfoP.do?lsiSeq=270389&efYd=20251002
2025-09-11 00:13:02,763 - INFO - [scripts.law.logic.scraper] - 페이지로 이동 중: https://www.law.go.kr/LSW/lsInfoP.do?lsiSeq=270389&efYd=20251002
2025-09-11 00:13:03,366 - INFO - [scripts.law.logic.scraper] - 로딩 마스크가 나타나기를 기다리는 중...
2025-09-11 00:13:03,388 - INFO - [scripts.law.logic.scraper] - 로딩 마스크가 사라지기를 기다리는 중...
2025-09-11 00:13:03,437 - INFO - [scripts.law.logic.scraper] - 페이지 최종 렌더링을 잠시 대기합니다...
2025-09-11 00:13:04,438 - INFO - [scripts.law.logic.scraper] - 페이지 HTML 컨텐츠를 가져오는 중...
2025-09-11 00:13:04,450 - INFO - [scripts.law.logic.scraper] - 데이터 파싱 중...
2025-09-11 00:13:04,509 - INFO - [scripts.law.logic.scraper] - 데이터 1건을 '/Users/woong/Roeum/roeum-crawler/data/raw/law/1352000/노인 일자리 및 사회활동 지원에 관한 법률_document.jsonl' 파일로 성공적으로 저장했습니다.
2025-09-11 00:13:04,510 - INFO - [scripts.law.logic.scraper] - 데이터 32건을 '/Users/woong/Roeum/roeum-crawler/data/raw/law/1352000/노인 일자리 및 사회활동 지원에 관한 법률_chunks.jsonl' 파일로 성공적으로 저장했습니다.
2025-09-11 00:13:04,531 - INFO - [__main__] - 상세 페이지 스크레이퍼 완료: 노인 일자리 및 사회활동 지원에 관한 법률
2025-09-11 00:13:05,743 - INFO - [__main__] - 상세 페이지 스크레이퍼 실행: https://www.law.go.kr/LSW/lsInfoP.do?lsiSeq=271107&efYd=20250719
2025-09-11 00:13:06,069 - INFO - [scripts.law.logic.scraper] - 페이지로 이동 중: https://www.law.go.kr/LSW/lsInfoP.do?lsiSeq=271107&efYd=20250719
2025-09-11 00:13:06,643 - INFO - [scripts.law.logic.scraper] - 로딩 마스크가 나타나기를 기다리는 중...
2025-09-11 00:13:06,662 - INFO - [scripts.law.logic.scraper] - 로딩 마스크가 사라지기를 기다리는 중...
2025-09-11 00:13:07,456 - INFO - [scripts.law.logic.scraper] - 페이지 최종 렌더링을 잠시 대기합니다...
2025-09-11 00:13:08,459 - INFO - [scripts.law.logic.scraper] - 페이지 HTML 컨텐츠를 가져오는 중...
2025-09-11 00:13:08,485 - INFO - [scripts.law.logic.scraper] - 데이터 파싱 중...
2025-09-11 00:13:08,583 - INFO - [scripts.law.logic.scraper] - 데이터 1건을 '/Users/woong/Roeum/roeum-crawler/data/raw/law/1352000/국내입양에 관한 특별법 시행규칙_document.jsonl' 파일로 성공적으로 저장했습니다.
2025-09-11 00:13:08,584 - INFO - [scripts.law.logic.scraper] - 데이터 22건을 '/Users/woong/Roeum/roeum-crawler/data/raw/law/1352000/국내입양에 관한 특별법 시행규칙_chunks.jsonl' 파일로 성공적으로 저장했습니다.
2025-09-11 00:13:08,608 - INFO - [__main__] - 상세 페이지 스크레이퍼 완료: 국내입양에 관한 특별법 시행규칙
2025-09-11 00:13:09,846 - INFO - [__main__] - 상세 페이지 스크레이퍼 실행: https://www.law.go.kr/LSW/lsInfoP.do?lsiSeq=272543&efYd=20250621
2025-09-11 00:13:10,186 - INFO - [scripts.law.logic.scraper] - 페이지로 이동 중: https://www.law.go.kr/LSW/lsInfoP.do?lsiSeq=272543&efYd=20250621
2025-09-11 00:13:10,800 - INFO - [scripts.law.logic.scraper] - 로딩 마스크가 나타나기를 기다리는 중...
2025-09-11 00:13:10,824 - INFO - [scripts.law.logic.scraper] - 로딩 마스크가 사라지기를 기다리는 중...
2025-09-11 00:13:11,018 - INFO - [scripts.law.logic.scraper] - 페이지 최종 렌더링을 잠시 대기합니다...
2025-09-11 00:13:12,022 - INFO - [scripts.law.logic.scraper] - 페이지 HTML 컨텐츠를 가져오는 중...
2025-09-11 00:13:12,059 - INFO - [scripts.law.logic.scraper] - 데이터 파싱 중...
2025-09-11 00:13:12,159 - INFO - [scripts.law.logic.scraper] - 데이터 1건을 '/Users/woong/Roeum/roeum-crawler/data/raw/law/1352000/간호법 시행규칙_document.jsonl' 파일로 성공적으로 저장했습니다.
2025-09-11 00:13:12,160 - INFO - [scripts.law.logic.scraper] - 데이터 29건을 '/Users/woong/Roeum/roeum-crawler/data/raw/law/1352000/간호법 시행규칙_chunks.jsonl' 파일로 성공적으로 저장했습니다.
2025-09-11 00:13:12,184 - INFO - [__main__] - 상세 페이지 스크레이퍼 완료: 간호법 시행규칙
2025-09-11 00:13:13,370 - INFO - [__main__] - 상세 페이지 스크레이퍼 실행: https://www.law.go.kr/LSW/lsInfoP.do?lsiSeq=265481&efYd=20250621
2025-09-11 00:13:13,694 - INFO - [scripts.law.logic.scraper] - 페이지로 이동 중: https://www.law.go.kr/LSW/lsInfoP.do?lsiSeq=265481&efYd=20250621
2025-09-11 00:13:14,339 - INFO - [scripts.law.logic.scraper] - 로딩 마스크가 나타나기를 기다리는 중...
2025-09-11 00:13:14,360 - INFO - [scripts.law.logic.scraper] - 로딩 마스크가 사라지기를 기다리는 중...
2025-09-11 00:13:14,398 - INFO - [scripts.law.logic.scraper] - 페이지 최종 렌더링을 잠시 대기합니다...
2025-09-11 00:13:15,401 - INFO - [scripts.law.logic.scraper] - 페이지 HTML 컨텐츠를 가져오는 중...
2025-09-11 00:13:15,426 - INFO - [scripts.law.logic.scraper] - 데이터 파싱 중...
2025-09-11 00:13:15,501 - INFO - [scripts.law.logic.scraper] - 데이터 1건을 '/Users/woong/Roeum/roeum-crawler/data/raw/law/1352000/환자안전법_document.jsonl' 파일로 성공적으로 저장했습니다.
2025-09-11 00:13:15,502 - INFO - [scripts.law.logic.scraper] - 데이터 24건을 '/Users/woong/Roeum/roeum-crawler/data/raw/law/1352000/환자안전법_chunks.jsonl' 파일로 성공적으로 저장했습니다.
2025-09-11 00:13:15,523 - INFO - [__main__] - 상세 페이지 스크레이퍼 완료: 환자안전법
2025-09-11 00:13:16,742 - INFO - [__main__] - 상세 페이지 스크레이퍼 실행: https://www.law.go.kr/LSW/lsInfoP.do?lsiSeq=269275&efYd=20250225
2025-09-11 00:13:17,094 - INFO - [scripts.law.logic.scraper] - 페이지로 이동 중: https://www.law.go.kr/LSW/lsInfoP.do?lsiSeq=269275&efYd=20250225
2025-09-11 00:13:17,753 - INFO - [scripts.law.logic.scraper] - 로딩 마스크가 나타나기를 기다리는 중...
2025-09-11 00:13:17,774 - INFO - [scripts.law.logic.scraper] - 로딩 마스크가 사라지기를 기다리는 중...
2025-09-11 00:13:18,573 - INFO - [scripts.law.logic.scraper] - 페이지 최종 렌더링을 잠시 대기합니다...
2025-09-11 00:13:19,577 - INFO - [scripts.law.logic.scraper] - 페이지 HTML 컨텐츠를 가져오는 중...
2025-09-11 00:13:19,634 - INFO - [scripts.law.logic.scraper] - 데이터 파싱 중...
2025-09-11 00:13:19,831 - INFO - [scripts.law.logic.scraper] - 데이터 1건을 '/Users/woong/Roeum/roeum-crawler/data/raw/law/1352000/보건복지부와 그 소속기관 직제_document.jsonl' 파일로 성공적으로 저장했습니다.
2025-09-11 00:13:19,832 - INFO - [scripts.law.logic.scraper] - 데이터 69건을 '/Users/woong/Roeum/roeum-crawler/data/raw/law/1352000/보건복지부와 그 소속기관 직제_chunks.jsonl' 파일로 성공적으로 저장했습니다.
2025-09-11 00:13:19,856 - INFO - [__main__] - 상세 페이지 스크레이퍼 완료: 보건복지부와 그 소속기관 직제
2025-09-11 00:13:21,071 - INFO - [__main__] - 상세 페이지 스크레이퍼 실행: https://www.law.go.kr/LSW/lsInfoP.do?lsiSeq=268419&efYd=20250131
2025-09-11 00:13:21,418 - INFO - [scripts.law.logic.scraper] - 페이지로 이동 중: https://www.law.go.kr/LSW/lsInfoP.do?lsiSeq=268419&efYd=20250131
2025-09-11 00:13:22,023 - INFO - [scripts.law.logic.scraper] - 로딩 마스크가 나타나기를 기다리는 중...
2025-09-11 00:13:22,047 - INFO - [scripts.law.logic.scraper] - 로딩 마스크가 사라지기를 기다리는 중...
2025-09-11 00:13:22,228 - INFO - [scripts.law.logic.scraper] - 페이지 최종 렌더링을 잠시 대기합니다...
2025-09-11 00:13:23,230 - INFO - [scripts.law.logic.scraper] - 페이지 HTML 컨텐츠를 가져오는 중...
2025-09-11 00:13:23,244 - INFO - [scripts.law.logic.scraper] - 데이터 파싱 중...
2025-09-11 00:13:23,303 - INFO - [scripts.law.logic.scraper] - 데이터 1건을 '/Users/woong/Roeum/roeum-crawler/data/raw/law/1352000/지방의료원의 설립 및 운영에 관한 법률 시행령_document.jsonl' 파일로 성공적으로 저장했습니다.
2025-09-11 00:13:23,304 - INFO - [scripts.law.logic.scraper] - 데이터 21건을 '/Users/woong/Roeum/roeum-crawler/data/raw/law/1352000/지방의료원의 설립 및 운영에 관한 법률 시행령_chunks.jsonl' 파일로 성공적으로 저장했습니다.
2025-09-11 00:13:23,325 - INFO - [__main__] - 상세 페이지 스크레이퍼 완료: 지방의료원의 설립 및 운영에 관한 법률 시행령
2025-09-11 00:13:24,540 - INFO - [__main__] - 상세 페이지 스크레이퍼 실행: https://www.law.go.kr/LSW/lsInfoP.do?lsiSeq=267953&efYd=20241231
2025-09-11 00:13:24,890 - INFO - [scripts.law.logic.scraper] - 페이지로 이동 중: https://www.law.go.kr/LSW/lsInfoP.do?lsiSeq=267953&efYd=20241231
2025-09-11 00:13:25,528 - INFO - [scripts.law.logic.scraper] - 로딩 마스크가 나타나기를 기다리는 중...
2025-09-11 00:13:25,546 - INFO - [scripts.law.logic.scraper] - 로딩 마스크가 사라지기를 기다리는 중...
2025-09-11 00:13:25,830 - INFO - [scripts.law.logic.scraper] - 페이지 최종 렌더링을 잠시 대기합니다...
2025-09-11 00:13:26,834 - INFO - [scripts.law.logic.scraper] - 페이지 HTML 컨텐츠를 가져오는 중...
2025-09-11 00:13:26,868 - INFO - [scripts.law.logic.scraper] - 데이터 파싱 중...
2025-09-11 00:13:26,962 - INFO - [scripts.law.logic.scraper] - 데이터 1건을 '/Users/woong/Roeum/roeum-crawler/data/raw/law/1352000/의료 해외진출 및 외국인환자 유치 지원에 관한 법률 시행규칙_document.jsonl' 파일로 성공적으로 저장했습니다.
2025-09-11 00:13:26,963 - INFO - [scripts.law.logic.scraper] - 데이터 21건을 '/Users/woong/Roeum/roeum-crawler/data/raw/law/1352000/의료 해외진출 및 외국인환자 유치 지원에 관한 법률 시행규칙_chunks.jsonl' 파일로 성공적으로 저장했습니다.
2025-09-11 00:13:26,983 - INFO - [__main__] - 상세 페이지 스크레이퍼 완료: 의료 해외진출 및 외국인환자 유치 지원에 관한 법률 시행규칙
2025-09-11 00:13:28,194 - INFO - [__main__] - 상세 페이지 스크레이퍼 실행: https://www.law.go.kr/LSW/lsInfoP.do?lsiSeq=266839&efYd=20241128
2025-09-11 00:13:28,542 - INFO - [scripts.law.logic.scraper] - 페이지로 이동 중: https://www.law.go.kr/LSW/lsInfoP.do?lsiSeq=266839&efYd=20241128
2025-09-11 00:13:29,096 - INFO - [scripts.law.logic.scraper] - 로딩 마스크가 나타나기를 기다리는 중...
2025-09-11 00:13:29,116 - INFO - [scripts.law.logic.scraper] - 로딩 마스크가 사라지기를 기다리는 중...
2025-09-11 00:13:29,383 - INFO - [scripts.law.logic.scraper] - 페이지 최종 렌더링을 잠시 대기합니다...
2025-09-11 00:13:30,387 - INFO - [scripts.law.logic.scraper] - 페이지 HTML 컨텐츠를 가져오는 중...
2025-09-11 00:13:30,424 - INFO - [scripts.law.logic.scraper] - 데이터 파싱 중...
2025-09-11 00:13:30,544 - INFO - [scripts.law.logic.scraper] - 데이터 1건을 '/Users/woong/Roeum/roeum-crawler/data/raw/law/1352000/의료기사 등에 관한 법률 시행규칙_document.jsonl' 파일로 성공적으로 저장했습니다.
2025-09-11 00:13:30,545 - INFO - [scripts.law.logic.scraper] - 데이터 32건을 '/Users/woong/Roeum/roeum-crawler/data/raw/law/1352000/의료기사 등에 관한 법률 시행규칙_chunks.jsonl' 파일로 성공적으로 저장했습니다.
2025-09-11 00:13:30,566 - INFO - [__main__] - 상세 페이지 스크레이퍼 완료: 의료기사 등에 관한 법률 시행규칙
2025-09-11 00:13:31,753 - INFO - [__main__] - 상세 페이지 스크레이퍼 실행: https://www.law.go.kr/LSW/lsInfoP.do?lsiSeq=266429&efYd=20241107
2025-09-11 00:13:32,098 - INFO - [scripts.law.logic.scraper] - 페이지로 이동 중: https://www.law.go.kr/LSW/lsInfoP.do?lsiSeq=266429&efYd=20241107
2025-09-11 00:13:32,742 - INFO - [scripts.law.logic.scraper] - 로딩 마스크가 나타나기를 기다리는 중...
2025-09-11 00:13:32,760 - INFO - [scripts.law.logic.scraper] - 로딩 마스크가 사라지기를 기다리는 중...
2025-09-11 00:13:32,945 - INFO - [scripts.law.logic.scraper] - 페이지 최종 렌더링을 잠시 대기합니다...
2025-09-11 00:13:33,946 - INFO - [scripts.law.logic.scraper] - 페이지 HTML 컨텐츠를 가져오는 중...
2025-09-11 00:13:33,959 - INFO - [scripts.law.logic.scraper] - 데이터 파싱 중...
2025-09-11 00:13:34,017 - INFO - [scripts.law.logic.scraper] - 데이터 1건을 '/Users/woong/Roeum/roeum-crawler/data/raw/law/1352000/전문병원의 지정 및 평가 등에 관한 규칙_document.jsonl' 파일로 성공적으로 저장했습니다.
2025-09-11 00:13:34,017 - INFO - [scripts.law.logic.scraper] - 데이터 7건을 '/Users/woong/Roeum/roeum-crawler/data/raw/law/1352000/전문병원의 지정 및 평가 등에 관한 규칙_chunks.jsonl' 파일로 성공적으로 저장했습니다.
2025-09-11 00:13:34,040 - INFO - [__main__] - 상세 페이지 스크레이퍼 완료: 전문병원의 지정 및 평가 등에 관한 규칙
2025-09-11 00:13:35,230 - INFO - [__main__] - 상세 페이지 스크레이퍼 실행: https://www.law.go.kr/LSW/lsInfoP.do?lsiSeq=265923&efYd=20241022
2025-09-11 00:13:35,570 - INFO - [scripts.law.logic.scraper] - 페이지로 이동 중: https://www.law.go.kr/LSW/lsInfoP.do?lsiSeq=265923&efYd=20241022
2025-09-11 00:13:36,127 - INFO - [scripts.law.logic.scraper] - 로딩 마스크가 나타나기를 기다리는 중...
2025-09-11 00:13:36,145 - INFO - [scripts.law.logic.scraper] - 로딩 마스크가 사라지기를 기다리는 중...
2025-09-11 00:13:36,965 - INFO - [scripts.law.logic.scraper] - 페이지 최종 렌더링을 잠시 대기합니다...
2025-09-11 00:13:37,966 - INFO - [scripts.law.logic.scraper] - 페이지 HTML 컨텐츠를 가져오는 중...
2025-09-11 00:13:38,006 - INFO - [scripts.law.logic.scraper] - 데이터 파싱 중...
2025-09-11 00:13:38,180 - INFO - [scripts.law.logic.scraper] - 데이터 1건을 '/Users/woong/Roeum/roeum-crawler/data/raw/law/1352000/정신건강증진 및 정신질환자 복지서비스 지원에 관한 법률_document.jsonl' 파일로 성공적으로 저장했습니다.
2025-09-11 00:13:38,182 - INFO - [scripts.law.logic.scraper] - 데이터 94건을 '/Users/woong/Roeum/roeum-crawler/data/raw/law/1352000/정신건강증진 및 정신질환자 복지서비스 지원에 관한 법률_chunks.jsonl' 파일로 성공적으로 저장했습니다.
2025-09-11 00:13:38,204 - INFO - [__main__] - 상세 페이지 스크레이퍼 완료: 정신건강증진 및 정신질환자 복지서비스 지원에 관한 법률
2025-09-11 00:13:39,434 - INFO - [__main__] - 상세 페이지 스크레이퍼 실행: https://www.law.go.kr/LSW/lsInfoP.do?lsiSeq=266101&efYd=20241022
2025-09-11 00:13:39,783 - INFO - [scripts.law.logic.scraper] - 페이지로 이동 중: https://www.law.go.kr/LSW/lsInfoP.do?lsiSeq=266101&efYd=20241022
2025-09-11 00:13:40,345 - INFO - [scripts.law.logic.scraper] - 로딩 마스크가 나타나기를 기다리는 중...
2025-09-11 00:13:40,364 - INFO - [scripts.law.logic.scraper] - 로딩 마스크가 사라지기를 기다리는 중...
2025-09-11 00:13:41,159 - INFO - [scripts.law.logic.scraper] - 페이지 최종 렌더링을 잠시 대기합니다...
2025-09-11 00:13:42,163 - INFO - [scripts.law.logic.scraper] - 페이지 HTML 컨텐츠를 가져오는 중...
2025-09-11 00:13:42,173 - INFO - [scripts.law.logic.scraper] - 데이터 파싱 중...
2025-09-11 00:13:42,220 - INFO - [scripts.law.logic.scraper] - 데이터 1건을 '/Users/woong/Roeum/roeum-crawler/data/raw/law/1352000/희귀질환관리법 시행규칙_document.jsonl' 파일로 성공적으로 저장했습니다.
2025-09-11 00:13:42,221 - INFO - [scripts.law.logic.scraper] - 데이터 10건을 '/Users/woong/Roeum/roeum-crawler/data/raw/law/1352000/희귀질환관리법 시행규칙_chunks.jsonl' 파일로 성공적으로 저장했습니다.
2025-09-11 00:13:42,241 - INFO - [__main__] - 상세 페이지 스크레이퍼 완료: 희귀질환관리법 시행규칙
2025-09-11 00:13:43,452 - INFO - [__main__] - 상세 페이지 스크레이퍼 실행: https://www.law.go.kr/LSW/lsInfoP.do?lsiSeq=264499&efYd=20240730
2025-09-11 00:13:43,796 - INFO - [scripts.law.logic.scraper] - 페이지로 이동 중: https://www.law.go.kr/LSW/lsInfoP.do?lsiSeq=264499&efYd=20240730
2025-09-11 00:13:44,383 - INFO - [scripts.law.logic.scraper] - 로딩 마스크가 나타나기를 기다리는 중...
2025-09-11 00:13:44,401 - INFO - [scripts.law.logic.scraper] - 로딩 마스크가 사라지기를 기다리는 중...
2025-09-11 00:13:44,491 - INFO - [scripts.law.logic.scraper] - 페이지 최종 렌더링을 잠시 대기합니다...
2025-09-11 00:13:45,493 - INFO - [scripts.law.logic.scraper] - 페이지 HTML 컨텐츠를 가져오는 중...
2025-09-11 00:13:45,520 - INFO - [scripts.law.logic.scraper] - 데이터 파싱 중...
2025-09-11 00:13:45,617 - INFO - [scripts.law.logic.scraper] - 데이터 1건을 '/Users/woong/Roeum/roeum-crawler/data/raw/law/1352000/암관리법 시행령_document.jsonl' 파일로 성공적으로 저장했습니다.
2025-09-11 00:13:45,617 - INFO - [scripts.law.logic.scraper] - 데이터 33건을 '/Users/woong/Roeum/roeum-crawler/data/raw/law/1352000/암관리법 시행령_chunks.jsonl' 파일로 성공적으로 저장했습니다.
2025-09-11 00:13:45,638 - INFO - [__main__] - 상세 페이지 스크레이퍼 완료: 암관리법 시행령
2025-09-11 00:13:46,868 - INFO - [__main__] - 상세 페이지 스크레이퍼 실행: https://www.law.go.kr/LSW/lsInfoP.do?lsiSeq=263593&efYd=20240710
2025-09-11 00:13:47,219 - INFO - [scripts.law.logic.scraper] - 페이지로 이동 중: https://www.law.go.kr/LSW/lsInfoP.do?lsiSeq=263593&efYd=20240710
2025-09-11 00:13:47,907 - INFO - [scripts.law.logic.scraper] - 로딩 마스크가 나타나기를 기다리는 중...
2025-09-11 00:13:47,933 - INFO - [scripts.law.logic.scraper] - 로딩 마스크가 사라지기를 기다리는 중...
2025-09-11 00:13:48,066 - INFO - [scripts.law.logic.scraper] - 페이지 최종 렌더링을 잠시 대기합니다...
2025-09-11 00:13:49,071 - INFO - [scripts.law.logic.scraper] - 페이지 HTML 컨텐츠를 가져오는 중...
2025-09-11 00:13:49,121 - INFO - [scripts.law.logic.scraper] - 데이터 파싱 중...
2025-09-11 00:13:49,306 - INFO - [scripts.law.logic.scraper] - 데이터 1건을 '/Users/woong/Roeum/roeum-crawler/data/raw/law/1352000/첨단의료복합단지 육성에 관한 특별법 시행령_document.jsonl' 파일로 성공적으로 저장했습니다.
2025-09-11 00:13:49,307 - INFO - [scripts.law.logic.scraper] - 데이터 23건을 '/Users/woong/Roeum/roeum-crawler/data/raw/law/1352000/첨단의료복합단지 육성에 관한 특별법 시행령_chunks.jsonl' 파일로 성공적으로 저장했습니다.
2025-09-11 00:13:49,369 - INFO - [__main__] - 상세 페이지 스크레이퍼 완료: 첨단의료복합단지 육성에 관한 특별법 시행령
2025-09-11 00:13:50,684 - INFO - [__main__] - 상세 페이지 스크레이퍼 실행: https://www.law.go.kr/LSW/lsInfoP.do?lsiSeq=238113&efYd=20230622
2025-09-11 00:13:51,269 - INFO - [scripts.law.logic.scraper] - 페이지로 이동 중: https://www.law.go.kr/LSW/lsInfoP.do?lsiSeq=238113&efYd=20230622
2025-09-11 00:13:51,941 - INFO - [scripts.law.logic.scraper] - 로딩 마스크가 나타나기를 기다리는 중...
2025-09-11 00:14:01,960 - WARNING - [scripts.law.logic.scraper] - 로딩 마스크가 감지되지 않았습니다. 페이지 로드가 완료된 것으로 간주하고 계속 진행합니다.
2025-09-11 00:14:01,961 - INFO - [scripts.law.logic.scraper] - 페이지 최종 렌더링을 잠시 대기합니다...
2025-09-11 00:14:02,967 - INFO - [scripts.law.logic.scraper] - 페이지 HTML 컨텐츠를 가져오는 중...
2025-09-11 00:14:03,006 - INFO - [scripts.law.logic.scraper] - 데이터 파싱 중...
2025-09-11 00:14:03,115 - INFO - [scripts.law.logic.scraper] - 데이터 1건을 '/Users/woong/Roeum/roeum-crawler/data/raw/law/1352000/혈액관리법_document.jsonl' 파일로 성공적으로 저장했습니다.
2025-09-11 00:14:03,115 - INFO - [scripts.law.logic.scraper] - 데이터 42건을 '/Users/woong/Roeum/roeum-crawler/data/raw/law/1352000/혈액관리법_chunks.jsonl' 파일로 성공적으로 저장했습니다.
2025-09-11 00:14:03,145 - INFO - [__main__] - 상세 페이지 스크레이퍼 완료: 혈액관리법
2025-09-11 00:14:04,409 - INFO - [__main__] - 상세 페이지 스크레이퍼 실행: https://www.law.go.kr/LSW/lsInfoP.do?lsiSeq=239967&efYd=20220128
2025-09-11 00:14:04,796 - INFO - [scripts.law.logic.scraper] - 페이지로 이동 중: https://www.law.go.kr/LSW/lsInfoP.do?lsiSeq=239967&efYd=20220128
2025-09-11 00:14:05,394 - INFO - [scripts.law.logic.scraper] - 로딩 마스크가 나타나기를 기다리는 중...
2025-09-11 00:14:05,451 - INFO - [scripts.law.logic.scraper] - 로딩 마스크가 사라지기를 기다리는 중...
2025-09-11 00:14:05,458 - INFO - [scripts.law.logic.scraper] - 페이지 최종 렌더링을 잠시 대기합니다...
2025-09-11 00:14:06,461 - INFO - [scripts.law.logic.scraper] - 페이지 HTML 컨텐츠를 가져오는 중...
2025-09-11 00:14:06,486 - INFO - [scripts.law.logic.scraper] - 데이터 파싱 중...
2025-09-11 00:14:06,544 - INFO - [scripts.law.logic.scraper] - 데이터 1건을 '/Users/woong/Roeum/roeum-crawler/data/raw/law/1352000/한국보건복지인재원법 시행령_document.jsonl' 파일로 성공적으로 저장했습니다.
2025-09-11 00:14:06,545 - INFO - [scripts.law.logic.scraper] - 데이터 11건을 '/Users/woong/Roeum/roeum-crawler/data/raw/law/1352000/한국보건복지인재원법 시행령_chunks.jsonl' 파일로 성공적으로 저장했습니다.
2025-09-11 00:14:06,567 - INFO - [__main__] - 상세 페이지 스크레이퍼 완료: 한국보건복지인재원법 시행령
2025-09-11 00:14:07,743 - INFO - [__main__] - 상세 페이지 스크레이퍼 실행: https://www.law.go.kr/LSW/lsInfoP.do?lsiSeq=232643&efYd=20220101
2025-09-11 00:14:08,084 - INFO - [scripts.law.logic.scraper] - 페이지로 이동 중: https://www.law.go.kr/LSW/lsInfoP.do?lsiSeq=232643&efYd=20220101
2025-09-11 00:14:08,645 - INFO - [scripts.law.logic.scraper] - 로딩 마스크가 나타나기를 기다리는 중...
2025-09-11 00:14:08,664 - INFO - [scripts.law.logic.scraper] - 로딩 마스크가 사라지기를 기다리는 중...
2025-09-11 00:14:08,784 - INFO - [scripts.law.logic.scraper] - 페이지 최종 렌더링을 잠시 대기합니다...
2025-09-11 00:14:09,788 - INFO - [scripts.law.logic.scraper] - 페이지 HTML 컨텐츠를 가져오는 중...
2025-09-11 00:14:09,820 - INFO - [scripts.law.logic.scraper] - 데이터 파싱 중...
2025-09-11 00:14:09,920 - INFO - [scripts.law.logic.scraper] - 데이터 1건을 '/Users/woong/Roeum/roeum-crawler/data/raw/law/1352000/기초연금법_document.jsonl' 파일로 성공적으로 저장했습니다.
2025-09-11 00:14:09,921 - INFO - [scripts.law.logic.scraper] - 데이터 33건을 '/Users/woong/Roeum/roeum-crawler/data/raw/law/1352000/기초연금법_chunks.jsonl' 파일로 성공적으로 저장했습니다.
2025-09-11 00:14:09,943 - INFO - [__main__] - 상세 페이지 스크레이퍼 완료: 기초연금법
2025-09-11 00:14:11,158 - INFO - [__main__] - 상세 페이지 스크레이퍼 실행: https://www.law.go.kr/LSW/lsInfoP.do?lsiSeq=233817&efYd=20210707
2025-09-11 00:14:11,481 - INFO - [scripts.law.logic.scraper] - 페이지로 이동 중: https://www.law.go.kr/LSW/lsInfoP.do?lsiSeq=233817&efYd=20210707
2025-09-11 00:14:12,083 - INFO - [scripts.law.logic.scraper] - 로딩 마스크가 나타나기를 기다리는 중...
2025-09-11 00:14:22,089 - WARNING - [scripts.law.logic.scraper] - 로딩 마스크가 감지되지 않았습니다. 페이지 로드가 완료된 것으로 간주하고 계속 진행합니다.
2025-09-11 00:14:22,090 - INFO - [scripts.law.logic.scraper] - 페이지 최종 렌더링을 잠시 대기합니다...
2025-09-11 00:14:23,095 - INFO - [scripts.law.logic.scraper] - 페이지 HTML 컨텐츠를 가져오는 중...
2025-09-11 00:14:23,105 - INFO - [scripts.law.logic.scraper] - 데이터 파싱 중...
2025-09-11 00:14:23,139 - INFO - [scripts.law.logic.scraper] - 데이터 1건을 '/Users/woong/Roeum/roeum-crawler/data/raw/law/1352000/보건범죄단속에관한특별조치법시행규칙_document.jsonl' 파일로 성공적으로 저장했습니다.
2025-09-11 00:14:23,139 - INFO - [scripts.law.logic.scraper] - 데이터 8건을 '/Users/woong/Roeum/roeum-crawler/data/raw/law/1352000/보건범죄단속에관한특별조치법시행규칙_chunks.jsonl' 파일로 성공적으로 저장했습니다.
2025-09-11 00:14:23,161 - INFO - [__main__] - 상세 페이지 스크레이퍼 완료: 보건범죄단속에관한특별조치법시행규칙
2025-09-11 00:14:24,452 - INFO - [__main__] - 상세 페이지 스크레이퍼 실행: https://www.law.go.kr/LSW/lsInfoP.do?lsiSeq=220893&efYd=20210408
2025-09-11 00:14:24,988 - INFO - [scripts.law.logic.scraper] - 페이지로 이동 중: https://www.law.go.kr/LSW/lsInfoP.do?lsiSeq=220893&efYd=20210408
2025-09-11 00:14:25,641 - INFO - [scripts.law.logic.scraper] - 로딩 마스크가 나타나기를 기다리는 중...
2025-09-11 00:14:25,680 - INFO - [scripts.law.logic.scraper] - 로딩 마스크가 사라지기를 기다리는 중...
2025-09-11 00:14:25,970 - INFO - [scripts.law.logic.scraper] - 페이지 최종 렌더링을 잠시 대기합니다...
2025-09-11 00:14:26,978 - INFO - [scripts.law.logic.scraper] - 페이지 HTML 컨텐츠를 가져오는 중...
2025-09-11 00:14:26,994 - INFO - [scripts.law.logic.scraper] - 데이터 파싱 중...
2025-09-11 00:14:27,083 - INFO - [scripts.law.logic.scraper] - 데이터 1건을 '/Users/woong/Roeum/roeum-crawler/data/raw/law/1352000/시체 해부 및 보존 등에 관한 법률_document.jsonl' 파일로 성공적으로 저장했습니다.
2025-09-11 00:14:27,083 - INFO - [scripts.law.logic.scraper] - 데이터 32건을 '/Users/woong/Roeum/roeum-crawler/data/raw/law/1352000/시체 해부 및 보존 등에 관한 법률_chunks.jsonl' 파일로 성공적으로 저장했습니다.
2025-09-11 00:14:27,114 - INFO - [__main__] - 상세 페이지 스크레이퍼 완료: 시체 해부 및 보존 등에 관한 법률
2025-09-11 00:14:28,351 - INFO - [__main__] - 상세 페이지 스크레이퍼 실행: https://www.law.go.kr/LSW/lsInfoP.do?lsiSeq=221699&efYd=20200912
2025-09-11 00:14:28,805 - INFO - [scripts.law.logic.scraper] - 페이지로 이동 중: https://www.law.go.kr/LSW/lsInfoP.do?lsiSeq=221699&efYd=20200912
2025-09-11 00:14:29,439 - INFO - [scripts.law.logic.scraper] - 로딩 마스크가 나타나기를 기다리는 중...
2025-09-11 00:14:29,458 - INFO - [scripts.law.logic.scraper] - 로딩 마스크가 사라지기를 기다리는 중...
2025-09-11 00:14:29,582 - INFO - [scripts.law.logic.scraper] - 페이지 최종 렌더링을 잠시 대기합니다...
2025-09-11 00:14:30,584 - INFO - [scripts.law.logic.scraper] - 페이지 HTML 컨텐츠를 가져오는 중...
2025-09-11 00:14:30,608 - INFO - [scripts.law.logic.scraper] - 데이터 파싱 중...
2025-09-11 00:14:30,680 - INFO - [scripts.law.logic.scraper] - 데이터 1건을 '/Users/woong/Roeum/roeum-crawler/data/raw/law/1352000/구강보건법 시행령_document.jsonl' 파일로 성공적으로 저장했습니다.
2025-09-11 00:14:30,681 - INFO - [scripts.law.logic.scraper] - 데이터 18건을 '/Users/woong/Roeum/roeum-crawler/data/raw/law/1352000/구강보건법 시행령_chunks.jsonl' 파일로 성공적으로 저장했습니다.
2025-09-11 00:14:30,702 - INFO - [__main__] - 상세 페이지 스크레이퍼 완료: 구강보건법 시행령
2025-09-11 00:14:31,920 - INFO - [__main__] - 상세 페이지 스크레이퍼 실행: https://www.law.go.kr/LSW/lsInfoP.do?lsiSeq=208653&efYd=20191108
2025-09-11 00:14:32,273 - INFO - [scripts.law.logic.scraper] - 페이지로 이동 중: https://www.law.go.kr/LSW/lsInfoP.do?lsiSeq=208653&efYd=20191108
2025-09-11 00:14:32,965 - INFO - [scripts.law.logic.scraper] - 로딩 마스크가 나타나기를 기다리는 중...
2025-09-11 00:14:32,984 - INFO - [scripts.law.logic.scraper] - 로딩 마스크가 사라지기를 기다리는 중...
2025-09-11 00:14:33,034 - INFO - [scripts.law.logic.scraper] - 페이지 최종 렌더링을 잠시 대기합니다...
2025-09-11 00:14:34,037 - INFO - [scripts.law.logic.scraper] - 페이지 HTML 컨텐츠를 가져오는 중...
2025-09-11 00:14:34,062 - INFO - [scripts.law.logic.scraper] - 데이터 파싱 중...
2025-09-11 00:14:34,135 - INFO - [scripts.law.logic.scraper] - 데이터 1건을 '/Users/woong/Roeum/roeum-crawler/data/raw/law/1352000/치과의사전문의의 수련 및 자격 인정 등에 관한 규정_document.jsonl' 파일로 성공적으로 저장했습니다.
2025-09-11 00:14:34,135 - INFO - [scripts.law.logic.scraper] - 데이터 21건을 '/Users/woong/Roeum/roeum-crawler/data/raw/law/1352000/치과의사전문의의 수련 및 자격 인정 등에 관한 규정_chunks.jsonl' 파일로 성공적으로 저장했습니다.
2025-09-11 00:14:34,156 - INFO - [__main__] - 상세 페이지 스크레이퍼 완료: 치과의사전문의의 수련 및 자격 인정 등에 관한 규정
2025-09-11 00:14:35,360 - INFO - [__main__] - 상세 페이지 스크레이퍼 실행: https://www.law.go.kr/LSW/lsInfoP.do?lsiSeq=208466&efYd=20190423
2025-09-11 00:14:35,705 - INFO - [scripts.law.logic.scraper] - 페이지로 이동 중: https://www.law.go.kr/LSW/lsInfoP.do?lsiSeq=208466&efYd=20190423
2025-09-11 00:14:36,323 - INFO - [scripts.law.logic.scraper] - 로딩 마스크가 나타나기를 기다리는 중...
2025-09-11 00:14:46,328 - WARNING - [scripts.law.logic.scraper] - 로딩 마스크가 감지되지 않았습니다. 페이지 로드가 완료된 것으로 간주하고 계속 진행합니다.
2025-09-11 00:14:46,328 - INFO - [scripts.law.logic.scraper] - 페이지 최종 렌더링을 잠시 대기합니다...
2025-09-11 00:14:47,332 - INFO - [scripts.law.logic.scraper] - 페이지 HTML 컨텐츠를 가져오는 중...
2025-09-11 00:14:47,355 - INFO - [scripts.law.logic.scraper] - 데이터 파싱 중...
2025-09-11 00:14:47,428 - INFO - [scripts.law.logic.scraper] - 데이터 1건을 '/Users/woong/Roeum/roeum-crawler/data/raw/law/1352000/식품등 기부 활성화에 관한 법률_document.jsonl' 파일로 성공적으로 저장했습니다.
2025-09-11 00:14:47,429 - INFO - [scripts.law.logic.scraper] - 데이터 16건을 '/Users/woong/Roeum/roeum-crawler/data/raw/law/1352000/식품등 기부 활성화에 관한 법률_chunks.jsonl' 파일로 성공적으로 저장했습니다.
2025-09-11 00:14:47,451 - INFO - [__main__] - 상세 페이지 스크레이퍼 완료: 식품등 기부 활성화에 관한 법률
2025-09-11 00:14:48,707 - INFO - [__main__] - 상세 페이지 스크레이퍼 실행: https://www.law.go.kr/LSW/lsInfoP.do?lsiSeq=204532&efYd=20180921
2025-09-11 00:14:49,114 - INFO - [scripts.law.logic.scraper] - 페이지로 이동 중: https://www.law.go.kr/LSW/lsInfoP.do?lsiSeq=204532&efYd=20180921
2025-09-11 00:14:49,725 - INFO - [scripts.law.logic.scraper] - 로딩 마스크가 나타나기를 기다리는 중...
2025-09-11 00:14:49,743 - INFO - [scripts.law.logic.scraper] - 로딩 마스크가 사라지기를 기다리는 중...
2025-09-11 00:14:49,923 - INFO - [scripts.law.logic.scraper] - 페이지 최종 렌더링을 잠시 대기합니다...
2025-09-11 00:14:50,926 - INFO - [scripts.law.logic.scraper] - 페이지 HTML 컨텐츠를 가져오는 중...
2025-09-11 00:14:50,947 - INFO - [scripts.law.logic.scraper] - 데이터 파싱 중...
2025-09-11 00:14:51,023 - INFO - [scripts.law.logic.scraper] - 데이터 1건을 '/Users/woong/Roeum/roeum-crawler/data/raw/law/1352000/한국국제보건의료재단법 시행령_document.jsonl' 파일로 성공적으로 저장했습니다.
2025-09-11 00:14:51,023 - INFO - [scripts.law.logic.scraper] - 데이터 16건을 '/Users/woong/Roeum/roeum-crawler/data/raw/law/1352000/한국국제보건의료재단법 시행령_chunks.jsonl' 파일로 성공적으로 저장했습니다.
2025-09-11 00:14:51,045 - INFO - [__main__] - 상세 페이지 스크레이퍼 완료: 한국국제보건의료재단법 시행령
2025-09-11 00:14:52,258 - INFO - [__main__] - 상세 페이지 스크레이퍼 실행: https://www.law.go.kr/LSW/lsInfoP.do?lsiSeq=269967&efYd=20270319
2025-09-11 00:14:52,602 - INFO - [scripts.law.logic.scraper] - 페이지로 이동 중: https://www.law.go.kr/LSW/lsInfoP.do?lsiSeq=269967&efYd=20270319
2025-09-11 00:14:53,166 - INFO - [scripts.law.logic.scraper] - 로딩 마스크가 나타나기를 기다리는 중...
2025-09-11 00:14:53,188 - INFO - [scripts.law.logic.scraper] - 로딩 마스크가 사라지기를 기다리는 중...
2025-09-11 00:14:53,270 - INFO - [scripts.law.logic.scraper] - 페이지 최종 렌더링을 잠시 대기합니다...
2025-09-11 00:14:54,273 - INFO - [scripts.law.logic.scraper] - 페이지 HTML 컨텐츠를 가져오는 중...
2025-09-11 00:14:54,296 - INFO - [scripts.law.logic.scraper] - 데이터 파싱 중...
2025-09-11 00:14:54,373 - INFO - [scripts.law.logic.scraper] - 데이터 1건을 '/Users/woong/Roeum/roeum-crawler/data/raw/law/1352000/장애인의 지역사회 자립 및 주거 전환 지원에 관한 법률_document.jsonl' 파일로 성공적으로 저장했습니다.
2025-09-11 00:14:54,373 - INFO - [scripts.law.logic.scraper] - 데이터 38건을 '/Users/woong/Roeum/roeum-crawler/data/raw/law/1352000/장애인의 지역사회 자립 및 주거 전환 지원에 관한 법률_chunks.jsonl' 파일로 성공적으로 저장했습니다.
2025-09-11 00:14:54,396 - INFO - [__main__] - 상세 페이지 스크레이퍼 완료: 장애인의 지역사회 자립 및 주거 전환 지원에 관한 법률
2025-09-11 00:14:55,612 - INFO - [__main__] - 상세 페이지 스크레이퍼 실행: https://www.law.go.kr/LSW/lsInfoP.do?lsiSeq=272851&efYd=20250801
2025-09-11 00:14:55,971 - INFO - [scripts.law.logic.scraper] - 페이지로 이동 중: https://www.law.go.kr/LSW/lsInfoP.do?lsiSeq=272851&efYd=20250801
2025-09-11 00:14:56,620 - INFO - [scripts.law.logic.scraper] - 로딩 마스크가 나타나기를 기다리는 중...
2025-09-11 00:14:56,648 - INFO - [scripts.law.logic.scraper] - 로딩 마스크가 사라지기를 기다리는 중...
2025-09-11 00:14:56,782 - INFO - [scripts.law.logic.scraper] - 페이지 최종 렌더링을 잠시 대기합니다...
2025-09-11 00:14:57,784 - INFO - [scripts.law.logic.scraper] - 페이지 HTML 컨텐츠를 가져오는 중...
2025-09-11 00:14:57,816 - INFO - [scripts.law.logic.scraper] - 데이터 파싱 중...
2025-09-11 00:14:57,921 - INFO - [scripts.law.logic.scraper] - 데이터 1건을 '/Users/woong/Roeum/roeum-crawler/data/raw/law/1352000/의료기기법 시행령_document.jsonl' 파일로 성공적으로 저장했습니다.
2025-09-11 00:14:57,922 - INFO - [scripts.law.logic.scraper] - 데이터 29건을 '/Users/woong/Roeum/roeum-crawler/data/raw/law/1352000/의료기기법 시행령_chunks.jsonl' 파일로 성공적으로 저장했습니다.
2025-09-11 00:14:57,945 - INFO - [__main__] - 상세 페이지 스크레이퍼 완료: 의료기기법 시행령
2025-09-11 00:14:59,177 - INFO - [__main__] - 상세 페이지 스크레이퍼 실행: https://www.law.go.kr/LSW/lsInfoP.do?lsiSeq=259525&efYd=20250731
2025-09-11 00:14:59,524 - INFO - [scripts.law.logic.scraper] - 페이지로 이동 중: https://www.law.go.kr/LSW/lsInfoP.do?lsiSeq=259525&efYd=20250731
2025-09-11 00:15:00,114 - INFO - [scripts.law.logic.scraper] - 로딩 마스크가 나타나기를 기다리는 중...
2025-09-11 00:15:00,134 - INFO - [scripts.law.logic.scraper] - 로딩 마스크가 사라지기를 기다리는 중...
2025-09-11 00:15:00,213 - INFO - [scripts.law.logic.scraper] - 페이지 최종 렌더링을 잠시 대기합니다...
2025-09-11 00:15:01,216 - INFO - [scripts.law.logic.scraper] - 페이지 HTML 컨텐츠를 가져오는 중...
2025-09-11 00:15:01,242 - INFO - [scripts.law.logic.scraper] - 데이터 파싱 중...
2025-09-11 00:15:01,327 - INFO - [scripts.law.logic.scraper] - 데이터 1건을 '/Users/woong/Roeum/roeum-crawler/data/raw/law/1352000/심뇌혈관질환의 예방 및 관리에 관한 법률_document.jsonl' 파일로 성공적으로 저장했습니다.
2025-09-11 00:15:01,327 - INFO - [scripts.law.logic.scraper] - 데이터 21건을 '/Users/woong/Roeum/roeum-crawler/data/raw/law/1352000/심뇌혈관질환의 예방 및 관리에 관한 법률_chunks.jsonl' 파일로 성공적으로 저장했습니다.
2025-09-11 00:15:01,348 - INFO - [__main__] - 상세 페이지 스크레이퍼 완료: 심뇌혈관질환의 예방 및 관리에 관한 법률
2025-09-11 00:15:02,574 - INFO - [__main__] - 상세 페이지 스크레이퍼 실행: https://www.law.go.kr/LSW/lsInfoP.do?lsiSeq=271057&efYd=20250719
2025-09-11 00:15:03,004 - INFO - [scripts.law.logic.scraper] - 페이지로 이동 중: https://www.law.go.kr/LSW/lsInfoP.do?lsiSeq=271057&efYd=20250719
2025-09-11 00:15:03,672 - INFO - [scripts.law.logic.scraper] - 로딩 마스크가 나타나기를 기다리는 중...
2025-09-11 00:15:03,706 - INFO - [scripts.law.logic.scraper] - 로딩 마스크가 사라지기를 기다리는 중...
2025-09-11 00:15:04,496 - INFO - [scripts.law.logic.scraper] - 페이지 최종 렌더링을 잠시 대기합니다...
2025-09-11 00:15:05,506 - INFO - [scripts.law.logic.scraper] - 페이지 HTML 컨텐츠를 가져오는 중...
2025-09-11 00:15:05,528 - INFO - [scripts.law.logic.scraper] - 데이터 파싱 중...
2025-09-11 00:15:05,567 - INFO - [scripts.law.logic.scraper] - 데이터 1건을 '/Users/woong/Roeum/roeum-crawler/data/raw/law/1352000/국제입양에 관한 법률 시행령_document.jsonl' 파일로 성공적으로 저장했습니다.
2025-09-11 00:15:05,567 - INFO - [scripts.law.logic.scraper] - 데이터 7건을 '/Users/woong/Roeum/roeum-crawler/data/raw/law/1352000/국제입양에 관한 법률 시행령_chunks.jsonl' 파일로 성공적으로 저장했습니다.
2025-09-11 00:15:05,605 - INFO - [__main__] - 상세 페이지 스크레이퍼 완료: 국제입양에 관한 법률 시행령
2025-09-11 00:15:06,800 - INFO - [__main__] - 상세 페이지 스크레이퍼 실행: https://www.law.go.kr/LSW/lsInfoP.do?lsiSeq=272549&efYd=20250621
2025-09-11 00:15:07,162 - INFO - [scripts.law.logic.scraper] - 페이지로 이동 중: https://www.law.go.kr/LSW/lsInfoP.do?lsiSeq=272549&efYd=20250621
2025-09-11 00:15:07,750 - INFO - [scripts.law.logic.scraper] - 로딩 마스크가 나타나기를 기다리는 중...
2025-09-11 00:15:07,771 - INFO - [scripts.law.logic.scraper] - 로딩 마스크가 사라지기를 기다리는 중...
2025-09-11 00:15:07,955 - INFO - [scripts.law.logic.scraper] - 페이지 최종 렌더링을 잠시 대기합니다...
2025-09-11 00:15:08,959 - INFO - [scripts.law.logic.scraper] - 페이지 HTML 컨텐츠를 가져오는 중...
2025-09-11 00:15:08,983 - INFO - [scripts.law.logic.scraper] - 데이터 파싱 중...
2025-09-11 00:15:09,037 - INFO - [scripts.law.logic.scraper] - 데이터 1건을 '/Users/woong/Roeum/roeum-crawler/data/raw/law/1352000/의료관계 행정처분 규칙_document.jsonl' 파일로 성공적으로 저장했습니다.
2025-09-11 00:15:09,037 - INFO - [scripts.law.logic.scraper] - 데이터 6건을 '/Users/woong/Roeum/roeum-crawler/data/raw/law/1352000/의료관계 행정처분 규칙_chunks.jsonl' 파일로 성공적으로 저장했습니다.
2025-09-11 00:15:09,059 - INFO - [__main__] - 상세 페이지 스크레이퍼 완료: 의료관계 행정처분 규칙
2025-09-11 00:15:10,273 - INFO - [__main__] - 상세 페이지 스크레이퍼 실행: https://www.law.go.kr/LSW/lsInfoP.do?lsiSeq=269841&efYd=20250311
2025-09-11 00:15:10,619 - INFO - [scripts.law.logic.scraper] - 페이지로 이동 중: https://www.law.go.kr/LSW/lsInfoP.do?lsiSeq=269841&efYd=20250311
2025-09-11 00:15:11,194 - INFO - [scripts.law.logic.scraper] - 로딩 마스크가 나타나기를 기다리는 중...
2025-09-11 00:15:11,214 - INFO - [scripts.law.logic.scraper] - 로딩 마스크가 사라지기를 기다리는 중...
2025-09-11 00:15:11,504 - INFO - [scripts.law.logic.scraper] - 페이지 최종 렌더링을 잠시 대기합니다...
2025-09-11 00:15:12,508 - INFO - [scripts.law.logic.scraper] - 페이지 HTML 컨텐츠를 가져오는 중...
2025-09-11 00:15:12,533 - INFO - [scripts.law.logic.scraper] - 데이터 파싱 중...
2025-09-11 00:15:12,646 - INFO - [scripts.law.logic.scraper] - 데이터 1건을 '/Users/woong/Roeum/roeum-crawler/data/raw/law/1352000/사회서비스 이용 및 이용권 관리에 관한 법률 시행규칙_document.jsonl' 파일로 성공적으로 저장했습니다.
2025-09-11 00:15:12,647 - INFO - [scripts.law.logic.scraper] - 데이터 26건을 '/Users/woong/Roeum/roeum-crawler/data/raw/law/1352000/사회서비스 이용 및 이용권 관리에 관한 법률 시행규칙_chunks.jsonl' 파일로 성공적으로 저장했습니다.
2025-09-11 00:15:12,701 - INFO - [__main__] - 상세 페이지 스크레이퍼 완료: 사회서비스 이용 및 이용권 관리에 관한 법률 시행규칙
2025-09-11 00:15:13,934 - INFO - [__main__] - 상세 페이지 스크레이퍼 실행: https://www.law.go.kr/LSW/lsInfoP.do?lsiSeq=269033&efYd=20250207
2025-09-11 00:15:14,429 - INFO - [scripts.law.logic.scraper] - 페이지로 이동 중: https://www.law.go.kr/LSW/lsInfoP.do?lsiSeq=269033&efYd=20250207
2025-09-11 00:15:15,068 - INFO - [scripts.law.logic.scraper] - 로딩 마스크가 나타나기를 기다리는 중...
2025-09-11 00:15:15,091 - INFO - [scripts.law.logic.scraper] - 로딩 마스크가 사라지기를 기다리는 중...
2025-09-11 00:15:15,274 - INFO - [scripts.law.logic.scraper] - 페이지 최종 렌더링을 잠시 대기합니다...
2025-09-11 00:15:16,277 - INFO - [scripts.law.logic.scraper] - 페이지 HTML 컨텐츠를 가져오는 중...
2025-09-11 00:15:16,296 - INFO - [scripts.law.logic.scraper] - 데이터 파싱 중...
2025-09-11 00:15:16,383 - INFO - [scripts.law.logic.scraper] - 데이터 1건을 '/Users/woong/Roeum/roeum-crawler/data/raw/law/1352000/마약류중독자 치료보호규정_document.jsonl' 파일로 성공적으로 저장했습니다.
2025-09-11 00:15:16,383 - INFO - [scripts.law.logic.scraper] - 데이터 19건을 '/Users/woong/Roeum/roeum-crawler/data/raw/law/1352000/마약류중독자 치료보호규정_chunks.jsonl' 파일로 성공적으로 저장했습니다.
2025-09-11 00:15:16,422 - INFO - [__main__] - 상세 페이지 스크레이퍼 완료: 마약류중독자 치료보호규정
2025-09-11 00:15:17,630 - INFO - [__main__] - 상세 페이지 스크레이퍼 실행: https://www.law.go.kr/LSW/lsInfoP.do?lsiSeq=259173&efYd=20250124
2025-09-11 00:15:18,048 - INFO - [scripts.law.logic.scraper] - 페이지로 이동 중: https://www.law.go.kr/LSW/lsInfoP.do?lsiSeq=259173&efYd=20250124
2025-09-11 00:15:18,713 - INFO - [scripts.law.logic.scraper] - 로딩 마스크가 나타나기를 기다리는 중...
2025-09-11 00:15:18,747 - INFO - [scripts.law.logic.scraper] - 로딩 마스크가 사라지기를 기다리는 중...
2025-09-11 00:15:18,962 - INFO - [scripts.law.logic.scraper] - 페이지 최종 렌더링을 잠시 대기합니다...
2025-09-11 00:15:19,969 - INFO - [scripts.law.logic.scraper] - 페이지 HTML 컨텐츠를 가져오는 중...
2025-09-11 00:15:19,997 - INFO - [scripts.law.logic.scraper] - 데이터 파싱 중...
2025-09-11 00:15:20,130 - INFO - [scripts.law.logic.scraper] - 데이터 1건을 '/Users/woong/Roeum/roeum-crawler/data/raw/law/1352000/장사 등에 관한 법률_document.jsonl' 파일로 성공적으로 저장했습니다.
2025-09-11 00:15:20,131 - INFO - [scripts.law.logic.scraper] - 데이터 54건을 '/Users/woong/Roeum/roeum-crawler/data/raw/law/1352000/장사 등에 관한 법률_chunks.jsonl' 파일로 성공적으로 저장했습니다.
2025-09-11 00:15:20,169 - INFO - [__main__] - 상세 페이지 스크레이퍼 완료: 장사 등에 관한 법률
2025-09-11 00:15:21,362 - INFO - [__main__] - 상세 페이지 스크레이퍼 실행: https://www.law.go.kr/LSW/lsInfoP.do?lsiSeq=266435&efYd=20241107
2025-09-11 00:15:21,752 - INFO - [scripts.law.logic.scraper] - 페이지로 이동 중: https://www.law.go.kr/LSW/lsInfoP.do?lsiSeq=266435&efYd=20241107
2025-09-11 00:15:22,371 - INFO - [scripts.law.logic.scraper] - 로딩 마스크가 나타나기를 기다리는 중...
2025-09-11 00:15:22,392 - INFO - [scripts.law.logic.scraper] - 로딩 마스크가 사라지기를 기다리는 중...
2025-09-11 00:15:22,432 - INFO - [scripts.law.logic.scraper] - 페이지 최종 렌더링을 잠시 대기합니다...
2025-09-11 00:15:23,435 - INFO - [scripts.law.logic.scraper] - 페이지 HTML 컨텐츠를 가져오는 중...
2025-09-11 00:15:23,464 - INFO - [scripts.law.logic.scraper] - 데이터 파싱 중...
2025-09-11 00:15:23,548 - INFO - [scripts.law.logic.scraper] - 데이터 1건을 '/Users/woong/Roeum/roeum-crawler/data/raw/law/1352000/환자안전법 시행규칙_document.jsonl' 파일로 성공적으로 저장했습니다.
2025-09-11 00:15:23,548 - INFO - [scripts.law.logic.scraper] - 데이터 21건을 '/Users/woong/Roeum/roeum-crawler/data/raw/law/1352000/환자안전법 시행규칙_chunks.jsonl' 파일로 성공적으로 저장했습니다.
2025-09-11 00:15:23,569 - INFO - [__main__] - 상세 페이지 스크레이퍼 완료: 환자안전법 시행규칙
2025-09-11 00:15:24,788 - INFO - [__main__] - 상세 페이지 스크레이퍼 실행: https://www.law.go.kr/LSW/lsInfoP.do?lsiSeq=266205&efYd=20241105
2025-09-11 00:15:25,136 - INFO - [scripts.law.logic.scraper] - 페이지로 이동 중: https://www.law.go.kr/LSW/lsInfoP.do?lsiSeq=266205&efYd=20241105
2025-09-11 00:15:25,759 - INFO - [scripts.law.logic.scraper] - 로딩 마스크가 나타나기를 기다리는 중...
2025-09-11 00:15:25,788 - INFO - [scripts.law.logic.scraper] - 로딩 마스크가 사라지기를 기다리는 중...
2025-09-11 00:15:25,871 - INFO - [scripts.law.logic.scraper] - 페이지 최종 렌더링을 잠시 대기합니다...
2025-09-11 00:15:26,873 - INFO - [scripts.law.logic.scraper] - 페이지 HTML 컨텐츠를 가져오는 중...
2025-09-11 00:15:26,890 - INFO - [scripts.law.logic.scraper] - 데이터 파싱 중...
2025-09-11 00:15:26,931 - INFO - [scripts.law.logic.scraper] - 데이터 1건을 '/Users/woong/Roeum/roeum-crawler/data/raw/law/1352000/국가바이오위원회의 설치 및 운영에 관한 규정_document.jsonl' 파일로 성공적으로 저장했습니다.
2025-09-11 00:15:26,931 - INFO - [scripts.law.logic.scraper] - 데이터 15건을 '/Users/woong/Roeum/roeum-crawler/data/raw/law/1352000/국가바이오위원회의 설치 및 운영에 관한 규정_chunks.jsonl' 파일로 성공적으로 저장했습니다.
2025-09-11 00:15:26,984 - INFO - [__main__] - 상세 페이지 스크레이퍼 완료: 국가바이오위원회의 설치 및 운영에 관한 규정
2025-09-11 00:15:28,197 - INFO - [__main__] - 상세 페이지 스크레이퍼 실행: https://www.law.go.kr/LSW/lsInfoP.do?lsiSeq=266187&efYd=20241101
2025-09-11 00:15:28,594 - INFO - [scripts.law.logic.scraper] - 페이지로 이동 중: https://www.law.go.kr/LSW/lsInfoP.do?lsiSeq=266187&efYd=20241101
2025-09-11 00:15:29,208 - INFO - [scripts.law.logic.scraper] - 로딩 마스크가 나타나기를 기다리는 중...
2025-09-11 00:15:39,222 - WARNING - [scripts.law.logic.scraper] - 로딩 마스크가 감지되지 않았습니다. 페이지 로드가 완료된 것으로 간주하고 계속 진행합니다.
2025-09-11 00:15:39,223 - INFO - [scripts.law.logic.scraper] - 페이지 최종 렌더링을 잠시 대기합니다...
2025-09-11 00:15:40,229 - INFO - [scripts.law.logic.scraper] - 페이지 HTML 컨텐츠를 가져오는 중...
2025-09-11 00:15:40,255 - INFO - [scripts.law.logic.scraper] - 데이터 파싱 중...
2025-09-11 00:15:40,326 - INFO - [scripts.law.logic.scraper] - 데이터 1건을 '/Users/woong/Roeum/roeum-crawler/data/raw/law/1352000/노인 일자리 및 사회활동 지원에 관한 법률 시행령_document.jsonl' 파일로 성공적으로 저장했습니다.
2025-09-11 00:15:40,327 - INFO - [scripts.law.logic.scraper] - 데이터 15건을 '/Users/woong/Roeum/roeum-crawler/data/raw/law/1352000/노인 일자리 및 사회활동 지원에 관한 법률 시행령_chunks.jsonl' 파일로 성공적으로 저장했습니다.
2025-09-11 00:15:40,360 - INFO - [__main__] - 상세 페이지 스크레이퍼 완료: 노인 일자리 및 사회활동 지원에 관한 법률 시행령
2025-09-11 00:15:41,638 - INFO - [__main__] - 상세 페이지 스크레이퍼 실행: https://www.law.go.kr/LSW/lsInfoP.do?lsiSeq=265915&efYd=20241022
2025-09-11 00:15:42,089 - INFO - [scripts.law.logic.scraper] - 페이지로 이동 중: https://www.law.go.kr/LSW/lsInfoP.do?lsiSeq=265915&efYd=20241022
2025-09-11 00:15:42,705 - INFO - [scripts.law.logic.scraper] - 로딩 마스크가 나타나기를 기다리는 중...
2025-09-11 00:15:42,724 - INFO - [scripts.law.logic.scraper] - 로딩 마스크가 사라지기를 기다리는 중...
2025-09-11 00:15:42,841 - INFO - [scripts.law.logic.scraper] - 페이지 최종 렌더링을 잠시 대기합니다...
2025-09-11 00:15:43,845 - INFO - [scripts.law.logic.scraper] - 페이지 HTML 컨텐츠를 가져오는 중...
2025-09-11 00:15:43,874 - INFO - [scripts.law.logic.scraper] - 데이터 파싱 중...
2025-09-11 00:15:43,961 - INFO - [scripts.law.logic.scraper] - 데이터 1건을 '/Users/woong/Roeum/roeum-crawler/data/raw/law/1352000/대한적십자사 조직법_document.jsonl' 파일로 성공적으로 저장했습니다.
2025-09-11 00:15:43,961 - INFO - [scripts.law.logic.scraper] - 데이터 30건을 '/Users/woong/Roeum/roeum-crawler/data/raw/law/1352000/대한적십자사 조직법_chunks.jsonl' 파일로 성공적으로 저장했습니다.
2025-09-11 00:15:43,982 - INFO - [__main__] - 상세 페이지 스크레이퍼 완료: 대한적십자사 조직법
2025-09-11 00:15:45,194 - INFO - [__main__] - 상세 페이지 스크레이퍼 실행: https://www.law.go.kr/LSW/lsInfoP.do?lsiSeq=259847&efYd=20240807
2025-09-11 00:15:45,544 - INFO - [scripts.law.logic.scraper] - 페이지로 이동 중: https://www.law.go.kr/LSW/lsInfoP.do?lsiSeq=259847&efYd=20240807
2025-09-11 00:15:46,140 - INFO - [scripts.law.logic.scraper] - 로딩 마스크가 나타나기를 기다리는 중...
2025-09-11 00:15:46,163 - INFO - [scripts.law.logic.scraper] - 로딩 마스크가 사라지기를 기다리는 중...
2025-09-11 00:15:47,461 - INFO - [scripts.law.logic.scraper] - 페이지 최종 렌더링을 잠시 대기합니다...
2025-09-11 00:15:48,469 - INFO - [scripts.law.logic.scraper] - 페이지 HTML 컨텐츠를 가져오는 중...
2025-09-11 00:15:48,520 - INFO - [scripts.law.logic.scraper] - 데이터 파싱 중...
2025-09-11 00:15:48,744 - INFO - [scripts.law.logic.scraper] - 데이터 1건을 '/Users/woong/Roeum/roeum-crawler/data/raw/law/1352000/중증장애인생산품 우선구매 특별법_document.jsonl' 파일로 성공적으로 저장했습니다.
2025-09-11 00:15:48,746 - INFO - [scripts.law.logic.scraper] - 데이터 28건을 '/Users/woong/Roeum/roeum-crawler/data/raw/law/1352000/중증장애인생산품 우선구매 특별법_chunks.jsonl' 파일로 성공적으로 저장했습니다.
2025-09-11 00:15:48,829 - INFO - [__main__] - 상세 페이지 스크레이퍼 완료: 중증장애인생산품 우선구매 특별법
2025-09-11 00:15:50,427 - INFO - [__main__] - 상세 페이지 스크레이퍼 실행: https://www.law.go.kr/LSW/lsInfoP.do?lsiSeq=255883&efYd=20240719
2025-09-11 00:15:51,318 - INFO - [scripts.law.logic.scraper] - 페이지로 이동 중: https://www.law.go.kr/LSW/lsInfoP.do?lsiSeq=255883&efYd=20240719
2025-09-11 00:15:52,007 - INFO - [scripts.law.logic.scraper] - 로딩 마스크가 나타나기를 기다리는 중...
2025-09-11 00:16:02,063 - WARNING - [scripts.law.logic.scraper] - 로딩 마스크가 감지되지 않았습니다. 페이지 로드가 완료된 것으로 간주하고 계속 진행합니다.
2025-09-11 00:16:02,069 - INFO - [scripts.law.logic.scraper] - 페이지 최종 렌더링을 잠시 대기합니다...
2025-09-11 00:16:03,104 - INFO - [scripts.law.logic.scraper] - 페이지 HTML 컨텐츠를 가져오는 중...
2025-09-11 00:16:03,152 - INFO - [scripts.law.logic.scraper] - 데이터 파싱 중...
2025-09-11 00:16:03,361 - INFO - [scripts.law.logic.scraper] - 데이터 1건을 '/Users/woong/Roeum/roeum-crawler/data/raw/law/1352000/위기 임신 및 보호출산 지원과 아동 보호에 관한 특별법_document.jsonl' 파일로 성공적으로 저장했습니다.
2025-09-11 00:16:03,363 - INFO - [scripts.law.logic.scraper] - 데이터 26건을 '/Users/woong/Roeum/roeum-crawler/data/raw/law/1352000/위기 임신 및 보호출산 지원과 아동 보호에 관한 특별법_chunks.jsonl' 파일로 성공적으로 저장했습니다.
2025-09-11 00:16:03,431 - INFO - [__main__] - 상세 페이지 스크레이퍼 완료: 위기 임신 및 보호출산 지원과 아동 보호에 관한 특별법
2025-09-11 00:16:05,018 - INFO - [__main__] - 상세 페이지 스크레이퍼 실행: https://www.law.go.kr/LSW/lsInfoP.do?lsiSeq=259255&efYd=20240424
2025-09-11 00:16:05,919 - INFO - [scripts.law.logic.scraper] - 페이지로 이동 중: https://www.law.go.kr/LSW/lsInfoP.do?lsiSeq=259255&efYd=20240424
2025-09-11 00:16:06,624 - INFO - [scripts.law.logic.scraper] - 로딩 마스크가 나타나기를 기다리는 중...
2025-09-11 00:16:16,633 - WARNING - [scripts.law.logic.scraper] - 로딩 마스크가 감지되지 않았습니다. 페이지 로드가 완료된 것으로 간주하고 계속 진행합니다.
2025-09-11 00:16:16,634 - INFO - [scripts.law.logic.scraper] - 페이지 최종 렌더링을 잠시 대기합니다...
2025-09-11 00:16:17,641 - INFO - [scripts.law.logic.scraper] - 페이지 HTML 컨텐츠를 가져오는 중...
2025-09-11 00:16:17,661 - INFO - [scripts.law.logic.scraper] - 데이터 파싱 중...
2025-09-11 00:16:17,728 - INFO - [scripts.law.logic.scraper] - 데이터 1건을 '/Users/woong/Roeum/roeum-crawler/data/raw/law/1352000/저출산ㆍ고령사회기본법_document.jsonl' 파일로 성공적으로 저장했습니다.
2025-09-11 00:16:17,728 - INFO - [scripts.law.logic.scraper] - 데이터 36건을 '/Users/woong/Roeum/roeum-crawler/data/raw/law/1352000/저출산ㆍ고령사회기본법_chunks.jsonl' 파일로 성공적으로 저장했습니다.
2025-09-11 00:16:17,776 - INFO - [__main__] - 상세 페이지 스크레이퍼 완료: 저출산ㆍ고령사회기본법
2025-09-11 00:16:19,051 - INFO - [__main__] - 상세 페이지 스크레이퍼 실행: https://www.law.go.kr/LSW/lsInfoP.do?lsiSeq=256029&efYd=20231116
2025-09-11 00:16:19,501 - INFO - [scripts.law.logic.scraper] - 페이지로 이동 중: https://www.law.go.kr/LSW/lsInfoP.do?lsiSeq=256029&efYd=20231116
2025-09-11 00:16:20,142 - INFO - [scripts.law.logic.scraper] - 로딩 마스크가 나타나기를 기다리는 중...
2025-09-11 00:16:30,156 - WARNING - [scripts.law.logic.scraper] - 로딩 마스크가 감지되지 않았습니다. 페이지 로드가 완료된 것으로 간주하고 계속 진행합니다.
2025-09-11 00:16:30,158 - INFO - [scripts.law.logic.scraper] - 페이지 최종 렌더링을 잠시 대기합니다...
2025-09-11 00:16:31,170 - INFO - [scripts.law.logic.scraper] - 페이지 HTML 컨텐츠를 가져오는 중...
2025-09-11 00:16:31,190 - INFO - [scripts.law.logic.scraper] - 데이터 파싱 중...
2025-09-11 00:16:31,254 - INFO - [scripts.law.logic.scraper] - 데이터 1건을 '/Users/woong/Roeum/roeum-crawler/data/raw/law/1352000/공중보건장학을 위한 특례법 시행령_document.jsonl' 파일로 성공적으로 저장했습니다.
2025-09-11 00:16:31,254 - INFO - [scripts.law.logic.scraper] - 데이터 15건을 '/Users/woong/Roeum/roeum-crawler/data/raw/law/1352000/공중보건장학을 위한 특례법 시행령_chunks.jsonl' 파일로 성공적으로 저장했습니다.
2025-09-11 00:16:31,322 - INFO - [__main__] - 상세 페이지 스크레이퍼 완료: 공중보건장학을 위한 특례법 시행령
2025-09-11 00:16:32,625 - INFO - [__main__] - 상세 페이지 스크레이퍼 실행: https://www.law.go.kr/LSW/lsInfoP.do?lsiSeq=246999&efYd=20230101
2025-09-11 00:16:33,391 - INFO - [scripts.law.logic.scraper] - 페이지로 이동 중: https://www.law.go.kr/LSW/lsInfoP.do?lsiSeq=246999&efYd=20230101
2025-09-11 00:16:33,997 - INFO - [scripts.law.logic.scraper] - 로딩 마스크가 나타나기를 기다리는 중...
2025-09-11 00:16:34,018 - INFO - [scripts.law.logic.scraper] - 로딩 마스크가 사라지기를 기다리는 중...
2025-09-11 00:16:34,278 - INFO - [scripts.law.logic.scraper] - 페이지 최종 렌더링을 잠시 대기합니다...
2025-09-11 00:16:35,281 - INFO - [scripts.law.logic.scraper] - 페이지 HTML 컨텐츠를 가져오는 중...
2025-09-11 00:16:35,323 - INFO - [scripts.law.logic.scraper] - 데이터 파싱 중...
2025-09-11 00:16:35,485 - INFO - [scripts.law.logic.scraper] - 데이터 1건을 '/Users/woong/Roeum/roeum-crawler/data/raw/law/1352000/사회복지법인 및 사회복지시설 재무ㆍ회계 규칙_document.jsonl' 파일로 성공적으로 저장했습니다.
2025-09-11 00:16:35,486 - INFO - [scripts.law.logic.scraper] - 데이터 57건을 '/Users/woong/Roeum/roeum-crawler/data/raw/law/1352000/사회복지법인 및 사회복지시설 재무ㆍ회계 규칙_chunks.jsonl' 파일로 성공적으로 저장했습니다.
2025-09-11 00:16:35,542 - INFO - [__main__] - 상세 페이지 스크레이퍼 완료: 사회복지법인 및 사회복지시설 재무ㆍ회계 규칙
2025-09-11 00:16:36,866 - INFO - [__main__] - 상세 페이지 스크레이퍼 실행: https://www.law.go.kr/LSW/lsInfoP.do?lsiSeq=246305&efYd=20221220
2025-09-11 00:16:37,364 - INFO - [scripts.law.logic.scraper] - 페이지로 이동 중: https://www.law.go.kr/LSW/lsInfoP.do?lsiSeq=246305&efYd=20221220
2025-09-11 00:16:37,998 - INFO - [scripts.law.logic.scraper] - 로딩 마스크가 나타나기를 기다리는 중...
2025-09-11 00:16:38,021 - INFO - [scripts.law.logic.scraper] - 로딩 마스크가 사라지기를 기다리는 중...
2025-09-11 00:16:38,124 - INFO - [scripts.law.logic.scraper] - 페이지 최종 렌더링을 잠시 대기합니다...
2025-09-11 00:16:39,126 - INFO - [scripts.law.logic.scraper] - 페이지 HTML 컨텐츠를 가져오는 중...
2025-09-11 00:16:39,139 - INFO - [scripts.law.logic.scraper] - 데이터 파싱 중...
2025-09-11 00:16:39,206 - INFO - [scripts.law.logic.scraper] - 데이터 1건을 '/Users/woong/Roeum/roeum-crawler/data/raw/law/1352000/의료기사 등에 관한 법률 시행령_document.jsonl' 파일로 성공적으로 저장했습니다.
2025-09-11 00:16:39,207 - INFO - [scripts.law.logic.scraper] - 데이터 21건을 '/Users/woong/Roeum/roeum-crawler/data/raw/law/1352000/의료기사 등에 관한 법률 시행령_chunks.jsonl' 파일로 성공적으로 저장했습니다.
2025-09-11 00:16:39,238 - INFO - [__main__] - 상세 페이지 스크레이퍼 완료: 의료기사 등에 관한 법률 시행령
2025-09-11 00:16:40,441 - INFO - [__main__] - 상세 페이지 스크레이퍼 실행: https://www.law.go.kr/LSW/lsInfoP.do?lsiSeq=208499&efYd=20190524
2025-09-11 00:16:40,811 - INFO - [scripts.law.logic.scraper] - 페이지로 이동 중: https://www.law.go.kr/LSW/lsInfoP.do?lsiSeq=208499&efYd=20190524
2025-09-11 00:16:41,491 - INFO - [scripts.law.logic.scraper] - 로딩 마스크가 나타나기를 기다리는 중...
2025-09-11 00:16:41,525 - INFO - [scripts.law.logic.scraper] - 로딩 마스크가 사라지기를 기다리는 중...
2025-09-11 00:16:42,315 - INFO - [scripts.law.logic.scraper] - 페이지 최종 렌더링을 잠시 대기합니다...
2025-09-11 00:16:43,318 - INFO - [scripts.law.logic.scraper] - 페이지 HTML 컨텐츠를 가져오는 중...
2025-09-11 00:16:43,328 - INFO - [scripts.law.logic.scraper] - 데이터 파싱 중...
2025-09-11 00:16:43,364 - INFO - [scripts.law.logic.scraper] - 데이터 1건을 '/Users/woong/Roeum/roeum-crawler/data/raw/law/1352000/보호시설에 있는 미성년자의 후견 직무에 관한 법률 시행령_document.jsonl' 파일로 성공적으로 저장했습니다.
2025-09-11 00:16:43,364 - INFO - [scripts.law.logic.scraper] - 데이터 4건을 '/Users/woong/Roeum/roeum-crawler/data/raw/law/1352000/보호시설에 있는 미성년자의 후견 직무에 관한 법률 시행령_chunks.jsonl' 파일로 성공적으로 저장했습니다.
2025-09-11 00:16:43,405 - INFO - [__main__] - 상세 페이지 스크레이퍼 완료: 보호시설에 있는 미성년자의 후견 직무에 관한 법률 시행령
2025-09-11 00:16:44,635 - INFO - [__main__] - 상세 페이지 스크레이퍼 실행: https://www.law.go.kr/LSW/lsInfoP.do?lsiSeq=180744&efYd=20160804
2025-09-11 00:16:45,051 - INFO - [scripts.law.logic.scraper] - 페이지로 이동 중: https://www.law.go.kr/LSW/lsInfoP.do?lsiSeq=180744&efYd=20160804
2025-09-11 00:16:45,670 - INFO - [scripts.law.logic.scraper] - 로딩 마스크가 나타나기를 기다리는 중...
2025-09-11 00:16:45,694 - INFO - [scripts.law.logic.scraper] - 로딩 마스크가 사라지기를 기다리는 중...
2025-09-11 00:16:46,484 - INFO - [scripts.law.logic.scraper] - 페이지 최종 렌더링을 잠시 대기합니다...
2025-09-11 00:16:47,487 - INFO - [scripts.law.logic.scraper] - 페이지 HTML 컨텐츠를 가져오는 중...
2025-09-11 00:16:47,506 - INFO - [scripts.law.logic.scraper] - 데이터 파싱 중...
2025-09-11 00:16:47,541 - INFO - [scripts.law.logic.scraper] - 데이터 1건을 '/Users/woong/Roeum/roeum-crawler/data/raw/law/1352000/대한노인회 지원에 관한 법률_document.jsonl' 파일로 성공적으로 저장했습니다.
2025-09-11 00:16:47,541 - INFO - [scripts.law.logic.scraper] - 데이터 11건을 '/Users/woong/Roeum/roeum-crawler/data/raw/law/1352000/대한노인회 지원에 관한 법률_chunks.jsonl' 파일로 성공적으로 저장했습니다.
2025-09-11 00:16:47,584 - INFO - [__main__] - 상세 페이지 스크레이퍼 완료: 대한노인회 지원에 관한 법률
2025-09-11 00:16:48,870 - INFO - [__main__] - 상세 페이지 스크레이퍼 실행: https://www.law.go.kr/LSW/lsInfoP.do?lsiSeq=175133&efYd=20150922
2025-09-11 00:16:49,584 - INFO - [scripts.law.logic.scraper] - 페이지로 이동 중: https://www.law.go.kr/LSW/lsInfoP.do?lsiSeq=175133&efYd=20150922
2025-09-11 00:16:50,602 - INFO - [scripts.law.logic.scraper] - 로딩 마스크가 나타나기를 기다리는 중...
2025-09-11 00:16:50,661 - INFO - [scripts.law.logic.scraper] - 로딩 마스크가 사라지기를 기다리는 중...
2025-09-11 00:16:51,457 - INFO - [scripts.law.logic.scraper] - 페이지 최종 렌더링을 잠시 대기합니다...
2025-09-11 00:16:52,462 - INFO - [scripts.law.logic.scraper] - 페이지 HTML 컨텐츠를 가져오는 중...
2025-09-11 00:16:52,478 - INFO - [scripts.law.logic.scraper] - 데이터 파싱 중...
2025-09-11 00:16:52,523 - INFO - [scripts.law.logic.scraper] - 데이터 1건을 '/Users/woong/Roeum/roeum-crawler/data/raw/law/1352000/실종아동등의 보호 및 지원에 관한 법률 시행규칙_document.jsonl' 파일로 성공적으로 저장했습니다.
2025-09-11 00:16:52,524 - INFO - [scripts.law.logic.scraper] - 데이터 6건을 '/Users/woong/Roeum/roeum-crawler/data/raw/law/1352000/실종아동등의 보호 및 지원에 관한 법률 시행규칙_chunks.jsonl' 파일로 성공적으로 저장했습니다.
2025-09-11 00:16:52,577 - INFO - [__main__] - 상세 페이지 스크레이퍼 완료: 실종아동등의 보호 및 지원에 관한 법률 시행규칙
