2025-09-19 22:57:24,190 - INFO - [scripts.adrule.logic.url_checker] - URL 유효성 검증 성공: https://www.law.go.kr/admRulAstSc.do?menuId=391&subMenuId=397&tabMenuId=441&cptOfiCd=1492000
2025-09-19 22:57:24,343 - INFO - [scripts.adrule.logic.list_scraper] - 스크레이핑을 시작합니다...
2025-09-19 22:57:24,663 - INFO - [scripts.adrule.logic.list_scraper] - 시작 페이지로 이동 중: https://www.law.go.kr/admRulAstSc.do?menuId=391&subMenuId=397&tabMenuId=441&cptOfiCd=1492000
2025-09-19 22:57:25,996 - INFO - [scripts.adrule.logic.list_scraper] - 총 9 페이지를 확인했습니다.
2025-09-19 22:57:25,996 - INFO - [scripts.adrule.logic.list_scraper] - --- 1 / 9 페이지 처리 중 ---
2025-09-19 22:57:26,257 - INFO - [scripts.adrule.logic.list_scraper] - 현재 페이지에서 50개의 링크를 발견, 50개를 최종 추가했습니다.
2025-09-19 22:57:26,257 - INFO - [scripts.adrule.logic.list_scraper] - --- 2 / 9 페이지 처리 중 ---
2025-09-19 22:57:26,262 - INFO - [scripts.adrule.logic.list_scraper] - 2 페이지로 이동합니다...
2025-09-19 22:57:26,266 - INFO - [scripts.adrule.logic.list_scraper] - 페이지 내용이 갱신되기를 대기합니다...
2025-09-19 22:57:26,390 - INFO - [scripts.adrule.logic.list_scraper] - 페이지 내용 갱신 확인 및 로딩 완료.
2025-09-19 22:57:26,631 - INFO - [scripts.adrule.logic.list_scraper] - 현재 페이지에서 50개의 링크를 발견, 50개를 최종 추가했습니다.
2025-09-19 22:57:26,631 - INFO - [scripts.adrule.logic.list_scraper] - --- 3 / 9 페이지 처리 중 ---
2025-09-19 22:57:26,633 - INFO - [scripts.adrule.logic.list_scraper] - 3 페이지로 이동합니다...
2025-09-19 22:57:26,637 - INFO - [scripts.adrule.logic.list_scraper] - 페이지 내용이 갱신되기를 대기합니다...
2025-09-19 22:57:26,778 - INFO - [scripts.adrule.logic.list_scraper] - 페이지 내용 갱신 확인 및 로딩 완료.
2025-09-19 22:57:27,029 - INFO - [scripts.adrule.logic.list_scraper] - 현재 페이지에서 50개의 링크를 발견, 50개를 최종 추가했습니다.
2025-09-19 22:57:27,029 - INFO - [scripts.adrule.logic.list_scraper] - --- 4 / 9 페이지 처리 중 ---
2025-09-19 22:57:27,032 - INFO - [scripts.adrule.logic.list_scraper] - 4 페이지로 이동합니다...
2025-09-19 22:57:27,036 - INFO - [scripts.adrule.logic.list_scraper] - 페이지 내용이 갱신되기를 대기합니다...
2025-09-19 22:57:27,410 - INFO - [scripts.adrule.logic.list_scraper] - 페이지 내용 갱신 확인 및 로딩 완료.
2025-09-19 22:57:27,673 - INFO - [scripts.adrule.logic.list_scraper] - 현재 페이지에서 50개의 링크를 발견, 50개를 최종 추가했습니다.
2025-09-19 22:57:27,673 - INFO - [scripts.adrule.logic.list_scraper] - --- 5 / 9 페이지 처리 중 ---
2025-09-19 22:57:27,676 - INFO - [scripts.adrule.logic.list_scraper] - 5 페이지로 이동합니다...
2025-09-19 22:57:27,678 - INFO - [scripts.adrule.logic.list_scraper] - 페이지 내용이 갱신되기를 대기합니다...
2025-09-19 22:57:27,810 - INFO - [scripts.adrule.logic.list_scraper] - 페이지 내용 갱신 확인 및 로딩 완료.
2025-09-19 22:57:28,042 - INFO - [scripts.adrule.logic.list_scraper] - 현재 페이지에서 50개의 링크를 발견, 50개를 최종 추가했습니다.
2025-09-19 22:57:28,042 - INFO - [scripts.adrule.logic.list_scraper] - --- 6 / 9 페이지 처리 중 ---
2025-09-19 22:57:28,045 - INFO - [scripts.adrule.logic.list_scraper] - 6 페이지로 이동합니다...
2025-09-19 22:57:28,048 - INFO - [scripts.adrule.logic.list_scraper] - 페이지 내용이 갱신되기를 대기합니다...
2025-09-19 22:57:28,175 - INFO - [scripts.adrule.logic.list_scraper] - 페이지 내용 갱신 확인 및 로딩 완료.
2025-09-19 22:57:28,399 - INFO - [scripts.adrule.logic.list_scraper] - 현재 페이지에서 50개의 링크를 발견, 50개를 최종 추가했습니다.
2025-09-19 22:57:28,399 - INFO - [scripts.adrule.logic.list_scraper] - --- 7 / 9 페이지 처리 중 ---
2025-09-19 22:57:28,403 - INFO - [scripts.adrule.logic.list_scraper] - 7 페이지로 이동합니다...
2025-09-19 22:57:28,410 - INFO - [scripts.adrule.logic.list_scraper] - 페이지 내용이 갱신되기를 대기합니다...
2025-09-19 22:57:28,781 - INFO - [scripts.adrule.logic.list_scraper] - 페이지 내용 갱신 확인 및 로딩 완료.
2025-09-19 22:57:29,031 - INFO - [scripts.adrule.logic.list_scraper] - 현재 페이지에서 50개의 링크를 발견, 50개를 최종 추가했습니다.
2025-09-19 22:57:29,031 - INFO - [scripts.adrule.logic.list_scraper] - --- 8 / 9 페이지 처리 중 ---
2025-09-19 22:57:29,034 - INFO - [scripts.adrule.logic.list_scraper] - 8 페이지로 이동합니다...
2025-09-19 22:57:29,037 - INFO - [scripts.adrule.logic.list_scraper] - 페이지 내용이 갱신되기를 대기합니다...
2025-09-19 22:57:29,177 - INFO - [scripts.adrule.logic.list_scraper] - 페이지 내용 갱신 확인 및 로딩 완료.
2025-09-19 22:57:29,407 - INFO - [scripts.adrule.logic.list_scraper] - 현재 페이지에서 50개의 링크를 발견, 50개를 최종 추가했습니다.
2025-09-19 22:57:29,407 - INFO - [scripts.adrule.logic.list_scraper] - --- 9 / 9 페이지 처리 중 ---
2025-09-19 22:57:29,410 - INFO - [scripts.adrule.logic.list_scraper] - 9 페이지로 이동합니다...
2025-09-19 22:57:29,413 - INFO - [scripts.adrule.logic.list_scraper] - 페이지 내용이 갱신되기를 대기합니다...
2025-09-19 22:57:29,522 - INFO - [scripts.adrule.logic.list_scraper] - 페이지 내용 갱신 확인 및 로딩 완료.
2025-09-19 22:57:29,620 - INFO - [scripts.adrule.logic.list_scraper] - 현재 페이지에서 18개의 링크를 발견, 18개를 최종 추가했습니다.
2025-09-19 22:57:29,620 - INFO - [scripts.adrule.logic.list_scraper] - 브라우저를 닫습니다.
2025-09-19 22:57:29,644 - INFO - [scripts.adrule.logic.list_scraper] - 스크레이핑 완료. 총 418개의 URL을 수집했습니다.
2025-09-19 22:57:29,646 - INFO - [__main__] - 총 418개의 URL을 './bin/../data/raw/adrule/1492000/urls.jsonl' 파일에 저장했습니다.
2025-09-19 22:57:30,313 - INFO - [__main__] - 상세 페이지 스크레이퍼 실행: https://www.law.go.kr/admRulInfoP.do?admRulSeq=2100000252102
2025-09-19 22:57:30,708 - INFO - [scripts.adrule.logic.scraper] - 페이지로 이동 중: https://www.law.go.kr/admRulInfoP.do?admRulSeq=2100000252102
2025-09-19 22:57:31,329 - INFO - [scripts.adrule.logic.scraper] - 로딩 마스크가 나타나기를 기다리는 중...
2025-09-19 22:57:31,348 - INFO - [scripts.adrule.logic.scraper] - 로딩 마스크가 사라지기를 기다리는 중...
2025-09-19 22:57:31,637 - INFO - [scripts.adrule.logic.scraper] - 페이지 최종 렌더링을 잠시 대기합니다...
2025-09-19 22:57:32,641 - INFO - [scripts.adrule.logic.scraper] - 페이지 HTML 컨텐츠를 가져오는 중...
2025-09-19 22:57:32,653 - INFO - [scripts.adrule.logic.scraper] - 데이터 파싱 중...
2025-09-19 22:57:32,698 - INFO - [scripts.adrule.logic.scraper] - 유형 2: 텍스트 기반 비정형 구조 감지
2025-09-19 22:57:32,701 - INFO - [scripts.adrule.logic.scraper] - 데이터 1건을 '/Users/woong/Roeum/roeum-crawler/data/raw/adrule/1492000/2025년도 건설업 월평균보수_document.jsonl' 파일로 성공적으로 저장했습니다.
2025-09-19 22:57:32,702 - INFO - [scripts.adrule.logic.scraper] - 데이터 2건을 '/Users/woong/Roeum/roeum-crawler/data/raw/adrule/1492000/2025년도 건설업 월평균보수_chunks.jsonl' 파일로 성공적으로 저장했습니다.
2025-09-19 22:57:32,723 - INFO - [__main__] - 상세 페이지 스크레이퍼 완료: 2025년도 건설업 월평균보수
2025-09-19 22:57:34,233 - INFO - [__main__] - 상세 페이지 스크레이퍼 실행: https://www.law.go.kr/admRulInfoP.do?admRulSeq=2100000251996
2025-09-19 22:57:34,586 - INFO - [scripts.adrule.logic.scraper] - 페이지로 이동 중: https://www.law.go.kr/admRulInfoP.do?admRulSeq=2100000251996
2025-09-19 22:57:35,137 - INFO - [scripts.adrule.logic.scraper] - 로딩 마스크가 나타나기를 기다리는 중...
2025-09-19 22:57:35,156 - INFO - [scripts.adrule.logic.scraper] - 로딩 마스크가 사라지기를 기다리는 중...
2025-09-19 22:57:35,339 - INFO - [scripts.adrule.logic.scraper] - 페이지 최종 렌더링을 잠시 대기합니다...
2025-09-19 22:57:36,343 - INFO - [scripts.adrule.logic.scraper] - 페이지 HTML 컨텐츠를 가져오는 중...
2025-09-19 22:57:36,357 - INFO - [scripts.adrule.logic.scraper] - 데이터 파싱 중...
2025-09-19 22:57:36,402 - INFO - [scripts.adrule.logic.scraper] - 유형 2: 텍스트 기반 비정형 구조 감지
2025-09-19 22:57:36,407 - INFO - [scripts.adrule.logic.scraper] - 데이터 1건을 '/Users/woong/Roeum/roeum-crawler/data/raw/adrule/1492000/2025년도 사업종류별 산재보험료율_document.jsonl' 파일로 성공적으로 저장했습니다.
2025-09-19 22:57:36,407 - INFO - [scripts.adrule.logic.scraper] - 데이터 2건을 '/Users/woong/Roeum/roeum-crawler/data/raw/adrule/1492000/2025년도 사업종류별 산재보험료율_chunks.jsonl' 파일로 성공적으로 저장했습니다.
2025-09-19 22:57:36,430 - INFO - [__main__] - 상세 페이지 스크레이퍼 완료: 2025년도 사업종류별 산재보험료율
2025-09-19 22:57:37,943 - INFO - [__main__] - 상세 페이지 스크레이퍼 실행: https://www.law.go.kr/admRulInfoP.do?admRulSeq=2100000245668
2025-09-19 22:57:38,286 - INFO - [scripts.adrule.logic.scraper] - 페이지로 이동 중: https://www.law.go.kr/admRulInfoP.do?admRulSeq=2100000245668
2025-09-19 22:57:38,851 - INFO - [scripts.adrule.logic.scraper] - 로딩 마스크가 나타나기를 기다리는 중...
2025-09-19 22:57:38,870 - INFO - [scripts.adrule.logic.scraper] - 로딩 마스크가 사라지기를 기다리는 중...
2025-09-19 22:57:39,054 - INFO - [scripts.adrule.logic.scraper] - 페이지 최종 렌더링을 잠시 대기합니다...
2025-09-19 22:57:40,057 - INFO - [scripts.adrule.logic.scraper] - 페이지 HTML 컨텐츠를 가져오는 중...
2025-09-19 22:57:40,072 - INFO - [scripts.adrule.logic.scraper] - 데이터 파싱 중...
2025-09-19 22:57:40,120 - INFO - [scripts.adrule.logic.scraper] - 유형 3: PDF 뷰어(iframe) 구조 감지 (OCR 실행)
2025-09-19 22:57:40,120 - INFO - [scripts.adrule.logic.scraper] - Viewport 크기를 A4 비율로 변경: 2480x3508
2025-09-19 22:57:41,131 - INFO - [scripts.adrule.logic.scraper] - 전체 화면 버튼을 클릭합니다.
2025-09-19 22:57:41,215 - INFO - [scripts.adrule.logic.scraper] - 전체 화면 로딩을 대기합니다.
2025-09-19 22:57:44,235 - INFO - [scripts.adrule.logic.scraper] - 1개의 PDF 페이지 컨테이너 발견
2025-09-19 22:57:44,569 - INFO - [scripts.utils.ocr] - ✅ [Cache HIT] OCR 결과를 로컬 파일에서 불러옵니다: /Users/woong/Roeum/roeum-crawler/scripts/utils/../cache/ocr_results/4df59a7eb16fe9ca17fcaac533b13e5c.txt
2025-09-19 22:57:44,570 - INFO - [scripts.adrule.logic.scraper] - 원래 Viewport 크기로 복원
2025-09-19 22:57:44,575 - INFO - [scripts.adrule.logic.scraper] - 데이터 1건을 '/Users/woong/Roeum/roeum-crawler/data/raw/adrule/1492000/2025년 적용 최저임금 고시_document.jsonl' 파일로 성공적으로 저장했습니다.
2025-09-19 22:57:44,575 - INFO - [scripts.adrule.logic.scraper] - 데이터 4건을 '/Users/woong/Roeum/roeum-crawler/data/raw/adrule/1492000/2025년 적용 최저임금 고시_chunks.jsonl' 파일로 성공적으로 저장했습니다.
2025-09-19 22:57:44,605 - INFO - [__main__] - 상세 페이지 스크레이퍼 완료: 2025년 적용 최저임금 고시
2025-09-19 22:57:46,132 - INFO - [__main__] - 상세 페이지 스크레이퍼 실행: https://www.law.go.kr/admRulInfoP.do?admRulSeq=2100000262710
2025-09-19 22:57:46,483 - INFO - [scripts.adrule.logic.scraper] - 페이지로 이동 중: https://www.law.go.kr/admRulInfoP.do?admRulSeq=2100000262710
2025-09-19 22:57:47,041 - INFO - [scripts.adrule.logic.scraper] - 로딩 마스크가 나타나기를 기다리는 중...
2025-09-19 22:57:47,062 - INFO - [scripts.adrule.logic.scraper] - 로딩 마스크가 사라지기를 기다리는 중...
2025-09-19 22:57:47,146 - INFO - [scripts.adrule.logic.scraper] - 페이지 최종 렌더링을 잠시 대기합니다...
2025-09-19 22:57:48,150 - INFO - [scripts.adrule.logic.scraper] - 페이지 HTML 컨텐츠를 가져오는 중...
2025-09-19 22:57:48,164 - INFO - [scripts.adrule.logic.scraper] - 데이터 파싱 중...
2025-09-19 22:57:48,191 - INFO - [scripts.adrule.logic.scraper] - 유형 3: PDF 뷰어(iframe) 구조 감지 (OCR 실행)
2025-09-19 22:57:48,191 - INFO - [scripts.adrule.logic.scraper] - Viewport 크기를 A4 비율로 변경: 2480x3508
2025-09-19 22:57:49,202 - INFO - [scripts.adrule.logic.scraper] - 전체 화면 버튼을 클릭합니다.
2025-09-19 22:57:49,281 - INFO - [scripts.adrule.logic.scraper] - 전체 화면 로딩을 대기합니다.
2025-09-19 22:57:52,293 - INFO - [scripts.adrule.logic.scraper] - 1개의 PDF 페이지 컨테이너 발견
2025-09-19 22:57:52,630 - INFO - [scripts.utils.ocr] - ✅ [Cache HIT] OCR 결과를 로컬 파일에서 불러옵니다: /Users/woong/Roeum/roeum-crawler/scripts/utils/../cache/ocr_results/94e845cbecd86a4b80dd3095c3937d8d.txt
2025-09-19 22:57:52,631 - INFO - [scripts.adrule.logic.scraper] - 원래 Viewport 크기로 복원
2025-09-19 22:57:52,638 - INFO - [scripts.adrule.logic.scraper] - 데이터 1건을 '/Users/woong/Roeum/roeum-crawler/data/raw/adrule/1492000/2026년 적용 최저임금 고시_document.jsonl' 파일로 성공적으로 저장했습니다.
2025-09-19 22:57:52,638 - INFO - [scripts.adrule.logic.scraper] - 데이터 4건을 '/Users/woong/Roeum/roeum-crawler/data/raw/adrule/1492000/2026년 적용 최저임금 고시_chunks.jsonl' 파일로 성공적으로 저장했습니다.
2025-09-19 22:57:52,671 - INFO - [__main__] - 상세 페이지 스크레이퍼 완료: 2026년 적용 최저임금 고시
2025-09-19 22:57:54,203 - INFO - [__main__] - 상세 페이지 스크레이퍼 실행: https://www.law.go.kr/admRulInfoP.do?admRulSeq=2100000261888
2025-09-19 22:57:54,551 - INFO - [scripts.adrule.logic.scraper] - 페이지로 이동 중: https://www.law.go.kr/admRulInfoP.do?admRulSeq=2100000261888
2025-09-19 22:57:55,121 - INFO - [scripts.adrule.logic.scraper] - 로딩 마스크가 나타나기를 기다리는 중...
2025-09-19 22:57:55,140 - INFO - [scripts.adrule.logic.scraper] - 로딩 마스크가 사라지기를 기다리는 중...
2025-09-19 22:57:55,225 - INFO - [scripts.adrule.logic.scraper] - 페이지 최종 렌더링을 잠시 대기합니다...
2025-09-19 22:57:56,228 - INFO - [scripts.adrule.logic.scraper] - 페이지 HTML 컨텐츠를 가져오는 중...
2025-09-19 22:57:56,242 - INFO - [scripts.adrule.logic.scraper] - 데이터 파싱 중...
2025-09-19 22:57:56,286 - INFO - [scripts.adrule.logic.scraper] - 유형 3: PDF 뷰어(iframe) 구조 감지 (OCR 실행)
2025-09-19 22:57:56,286 - INFO - [scripts.adrule.logic.scraper] - Viewport 크기를 A4 비율로 변경: 2480x3508
2025-09-19 22:57:57,297 - INFO - [scripts.adrule.logic.scraper] - 전체 화면 버튼을 클릭합니다.
2025-09-19 22:57:57,399 - INFO - [scripts.adrule.logic.scraper] - 전체 화면 로딩을 대기합니다.
2025-09-19 22:58:00,427 - INFO - [scripts.adrule.logic.scraper] - 1개의 PDF 페이지 컨테이너 발견
2025-09-19 22:58:00,807 - INFO - [scripts.utils.ocr] - ✅ [Cache HIT] OCR 결과를 로컬 파일에서 불러옵니다: /Users/woong/Roeum/roeum-crawler/scripts/utils/../cache/ocr_results/b0744a92fb0d5d99f64130ccde17ada1.txt
2025-09-19 22:58:00,809 - INFO - [scripts.adrule.logic.scraper] - 원래 Viewport 크기로 복원
2025-09-19 22:58:00,819 - INFO - [scripts.adrule.logic.scraper] - 데이터 1건을 '/Users/woong/Roeum/roeum-crawler/data/raw/adrule/1492000/2026년 적용 최저임금안 고시_document.jsonl' 파일로 성공적으로 저장했습니다.
2025-09-19 22:58:00,820 - INFO - [scripts.adrule.logic.scraper] - 데이터 5건을 '/Users/woong/Roeum/roeum-crawler/data/raw/adrule/1492000/2026년 적용 최저임금안 고시_chunks.jsonl' 파일로 성공적으로 저장했습니다.
2025-09-19 22:58:00,868 - INFO - [__main__] - 상세 페이지 스크레이퍼 완료: 2026년 적용 최저임금안 고시
2025-09-19 22:58:02,401 - INFO - [__main__] - 상세 페이지 스크레이퍼 실행: https://www.law.go.kr/admRulInfoP.do?admRulSeq=2100000254236
2025-09-19 22:58:02,784 - INFO - [scripts.adrule.logic.scraper] - 페이지로 이동 중: https://www.law.go.kr/admRulInfoP.do?admRulSeq=2100000254236
2025-09-19 22:58:03,338 - INFO - [scripts.adrule.logic.scraper] - 로딩 마스크가 나타나기를 기다리는 중...
2025-09-19 22:58:03,361 - INFO - [scripts.adrule.logic.scraper] - 로딩 마스크가 사라지기를 기다리는 중...
2025-09-19 22:58:03,543 - INFO - [scripts.adrule.logic.scraper] - 페이지 최종 렌더링을 잠시 대기합니다...
2025-09-19 22:58:04,546 - INFO - [scripts.adrule.logic.scraper] - 페이지 HTML 컨텐츠를 가져오는 중...
2025-09-19 22:58:04,560 - INFO - [scripts.adrule.logic.scraper] - 데이터 파싱 중...
2025-09-19 22:58:04,616 - INFO - [scripts.adrule.logic.scraper] - 유형 1: 정형화된 법령 구조 감지
2025-09-19 22:58:04,629 - INFO - [scripts.adrule.logic.scraper] - 데이터 1건을 '/Users/woong/Roeum/roeum-crawler/data/raw/adrule/1492000/가사근로자 사회보험료 지원에 관한 고시_document.jsonl' 파일로 성공적으로 저장했습니다.
2025-09-19 22:58:04,629 - INFO - [scripts.adrule.logic.scraper] - 데이터 7건을 '/Users/woong/Roeum/roeum-crawler/data/raw/adrule/1492000/가사근로자 사회보험료 지원에 관한 고시_chunks.jsonl' 파일로 성공적으로 저장했습니다.
2025-09-19 22:58:04,655 - INFO - [__main__] - 상세 페이지 스크레이퍼 완료: 가사근로자 사회보험료 지원에 관한 고시
2025-09-19 22:58:06,395 - INFO - [__main__] - 상세 페이지 스크레이퍼 실행: https://www.law.go.kr/admRulInfoP.do?admRulSeq=2100000186031
2025-09-19 22:58:06,876 - INFO - [scripts.adrule.logic.scraper] - 페이지로 이동 중: https://www.law.go.kr/admRulInfoP.do?admRulSeq=2100000186031
2025-09-19 22:58:07,446 - INFO - [scripts.adrule.logic.scraper] - 로딩 마스크가 나타나기를 기다리는 중...
2025-09-19 22:58:07,476 - INFO - [scripts.adrule.logic.scraper] - 로딩 마스크가 사라지기를 기다리는 중...
2025-09-19 22:58:07,676 - INFO - [scripts.adrule.logic.scraper] - 페이지 최종 렌더링을 잠시 대기합니다...
2025-09-19 22:58:08,685 - INFO - [scripts.adrule.logic.scraper] - 페이지 HTML 컨텐츠를 가져오는 중...
2025-09-19 22:58:08,711 - INFO - [scripts.adrule.logic.scraper] - 데이터 파싱 중...
2025-09-19 22:58:08,846 - INFO - [scripts.adrule.logic.scraper] - 유형 1: 정형화된 법령 구조 감지
2025-09-19 22:58:08,889 - INFO - [scripts.adrule.logic.scraper] - 데이터 1건을 '/Users/woong/Roeum/roeum-crawler/data/raw/adrule/1492000/가설공사 표준안전 작업지침_document.jsonl' 파일로 성공적으로 저장했습니다.
2025-09-19 22:58:08,890 - INFO - [scripts.adrule.logic.scraper] - 데이터 29건을 '/Users/woong/Roeum/roeum-crawler/data/raw/adrule/1492000/가설공사 표준안전 작업지침_chunks.jsonl' 파일로 성공적으로 저장했습니다.
2025-09-19 22:58:08,930 - INFO - [__main__] - 상세 페이지 스크레이퍼 완료: 가설공사 표준안전 작업지침
2025-09-19 22:58:10,555 - INFO - [__main__] - 상세 페이지 스크레이퍼 실행: https://www.law.go.kr/admRulInfoP.do?admRulSeq=2100000186062
2025-09-19 22:58:11,091 - INFO - [scripts.adrule.logic.scraper] - 페이지로 이동 중: https://www.law.go.kr/admRulInfoP.do?admRulSeq=2100000186062
2025-09-19 22:58:11,645 - INFO - [scripts.adrule.logic.scraper] - 로딩 마스크가 나타나기를 기다리는 중...
2025-09-19 22:58:11,698 - INFO - [scripts.adrule.logic.scraper] - 로딩 마스크가 사라지기를 기다리는 중...
2025-09-19 22:58:11,753 - INFO - [scripts.adrule.logic.scraper] - 페이지 최종 렌더링을 잠시 대기합니다...
2025-09-19 22:58:12,759 - INFO - [scripts.adrule.logic.scraper] - 페이지 HTML 컨텐츠를 가져오는 중...
2025-09-19 22:58:12,771 - INFO - [scripts.adrule.logic.scraper] - 데이터 파싱 중...
2025-09-19 22:58:12,816 - INFO - [scripts.adrule.logic.scraper] - 유형 1: 정형화된 법령 구조 감지
2025-09-19 22:58:12,830 - INFO - [scripts.adrule.logic.scraper] - 데이터 1건을 '/Users/woong/Roeum/roeum-crawler/data/raw/adrule/1492000/가스누출감지경보기 설치에 관한 기술상의 지침_document.jsonl' 파일로 성공적으로 저장했습니다.
2025-09-19 22:58:12,830 - INFO - [scripts.adrule.logic.scraper] - 데이터 10건을 '/Users/woong/Roeum/roeum-crawler/data/raw/adrule/1492000/가스누출감지경보기 설치에 관한 기술상의 지침_chunks.jsonl' 파일로 성공적으로 저장했습니다.
2025-09-19 22:58:12,863 - INFO - [__main__] - 상세 페이지 스크레이퍼 완료: 가스누출감지경보기 설치에 관한 기술상의 지침
2025-09-19 22:58:14,390 - INFO - [__main__] - 상세 페이지 스크레이퍼 실행: https://www.law.go.kr/admRulInfoP.do?admRulSeq=2100000186120
2025-09-19 22:58:14,767 - INFO - [scripts.adrule.logic.scraper] - 페이지로 이동 중: https://www.law.go.kr/admRulInfoP.do?admRulSeq=2100000186120
2025-09-19 22:58:15,338 - INFO - [scripts.adrule.logic.scraper] - 로딩 마스크가 나타나기를 기다리는 중...
2025-09-19 22:58:15,361 - INFO - [scripts.adrule.logic.scraper] - 로딩 마스크가 사라지기를 기다리는 중...
2025-09-19 22:58:15,552 - INFO - [scripts.adrule.logic.scraper] - 페이지 최종 렌더링을 잠시 대기합니다...
2025-09-19 22:58:16,555 - INFO - [scripts.adrule.logic.scraper] - 페이지 HTML 컨텐츠를 가져오는 중...
2025-09-19 22:58:16,567 - INFO - [scripts.adrule.logic.scraper] - 데이터 파싱 중...
2025-09-19 22:58:16,623 - INFO - [scripts.adrule.logic.scraper] - 유형 1: 정형화된 법령 구조 감지
2025-09-19 22:58:16,637 - INFO - [scripts.adrule.logic.scraper] - 데이터 1건을 '/Users/woong/Roeum/roeum-crawler/data/raw/adrule/1492000/감전재해 예방을 위한 기술상의 지침_document.jsonl' 파일로 성공적으로 저장했습니다.
2025-09-19 22:58:16,637 - INFO - [scripts.adrule.logic.scraper] - 데이터 12건을 '/Users/woong/Roeum/roeum-crawler/data/raw/adrule/1492000/감전재해 예방을 위한 기술상의 지침_chunks.jsonl' 파일로 성공적으로 저장했습니다.
2025-09-19 22:58:16,658 - INFO - [__main__] - 상세 페이지 스크레이퍼 완료: 감전재해 예방을 위한 기술상의 지침
2025-09-19 22:58:18,176 - INFO - [__main__] - 상세 페이지 스크레이퍼 실행: https://www.law.go.kr/admRulInfoP.do?admRulSeq=2100000217661
2025-09-19 22:58:18,521 - INFO - [scripts.adrule.logic.scraper] - 페이지로 이동 중: https://www.law.go.kr/admRulInfoP.do?admRulSeq=2100000217661
2025-09-19 22:58:19,187 - INFO - [scripts.adrule.logic.scraper] - 로딩 마스크가 나타나기를 기다리는 중...
2025-09-19 22:58:19,206 - INFO - [scripts.adrule.logic.scraper] - 로딩 마스크가 사라지기를 기다리는 중...
2025-09-19 22:58:19,285 - INFO - [scripts.adrule.logic.scraper] - 페이지 최종 렌더링을 잠시 대기합니다...
2025-09-19 22:58:20,288 - INFO - [scripts.adrule.logic.scraper] - 페이지 HTML 컨텐츠를 가져오는 중...
2025-09-19 22:58:20,298 - INFO - [scripts.adrule.logic.scraper] - 데이터 파싱 중...
2025-09-19 22:58:20,338 - INFO - [scripts.adrule.logic.scraper] - 유형 2: 텍스트 기반 비정형 구조 감지
2025-09-19 22:58:20,343 - INFO - [scripts.adrule.logic.scraper] - 데이터 1건을 '/Users/woong/Roeum/roeum-crawler/data/raw/adrule/1492000/개별연장급여 수급요건 중 학업 중인 사람에 대한 고시_document.jsonl' 파일로 성공적으로 저장했습니다.
2025-09-19 22:58:20,343 - INFO - [scripts.adrule.logic.scraper] - 데이터 2건을 '/Users/woong/Roeum/roeum-crawler/data/raw/adrule/1492000/개별연장급여 수급요건 중 학업 중인 사람에 대한 고시_chunks.jsonl' 파일로 성공적으로 저장했습니다.
2025-09-19 22:58:20,367 - INFO - [__main__] - 상세 페이지 스크레이퍼 완료: 개별연장급여 수급요건 중 학업 중인 사람에 대한 고시
2025-09-19 22:58:21,968 - INFO - [__main__] - 상세 페이지 스크레이퍼 실행: https://www.law.go.kr/admRulInfoP.do?admRulSeq=2100000217662
2025-09-19 22:58:22,346 - INFO - [scripts.adrule.logic.scraper] - 페이지로 이동 중: https://www.law.go.kr/admRulInfoP.do?admRulSeq=2100000217662
2025-09-19 22:58:22,901 - INFO - [scripts.adrule.logic.scraper] - 로딩 마스크가 나타나기를 기다리는 중...
2025-09-19 22:58:22,922 - INFO - [scripts.adrule.logic.scraper] - 로딩 마스크가 사라지기를 기다리는 중...
2025-09-19 22:58:23,002 - INFO - [scripts.adrule.logic.scraper] - 페이지 최종 렌더링을 잠시 대기합니다...
2025-09-19 22:58:24,005 - INFO - [scripts.adrule.logic.scraper] - 페이지 HTML 컨텐츠를 가져오는 중...
2025-09-19 22:58:24,020 - INFO - [scripts.adrule.logic.scraper] - 데이터 파싱 중...
2025-09-19 22:58:24,065 - INFO - [scripts.adrule.logic.scraper] - 유형 2: 텍스트 기반 비정형 구조 감지
2025-09-19 22:58:24,070 - INFO - [scripts.adrule.logic.scraper] - 데이터 1건을 '/Users/woong/Roeum/roeum-crawler/data/raw/adrule/1492000/개별연장급여 지급을 위한 임금 및 재산기준 고시_document.jsonl' 파일로 성공적으로 저장했습니다.
2025-09-19 22:58:24,071 - INFO - [scripts.adrule.logic.scraper] - 데이터 2건을 '/Users/woong/Roeum/roeum-crawler/data/raw/adrule/1492000/개별연장급여 지급을 위한 임금 및 재산기준 고시_chunks.jsonl' 파일로 성공적으로 저장했습니다.
2025-09-19 22:58:24,099 - INFO - [__main__] - 상세 페이지 스크레이퍼 완료: 개별연장급여 지급을 위한 임금 및 재산기준 고시
2025-09-19 22:58:25,647 - INFO - [__main__] - 상세 페이지 스크레이퍼 실행: https://www.law.go.kr/admRulInfoP.do?admRulSeq=2200000043197
2025-09-19 22:58:26,011 - INFO - [scripts.adrule.logic.scraper] - 페이지로 이동 중: https://www.law.go.kr/admRulInfoP.do?admRulSeq=2200000043197
2025-09-19 22:58:26,555 - INFO - [scripts.adrule.logic.scraper] - 로딩 마스크가 나타나기를 기다리는 중...
2025-09-19 22:58:26,575 - INFO - [scripts.adrule.logic.scraper] - 로딩 마스크가 사라지기를 기다리는 중...
2025-09-19 22:58:26,655 - INFO - [scripts.adrule.logic.scraper] - 페이지 최종 렌더링을 잠시 대기합니다...
2025-09-19 22:58:27,657 - INFO - [scripts.adrule.logic.scraper] - 페이지 HTML 컨텐츠를 가져오는 중...
2025-09-19 22:58:27,668 - INFO - [scripts.adrule.logic.scraper] - 데이터 파싱 중...
2025-09-19 22:58:27,710 - INFO - [scripts.adrule.logic.scraper] - 유형 2: 텍스트 기반 비정형 구조 감지
2025-09-19 22:58:27,714 - INFO - [scripts.adrule.logic.scraper] - 데이터 1건을 '/Users/woong/Roeum/roeum-crawler/data/raw/adrule/1492000/개인형퇴직연금제도로의 이전 예외사유 해당금액 고시_document.jsonl' 파일로 성공적으로 저장했습니다.
2025-09-19 22:58:27,715 - INFO - [scripts.adrule.logic.scraper] - 데이터 2건을 '/Users/woong/Roeum/roeum-crawler/data/raw/adrule/1492000/개인형퇴직연금제도로의 이전 예외사유 해당금액 고시_chunks.jsonl' 파일로 성공적으로 저장했습니다.
2025-09-19 22:58:27,739 - INFO - [__main__] - 상세 페이지 스크레이퍼 완료: 개인형퇴직연금제도로의 이전 예외사유 해당금액 고시
2025-09-19 22:58:29,266 - INFO - [__main__] - 상세 페이지 스크레이퍼 실행: https://www.law.go.kr/admRulInfoP.do?admRulSeq=2100000243390
2025-09-19 22:58:29,622 - INFO - [scripts.adrule.logic.scraper] - 페이지로 이동 중: https://www.law.go.kr/admRulInfoP.do?admRulSeq=2100000243390
2025-09-19 22:58:30,238 - INFO - [scripts.adrule.logic.scraper] - 로딩 마스크가 나타나기를 기다리는 중...
2025-09-19 22:58:30,260 - INFO - [scripts.adrule.logic.scraper] - 로딩 마스크가 사라지기를 기다리는 중...
2025-09-19 22:58:30,443 - INFO - [scripts.adrule.logic.scraper] - 페이지 최종 렌더링을 잠시 대기합니다...
2025-09-19 22:58:31,446 - INFO - [scripts.adrule.logic.scraper] - 페이지 HTML 컨텐츠를 가져오는 중...
2025-09-19 22:58:31,465 - INFO - [scripts.adrule.logic.scraper] - 데이터 파싱 중...
2025-09-19 22:58:31,519 - INFO - [scripts.adrule.logic.scraper] - 유형 1: 정형화된 법령 구조 감지
2025-09-19 22:58:31,531 - INFO - [scripts.adrule.logic.scraper] - 데이터 1건을 '/Users/woong/Roeum/roeum-crawler/data/raw/adrule/1492000/건설공사 안전보건대장의 작성 등에 관한 고시_document.jsonl' 파일로 성공적으로 저장했습니다.
2025-09-19 22:58:31,532 - INFO - [scripts.adrule.logic.scraper] - 데이터 9건을 '/Users/woong/Roeum/roeum-crawler/data/raw/adrule/1492000/건설공사 안전보건대장의 작성 등에 관한 고시_chunks.jsonl' 파일로 성공적으로 저장했습니다.
2025-09-19 22:58:31,553 - INFO - [__main__] - 상세 페이지 스크레이퍼 완료: 건설공사 안전보건대장의 작성 등에 관한 고시
2025-09-19 22:58:33,108 - INFO - [__main__] - 상세 페이지 스크레이퍼 실행: https://www.law.go.kr/admRulInfoP.do?admRulSeq=2100000252112
2025-09-19 22:58:33,490 - INFO - [scripts.adrule.logic.scraper] - 페이지로 이동 중: https://www.law.go.kr/admRulInfoP.do?admRulSeq=2100000252112
2025-09-19 22:58:34,071 - INFO - [scripts.adrule.logic.scraper] - 로딩 마스크가 나타나기를 기다리는 중...
2025-09-19 22:58:34,090 - INFO - [scripts.adrule.logic.scraper] - 로딩 마스크가 사라지기를 기다리는 중...
2025-09-19 22:58:34,274 - INFO - [scripts.adrule.logic.scraper] - 페이지 최종 렌더링을 잠시 대기합니다...
2025-09-19 22:58:35,277 - INFO - [scripts.adrule.logic.scraper] - 페이지 HTML 컨텐츠를 가져오는 중...
2025-09-19 22:58:35,289 - INFO - [scripts.adrule.logic.scraper] - 데이터 파싱 중...
2025-09-19 22:58:35,335 - INFO - [scripts.adrule.logic.scraper] - 유형 2: 텍스트 기반 비정형 구조 감지
2025-09-19 22:58:35,339 - INFO - [scripts.adrule.logic.scraper] - 데이터 1건을 '/Users/woong/Roeum/roeum-crawler/data/raw/adrule/1492000/건설공사의 노무비율_document.jsonl' 파일로 성공적으로 저장했습니다.
2025-09-19 22:58:35,339 - INFO - [scripts.adrule.logic.scraper] - 데이터 2건을 '/Users/woong/Roeum/roeum-crawler/data/raw/adrule/1492000/건설공사의 노무비율_chunks.jsonl' 파일로 성공적으로 저장했습니다.
2025-09-19 22:58:35,361 - INFO - [__main__] - 상세 페이지 스크레이퍼 완료: 건설공사의 노무비율
2025-09-19 22:58:36,860 - INFO - [__main__] - 상세 페이지 스크레이퍼 실행: https://www.law.go.kr/admRulInfoP.do?admRulSeq=2100000025542
2025-09-19 22:58:37,194 - INFO - [scripts.adrule.logic.scraper] - 페이지로 이동 중: https://www.law.go.kr/admRulInfoP.do?admRulSeq=2100000025542
2025-09-19 22:58:37,716 - INFO - [scripts.adrule.logic.scraper] - 로딩 마스크가 나타나기를 기다리는 중...
2025-09-19 22:58:37,735 - INFO - [scripts.adrule.logic.scraper] - 로딩 마스크가 사라지기를 기다리는 중...
2025-09-19 22:58:37,815 - INFO - [scripts.adrule.logic.scraper] - 페이지 최종 렌더링을 잠시 대기합니다...
2025-09-19 22:58:38,818 - INFO - [scripts.adrule.logic.scraper] - 페이지 HTML 컨텐츠를 가져오는 중...
2025-09-19 22:58:38,833 - INFO - [scripts.adrule.logic.scraper] - 데이터 파싱 중...
2025-09-19 22:58:38,886 - INFO - [scripts.adrule.logic.scraper] - 유형 1: 정형화된 법령 구조 감지
2025-09-19 22:58:38,897 - INFO - [scripts.adrule.logic.scraper] - 데이터 1건을 '/Users/woong/Roeum/roeum-crawler/data/raw/adrule/1492000/건설근로자고용개선전문위원회 운영규정_document.jsonl' 파일로 성공적으로 저장했습니다.
2025-09-19 22:58:38,898 - INFO - [scripts.adrule.logic.scraper] - 데이터 14건을 '/Users/woong/Roeum/roeum-crawler/data/raw/adrule/1492000/건설근로자고용개선전문위원회 운영규정_chunks.jsonl' 파일로 성공적으로 저장했습니다.
2025-09-19 22:58:38,923 - INFO - [__main__] - 상세 페이지 스크레이퍼 완료: 건설근로자고용개선전문위원회 운영규정
2025-09-19 22:58:40,478 - INFO - [__main__] - 상세 페이지 스크레이퍼 실행: https://www.law.go.kr/admRulInfoP.do?admRulSeq=2100000254546
2025-09-19 22:58:40,830 - INFO - [scripts.adrule.logic.scraper] - 페이지로 이동 중: https://www.law.go.kr/admRulInfoP.do?admRulSeq=2100000254546
2025-09-19 22:58:41,521 - INFO - [scripts.adrule.logic.scraper] - 로딩 마스크가 나타나기를 기다리는 중...
2025-09-19 22:58:41,547 - INFO - [scripts.adrule.logic.scraper] - 로딩 마스크가 사라지기를 기다리는 중...
2025-09-19 22:58:41,735 - INFO - [scripts.adrule.logic.scraper] - 페이지 최종 렌더링을 잠시 대기합니다...
2025-09-19 22:58:42,739 - INFO - [scripts.adrule.logic.scraper] - 페이지 HTML 컨텐츠를 가져오는 중...
2025-09-19 22:58:42,759 - INFO - [scripts.adrule.logic.scraper] - 데이터 파싱 중...
2025-09-19 22:58:42,847 - INFO - [scripts.adrule.logic.scraper] - 유형 1: 정형화된 법령 구조 감지
2025-09-19 22:58:42,869 - INFO - [scripts.adrule.logic.scraper] - 데이터 1건을 '/Users/woong/Roeum/roeum-crawler/data/raw/adrule/1492000/건설업 산업안전보건관리비 계상 및 사용기준_document.jsonl' 파일로 성공적으로 저장했습니다.
2025-09-19 22:58:42,869 - INFO - [scripts.adrule.logic.scraper] - 데이터 12건을 '/Users/woong/Roeum/roeum-crawler/data/raw/adrule/1492000/건설업 산업안전보건관리비 계상 및 사용기준_chunks.jsonl' 파일로 성공적으로 저장했습니다.
2025-09-19 22:58:42,893 - INFO - [__main__] - 상세 페이지 스크레이퍼 완료: 건설업 산업안전보건관리비 계상 및 사용기준
2025-09-19 22:58:44,452 - INFO - [__main__] - 상세 페이지 스크레이퍼 실행: https://www.law.go.kr/admRulInfoP.do?admRulSeq=2100000253016
2025-09-19 22:58:44,833 - INFO - [scripts.adrule.logic.scraper] - 페이지로 이동 중: https://www.law.go.kr/admRulInfoP.do?admRulSeq=2100000253016
2025-09-19 22:58:45,373 - INFO - [scripts.adrule.logic.scraper] - 로딩 마스크가 나타나기를 기다리는 중...
2025-09-19 22:58:45,403 - INFO - [scripts.adrule.logic.scraper] - 로딩 마스크가 사라지기를 기다리는 중...
2025-09-19 22:58:45,488 - INFO - [scripts.adrule.logic.scraper] - 페이지 최종 렌더링을 잠시 대기합니다...
2025-09-19 22:58:46,492 - INFO - [scripts.adrule.logic.scraper] - 페이지 HTML 컨텐츠를 가져오는 중...
2025-09-19 22:58:46,508 - INFO - [scripts.adrule.logic.scraper] - 데이터 파싱 중...
2025-09-19 22:58:46,552 - INFO - [scripts.adrule.logic.scraper] - 유형 2: 텍스트 기반 비정형 구조 감지
2025-09-19 22:58:46,558 - INFO - [scripts.adrule.logic.scraper] - 데이터 1건을 '/Users/woong/Roeum/roeum-crawler/data/raw/adrule/1492000/건설업에서 근로자 수 확인이 곤란한 장애인 고용의무 사업주의 공사실적액_document.jsonl' 파일로 성공적으로 저장했습니다.
2025-09-19 22:58:46,558 - INFO - [scripts.adrule.logic.scraper] - 데이터 1건을 '/Users/woong/Roeum/roeum-crawler/data/raw/adrule/1492000/건설업에서 근로자 수 확인이 곤란한 장애인 고용의무 사업주의 공사실적액_chunks.jsonl' 파일로 성공적으로 저장했습니다.
2025-09-19 22:58:46,588 - INFO - [__main__] - 상세 페이지 스크레이퍼 완료: 건설업에서 근로자 수 확인이 곤란한 장애인 고용의무 사업주의 공사실적액
2025-09-19 22:58:48,105 - INFO - [__main__] - 상세 페이지 스크레이퍼 실행: https://www.law.go.kr/admRulInfoP.do?admRulSeq=2100000186089
2025-09-19 22:58:48,474 - INFO - [scripts.adrule.logic.scraper] - 페이지로 이동 중: https://www.law.go.kr/admRulInfoP.do?admRulSeq=2100000186089
2025-09-19 22:58:49,061 - INFO - [scripts.adrule.logic.scraper] - 로딩 마스크가 나타나기를 기다리는 중...
2025-09-19 22:58:49,082 - INFO - [scripts.adrule.logic.scraper] - 로딩 마스크가 사라지기를 기다리는 중...
2025-09-19 22:58:49,266 - INFO - [scripts.adrule.logic.scraper] - 페이지 최종 렌더링을 잠시 대기합니다...
2025-09-19 22:58:50,269 - INFO - [scripts.adrule.logic.scraper] - 페이지 HTML 컨텐츠를 가져오는 중...
2025-09-19 22:58:50,274 - INFO - [scripts.adrule.logic.scraper] - 데이터 파싱 중...
2025-09-19 22:58:50,304 - INFO - [scripts.adrule.logic.scraper] - 유형 2: 텍스트 기반 비정형 구조 감지
2025-09-19 22:58:50,308 - INFO - [scripts.adrule.logic.scraper] - 데이터 1건을 '/Users/woong/Roeum/roeum-crawler/data/raw/adrule/1492000/건설업 유해·위험방지계획서 중 지도사가 평가·확인 할 수 있는 대상 건설공사의 범위 및 지도사의 요건_document.jsonl' 파일로 성공적으로 저장했습니다.
2025-09-19 22:58:50,309 - INFO - [scripts.adrule.logic.scraper] - 데이터 1건을 '/Users/woong/Roeum/roeum-crawler/data/raw/adrule/1492000/건설업 유해·위험방지계획서 중 지도사가 평가·확인 할 수 있는 대상 건설공사의 범위 및 지도사의 요건_chunks.jsonl' 파일로 성공적으로 저장했습니다.
2025-09-19 22:58:50,331 - INFO - [__main__] - 상세 페이지 스크레이퍼 완료: 건설업 유해·위험방지계획서 중 지도사가 평가·확인 할 수 있는 대상 건설공사의 범위 및 지도사의 요건
2025-09-19 22:58:51,822 - INFO - [__main__] - 상세 페이지 스크레이퍼 실행: https://www.law.go.kr/admRulInfoP.do?admRulSeq=2100000217765
2025-09-19 22:58:52,167 - INFO - [scripts.adrule.logic.scraper] - 페이지로 이동 중: https://www.law.go.kr/admRulInfoP.do?admRulSeq=2100000217765
2025-09-19 22:58:52,735 - INFO - [scripts.adrule.logic.scraper] - 로딩 마스크가 나타나기를 기다리는 중...
2025-09-19 22:58:52,755 - INFO - [scripts.adrule.logic.scraper] - 로딩 마스크가 사라지기를 기다리는 중...
2025-09-19 22:58:52,834 - INFO - [scripts.adrule.logic.scraper] - 페이지 최종 렌더링을 잠시 대기합니다...
2025-09-19 22:58:53,837 - INFO - [scripts.adrule.logic.scraper] - 페이지 HTML 컨텐츠를 가져오는 중...
2025-09-19 22:58:53,855 - INFO - [scripts.adrule.logic.scraper] - 데이터 파싱 중...
2025-09-19 22:58:53,911 - INFO - [scripts.adrule.logic.scraper] - 유형 1: 정형화된 법령 구조 감지
2025-09-19 22:58:53,924 - INFO - [scripts.adrule.logic.scraper] - 데이터 1건을 '/Users/woong/Roeum/roeum-crawler/data/raw/adrule/1492000/건설업자가 아닌 자가 시공하는 건설공사의 총공사금액 산정방법에 관한 규정_document.jsonl' 파일로 성공적으로 저장했습니다.
2025-09-19 22:58:53,924 - INFO - [scripts.adrule.logic.scraper] - 데이터 7건을 '/Users/woong/Roeum/roeum-crawler/data/raw/adrule/1492000/건설업자가 아닌 자가 시공하는 건설공사의 총공사금액 산정방법에 관한 규정_chunks.jsonl' 파일로 성공적으로 저장했습니다.
2025-09-19 22:58:53,946 - INFO - [__main__] - 상세 페이지 스크레이퍼 완료: 건설업자가 아닌 자가 시공하는 건설공사의 총공사금액 산정방법에 관한 규정
2025-09-19 22:58:55,504 - INFO - [__main__] - 상세 페이지 스크레이퍼 실행: https://www.law.go.kr/admRulInfoP.do?admRulSeq=2100000228660
2025-09-19 22:58:55,881 - INFO - [scripts.adrule.logic.scraper] - 페이지로 이동 중: https://www.law.go.kr/admRulInfoP.do?admRulSeq=2100000228660
2025-09-19 22:58:56,485 - INFO - [scripts.adrule.logic.scraper] - 로딩 마스크가 나타나기를 기다리는 중...
2025-09-19 22:58:56,507 - INFO - [scripts.adrule.logic.scraper] - 로딩 마스크가 사라지기를 기다리는 중...
2025-09-19 22:58:56,690 - INFO - [scripts.adrule.logic.scraper] - 페이지 최종 렌더링을 잠시 대기합니다...
2025-09-19 22:58:57,693 - INFO - [scripts.adrule.logic.scraper] - 페이지 HTML 컨텐츠를 가져오는 중...
2025-09-19 22:58:57,711 - INFO - [scripts.adrule.logic.scraper] - 데이터 파싱 중...
2025-09-19 22:58:57,767 - INFO - [scripts.adrule.logic.scraper] - 유형 1: 정형화된 법령 구조 감지
2025-09-19 22:58:57,807 - INFO - [scripts.adrule.logic.scraper] - 데이터 1건을 '/Users/woong/Roeum/roeum-crawler/data/raw/adrule/1492000/건설업체의 산업재해예방활동 실적 평가기준_document.jsonl' 파일로 성공적으로 저장했습니다.
2025-09-19 22:58:57,808 - INFO - [scripts.adrule.logic.scraper] - 데이터 14건을 '/Users/woong/Roeum/roeum-crawler/data/raw/adrule/1492000/건설업체의 산업재해예방활동 실적 평가기준_chunks.jsonl' 파일로 성공적으로 저장했습니다.
2025-09-19 22:58:57,829 - INFO - [__main__] - 상세 페이지 스크레이퍼 완료: 건설업체의 산업재해예방활동 실적 평가기준
2025-09-19 22:58:59,357 - INFO - [__main__] - 상세 페이지 스크레이퍼 실행: https://www.law.go.kr/admRulInfoP.do?admRulSeq=2100000186106
2025-09-19 22:58:59,704 - INFO - [scripts.adrule.logic.scraper] - 페이지로 이동 중: https://www.law.go.kr/admRulInfoP.do?admRulSeq=2100000186106
2025-09-19 22:59:00,293 - INFO - [scripts.adrule.logic.scraper] - 로딩 마스크가 나타나기를 기다리는 중...
2025-09-19 22:59:00,314 - INFO - [scripts.adrule.logic.scraper] - 로딩 마스크가 사라지기를 기다리는 중...
2025-09-19 22:59:00,405 - INFO - [scripts.adrule.logic.scraper] - 페이지 최종 렌더링을 잠시 대기합니다...
2025-09-19 22:59:01,408 - INFO - [scripts.adrule.logic.scraper] - 페이지 HTML 컨텐츠를 가져오는 중...
2025-09-19 22:59:01,423 - INFO - [scripts.adrule.logic.scraper] - 데이터 파싱 중...
2025-09-19 22:59:01,481 - INFO - [scripts.adrule.logic.scraper] - 유형 1: 정형화된 법령 구조 감지
2025-09-19 22:59:01,516 - INFO - [scripts.adrule.logic.scraper] - 데이터 1건을 '/Users/woong/Roeum/roeum-crawler/data/raw/adrule/1492000/고기압 작업에 관한 기준_document.jsonl' 파일로 성공적으로 저장했습니다.
2025-09-19 22:59:01,517 - INFO - [scripts.adrule.logic.scraper] - 데이터 11건을 '/Users/woong/Roeum/roeum-crawler/data/raw/adrule/1492000/고기압 작업에 관한 기준_chunks.jsonl' 파일로 성공적으로 저장했습니다.
2025-09-19 22:59:01,544 - INFO - [__main__] - 상세 페이지 스크레이퍼 완료: 고기압 작업에 관한 기준
2025-09-19 22:59:03,069 - INFO - [__main__] - 상세 페이지 스크레이퍼 실행: https://www.law.go.kr/admRulInfoP.do?admRulSeq=2200000076692
2025-09-19 22:59:03,410 - INFO - [scripts.adrule.logic.scraper] - 페이지로 이동 중: https://www.law.go.kr/admRulInfoP.do?admRulSeq=2200000076692
2025-09-19 22:59:04,216 - INFO - [scripts.adrule.logic.scraper] - 로딩 마스크가 나타나기를 기다리는 중...
2025-09-19 22:59:04,236 - INFO - [scripts.adrule.logic.scraper] - 로딩 마스크가 사라지기를 기다리는 중...
2025-09-19 22:59:04,315 - INFO - [scripts.adrule.logic.scraper] - 페이지 최종 렌더링을 잠시 대기합니다...
2025-09-19 22:59:05,323 - INFO - [scripts.adrule.logic.scraper] - 페이지 HTML 컨텐츠를 가져오는 중...
2025-09-19 22:59:05,333 - INFO - [scripts.adrule.logic.scraper] - 데이터 파싱 중...
2025-09-19 22:59:05,435 - INFO - [scripts.adrule.logic.scraper] - 유형 1: 정형화된 법령 구조 감지
2025-09-19 22:59:05,452 - INFO - [scripts.adrule.logic.scraper] - 데이터 1건을 '/Users/woong/Roeum/roeum-crawler/data/raw/adrule/1492000/고 김용균 사망사고 진상규명과 재발방지를 위한 석탄화력발전소 특별노동안전조사위원회 설치 및 운영에 관한 규정_document.jsonl' 파일로 성공적으로 저장했습니다.
2025-09-19 22:59:05,452 - INFO - [scripts.adrule.logic.scraper] - 데이터 14건을 '/Users/woong/Roeum/roeum-crawler/data/raw/adrule/1492000/고 김용균 사망사고 진상규명과 재발방지를 위한 석탄화력발전소 특별노동안전조사위원회 설치 및 운영에 관한 규정_chunks.jsonl' 파일로 성공적으로 저장했습니다.
2025-09-19 22:59:05,489 - INFO - [__main__] - 상세 페이지 스크레이퍼 완료: 고 김용균 사망사고 진상규명과 재발방지를 위한 석탄화력발전소 특별노동안전조사위원회 설치 및 운영에 관한 규정
2025-09-19 22:59:07,036 - INFO - [__main__] - 상세 페이지 스크레이퍼 실행: https://www.law.go.kr/admRulInfoP.do?admRulSeq=2200000107881
2025-09-19 22:59:07,427 - INFO - [scripts.adrule.logic.scraper] - 페이지로 이동 중: https://www.law.go.kr/admRulInfoP.do?admRulSeq=2200000107881
2025-09-19 22:59:08,017 - INFO - [scripts.adrule.logic.scraper] - 로딩 마스크가 나타나기를 기다리는 중...
2025-09-19 22:59:08,038 - INFO - [scripts.adrule.logic.scraper] - 로딩 마스크가 사라지기를 기다리는 중...
2025-09-19 22:59:08,133 - INFO - [scripts.adrule.logic.scraper] - 페이지 최종 렌더링을 잠시 대기합니다...
2025-09-19 22:59:09,135 - INFO - [scripts.adrule.logic.scraper] - 페이지 HTML 컨텐츠를 가져오는 중...
2025-09-19 22:59:09,154 - INFO - [scripts.adrule.logic.scraper] - 데이터 파싱 중...
2025-09-19 22:59:09,197 - INFO - [scripts.adrule.logic.scraper] - 유형 1: 정형화된 법령 구조 감지
2025-09-19 22:59:09,209 - INFO - [scripts.adrule.logic.scraper] - 데이터 1건을 '/Users/woong/Roeum/roeum-crawler/data/raw/adrule/1492000/고 김충현 사망사고 재발방지를 위한 발전산업 고용안전 협의체 설치 및 운영에 관한 규정_document.jsonl' 파일로 성공적으로 저장했습니다.
2025-09-19 22:59:09,210 - INFO - [scripts.adrule.logic.scraper] - 데이터 14건을 '/Users/woong/Roeum/roeum-crawler/data/raw/adrule/1492000/고 김충현 사망사고 재발방지를 위한 발전산업 고용안전 협의체 설치 및 운영에 관한 규정_chunks.jsonl' 파일로 성공적으로 저장했습니다.
2025-09-19 22:59:09,232 - INFO - [__main__] - 상세 페이지 스크레이퍼 완료: 고 김충현 사망사고 재발방지를 위한 발전산업 고용안전 협의체 설치 및 운영에 관한 규정
2025-09-19 22:59:10,743 - INFO - [__main__] - 상세 페이지 스크레이퍼 실행: https://www.law.go.kr/admRulInfoP.do?admRulSeq=2100000253946
2025-09-19 22:59:11,098 - INFO - [scripts.adrule.logic.scraper] - 페이지로 이동 중: https://www.law.go.kr/admRulInfoP.do?admRulSeq=2100000253946
2025-09-19 22:59:11,680 - INFO - [scripts.adrule.logic.scraper] - 로딩 마스크가 나타나기를 기다리는 중...
2025-09-19 22:59:11,700 - INFO - [scripts.adrule.logic.scraper] - 로딩 마스크가 사라지기를 기다리는 중...
2025-09-19 22:59:11,795 - INFO - [scripts.adrule.logic.scraper] - 페이지 최종 렌더링을 잠시 대기합니다...
2025-09-19 22:59:12,798 - INFO - [scripts.adrule.logic.scraper] - 페이지 HTML 컨텐츠를 가져오는 중...
2025-09-19 22:59:12,817 - INFO - [scripts.adrule.logic.scraper] - 데이터 파싱 중...
2025-09-19 22:59:12,875 - INFO - [scripts.adrule.logic.scraper] - 유형 1: 정형화된 법령 구조 감지
2025-09-19 22:59:12,917 - INFO - [scripts.adrule.logic.scraper] - 데이터 1건을 '/Users/woong/Roeum/roeum-crawler/data/raw/adrule/1492000/고령자 고용안정지원금 지급 규정_document.jsonl' 파일로 성공적으로 저장했습니다.
2025-09-19 22:59:12,917 - INFO - [scripts.adrule.logic.scraper] - 데이터 15건을 '/Users/woong/Roeum/roeum-crawler/data/raw/adrule/1492000/고령자 고용안정지원금 지급 규정_chunks.jsonl' 파일로 성공적으로 저장했습니다.
2025-09-19 22:59:12,939 - INFO - [__main__] - 상세 페이지 스크레이퍼 완료: 고령자 고용안정지원금 지급 규정
2025-09-19 22:59:14,444 - INFO - [__main__] - 상세 페이지 스크레이퍼 실행: https://www.law.go.kr/admRulInfoP.do?admRulSeq=2000000018010
2025-09-19 22:59:14,798 - INFO - [scripts.adrule.logic.scraper] - 페이지로 이동 중: https://www.law.go.kr/admRulInfoP.do?admRulSeq=2000000018010
2025-09-19 22:59:15,447 - INFO - [scripts.adrule.logic.scraper] - 로딩 마스크가 나타나기를 기다리는 중...
2025-09-19 22:59:15,465 - INFO - [scripts.adrule.logic.scraper] - 로딩 마스크가 사라지기를 기다리는 중...
2025-09-19 22:59:15,545 - INFO - [scripts.adrule.logic.scraper] - 페이지 최종 렌더링을 잠시 대기합니다...
2025-09-19 22:59:16,547 - INFO - [scripts.adrule.logic.scraper] - 페이지 HTML 컨텐츠를 가져오는 중...
2025-09-19 22:59:16,555 - INFO - [scripts.adrule.logic.scraper] - 데이터 파싱 중...
2025-09-19 22:59:16,598 - INFO - [scripts.adrule.logic.scraper] - 유형 2: 텍스트 기반 비정형 구조 감지
2025-09-19 22:59:16,603 - INFO - [scripts.adrule.logic.scraper] - 데이터 1건을 '/Users/woong/Roeum/roeum-crawler/data/raw/adrule/1492000/고령자고용연장지원금액 등_document.jsonl' 파일로 성공적으로 저장했습니다.
2025-09-19 22:59:16,603 - INFO - [scripts.adrule.logic.scraper] - 데이터 1건을 '/Users/woong/Roeum/roeum-crawler/data/raw/adrule/1492000/고령자고용연장지원금액 등_chunks.jsonl' 파일로 성공적으로 저장했습니다.
2025-09-19 22:59:16,628 - INFO - [__main__] - 상세 페이지 스크레이퍼 완료: 고령자고용연장지원금액 등
2025-09-19 22:59:18,261 - INFO - [__main__] - 상세 페이지 스크레이퍼 실행: https://www.law.go.kr/admRulInfoP.do?admRulSeq=2100000216935
2025-09-19 22:59:19,014 - INFO - [scripts.adrule.logic.scraper] - 페이지로 이동 중: https://www.law.go.kr/admRulInfoP.do?admRulSeq=2100000216935
2025-09-19 22:59:19,637 - INFO - [scripts.adrule.logic.scraper] - 로딩 마스크가 나타나기를 기다리는 중...
2025-09-19 22:59:19,687 - INFO - [scripts.adrule.logic.scraper] - 로딩 마스크가 사라지기를 기다리는 중...
2025-09-19 22:59:19,904 - INFO - [scripts.adrule.logic.scraper] - 페이지 최종 렌더링을 잠시 대기합니다...
2025-09-19 22:59:20,911 - INFO - [scripts.adrule.logic.scraper] - 페이지 HTML 컨텐츠를 가져오는 중...
2025-09-19 22:59:20,934 - INFO - [scripts.adrule.logic.scraper] - 데이터 파싱 중...
2025-09-19 22:59:21,079 - INFO - [scripts.adrule.logic.scraper] - 유형 1: 정형화된 법령 구조 감지
2025-09-19 22:59:21,115 - INFO - [scripts.adrule.logic.scraper] - 데이터 1건을 '/Users/woong/Roeum/roeum-crawler/data/raw/adrule/1492000/고령자인재은행 및 중견전문인력 고용지원센터 운영규정_document.jsonl' 파일로 성공적으로 저장했습니다.
2025-09-19 22:59:21,116 - INFO - [scripts.adrule.logic.scraper] - 데이터 27건을 '/Users/woong/Roeum/roeum-crawler/data/raw/adrule/1492000/고령자인재은행 및 중견전문인력 고용지원센터 운영규정_chunks.jsonl' 파일로 성공적으로 저장했습니다.
2025-09-19 22:59:21,167 - INFO - [__main__] - 상세 페이지 스크레이퍼 완료: 고령자인재은행 및 중견전문인력 고용지원센터 운영규정
2025-09-19 22:59:22,858 - INFO - [__main__] - 상세 페이지 스크레이퍼 실행: https://www.law.go.kr/admRulInfoP.do?admRulSeq=2100000261300
2025-09-19 22:59:23,411 - INFO - [scripts.adrule.logic.scraper] - 페이지로 이동 중: https://www.law.go.kr/admRulInfoP.do?admRulSeq=2100000261300
2025-09-19 22:59:23,991 - INFO - [scripts.adrule.logic.scraper] - 로딩 마스크가 나타나기를 기다리는 중...
2025-09-19 22:59:24,020 - INFO - [scripts.adrule.logic.scraper] - 로딩 마스크가 사라지기를 기다리는 중...
2025-09-19 22:59:24,221 - INFO - [scripts.adrule.logic.scraper] - 페이지 최종 렌더링을 잠시 대기합니다...
2025-09-19 22:59:25,226 - INFO - [scripts.adrule.logic.scraper] - 페이지 HTML 컨텐츠를 가져오는 중...
2025-09-19 22:59:25,235 - INFO - [scripts.adrule.logic.scraper] - 데이터 파싱 중...
2025-09-19 22:59:25,324 - INFO - [scripts.adrule.logic.scraper] - 유형 1: 정형화된 법령 구조 감지
2025-09-19 22:59:25,352 - INFO - [scripts.adrule.logic.scraper] - 데이터 1건을 '/Users/woong/Roeum/roeum-crawler/data/raw/adrule/1492000/고용노동관계법 위반자에 대한 과태료 부과·징수 업무에 관한 예규_document.jsonl' 파일로 성공적으로 저장했습니다.
2025-09-19 22:59:25,353 - INFO - [scripts.adrule.logic.scraper] - 데이터 21건을 '/Users/woong/Roeum/roeum-crawler/data/raw/adrule/1492000/고용노동관계법 위반자에 대한 과태료 부과·징수 업무에 관한 예규_chunks.jsonl' 파일로 성공적으로 저장했습니다.
2025-09-19 22:59:25,386 - INFO - [__main__] - 상세 페이지 스크레이퍼 완료: 고용노동관계법 위반자에 대한 과태료 부과·징수 업무에 관한 예규
2025-09-19 22:59:26,918 - INFO - [__main__] - 상세 페이지 스크레이퍼 실행: https://www.law.go.kr/admRulInfoP.do?admRulSeq=2000000017617
2025-09-19 22:59:27,290 - INFO - [scripts.adrule.logic.scraper] - 페이지로 이동 중: https://www.law.go.kr/admRulInfoP.do?admRulSeq=2000000017617
2025-09-19 22:59:27,992 - INFO - [scripts.adrule.logic.scraper] - 로딩 마스크가 나타나기를 기다리는 중...
2025-09-19 22:59:28,012 - INFO - [scripts.adrule.logic.scraper] - 로딩 마스크가 사라지기를 기다리는 중...
2025-09-19 22:59:28,194 - INFO - [scripts.adrule.logic.scraper] - 페이지 최종 렌더링을 잠시 대기합니다...
2025-09-19 22:59:29,197 - INFO - [scripts.adrule.logic.scraper] - 페이지 HTML 컨텐츠를 가져오는 중...
2025-09-19 22:59:29,216 - INFO - [scripts.adrule.logic.scraper] - 데이터 파싱 중...
2025-09-19 22:59:29,274 - INFO - [scripts.adrule.logic.scraper] - 유형 1: 정형화된 법령 구조 감지
2025-09-19 22:59:29,308 - INFO - [scripts.adrule.logic.scraper] - 데이터 1건을 '/Users/woong/Roeum/roeum-crawler/data/raw/adrule/1492000/고용노동관 업무처리지침_document.jsonl' 파일로 성공적으로 저장했습니다.
2025-09-19 22:59:29,308 - INFO - [scripts.adrule.logic.scraper] - 데이터 22건을 '/Users/woong/Roeum/roeum-crawler/data/raw/adrule/1492000/고용노동관 업무처리지침_chunks.jsonl' 파일로 성공적으로 저장했습니다.
2025-09-19 22:59:29,329 - INFO - [__main__] - 상세 페이지 스크레이퍼 완료: 고용노동관 업무처리지침
2025-09-19 22:59:30,843 - INFO - [__main__] - 상세 페이지 스크레이퍼 실행: https://www.law.go.kr/admRulInfoP.do?admRulSeq=2100000215557
2025-09-19 22:59:31,189 - INFO - [scripts.adrule.logic.scraper] - 페이지로 이동 중: https://www.law.go.kr/admRulInfoP.do?admRulSeq=2100000215557
2025-09-19 22:59:31,731 - INFO - [scripts.adrule.logic.scraper] - 로딩 마스크가 나타나기를 기다리는 중...
2025-09-19 22:59:31,751 - INFO - [scripts.adrule.logic.scraper] - 로딩 마스크가 사라지기를 기다리는 중...
2025-09-19 22:59:31,831 - INFO - [scripts.adrule.logic.scraper] - 페이지 최종 렌더링을 잠시 대기합니다...
2025-09-19 22:59:32,834 - INFO - [scripts.adrule.logic.scraper] - 페이지 HTML 컨텐츠를 가져오는 중...
2025-09-19 22:59:32,847 - INFO - [scripts.adrule.logic.scraper] - 데이터 파싱 중...
2025-09-19 22:59:32,900 - INFO - [scripts.adrule.logic.scraper] - 유형 1: 정형화된 법령 구조 감지
2025-09-19 22:59:32,910 - INFO - [scripts.adrule.logic.scraper] - 데이터 1건을 '/Users/woong/Roeum/roeum-crawler/data/raw/adrule/1492000/고용노동부 2030 자문단 설치 및 운영에 관한 규정_document.jsonl' 파일로 성공적으로 저장했습니다.
2025-09-19 22:59:32,911 - INFO - [scripts.adrule.logic.scraper] - 데이터 12건을 '/Users/woong/Roeum/roeum-crawler/data/raw/adrule/1492000/고용노동부 2030 자문단 설치 및 운영에 관한 규정_chunks.jsonl' 파일로 성공적으로 저장했습니다.
2025-09-19 22:59:32,942 - INFO - [__main__] - 상세 페이지 스크레이퍼 완료: 고용노동부 2030 자문단 설치 및 운영에 관한 규정
2025-09-19 22:59:34,512 - INFO - [__main__] - 상세 페이지 스크레이퍼 실행: https://www.law.go.kr/admRulInfoP.do?admRulSeq=2100000213115
2025-09-19 22:59:34,901 - INFO - [scripts.adrule.logic.scraper] - 페이지로 이동 중: https://www.law.go.kr/admRulInfoP.do?admRulSeq=2100000213115
2025-09-19 22:59:35,464 - INFO - [scripts.adrule.logic.scraper] - 로딩 마스크가 나타나기를 기다리는 중...
2025-09-19 22:59:35,483 - INFO - [scripts.adrule.logic.scraper] - 로딩 마스크가 사라지기를 기다리는 중...
2025-09-19 22:59:35,580 - INFO - [scripts.adrule.logic.scraper] - 페이지 최종 렌더링을 잠시 대기합니다...
2025-09-19 22:59:36,582 - INFO - [scripts.adrule.logic.scraper] - 페이지 HTML 컨텐츠를 가져오는 중...
2025-09-19 22:59:36,597 - INFO - [scripts.adrule.logic.scraper] - 데이터 파싱 중...
2025-09-19 22:59:36,652 - INFO - [scripts.adrule.logic.scraper] - 유형 1: 정형화된 법령 구조 감지
2025-09-19 22:59:36,683 - INFO - [scripts.adrule.logic.scraper] - 데이터 1건을 '/Users/woong/Roeum/roeum-crawler/data/raw/adrule/1492000/(고용노동부) 4대 사회보험 민원서류 접수 등에 관한 고시_document.jsonl' 파일로 성공적으로 저장했습니다.
2025-09-19 22:59:36,684 - INFO - [scripts.adrule.logic.scraper] - 데이터 9건을 '/Users/woong/Roeum/roeum-crawler/data/raw/adrule/1492000/(고용노동부) 4대 사회보험 민원서류 접수 등에 관한 고시_chunks.jsonl' 파일로 성공적으로 저장했습니다.
2025-09-19 22:59:36,704 - INFO - [__main__] - 상세 페이지 스크레이퍼 완료: (고용노동부) 4대 사회보험 민원서류 접수 등에 관한 고시
2025-09-19 22:59:38,200 - INFO - [__main__] - 상세 페이지 스크레이퍼 실행: https://www.law.go.kr/admRulInfoP.do?admRulSeq=2100000196119
2025-09-19 22:59:38,562 - INFO - [scripts.adrule.logic.scraper] - 페이지로 이동 중: https://www.law.go.kr/admRulInfoP.do?admRulSeq=2100000196119
2025-09-19 22:59:39,204 - INFO - [scripts.adrule.logic.scraper] - 로딩 마스크가 나타나기를 기다리는 중...
2025-09-19 22:59:39,223 - INFO - [scripts.adrule.logic.scraper] - 로딩 마스크가 사라지기를 기다리는 중...
2025-09-19 22:59:39,406 - INFO - [scripts.adrule.logic.scraper] - 페이지 최종 렌더링을 잠시 대기합니다...
2025-09-19 22:59:40,411 - INFO - [scripts.adrule.logic.scraper] - 페이지 HTML 컨텐츠를 가져오는 중...
2025-09-19 22:59:40,427 - INFO - [scripts.adrule.logic.scraper] - 데이터 파싱 중...
2025-09-19 22:59:40,472 - INFO - [scripts.adrule.logic.scraper] - 유형 2: 텍스트 기반 비정형 구조 감지
2025-09-19 22:59:40,476 - INFO - [scripts.adrule.logic.scraper] - 데이터 1건을 '/Users/woong/Roeum/roeum-crawler/data/raw/adrule/1492000/(고용노동부) 가공·변형된 석면함유가능물질의 석면허용기준_document.jsonl' 파일로 성공적으로 저장했습니다.
2025-09-19 22:59:40,477 - INFO - [scripts.adrule.logic.scraper] - 데이터 1건을 '/Users/woong/Roeum/roeum-crawler/data/raw/adrule/1492000/(고용노동부) 가공·변형된 석면함유가능물질의 석면허용기준_chunks.jsonl' 파일로 성공적으로 저장했습니다.
2025-09-19 22:59:40,498 - INFO - [__main__] - 상세 페이지 스크레이퍼 완료: (고용노동부) 가공·변형된 석면함유가능물질의 석면허용기준
2025-09-19 22:59:42,015 - INFO - [__main__] - 상세 페이지 스크레이퍼 실행: https://www.law.go.kr/admRulInfoP.do?admRulSeq=2100000182989
2025-09-19 22:59:42,374 - INFO - [scripts.adrule.logic.scraper] - 페이지로 이동 중: https://www.law.go.kr/admRulInfoP.do?admRulSeq=2100000182989
2025-09-19 22:59:42,945 - INFO - [scripts.adrule.logic.scraper] - 로딩 마스크가 나타나기를 기다리는 중...
2025-09-19 22:59:42,964 - INFO - [scripts.adrule.logic.scraper] - 로딩 마스크가 사라지기를 기다리는 중...
2025-09-19 22:59:43,146 - INFO - [scripts.adrule.logic.scraper] - 페이지 최종 렌더링을 잠시 대기합니다...
2025-09-19 22:59:44,150 - INFO - [scripts.adrule.logic.scraper] - 페이지 HTML 컨텐츠를 가져오는 중...
2025-09-19 22:59:44,166 - INFO - [scripts.adrule.logic.scraper] - 데이터 파싱 중...
2025-09-19 22:59:44,224 - INFO - [scripts.adrule.logic.scraper] - 유형 1: 정형화된 법령 구조 감지
2025-09-19 22:59:44,259 - INFO - [scripts.adrule.logic.scraper] - 데이터 1건을 '/Users/woong/Roeum/roeum-crawler/data/raw/adrule/1492000/고용노동부 갈등관리 운영규정_document.jsonl' 파일로 성공적으로 저장했습니다.
2025-09-19 22:59:44,259 - INFO - [scripts.adrule.logic.scraper] - 데이터 16건을 '/Users/woong/Roeum/roeum-crawler/data/raw/adrule/1492000/고용노동부 갈등관리 운영규정_chunks.jsonl' 파일로 성공적으로 저장했습니다.
2025-09-19 22:59:44,279 - INFO - [__main__] - 상세 페이지 스크레이퍼 완료: 고용노동부 갈등관리 운영규정
2025-09-19 22:59:45,783 - INFO - [__main__] - 상세 페이지 스크레이퍼 실행: https://www.law.go.kr/admRulInfoP.do?admRulSeq=2100000252674
2025-09-19 22:59:46,126 - INFO - [scripts.adrule.logic.scraper] - 페이지로 이동 중: https://www.law.go.kr/admRulInfoP.do?admRulSeq=2100000252674
2025-09-19 22:59:46,730 - INFO - [scripts.adrule.logic.scraper] - 로딩 마스크가 나타나기를 기다리는 중...
2025-09-19 22:59:46,752 - INFO - [scripts.adrule.logic.scraper] - 로딩 마스크가 사라지기를 기다리는 중...
2025-09-19 22:59:46,946 - INFO - [scripts.adrule.logic.scraper] - 페이지 최종 렌더링을 잠시 대기합니다...
2025-09-19 22:59:47,948 - INFO - [scripts.adrule.logic.scraper] - 페이지 HTML 컨텐츠를 가져오는 중...
2025-09-19 22:59:47,960 - INFO - [scripts.adrule.logic.scraper] - 데이터 파싱 중...
2025-09-19 22:59:48,063 - INFO - [scripts.adrule.logic.scraper] - 유형 1: 정형화된 법령 구조 감지
2025-09-19 22:59:48,103 - INFO - [scripts.adrule.logic.scraper] - 데이터 1건을 '/Users/woong/Roeum/roeum-crawler/data/raw/adrule/1492000/고용노동부 감사규정_document.jsonl' 파일로 성공적으로 저장했습니다.
2025-09-19 22:59:48,104 - INFO - [scripts.adrule.logic.scraper] - 데이터 49건을 '/Users/woong/Roeum/roeum-crawler/data/raw/adrule/1492000/고용노동부 감사규정_chunks.jsonl' 파일로 성공적으로 저장했습니다.
2025-09-19 22:59:48,126 - INFO - [__main__] - 상세 페이지 스크레이퍼 완료: 고용노동부 감사규정
2025-09-19 22:59:49,638 - INFO - [__main__] - 상세 페이지 스크레이퍼 실행: https://www.law.go.kr/admRulInfoP.do?admRulSeq=2100000239678
2025-09-19 22:59:49,977 - INFO - [scripts.adrule.logic.scraper] - 페이지로 이동 중: https://www.law.go.kr/admRulInfoP.do?admRulSeq=2100000239678
2025-09-19 22:59:50,598 - INFO - [scripts.adrule.logic.scraper] - 로딩 마스크가 나타나기를 기다리는 중...
2025-09-19 22:59:50,616 - INFO - [scripts.adrule.logic.scraper] - 로딩 마스크가 사라지기를 기다리는 중...
2025-09-19 22:59:50,894 - INFO - [scripts.adrule.logic.scraper] - 페이지 최종 렌더링을 잠시 대기합니다...
2025-09-19 22:59:51,897 - INFO - [scripts.adrule.logic.scraper] - 페이지 HTML 컨텐츠를 가져오는 중...
2025-09-19 22:59:51,928 - INFO - [scripts.adrule.logic.scraper] - 데이터 파싱 중...
2025-09-19 22:59:52,041 - INFO - [scripts.adrule.logic.scraper] - 유형 1: 정형화된 법령 구조 감지
2025-09-19 22:59:52,091 - INFO - [scripts.adrule.logic.scraper] - 데이터 1건을 '/Users/woong/Roeum/roeum-crawler/data/raw/adrule/1492000/고용노동부 개인정보 보호지침_document.jsonl' 파일로 성공적으로 저장했습니다.
2025-09-19 22:59:52,092 - INFO - [scripts.adrule.logic.scraper] - 데이터 69건을 '/Users/woong/Roeum/roeum-crawler/data/raw/adrule/1492000/고용노동부 개인정보 보호지침_chunks.jsonl' 파일로 성공적으로 저장했습니다.
2025-09-19 22:59:52,113 - INFO - [__main__] - 상세 페이지 스크레이퍼 완료: 고용노동부 개인정보 보호지침
2025-09-19 22:59:53,615 - INFO - [__main__] - 상세 페이지 스크레이퍼 실행: https://www.law.go.kr/admRulInfoP.do?admRulSeq=2100000250460
2025-09-19 22:59:53,940 - INFO - [scripts.adrule.logic.scraper] - 페이지로 이동 중: https://www.law.go.kr/admRulInfoP.do?admRulSeq=2100000250460
2025-09-19 22:59:54,475 - INFO - [scripts.adrule.logic.scraper] - 로딩 마스크가 나타나기를 기다리는 중...
2025-09-19 22:59:54,493 - INFO - [scripts.adrule.logic.scraper] - 로딩 마스크가 사라지기를 기다리는 중...
2025-09-19 22:59:54,675 - INFO - [scripts.adrule.logic.scraper] - 페이지 최종 렌더링을 잠시 대기합니다...
2025-09-19 22:59:55,678 - INFO - [scripts.adrule.logic.scraper] - 페이지 HTML 컨텐츠를 가져오는 중...
2025-09-19 22:59:55,700 - INFO - [scripts.adrule.logic.scraper] - 데이터 파싱 중...
2025-09-19 22:59:55,808 - INFO - [scripts.adrule.logic.scraper] - 유형 1: 정형화된 법령 구조 감지
2025-09-19 22:59:55,839 - INFO - [scripts.adrule.logic.scraper] - 데이터 1건을 '/Users/woong/Roeum/roeum-crawler/data/raw/adrule/1492000/고용노동부고객상담센터 기본운영규정_document.jsonl' 파일로 성공적으로 저장했습니다.
2025-09-19 22:59:55,840 - INFO - [scripts.adrule.logic.scraper] - 데이터 57건을 '/Users/woong/Roeum/roeum-crawler/data/raw/adrule/1492000/고용노동부고객상담센터 기본운영규정_chunks.jsonl' 파일로 성공적으로 저장했습니다.
2025-09-19 22:59:55,860 - INFO - [__main__] - 상세 페이지 스크레이퍼 완료: 고용노동부고객상담센터 기본운영규정
2025-09-19 22:59:57,372 - INFO - [__main__] - 상세 페이지 스크레이퍼 실행: https://www.law.go.kr/admRulInfoP.do?admRulSeq=2100000210067
2025-09-19 22:59:57,728 - INFO - [scripts.adrule.logic.scraper] - 페이지로 이동 중: https://www.law.go.kr/admRulInfoP.do?admRulSeq=2100000210067
2025-09-19 22:59:58,274 - INFO - [scripts.adrule.logic.scraper] - 로딩 마스크가 나타나기를 기다리는 중...
2025-09-19 22:59:58,292 - INFO - [scripts.adrule.logic.scraper] - 로딩 마스크가 사라지기를 기다리는 중...
2025-09-19 22:59:58,373 - INFO - [scripts.adrule.logic.scraper] - 페이지 최종 렌더링을 잠시 대기합니다...
2025-09-19 22:59:59,377 - INFO - [scripts.adrule.logic.scraper] - 페이지 HTML 컨텐츠를 가져오는 중...
2025-09-19 22:59:59,395 - INFO - [scripts.adrule.logic.scraper] - 데이터 파싱 중...
2025-09-19 22:59:59,448 - INFO - [scripts.adrule.logic.scraper] - 유형 1: 정형화된 법령 구조 감지
2025-09-19 22:59:59,460 - INFO - [scripts.adrule.logic.scraper] - 데이터 1건을 '/Users/woong/Roeum/roeum-crawler/data/raw/adrule/1492000/고용노동부고객상담센터 위임전결규정_document.jsonl' 파일로 성공적으로 저장했습니다.
2025-09-19 22:59:59,460 - INFO - [scripts.adrule.logic.scraper] - 데이터 10건을 '/Users/woong/Roeum/roeum-crawler/data/raw/adrule/1492000/고용노동부고객상담센터 위임전결규정_chunks.jsonl' 파일로 성공적으로 저장했습니다.
2025-09-19 22:59:59,480 - INFO - [__main__] - 상세 페이지 스크레이퍼 완료: 고용노동부고객상담센터 위임전결규정
2025-09-19 23:00:01,003 - INFO - [__main__] - 상세 페이지 스크레이퍼 실행: https://www.law.go.kr/admRulInfoP.do?admRulSeq=2100000222744
2025-09-19 23:00:01,398 - INFO - [scripts.adrule.logic.scraper] - 페이지로 이동 중: https://www.law.go.kr/admRulInfoP.do?admRulSeq=2100000222744
2025-09-19 23:00:01,980 - INFO - [scripts.adrule.logic.scraper] - 로딩 마스크가 나타나기를 기다리는 중...
2025-09-19 23:00:02,001 - INFO - [scripts.adrule.logic.scraper] - 로딩 마스크가 사라지기를 기다리는 중...
2025-09-19 23:00:02,181 - INFO - [scripts.adrule.logic.scraper] - 페이지 최종 렌더링을 잠시 대기합니다...
2025-09-19 23:00:03,183 - INFO - [scripts.adrule.logic.scraper] - 페이지 HTML 컨텐츠를 가져오는 중...
2025-09-19 23:00:03,200 - INFO - [scripts.adrule.logic.scraper] - 데이터 파싱 중...
2025-09-19 23:00:03,254 - INFO - [scripts.adrule.logic.scraper] - 유형 1: 정형화된 법령 구조 감지
2025-09-19 23:00:03,290 - INFO - [scripts.adrule.logic.scraper] - 데이터 1건을 '/Users/woong/Roeum/roeum-crawler/data/raw/adrule/1492000/고용노동부 고객지원실 운영규정_document.jsonl' 파일로 성공적으로 저장했습니다.
2025-09-19 23:00:03,290 - INFO - [scripts.adrule.logic.scraper] - 데이터 18건을 '/Users/woong/Roeum/roeum-crawler/data/raw/adrule/1492000/고용노동부 고객지원실 운영규정_chunks.jsonl' 파일로 성공적으로 저장했습니다.
2025-09-19 23:00:03,310 - INFO - [__main__] - 상세 페이지 스크레이퍼 완료: 고용노동부 고객지원실 운영규정
2025-09-19 23:00:04,816 - INFO - [__main__] - 상세 페이지 스크레이퍼 실행: https://www.law.go.kr/admRulInfoP.do?admRulSeq=2100000211064
2025-09-19 23:00:05,178 - INFO - [scripts.adrule.logic.scraper] - 페이지로 이동 중: https://www.law.go.kr/admRulInfoP.do?admRulSeq=2100000211064
2025-09-19 23:00:05,763 - INFO - [scripts.adrule.logic.scraper] - 로딩 마스크가 나타나기를 기다리는 중...
2025-09-19 23:00:05,782 - INFO - [scripts.adrule.logic.scraper] - 로딩 마스크가 사라지기를 기다리는 중...
2025-09-19 23:00:05,875 - INFO - [scripts.adrule.logic.scraper] - 페이지 최종 렌더링을 잠시 대기합니다...
2025-09-19 23:00:06,879 - INFO - [scripts.adrule.logic.scraper] - 페이지 HTML 컨텐츠를 가져오는 중...
2025-09-19 23:00:06,899 - INFO - [scripts.adrule.logic.scraper] - 데이터 파싱 중...
2025-09-19 23:00:06,955 - INFO - [scripts.adrule.logic.scraper] - 유형 1: 정형화된 법령 구조 감지
2025-09-19 23:00:06,993 - INFO - [scripts.adrule.logic.scraper] - 데이터 1건을 '/Users/woong/Roeum/roeum-crawler/data/raw/adrule/1492000/고용노동부 고용장려금 운영에 관한 규정_document.jsonl' 파일로 성공적으로 저장했습니다.
2025-09-19 23:00:06,993 - INFO - [scripts.adrule.logic.scraper] - 데이터 16건을 '/Users/woong/Roeum/roeum-crawler/data/raw/adrule/1492000/고용노동부 고용장려금 운영에 관한 규정_chunks.jsonl' 파일로 성공적으로 저장했습니다.
2025-09-19 23:00:07,015 - INFO - [__main__] - 상세 페이지 스크레이퍼 완료: 고용노동부 고용장려금 운영에 관한 규정
2025-09-19 23:00:08,514 - INFO - [__main__] - 상세 페이지 스크레이퍼 실행: https://www.law.go.kr/admRulInfoP.do?admRulSeq=2000000017616
2025-09-19 23:00:08,851 - INFO - [scripts.adrule.logic.scraper] - 페이지로 이동 중: https://www.law.go.kr/admRulInfoP.do?admRulSeq=2000000017616
2025-09-19 23:00:09,437 - INFO - [scripts.adrule.logic.scraper] - 로딩 마스크가 나타나기를 기다리는 중...
2025-09-19 23:00:09,456 - INFO - [scripts.adrule.logic.scraper] - 로딩 마스크가 사라지기를 기다리는 중...
2025-09-19 23:00:09,535 - INFO - [scripts.adrule.logic.scraper] - 페이지 최종 렌더링을 잠시 대기합니다...
2025-09-19 23:00:10,539 - INFO - [scripts.adrule.logic.scraper] - 페이지 HTML 컨텐츠를 가져오는 중...
2025-09-19 23:00:10,555 - INFO - [scripts.adrule.logic.scraper] - 데이터 파싱 중...
2025-09-19 23:00:10,603 - INFO - [scripts.adrule.logic.scraper] - 유형 1: 정형화된 법령 구조 감지
2025-09-19 23:00:10,610 - INFO - [scripts.adrule.logic.scraper] - 데이터 1건을 '/Users/woong/Roeum/roeum-crawler/data/raw/adrule/1492000/고용노동부 공무원의 국제기구 파견에 관한 지침_document.jsonl' 파일로 성공적으로 저장했습니다.
2025-09-19 23:00:10,610 - INFO - [scripts.adrule.logic.scraper] - 데이터 5건을 '/Users/woong/Roeum/roeum-crawler/data/raw/adrule/1492000/고용노동부 공무원의 국제기구 파견에 관한 지침_chunks.jsonl' 파일로 성공적으로 저장했습니다.
2025-09-19 23:00:10,631 - INFO - [__main__] - 상세 페이지 스크레이퍼 완료: 고용노동부 공무원의 국제기구 파견에 관한 지침
2025-09-19 23:00:12,141 - INFO - [__main__] - 상세 페이지 스크레이퍼 실행: https://www.law.go.kr/admRulInfoP.do?admRulSeq=2100000263238
2025-09-19 23:00:12,477 - INFO - [scripts.adrule.logic.scraper] - 페이지로 이동 중: https://www.law.go.kr/admRulInfoP.do?admRulSeq=2100000263238
2025-09-19 23:00:13,010 - INFO - [scripts.adrule.logic.scraper] - 로딩 마스크가 나타나기를 기다리는 중...
2025-09-19 23:00:13,029 - INFO - [scripts.adrule.logic.scraper] - 로딩 마스크가 사라지기를 기다리는 중...
2025-09-19 23:00:13,135 - INFO - [scripts.adrule.logic.scraper] - 페이지 최종 렌더링을 잠시 대기합니다...
2025-09-19 23:00:14,139 - INFO - [scripts.adrule.logic.scraper] - 페이지 HTML 컨텐츠를 가져오는 중...
2025-09-19 23:00:14,157 - INFO - [scripts.adrule.logic.scraper] - 데이터 파싱 중...
2025-09-19 23:00:14,243 - INFO - [scripts.adrule.logic.scraper] - 유형 1: 정형화된 법령 구조 감지
2025-09-19 23:00:14,269 - INFO - [scripts.adrule.logic.scraper] - 데이터 1건을 '/Users/woong/Roeum/roeum-crawler/data/raw/adrule/1492000/고용노동부 공무원 정원배정표_document.jsonl' 파일로 성공적으로 저장했습니다.
2025-09-19 23:00:14,269 - INFO - [scripts.adrule.logic.scraper] - 데이터 6건을 '/Users/woong/Roeum/roeum-crawler/data/raw/adrule/1492000/고용노동부 공무원 정원배정표_chunks.jsonl' 파일로 성공적으로 저장했습니다.
2025-09-19 23:00:14,289 - INFO - [__main__] - 상세 페이지 스크레이퍼 완료: 고용노동부 공무원 정원배정표
2025-09-19 23:00:15,790 - INFO - [__main__] - 상세 페이지 스크레이퍼 실행: https://www.law.go.kr/admRulInfoP.do?admRulSeq=2100000237204
2025-09-19 23:00:16,137 - INFO - [scripts.adrule.logic.scraper] - 페이지로 이동 중: https://www.law.go.kr/admRulInfoP.do?admRulSeq=2100000237204
2025-09-19 23:00:16,821 - INFO - [scripts.adrule.logic.scraper] - 로딩 마스크가 나타나기를 기다리는 중...
2025-09-19 23:00:16,843 - INFO - [scripts.adrule.logic.scraper] - 로딩 마스크가 사라지기를 기다리는 중...
2025-09-19 23:00:17,034 - INFO - [scripts.adrule.logic.scraper] - 페이지 최종 렌더링을 잠시 대기합니다...
2025-09-19 23:00:18,037 - INFO - [scripts.adrule.logic.scraper] - 페이지 HTML 컨텐츠를 가져오는 중...
2025-09-19 23:00:18,057 - INFO - [scripts.adrule.logic.scraper] - 데이터 파싱 중...
2025-09-19 23:00:18,155 - INFO - [scripts.adrule.logic.scraper] - 유형 1: 정형화된 법령 구조 감지
2025-09-19 23:00:18,192 - INFO - [scripts.adrule.logic.scraper] - 데이터 1건을 '/Users/woong/Roeum/roeum-crawler/data/raw/adrule/1492000/고용노동부 공무원 행동강령_document.jsonl' 파일로 성공적으로 저장했습니다.
2025-09-19 23:00:18,193 - INFO - [scripts.adrule.logic.scraper] - 데이터 41건을 '/Users/woong/Roeum/roeum-crawler/data/raw/adrule/1492000/고용노동부 공무원 행동강령_chunks.jsonl' 파일로 성공적으로 저장했습니다.
2025-09-19 23:00:18,216 - INFO - [__main__] - 상세 페이지 스크레이퍼 완료: 고용노동부 공무원 행동강령
2025-09-19 23:00:19,727 - INFO - [__main__] - 상세 페이지 스크레이퍼 실행: https://www.law.go.kr/admRulInfoP.do?admRulSeq=2100000217135
2025-09-19 23:00:20,067 - INFO - [scripts.adrule.logic.scraper] - 페이지로 이동 중: https://www.law.go.kr/admRulInfoP.do?admRulSeq=2100000217135
2025-09-19 23:00:20,709 - INFO - [scripts.adrule.logic.scraper] - 로딩 마스크가 나타나기를 기다리는 중...
2025-09-19 23:00:20,731 - INFO - [scripts.adrule.logic.scraper] - 로딩 마스크가 사라지기를 기다리는 중...
2025-09-19 23:00:20,914 - INFO - [scripts.adrule.logic.scraper] - 페이지 최종 렌더링을 잠시 대기합니다...
2025-09-19 23:00:21,917 - INFO - [scripts.adrule.logic.scraper] - 페이지 HTML 컨텐츠를 가져오는 중...
2025-09-19 23:00:21,947 - INFO - [scripts.adrule.logic.scraper] - 데이터 파싱 중...
2025-09-19 23:00:22,063 - INFO - [scripts.adrule.logic.scraper] - 유형 1: 정형화된 법령 구조 감지
2025-09-19 23:00:22,118 - INFO - [scripts.adrule.logic.scraper] - 데이터 1건을 '/Users/woong/Roeum/roeum-crawler/data/raw/adrule/1492000/고용노동부 공무직근로자 운영규정_document.jsonl' 파일로 성공적으로 저장했습니다.
2025-09-19 23:00:22,119 - INFO - [scripts.adrule.logic.scraper] - 데이터 92건을 '/Users/woong/Roeum/roeum-crawler/data/raw/adrule/1492000/고용노동부 공무직근로자 운영규정_chunks.jsonl' 파일로 성공적으로 저장했습니다.
2025-09-19 23:00:22,139 - INFO - [__main__] - 상세 페이지 스크레이퍼 완료: 고용노동부 공무직근로자 운영규정
2025-09-19 23:00:23,667 - INFO - [__main__] - 상세 페이지 스크레이퍼 실행: https://www.law.go.kr/admRulInfoP.do?admRulSeq=2100000234738
2025-09-19 23:00:24,130 - INFO - [scripts.adrule.logic.scraper] - 페이지로 이동 중: https://www.law.go.kr/admRulInfoP.do?admRulSeq=2100000234738
2025-09-19 23:00:24,760 - INFO - [scripts.adrule.logic.scraper] - 로딩 마스크가 나타나기를 기다리는 중...
2025-09-19 23:00:24,780 - INFO - [scripts.adrule.logic.scraper] - 로딩 마스크가 사라지기를 기다리는 중...
2025-09-19 23:00:24,865 - INFO - [scripts.adrule.logic.scraper] - 페이지 최종 렌더링을 잠시 대기합니다...
2025-09-19 23:00:25,867 - INFO - [scripts.adrule.logic.scraper] - 페이지 HTML 컨텐츠를 가져오는 중...
2025-09-19 23:00:25,883 - INFO - [scripts.adrule.logic.scraper] - 데이터 파싱 중...
2025-09-19 23:00:25,976 - INFO - [scripts.adrule.logic.scraper] - 유형 1: 정형화된 법령 구조 감지
2025-09-19 23:00:25,998 - INFO - [scripts.adrule.logic.scraper] - 데이터 1건을 '/Users/woong/Roeum/roeum-crawler/data/raw/adrule/1492000/고용노동부 공사감독 업무규정_document.jsonl' 파일로 성공적으로 저장했습니다.
2025-09-19 23:00:25,998 - INFO - [scripts.adrule.logic.scraper] - 데이터 19건을 '/Users/woong/Roeum/roeum-crawler/data/raw/adrule/1492000/고용노동부 공사감독 업무규정_chunks.jsonl' 파일로 성공적으로 저장했습니다.
2025-09-19 23:00:26,020 - INFO - [__main__] - 상세 페이지 스크레이퍼 완료: 고용노동부 공사감독 업무규정
2025-09-19 23:00:27,532 - INFO - [__main__] - 상세 페이지 스크레이퍼 실행: https://www.law.go.kr/admRulInfoP.do?admRulSeq=2100000237172
2025-09-19 23:00:27,890 - INFO - [scripts.adrule.logic.scraper] - 페이지로 이동 중: https://www.law.go.kr/admRulInfoP.do?admRulSeq=2100000237172
2025-09-19 23:00:28,539 - INFO - [scripts.adrule.logic.scraper] - 로딩 마스크가 나타나기를 기다리는 중...
2025-09-19 23:00:28,557 - INFO - [scripts.adrule.logic.scraper] - 로딩 마스크가 사라지기를 기다리는 중...
2025-09-19 23:00:28,746 - INFO - [scripts.adrule.logic.scraper] - 페이지 최종 렌더링을 잠시 대기합니다...
2025-09-19 23:00:29,749 - INFO - [scripts.adrule.logic.scraper] - 페이지 HTML 컨텐츠를 가져오는 중...
2025-09-19 23:00:29,772 - INFO - [scripts.adrule.logic.scraper] - 데이터 파싱 중...
2025-09-19 23:00:29,870 - INFO - [scripts.adrule.logic.scraper] - 유형 1: 정형화된 법령 구조 감지
2025-09-19 23:00:29,897 - INFO - [scripts.adrule.logic.scraper] - 데이터 1건을 '/Users/woong/Roeum/roeum-crawler/data/raw/adrule/1492000/(고용노동부) 공익신고 처리 및 신고자 보호 등에 관한 규정_document.jsonl' 파일로 성공적으로 저장했습니다.
2025-09-19 23:00:29,897 - INFO - [scripts.adrule.logic.scraper] - 데이터 34건을 '/Users/woong/Roeum/roeum-crawler/data/raw/adrule/1492000/(고용노동부) 공익신고 처리 및 신고자 보호 등에 관한 규정_chunks.jsonl' 파일로 성공적으로 저장했습니다.
2025-09-19 23:00:29,918 - INFO - [__main__] - 상세 페이지 스크레이퍼 완료: (고용노동부) 공익신고 처리 및 신고자 보호 등에 관한 규정
2025-09-19 23:00:31,417 - INFO - [__main__] - 상세 페이지 스크레이퍼 실행: https://www.law.go.kr/admRulInfoP.do?admRulSeq=2100000211590
2025-09-19 23:00:31,771 - INFO - [scripts.adrule.logic.scraper] - 페이지로 이동 중: https://www.law.go.kr/admRulInfoP.do?admRulSeq=2100000211590
2025-09-19 23:00:32,344 - INFO - [scripts.adrule.logic.scraper] - 로딩 마스크가 나타나기를 기다리는 중...
2025-09-19 23:00:32,371 - INFO - [scripts.adrule.logic.scraper] - 로딩 마스크가 사라지기를 기다리는 중...
2025-09-19 23:00:32,606 - INFO - [scripts.adrule.logic.scraper] - 페이지 최종 렌더링을 잠시 대기합니다...
2025-09-19 23:00:33,608 - INFO - [scripts.adrule.logic.scraper] - 페이지 HTML 컨텐츠를 가져오는 중...
2025-09-19 23:00:33,620 - INFO - [scripts.adrule.logic.scraper] - 데이터 파싱 중...
2025-09-19 23:00:33,683 - INFO - [scripts.adrule.logic.scraper] - 유형 1: 정형화된 법령 구조 감지
2025-09-19 23:00:33,731 - INFO - [scripts.adrule.logic.scraper] - 데이터 1건을 '/Users/woong/Roeum/roeum-crawler/data/raw/adrule/1492000/고용노동부 공직자의 이해충돌 방지제도 운영지침_document.jsonl' 파일로 성공적으로 저장했습니다.
2025-09-19 23:00:33,731 - INFO - [scripts.adrule.logic.scraper] - 데이터 19건을 '/Users/woong/Roeum/roeum-crawler/data/raw/adrule/1492000/고용노동부 공직자의 이해충돌 방지제도 운영지침_chunks.jsonl' 파일로 성공적으로 저장했습니다.
2025-09-19 23:00:33,752 - INFO - [__main__] - 상세 페이지 스크레이퍼 완료: 고용노동부 공직자의 이해충돌 방지제도 운영지침
2025-09-19 23:00:35,263 - INFO - [__main__] - 상세 페이지 스크레이퍼 실행: https://www.law.go.kr/admRulInfoP.do?admRulSeq=2100000234750
2025-09-19 23:00:35,630 - INFO - [scripts.adrule.logic.scraper] - 페이지로 이동 중: https://www.law.go.kr/admRulInfoP.do?admRulSeq=2100000234750
2025-09-19 23:00:36,195 - INFO - [scripts.adrule.logic.scraper] - 로딩 마스크가 나타나기를 기다리는 중...
2025-09-19 23:00:36,215 - INFO - [scripts.adrule.logic.scraper] - 로딩 마스크가 사라지기를 기다리는 중...
2025-09-19 23:00:36,394 - INFO - [scripts.adrule.logic.scraper] - 페이지 최종 렌더링을 잠시 대기합니다...
2025-09-19 23:00:37,397 - INFO - [scripts.adrule.logic.scraper] - 페이지 HTML 컨텐츠를 가져오는 중...
2025-09-19 23:00:37,417 - INFO - [scripts.adrule.logic.scraper] - 데이터 파싱 중...
2025-09-19 23:00:37,476 - INFO - [scripts.adrule.logic.scraper] - 유형 1: 정형화된 법령 구조 감지
2025-09-19 23:00:37,514 - INFO - [scripts.adrule.logic.scraper] - 데이터 1건을 '/Users/woong/Roeum/roeum-crawler/data/raw/adrule/1492000/고용노동부 관사의 운영 및 관리규정_document.jsonl' 파일로 성공적으로 저장했습니다.
2025-09-19 23:00:37,515 - INFO - [scripts.adrule.logic.scraper] - 데이터 20건을 '/Users/woong/Roeum/roeum-crawler/data/raw/adrule/1492000/고용노동부 관사의 운영 및 관리규정_chunks.jsonl' 파일로 성공적으로 저장했습니다.
2025-09-19 23:00:37,538 - INFO - [__main__] - 상세 페이지 스크레이퍼 완료: 고용노동부 관사의 운영 및 관리규정
2025-09-19 23:00:39,034 - INFO - [__main__] - 상세 페이지 스크레이퍼 실행: https://www.law.go.kr/admRulInfoP.do?admRulSeq=2100000217173
2025-09-19 23:00:39,381 - INFO - [scripts.adrule.logic.scraper] - 페이지로 이동 중: https://www.law.go.kr/admRulInfoP.do?admRulSeq=2100000217173
2025-09-19 23:00:39,986 - INFO - [scripts.adrule.logic.scraper] - 로딩 마스크가 나타나기를 기다리는 중...
2025-09-19 23:00:40,005 - INFO - [scripts.adrule.logic.scraper] - 로딩 마스크가 사라지기를 기다리는 중...
2025-09-19 23:00:40,093 - INFO - [scripts.adrule.logic.scraper] - 페이지 최종 렌더링을 잠시 대기합니다...
2025-09-19 23:00:41,095 - INFO - [scripts.adrule.logic.scraper] - 페이지 HTML 컨텐츠를 가져오는 중...
2025-09-19 23:00:41,114 - INFO - [scripts.adrule.logic.scraper] - 데이터 파싱 중...
2025-09-19 23:00:41,173 - INFO - [scripts.adrule.logic.scraper] - 유형 1: 정형화된 법령 구조 감지
2025-09-19 23:00:41,216 - INFO - [scripts.adrule.logic.scraper] - 데이터 1건을 '/Users/woong/Roeum/roeum-crawler/data/raw/adrule/1492000/고용노동부 국가정보자료관리세부시행규칙_document.jsonl' 파일로 성공적으로 저장했습니다.
2025-09-19 23:00:41,216 - INFO - [scripts.adrule.logic.scraper] - 데이터 16건을 '/Users/woong/Roeum/roeum-crawler/data/raw/adrule/1492000/고용노동부 국가정보자료관리세부시행규칙_chunks.jsonl' 파일로 성공적으로 저장했습니다.
2025-09-19 23:00:41,237 - INFO - [__main__] - 상세 페이지 스크레이퍼 완료: 고용노동부 국가정보자료관리세부시행규칙
2025-09-19 23:00:42,752 - INFO - [__main__] - 상세 페이지 스크레이퍼 실행: https://www.law.go.kr/admRulInfoP.do?admRulSeq=2100000211670
2025-09-19 23:00:43,091 - INFO - [scripts.adrule.logic.scraper] - 페이지로 이동 중: https://www.law.go.kr/admRulInfoP.do?admRulSeq=2100000211670
2025-09-19 23:00:43,841 - INFO - [scripts.adrule.logic.scraper] - 로딩 마스크가 나타나기를 기다리는 중...
2025-09-19 23:00:43,860 - INFO - [scripts.adrule.logic.scraper] - 로딩 마스크가 사라지기를 기다리는 중...
2025-09-19 23:00:43,942 - INFO - [scripts.adrule.logic.scraper] - 페이지 최종 렌더링을 잠시 대기합니다...
2025-09-19 23:00:44,944 - INFO - [scripts.adrule.logic.scraper] - 페이지 HTML 컨텐츠를 가져오는 중...
2025-09-19 23:00:44,961 - INFO - [scripts.adrule.logic.scraper] - 데이터 파싱 중...
2025-09-19 23:00:45,012 - INFO - [scripts.adrule.logic.scraper] - 유형 1: 정형화된 법령 구조 감지
2025-09-19 23:00:45,022 - INFO - [scripts.adrule.logic.scraper] - 데이터 1건을 '/Users/woong/Roeum/roeum-crawler/data/raw/adrule/1492000/(고용노동부) 국유재산 관리 규정_document.jsonl' 파일로 성공적으로 저장했습니다.
2025-09-19 23:00:45,022 - INFO - [scripts.adrule.logic.scraper] - 데이터 6건을 '/Users/woong/Roeum/roeum-crawler/data/raw/adrule/1492000/(고용노동부) 국유재산 관리 규정_chunks.jsonl' 파일로 성공적으로 저장했습니다.
2025-09-19 23:00:45,043 - INFO - [__main__] - 상세 페이지 스크레이퍼 완료: (고용노동부) 국유재산 관리 규정
2025-09-19 23:00:46,542 - INFO - [__main__] - 상세 페이지 스크레이퍼 실행: https://www.law.go.kr/admRulInfoP.do?admRulSeq=2100000227252
2025-09-19 23:00:46,884 - INFO - [scripts.adrule.logic.scraper] - 페이지로 이동 중: https://www.law.go.kr/admRulInfoP.do?admRulSeq=2100000227252
2025-09-19 23:00:47,440 - INFO - [scripts.adrule.logic.scraper] - 로딩 마스크가 나타나기를 기다리는 중...
2025-09-19 23:00:47,525 - INFO - [scripts.adrule.logic.scraper] - 로딩 마스크가 사라지기를 기다리는 중...
2025-09-19 23:00:47,610 - INFO - [scripts.adrule.logic.scraper] - 페이지 최종 렌더링을 잠시 대기합니다...
2025-09-19 23:00:48,613 - INFO - [scripts.adrule.logic.scraper] - 페이지 HTML 컨텐츠를 가져오는 중...
2025-09-19 23:00:48,624 - INFO - [scripts.adrule.logic.scraper] - 데이터 파싱 중...
2025-09-19 23:00:48,676 - INFO - [scripts.adrule.logic.scraper] - 유형 1: 정형화된 법령 구조 감지
2025-09-19 23:00:48,685 - INFO - [scripts.adrule.logic.scraper] - 데이터 1건을 '/Users/woong/Roeum/roeum-crawler/data/raw/adrule/1492000/고용노동부 국제고용노동정책에 관한 규정_document.jsonl' 파일로 성공적으로 저장했습니다.
2025-09-19 23:00:48,685 - INFO - [scripts.adrule.logic.scraper] - 데이터 8건을 '/Users/woong/Roeum/roeum-crawler/data/raw/adrule/1492000/고용노동부 국제고용노동정책에 관한 규정_chunks.jsonl' 파일로 성공적으로 저장했습니다.
2025-09-19 23:00:48,709 - INFO - [__main__] - 상세 페이지 스크레이퍼 완료: 고용노동부 국제고용노동정책에 관한 규정
2025-09-19 23:00:50,222 - INFO - [__main__] - 상세 페이지 스크레이퍼 실행: https://www.law.go.kr/admRulInfoP.do?admRulSeq=2100000241896
2025-09-19 23:00:50,578 - INFO - [scripts.adrule.logic.scraper] - 페이지로 이동 중: https://www.law.go.kr/admRulInfoP.do?admRulSeq=2100000241896
2025-09-19 23:00:51,115 - INFO - [scripts.adrule.logic.scraper] - 로딩 마스크가 나타나기를 기다리는 중...
2025-09-19 23:00:51,134 - INFO - [scripts.adrule.logic.scraper] - 로딩 마스크가 사라지기를 기다리는 중...
2025-09-19 23:00:51,214 - INFO - [scripts.adrule.logic.scraper] - 페이지 최종 렌더링을 잠시 대기합니다...
2025-09-19 23:00:52,217 - INFO - [scripts.adrule.logic.scraper] - 페이지 HTML 컨텐츠를 가져오는 중...
2025-09-19 23:00:52,233 - INFO - [scripts.adrule.logic.scraper] - 데이터 파싱 중...
2025-09-19 23:00:52,292 - INFO - [scripts.adrule.logic.scraper] - 유형 1: 정형화된 법령 구조 감지
2025-09-19 23:00:52,303 - INFO - [scripts.adrule.logic.scraper] - 데이터 1건을 '/Users/woong/Roeum/roeum-crawler/data/raw/adrule/1492000/고용노동부 규제심사위원회 운영규정_document.jsonl' 파일로 성공적으로 저장했습니다.
2025-09-19 23:00:52,303 - INFO - [scripts.adrule.logic.scraper] - 데이터 9건을 '/Users/woong/Roeum/roeum-crawler/data/raw/adrule/1492000/고용노동부 규제심사위원회 운영규정_chunks.jsonl' 파일로 성공적으로 저장했습니다.
2025-09-19 23:00:52,324 - INFO - [__main__] - 상세 페이지 스크레이퍼 완료: 고용노동부 규제심사위원회 운영규정
2025-09-19 23:00:53,830 - INFO - [__main__] - 상세 페이지 스크레이퍼 실행: https://www.law.go.kr/admRulInfoP.do?admRulSeq=2100000196292
2025-09-19 23:00:54,183 - INFO - [scripts.adrule.logic.scraper] - 페이지로 이동 중: https://www.law.go.kr/admRulInfoP.do?admRulSeq=2100000196292
2025-09-19 23:00:54,772 - INFO - [scripts.adrule.logic.scraper] - 로딩 마스크가 나타나기를 기다리는 중...
2025-09-19 23:00:54,791 - INFO - [scripts.adrule.logic.scraper] - 로딩 마스크가 사라지기를 기다리는 중...
2025-09-19 23:00:54,894 - INFO - [scripts.adrule.logic.scraper] - 페이지 최종 렌더링을 잠시 대기합니다...
2025-09-19 23:00:55,897 - INFO - [scripts.adrule.logic.scraper] - 페이지 HTML 컨텐츠를 가져오는 중...
2025-09-19 23:00:55,918 - INFO - [scripts.adrule.logic.scraper] - 데이터 파싱 중...
2025-09-19 23:00:56,009 - INFO - [scripts.adrule.logic.scraper] - 유형 1: 정형화된 법령 구조 감지
2025-09-19 23:00:56,035 - INFO - [scripts.adrule.logic.scraper] - 데이터 1건을 '/Users/woong/Roeum/roeum-crawler/data/raw/adrule/1492000/고용노동부 기간제근로자 운영규정_document.jsonl' 파일로 성공적으로 저장했습니다.
2025-09-19 23:00:56,035 - INFO - [scripts.adrule.logic.scraper] - 데이터 38건을 '/Users/woong/Roeum/roeum-crawler/data/raw/adrule/1492000/고용노동부 기간제근로자 운영규정_chunks.jsonl' 파일로 성공적으로 저장했습니다.
2025-09-19 23:00:56,055 - INFO - [__main__] - 상세 페이지 스크레이퍼 완료: 고용노동부 기간제근로자 운영규정
2025-09-19 23:00:57,572 - INFO - [__main__] - 상세 페이지 스크레이퍼 실행: https://www.law.go.kr/admRulInfoP.do?admRulSeq=2100000216237
2025-09-19 23:00:57,940 - INFO - [scripts.adrule.logic.scraper] - 페이지로 이동 중: https://www.law.go.kr/admRulInfoP.do?admRulSeq=2100000216237
2025-09-19 23:00:58,557 - INFO - [scripts.adrule.logic.scraper] - 로딩 마스크가 나타나기를 기다리는 중...
2025-09-19 23:00:58,576 - INFO - [scripts.adrule.logic.scraper] - 로딩 마스크가 사라지기를 기다리는 중...
2025-09-19 23:00:58,657 - INFO - [scripts.adrule.logic.scraper] - 페이지 최종 렌더링을 잠시 대기합니다...
2025-09-19 23:00:59,661 - INFO - [scripts.adrule.logic.scraper] - 페이지 HTML 컨텐츠를 가져오는 중...
2025-09-19 23:00:59,673 - INFO - [scripts.adrule.logic.scraper] - 데이터 파싱 중...
2025-09-19 23:00:59,716 - INFO - [scripts.adrule.logic.scraper] - 유형 2: 텍스트 기반 비정형 구조 감지
2025-09-19 23:00:59,721 - INFO - [scripts.adrule.logic.scraper] - 데이터 1건을 '/Users/woong/Roeum/roeum-crawler/data/raw/adrule/1492000/고용노동부 기록관리기준표_document.jsonl' 파일로 성공적으로 저장했습니다.
2025-09-19 23:00:59,721 - INFO - [scripts.adrule.logic.scraper] - 데이터 1건을 '/Users/woong/Roeum/roeum-crawler/data/raw/adrule/1492000/고용노동부 기록관리기준표_chunks.jsonl' 파일로 성공적으로 저장했습니다.
2025-09-19 23:00:59,746 - INFO - [__main__] - 상세 페이지 스크레이퍼 완료: 고용노동부 기록관리기준표
2025-09-19 23:01:01,263 - INFO - [__main__] - 상세 페이지 스크레이퍼 실행: https://www.law.go.kr/admRulInfoP.do?admRulSeq=2000000021646
2025-09-19 23:01:01,625 - INFO - [scripts.adrule.logic.scraper] - 페이지로 이동 중: https://www.law.go.kr/admRulInfoP.do?admRulSeq=2000000021646
2025-09-19 23:01:02,193 - INFO - [scripts.adrule.logic.scraper] - 로딩 마스크가 나타나기를 기다리는 중...
2025-09-19 23:01:02,211 - INFO - [scripts.adrule.logic.scraper] - 로딩 마스크가 사라지기를 기다리는 중...
2025-09-19 23:01:02,337 - INFO - [scripts.adrule.logic.scraper] - 페이지 최종 렌더링을 잠시 대기합니다...
2025-09-19 23:01:03,339 - INFO - [scripts.adrule.logic.scraper] - 페이지 HTML 컨텐츠를 가져오는 중...
2025-09-19 23:01:03,360 - INFO - [scripts.adrule.logic.scraper] - 데이터 파싱 중...
2025-09-19 23:01:03,449 - INFO - [scripts.adrule.logic.scraper] - 유형 1: 정형화된 법령 구조 감지
2025-09-19 23:01:03,476 - INFO - [scripts.adrule.logic.scraper] - 데이터 1건을 '/Users/woong/Roeum/roeum-crawler/data/raw/adrule/1492000/고용노동부 기록관 운영규정_document.jsonl' 파일로 성공적으로 저장했습니다.
2025-09-19 23:01:03,477 - INFO - [scripts.adrule.logic.scraper] - 데이터 44건을 '/Users/woong/Roeum/roeum-crawler/data/raw/adrule/1492000/고용노동부 기록관 운영규정_chunks.jsonl' 파일로 성공적으로 저장했습니다.
2025-09-19 23:01:03,499 - INFO - [__main__] - 상세 페이지 스크레이퍼 완료: 고용노동부 기록관 운영규정
2025-09-19 23:01:05,001 - INFO - [__main__] - 상세 페이지 스크레이퍼 실행: https://www.law.go.kr/admRulInfoP.do?admRulSeq=2100000227248
2025-09-19 23:01:05,367 - INFO - [scripts.adrule.logic.scraper] - 페이지로 이동 중: https://www.law.go.kr/admRulInfoP.do?admRulSeq=2100000227248
2025-09-19 23:01:05,997 - INFO - [scripts.adrule.logic.scraper] - 로딩 마스크가 나타나기를 기다리는 중...
2025-09-19 23:01:06,017 - INFO - [scripts.adrule.logic.scraper] - 로딩 마스크가 사라지기를 기다리는 중...
2025-09-19 23:01:06,200 - INFO - [scripts.adrule.logic.scraper] - 페이지 최종 렌더링을 잠시 대기합니다...
2025-09-19 23:01:07,203 - INFO - [scripts.adrule.logic.scraper] - 페이지 HTML 컨텐츠를 가져오는 중...
2025-09-19 23:01:07,223 - INFO - [scripts.adrule.logic.scraper] - 데이터 파싱 중...
2025-09-19 23:01:07,302 - INFO - [scripts.adrule.logic.scraper] - 유형 1: 정형화된 법령 구조 감지
2025-09-19 23:01:07,323 - INFO - [scripts.adrule.logic.scraper] - 데이터 1건을 '/Users/woong/Roeum/roeum-crawler/data/raw/adrule/1492000/고용노동부 당직 및 비상근무규칙_document.jsonl' 파일로 성공적으로 저장했습니다.
2025-09-19 23:01:07,323 - INFO - [scripts.adrule.logic.scraper] - 데이터 30건을 '/Users/woong/Roeum/roeum-crawler/data/raw/adrule/1492000/고용노동부 당직 및 비상근무규칙_chunks.jsonl' 파일로 성공적으로 저장했습니다.
2025-09-19 23:01:07,346 - INFO - [__main__] - 상세 페이지 스크레이퍼 완료: 고용노동부 당직 및 비상근무규칙
2025-09-19 23:01:08,846 - INFO - [__main__] - 상세 페이지 스크레이퍼 실행: https://www.law.go.kr/admRulInfoP.do?admRulSeq=2100000217266
2025-09-19 23:01:09,194 - INFO - [scripts.adrule.logic.scraper] - 페이지로 이동 중: https://www.law.go.kr/admRulInfoP.do?admRulSeq=2100000217266
2025-09-19 23:01:09,784 - INFO - [scripts.adrule.logic.scraper] - 로딩 마스크가 나타나기를 기다리는 중...
2025-09-19 23:01:09,802 - INFO - [scripts.adrule.logic.scraper] - 로딩 마스크가 사라지기를 기다리는 중...
2025-09-19 23:01:09,985 - INFO - [scripts.adrule.logic.scraper] - 페이지 최종 렌더링을 잠시 대기합니다...
2025-09-19 23:01:10,987 - INFO - [scripts.adrule.logic.scraper] - 페이지 HTML 컨텐츠를 가져오는 중...
2025-09-19 23:01:11,009 - INFO - [scripts.adrule.logic.scraper] - 데이터 파싱 중...
2025-09-19 23:01:11,068 - INFO - [scripts.adrule.logic.scraper] - 유형 1: 정형화된 법령 구조 감지
2025-09-19 23:01:11,106 - INFO - [scripts.adrule.logic.scraper] - 데이터 1건을 '/Users/woong/Roeum/roeum-crawler/data/raw/adrule/1492000/고용노동부 데이터 품질관리 지침_document.jsonl' 파일로 성공적으로 저장했습니다.
2025-09-19 23:01:11,106 - INFO - [scripts.adrule.logic.scraper] - 데이터 18건을 '/Users/woong/Roeum/roeum-crawler/data/raw/adrule/1492000/고용노동부 데이터 품질관리 지침_chunks.jsonl' 파일로 성공적으로 저장했습니다.
2025-09-19 23:01:11,126 - INFO - [__main__] - 상세 페이지 스크레이퍼 완료: 고용노동부 데이터 품질관리 지침
2025-09-19 23:01:12,623 - INFO - [__main__] - 상세 페이지 스크레이퍼 실행: https://www.law.go.kr/admRulInfoP.do?admRulSeq=2100000241790
2025-09-19 23:01:12,966 - INFO - [scripts.adrule.logic.scraper] - 페이지로 이동 중: https://www.law.go.kr/admRulInfoP.do?admRulSeq=2100000241790
2025-09-19 23:01:13,625 - INFO - [scripts.adrule.logic.scraper] - 로딩 마스크가 나타나기를 기다리는 중...
2025-09-19 23:01:13,644 - INFO - [scripts.adrule.logic.scraper] - 로딩 마스크가 사라지기를 기다리는 중...
2025-09-19 23:01:13,826 - INFO - [scripts.adrule.logic.scraper] - 페이지 최종 렌더링을 잠시 대기합니다...
2025-09-19 23:01:14,829 - INFO - [scripts.adrule.logic.scraper] - 페이지 HTML 컨텐츠를 가져오는 중...
2025-09-19 23:01:14,843 - INFO - [scripts.adrule.logic.scraper] - 데이터 파싱 중...
2025-09-19 23:01:14,905 - INFO - [scripts.adrule.logic.scraper] - 유형 1: 정형화된 법령 구조 감지
2025-09-19 23:01:14,951 - INFO - [scripts.adrule.logic.scraper] - 데이터 1건을 '/Users/woong/Roeum/roeum-crawler/data/raw/adrule/1492000/(고용노동부) 디지털 증거 수집·분석 및 관리 규정_document.jsonl' 파일로 성공적으로 저장했습니다.
2025-09-19 23:01:14,952 - INFO - [scripts.adrule.logic.scraper] - 데이터 20건을 '/Users/woong/Roeum/roeum-crawler/data/raw/adrule/1492000/(고용노동부) 디지털 증거 수집·분석 및 관리 규정_chunks.jsonl' 파일로 성공적으로 저장했습니다.
2025-09-19 23:01:14,972 - INFO - [__main__] - 상세 페이지 스크레이퍼 완료: (고용노동부) 디지털 증거 수집·분석 및 관리 규정
2025-09-19 23:01:16,470 - INFO - [__main__] - 상세 페이지 스크레이퍼 실행: https://www.law.go.kr/admRulInfoP.do?admRulSeq=2100000237210
2025-09-19 23:01:16,841 - INFO - [scripts.adrule.logic.scraper] - 페이지로 이동 중: https://www.law.go.kr/admRulInfoP.do?admRulSeq=2100000237210
2025-09-19 23:01:17,416 - INFO - [scripts.adrule.logic.scraper] - 로딩 마스크가 나타나기를 기다리는 중...
2025-09-19 23:01:17,435 - INFO - [scripts.adrule.logic.scraper] - 로딩 마스크가 사라지기를 기다리는 중...
2025-09-19 23:01:17,523 - INFO - [scripts.adrule.logic.scraper] - 페이지 최종 렌더링을 잠시 대기합니다...
2025-09-19 23:01:18,525 - INFO - [scripts.adrule.logic.scraper] - 페이지 HTML 컨텐츠를 가져오는 중...
2025-09-19 23:01:18,542 - INFO - [scripts.adrule.logic.scraper] - 데이터 파싱 중...
2025-09-19 23:01:18,610 - INFO - [scripts.adrule.logic.scraper] - 유형 1: 정형화된 법령 구조 감지
2025-09-19 23:01:18,652 - INFO - [scripts.adrule.logic.scraper] - 데이터 1건을 '/Users/woong/Roeum/roeum-crawler/data/raw/adrule/1492000/(고용노동부) 맞춤형 복지제도 운영규정_document.jsonl' 파일로 성공적으로 저장했습니다.
2025-09-19 23:01:18,653 - INFO - [scripts.adrule.logic.scraper] - 데이터 14건을 '/Users/woong/Roeum/roeum-crawler/data/raw/adrule/1492000/(고용노동부) 맞춤형 복지제도 운영규정_chunks.jsonl' 파일로 성공적으로 저장했습니다.
2025-09-19 23:01:18,682 - INFO - [__main__] - 상세 페이지 스크레이퍼 완료: (고용노동부) 맞춤형 복지제도 운영규정
2025-09-19 23:01:20,223 - INFO - [__main__] - 상세 페이지 스크레이퍼 실행: https://www.law.go.kr/admRulInfoP.do?admRulSeq=2100000152251
2025-09-19 23:01:20,594 - INFO - [scripts.adrule.logic.scraper] - 페이지로 이동 중: https://www.law.go.kr/admRulInfoP.do?admRulSeq=2100000152251
2025-09-19 23:01:21,254 - INFO - [scripts.adrule.logic.scraper] - 로딩 마스크가 나타나기를 기다리는 중...
2025-09-19 23:01:21,350 - INFO - [scripts.adrule.logic.scraper] - 로딩 마스크가 사라지기를 기다리는 중...
2025-09-19 23:01:21,399 - INFO - [scripts.adrule.logic.scraper] - 페이지 최종 렌더링을 잠시 대기합니다...
2025-09-19 23:01:22,409 - INFO - [scripts.adrule.logic.scraper] - 페이지 HTML 컨텐츠를 가져오는 중...
2025-09-19 23:01:22,448 - INFO - [scripts.adrule.logic.scraper] - 데이터 파싱 중...
2025-09-19 23:01:22,625 - INFO - [scripts.adrule.logic.scraper] - 유형 1: 정형화된 법령 구조 감지
2025-09-19 23:01:22,813 - INFO - [scripts.adrule.logic.scraper] - 데이터 1건을 '/Users/woong/Roeum/roeum-crawler/data/raw/adrule/1492000/(고용노동부) 물품관리규정_document.jsonl' 파일로 성공적으로 저장했습니다.
2025-09-19 23:01:22,814 - INFO - [scripts.adrule.logic.scraper] - 데이터 20건을 '/Users/woong/Roeum/roeum-crawler/data/raw/adrule/1492000/(고용노동부) 물품관리규정_chunks.jsonl' 파일로 성공적으로 저장했습니다.
2025-09-19 23:01:22,861 - INFO - [__main__] - 상세 페이지 스크레이퍼 완료: (고용노동부) 물품관리규정
2025-09-19 23:01:24,829 - INFO - [__main__] - 상세 페이지 스크레이퍼 실행: https://www.law.go.kr/admRulInfoP.do?admRulSeq=2100000232852
2025-09-19 23:01:25,320 - INFO - [scripts.adrule.logic.scraper] - 페이지로 이동 중: https://www.law.go.kr/admRulInfoP.do?admRulSeq=2100000232852
2025-09-19 23:01:25,943 - INFO - [scripts.adrule.logic.scraper] - 로딩 마스크가 나타나기를 기다리는 중...
2025-09-19 23:01:25,983 - INFO - [scripts.adrule.logic.scraper] - 로딩 마스크가 사라지기를 기다리는 중...
2025-09-19 23:01:26,029 - INFO - [scripts.adrule.logic.scraper] - 페이지 최종 렌더링을 잠시 대기합니다...
2025-09-19 23:01:27,034 - INFO - [scripts.adrule.logic.scraper] - 페이지 HTML 컨텐츠를 가져오는 중...
2025-09-19 23:01:27,052 - INFO - [scripts.adrule.logic.scraper] - 데이터 파싱 중...
2025-09-19 23:01:27,097 - INFO - [scripts.adrule.logic.scraper] - 유형 1: 정형화된 법령 구조 감지
2025-09-19 23:01:27,106 - INFO - [scripts.adrule.logic.scraper] - 데이터 1건을 '/Users/woong/Roeum/roeum-crawler/data/raw/adrule/1492000/고용노동부 민원담당공무원 수당지급 규정_document.jsonl' 파일로 성공적으로 저장했습니다.
2025-09-19 23:01:27,107 - INFO - [scripts.adrule.logic.scraper] - 데이터 4건을 '/Users/woong/Roeum/roeum-crawler/data/raw/adrule/1492000/고용노동부 민원담당공무원 수당지급 규정_chunks.jsonl' 파일로 성공적으로 저장했습니다.
2025-09-19 23:01:27,137 - INFO - [__main__] - 상세 페이지 스크레이퍼 완료: 고용노동부 민원담당공무원 수당지급 규정
2025-09-19 23:01:28,677 - INFO - [__main__] - 상세 페이지 스크레이퍼 실행: https://www.law.go.kr/admRulInfoP.do?admRulSeq=2100000251900
2025-09-19 23:01:29,063 - INFO - [scripts.adrule.logic.scraper] - 페이지로 이동 중: https://www.law.go.kr/admRulInfoP.do?admRulSeq=2100000251900
2025-09-19 23:01:29,696 - INFO - [scripts.adrule.logic.scraper] - 로딩 마스크가 나타나기를 기다리는 중...
2025-09-19 23:01:29,737 - INFO - [scripts.adrule.logic.scraper] - 로딩 마스크가 사라지기를 기다리는 중...
2025-09-19 23:01:29,847 - INFO - [scripts.adrule.logic.scraper] - 페이지 최종 렌더링을 잠시 대기합니다...
2025-09-19 23:01:30,852 - INFO - [scripts.adrule.logic.scraper] - 페이지 HTML 컨텐츠를 가져오는 중...
2025-09-19 23:01:30,870 - INFO - [scripts.adrule.logic.scraper] - 데이터 파싱 중...
2025-09-19 23:01:30,951 - INFO - [scripts.adrule.logic.scraper] - 유형 1: 정형화된 법령 구조 감지
2025-09-19 23:01:31,024 - INFO - [scripts.adrule.logic.scraper] - 데이터 1건을 '/Users/woong/Roeum/roeum-crawler/data/raw/adrule/1492000/고용노동부 방첩업무규정_document.jsonl' 파일로 성공적으로 저장했습니다.
2025-09-19 23:01:31,026 - INFO - [scripts.adrule.logic.scraper] - 데이터 14건을 '/Users/woong/Roeum/roeum-crawler/data/raw/adrule/1492000/고용노동부 방첩업무규정_chunks.jsonl' 파일로 성공적으로 저장했습니다.
2025-09-19 23:01:31,061 - INFO - [__main__] - 상세 페이지 스크레이퍼 완료: 고용노동부 방첩업무규정
2025-09-19 23:01:32,668 - INFO - [__main__] - 상세 페이지 스크레이퍼 실행: https://www.law.go.kr/admRulInfoP.do?admRulSeq=2100000232016
2025-09-19 23:01:33,061 - INFO - [scripts.adrule.logic.scraper] - 페이지로 이동 중: https://www.law.go.kr/admRulInfoP.do?admRulSeq=2100000232016
2025-09-19 23:01:33,739 - INFO - [scripts.adrule.logic.scraper] - 로딩 마스크가 나타나기를 기다리는 중...
2025-09-19 23:01:33,760 - INFO - [scripts.adrule.logic.scraper] - 로딩 마스크가 사라지기를 기다리는 중...
2025-09-19 23:01:33,943 - INFO - [scripts.adrule.logic.scraper] - 페이지 최종 렌더링을 잠시 대기합니다...
2025-09-19 23:01:34,946 - INFO - [scripts.adrule.logic.scraper] - 페이지 HTML 컨텐츠를 가져오는 중...
2025-09-19 23:01:34,963 - INFO - [scripts.adrule.logic.scraper] - 데이터 파싱 중...
2025-09-19 23:01:35,067 - INFO - [scripts.adrule.logic.scraper] - 유형 1: 정형화된 법령 구조 감지
2025-09-19 23:01:35,097 - INFO - [scripts.adrule.logic.scraper] - 데이터 1건을 '/Users/woong/Roeum/roeum-crawler/data/raw/adrule/1492000/고용노동부 법제업무 운영규정_document.jsonl' 파일로 성공적으로 저장했습니다.
2025-09-19 23:01:35,097 - INFO - [scripts.adrule.logic.scraper] - 데이터 32건을 '/Users/woong/Roeum/roeum-crawler/data/raw/adrule/1492000/고용노동부 법제업무 운영규정_chunks.jsonl' 파일로 성공적으로 저장했습니다.
2025-09-19 23:01:35,121 - INFO - [__main__] - 상세 페이지 스크레이퍼 완료: 고용노동부 법제업무 운영규정
2025-09-19 23:01:36,649 - INFO - [__main__] - 상세 페이지 스크레이퍼 실행: https://www.law.go.kr/admRulInfoP.do?admRulSeq=2100000251936
2025-09-19 23:01:37,016 - INFO - [scripts.adrule.logic.scraper] - 페이지로 이동 중: https://www.law.go.kr/admRulInfoP.do?admRulSeq=2100000251936
2025-09-19 23:01:37,588 - INFO - [scripts.adrule.logic.scraper] - 로딩 마스크가 나타나기를 기다리는 중...
2025-09-19 23:01:37,610 - INFO - [scripts.adrule.logic.scraper] - 로딩 마스크가 사라지기를 기다리는 중...
2025-09-19 23:01:37,801 - INFO - [scripts.adrule.logic.scraper] - 페이지 최종 렌더링을 잠시 대기합니다...
2025-09-19 23:01:38,804 - INFO - [scripts.adrule.logic.scraper] - 페이지 HTML 컨텐츠를 가져오는 중...
2025-09-19 23:01:38,820 - INFO - [scripts.adrule.logic.scraper] - 데이터 파싱 중...
2025-09-19 23:01:38,916 - INFO - [scripts.adrule.logic.scraper] - 유형 1: 정형화된 법령 구조 감지
2025-09-19 23:01:38,950 - INFO - [scripts.adrule.logic.scraper] - 데이터 1건을 '/Users/woong/Roeum/roeum-crawler/data/raw/adrule/1492000/고용노동부 별관 출입·경비·보안 지침_document.jsonl' 파일로 성공적으로 저장했습니다.
2025-09-19 23:01:38,951 - INFO - [scripts.adrule.logic.scraper] - 데이터 45건을 '/Users/woong/Roeum/roeum-crawler/data/raw/adrule/1492000/고용노동부 별관 출입·경비·보안 지침_chunks.jsonl' 파일로 성공적으로 저장했습니다.
2025-09-19 23:01:38,973 - INFO - [__main__] - 상세 페이지 스크레이퍼 완료: 고용노동부 별관 출입·경비·보안 지침
2025-09-19 23:01:40,500 - INFO - [__main__] - 상세 페이지 스크레이퍼 실행: https://www.law.go.kr/admRulInfoP.do?admRulSeq=2100000245896
2025-09-19 23:01:40,851 - INFO - [scripts.adrule.logic.scraper] - 페이지로 이동 중: https://www.law.go.kr/admRulInfoP.do?admRulSeq=2100000245896
2025-09-19 23:01:41,453 - INFO - [scripts.adrule.logic.scraper] - 로딩 마스크가 나타나기를 기다리는 중...
2025-09-19 23:01:41,473 - INFO - [scripts.adrule.logic.scraper] - 로딩 마스크가 사라지기를 기다리는 중...
2025-09-19 23:01:41,724 - INFO - [scripts.adrule.logic.scraper] - 페이지 최종 렌더링을 잠시 대기합니다...
2025-09-19 23:01:42,727 - INFO - [scripts.adrule.logic.scraper] - 페이지 HTML 컨텐츠를 가져오는 중...
2025-09-19 23:01:42,755 - INFO - [scripts.adrule.logic.scraper] - 데이터 파싱 중...
2025-09-19 23:01:42,866 - INFO - [scripts.adrule.logic.scraper] - 유형 1: 정형화된 법령 구조 감지
2025-09-19 23:01:42,915 - INFO - [scripts.adrule.logic.scraper] - 데이터 1건을 '/Users/woong/Roeum/roeum-crawler/data/raw/adrule/1492000/고용노동부 보안업무규정 시행세칙_document.jsonl' 파일로 성공적으로 저장했습니다.
2025-09-19 23:01:42,915 - INFO - [scripts.adrule.logic.scraper] - 데이터 64건을 '/Users/woong/Roeum/roeum-crawler/data/raw/adrule/1492000/고용노동부 보안업무규정 시행세칙_chunks.jsonl' 파일로 성공적으로 저장했습니다.
2025-09-19 23:01:42,936 - INFO - [__main__] - 상세 페이지 스크레이퍼 완료: 고용노동부 보안업무규정 시행세칙
2025-09-19 23:01:44,516 - INFO - [__main__] - 상세 페이지 스크레이퍼 실행: https://www.law.go.kr/admRulInfoP.do?admRulSeq=2100000234744
2025-09-19 23:01:44,998 - INFO - [scripts.adrule.logic.scraper] - 페이지로 이동 중: https://www.law.go.kr/admRulInfoP.do?admRulSeq=2100000234744
2025-09-19 23:01:45,589 - INFO - [scripts.adrule.logic.scraper] - 로딩 마스크가 나타나기를 기다리는 중...
2025-09-19 23:01:45,609 - INFO - [scripts.adrule.logic.scraper] - 로딩 마스크가 사라지기를 기다리는 중...
2025-09-19 23:01:45,703 - INFO - [scripts.adrule.logic.scraper] - 페이지 최종 렌더링을 잠시 대기합니다...
2025-09-19 23:01:46,726 - INFO - [scripts.adrule.logic.scraper] - 페이지 HTML 컨텐츠를 가져오는 중...
2025-09-19 23:01:46,752 - INFO - [scripts.adrule.logic.scraper] - 데이터 파싱 중...
2025-09-19 23:01:46,807 - INFO - [scripts.adrule.logic.scraper] - 유형 1: 정형화된 법령 구조 감지
2025-09-19 23:01:46,872 - INFO - [scripts.adrule.logic.scraper] - 데이터 1건을 '/Users/woong/Roeum/roeum-crawler/data/raw/adrule/1492000/고용노동부보통고충심사위원회운영규정_document.jsonl' 파일로 성공적으로 저장했습니다.
2025-09-19 23:01:46,874 - INFO - [scripts.adrule.logic.scraper] - 데이터 18건을 '/Users/woong/Roeum/roeum-crawler/data/raw/adrule/1492000/고용노동부보통고충심사위원회운영규정_chunks.jsonl' 파일로 성공적으로 저장했습니다.
2025-09-19 23:01:46,918 - INFO - [__main__] - 상세 페이지 스크레이퍼 완료: 고용노동부보통고충심사위원회운영규정
2025-09-19 23:01:48,474 - INFO - [__main__] - 상세 페이지 스크레이퍼 실행: https://www.law.go.kr/admRulInfoP.do?admRulSeq=2100000237208
2025-09-19 23:01:48,832 - INFO - [scripts.adrule.logic.scraper] - 페이지로 이동 중: https://www.law.go.kr/admRulInfoP.do?admRulSeq=2100000237208
2025-09-19 23:01:49,559 - INFO - [scripts.adrule.logic.scraper] - 로딩 마스크가 나타나기를 기다리는 중...
2025-09-19 23:01:49,579 - INFO - [scripts.adrule.logic.scraper] - 로딩 마스크가 사라지기를 기다리는 중...
2025-09-19 23:01:49,892 - INFO - [scripts.adrule.logic.scraper] - 페이지 최종 렌더링을 잠시 대기합니다...
2025-09-19 23:01:50,895 - INFO - [scripts.adrule.logic.scraper] - 페이지 HTML 컨텐츠를 가져오는 중...
2025-09-19 23:01:50,906 - INFO - [scripts.adrule.logic.scraper] - 데이터 파싱 중...
2025-09-19 23:01:50,952 - INFO - [scripts.adrule.logic.scraper] - 유형 1: 정형화된 법령 구조 감지
2025-09-19 23:01:50,993 - INFO - [scripts.adrule.logic.scraper] - 데이터 1건을 '/Users/woong/Roeum/roeum-crawler/data/raw/adrule/1492000/(고용노동부) 부패행위 내부신고자 보호 등에 관한 규정_document.jsonl' 파일로 성공적으로 저장했습니다.
2025-09-19 23:01:50,994 - INFO - [scripts.adrule.logic.scraper] - 데이터 18건을 '/Users/woong/Roeum/roeum-crawler/data/raw/adrule/1492000/(고용노동부) 부패행위 내부신고자 보호 등에 관한 규정_chunks.jsonl' 파일로 성공적으로 저장했습니다.
2025-09-19 23:01:51,020 - INFO - [__main__] - 상세 페이지 스크레이퍼 완료: (고용노동부) 부패행위 내부신고자 보호 등에 관한 규정
2025-09-19 23:01:52,539 - INFO - [__main__] - 상세 페이지 스크레이퍼 실행: https://www.law.go.kr/admRulInfoP.do?admRulSeq=2100000254274
2025-09-19 23:01:52,888 - INFO - [scripts.adrule.logic.scraper] - 페이지로 이동 중: https://www.law.go.kr/admRulInfoP.do?admRulSeq=2100000254274
2025-09-19 23:01:53,437 - INFO - [scripts.adrule.logic.scraper] - 로딩 마스크가 나타나기를 기다리는 중...
2025-09-19 23:01:53,458 - INFO - [scripts.adrule.logic.scraper] - 로딩 마스크가 사라지기를 기다리는 중...
2025-09-19 23:01:53,540 - INFO - [scripts.adrule.logic.scraper] - 페이지 최종 렌더링을 잠시 대기합니다...
2025-09-19 23:01:54,543 - INFO - [scripts.adrule.logic.scraper] - 페이지 HTML 컨텐츠를 가져오는 중...
2025-09-19 23:01:54,559 - INFO - [scripts.adrule.logic.scraper] - 데이터 파싱 중...
2025-09-19 23:01:54,609 - INFO - [scripts.adrule.logic.scraper] - 유형 1: 정형화된 법령 구조 감지
2025-09-19 23:01:54,617 - INFO - [scripts.adrule.logic.scraper] - 데이터 1건을 '/Users/woong/Roeum/roeum-crawler/data/raw/adrule/1492000/고용노동부 소관 국고보조사업 위임사무 고시_document.jsonl' 파일로 성공적으로 저장했습니다.
2025-09-19 23:01:54,617 - INFO - [scripts.adrule.logic.scraper] - 데이터 3건을 '/Users/woong/Roeum/roeum-crawler/data/raw/adrule/1492000/고용노동부 소관 국고보조사업 위임사무 고시_chunks.jsonl' 파일로 성공적으로 저장했습니다.
2025-09-19 23:01:54,637 - INFO - [__main__] - 상세 페이지 스크레이퍼 완료: 고용노동부 소관 국고보조사업 위임사무 고시
2025-09-19 23:01:56,151 - INFO - [__main__] - 상세 페이지 스크레이퍼 실행: https://www.law.go.kr/admRulInfoP.do?admRulSeq=2100000206944
2025-09-19 23:01:56,508 - INFO - [scripts.adrule.logic.scraper] - 페이지로 이동 중: https://www.law.go.kr/admRulInfoP.do?admRulSeq=2100000206944
2025-09-19 23:01:57,102 - INFO - [scripts.adrule.logic.scraper] - 로딩 마스크가 나타나기를 기다리는 중...
2025-09-19 23:01:57,121 - INFO - [scripts.adrule.logic.scraper] - 로딩 마스크가 사라지기를 기다리는 중...
2025-09-19 23:01:57,303 - INFO - [scripts.adrule.logic.scraper] - 페이지 최종 렌더링을 잠시 대기합니다...
2025-09-19 23:01:58,307 - INFO - [scripts.adrule.logic.scraper] - 페이지 HTML 컨텐츠를 가져오는 중...
2025-09-19 23:01:58,325 - INFO - [scripts.adrule.logic.scraper] - 데이터 파싱 중...
2025-09-19 23:01:58,383 - INFO - [scripts.adrule.logic.scraper] - 유형 1: 정형화된 법령 구조 감지
2025-09-19 23:01:58,422 - INFO - [scripts.adrule.logic.scraper] - 데이터 1건을 '/Users/woong/Roeum/roeum-crawler/data/raw/adrule/1492000/고용노동부 소관 기타공공기관 경영평가에 관한 규정_document.jsonl' 파일로 성공적으로 저장했습니다.
2025-09-19 23:01:58,422 - INFO - [scripts.adrule.logic.scraper] - 데이터 18건을 '/Users/woong/Roeum/roeum-crawler/data/raw/adrule/1492000/고용노동부 소관 기타공공기관 경영평가에 관한 규정_chunks.jsonl' 파일로 성공적으로 저장했습니다.
2025-09-19 23:01:58,444 - INFO - [__main__] - 상세 페이지 스크레이퍼 완료: 고용노동부 소관 기타공공기관 경영평가에 관한 규정
2025-09-19 23:02:00,010 - INFO - [__main__] - 상세 페이지 스크레이퍼 실행: https://www.law.go.kr/admRulInfoP.do?admRulSeq=2100000045072
2025-09-19 23:02:00,405 - INFO - [scripts.adrule.logic.scraper] - 페이지로 이동 중: https://www.law.go.kr/admRulInfoP.do?admRulSeq=2100000045072
2025-09-19 23:02:01,100 - INFO - [scripts.adrule.logic.scraper] - 로딩 마스크가 나타나기를 기다리는 중...
2025-09-19 23:02:01,123 - INFO - [scripts.adrule.logic.scraper] - 로딩 마스크가 사라지기를 기다리는 중...
2025-09-19 23:02:01,306 - INFO - [scripts.adrule.logic.scraper] - 페이지 최종 렌더링을 잠시 대기합니다...
2025-09-19 23:02:02,309 - INFO - [scripts.adrule.logic.scraper] - 페이지 HTML 컨텐츠를 가져오는 중...
2025-09-19 23:02:02,323 - INFO - [scripts.adrule.logic.scraper] - 데이터 파싱 중...
2025-09-19 23:02:02,375 - INFO - [scripts.adrule.logic.scraper] - 유형 1: 정형화된 법령 구조 감지
2025-09-19 23:02:02,387 - INFO - [scripts.adrule.logic.scraper] - 데이터 1건을 '/Users/woong/Roeum/roeum-crawler/data/raw/adrule/1492000/고용노동부 소속책임운영기관운영심의회 규정_document.jsonl' 파일로 성공적으로 저장했습니다.
2025-09-19 23:02:02,387 - INFO - [scripts.adrule.logic.scraper] - 데이터 14건을 '/Users/woong/Roeum/roeum-crawler/data/raw/adrule/1492000/고용노동부 소속책임운영기관운영심의회 규정_chunks.jsonl' 파일로 성공적으로 저장했습니다.
2025-09-19 23:02:02,413 - INFO - [__main__] - 상세 페이지 스크레이퍼 완료: 고용노동부 소속책임운영기관운영심의회 규정
2025-09-19 23:02:04,541 - INFO - [__main__] - 상세 페이지 스크레이퍼 실행: https://www.law.go.kr/admRulInfoP.do?admRulSeq=2100000212504
2025-09-19 23:02:06,128 - INFO - [scripts.adrule.logic.scraper] - 페이지로 이동 중: https://www.law.go.kr/admRulInfoP.do?admRulSeq=2100000212504
2025-09-19 23:02:06,996 - INFO - [scripts.adrule.logic.scraper] - 로딩 마스크가 나타나기를 기다리는 중...
2025-09-19 23:02:07,039 - INFO - [scripts.adrule.logic.scraper] - 로딩 마스크가 사라지기를 기다리는 중...
2025-09-19 23:02:07,166 - INFO - [scripts.adrule.logic.scraper] - 페이지 최종 렌더링을 잠시 대기합니다...
2025-09-19 23:02:08,170 - INFO - [scripts.adrule.logic.scraper] - 페이지 HTML 컨텐츠를 가져오는 중...
2025-09-19 23:02:08,190 - INFO - [scripts.adrule.logic.scraper] - 데이터 파싱 중...
2025-09-19 23:02:08,324 - INFO - [scripts.adrule.logic.scraper] - 유형 1: 정형화된 법령 구조 감지
2025-09-19 23:02:08,377 - INFO - [scripts.adrule.logic.scraper] - 데이터 1건을 '/Users/woong/Roeum/roeum-crawler/data/raw/adrule/1492000/고용노동부 소송수행 예규_document.jsonl' 파일로 성공적으로 저장했습니다.
2025-09-19 23:02:08,379 - INFO - [scripts.adrule.logic.scraper] - 데이터 39건을 '/Users/woong/Roeum/roeum-crawler/data/raw/adrule/1492000/고용노동부 소송수행 예규_chunks.jsonl' 파일로 성공적으로 저장했습니다.
2025-09-19 23:02:08,461 - INFO - [__main__] - 상세 페이지 스크레이퍼 완료: 고용노동부 소송수행 예규
2025-09-19 23:02:10,935 - INFO - [__main__] - 상세 페이지 스크레이퍼 실행: https://www.law.go.kr/admRulInfoP.do?admRulSeq=2100000217417
2025-09-19 23:02:11,878 - INFO - [scripts.adrule.logic.scraper] - 페이지로 이동 중: https://www.law.go.kr/admRulInfoP.do?admRulSeq=2100000217417
2025-09-19 23:02:12,838 - INFO - [scripts.adrule.logic.scraper] - 로딩 마스크가 나타나기를 기다리는 중...
2025-09-19 23:02:12,879 - INFO - [scripts.adrule.logic.scraper] - 로딩 마스크가 사라지기를 기다리는 중...
2025-09-19 23:02:12,969 - INFO - [scripts.adrule.logic.scraper] - 페이지 최종 렌더링을 잠시 대기합니다...
2025-09-19 23:02:13,972 - INFO - [scripts.adrule.logic.scraper] - 페이지 HTML 컨텐츠를 가져오는 중...
2025-09-19 23:02:13,984 - INFO - [scripts.adrule.logic.scraper] - 데이터 파싱 중...
2025-09-19 23:02:14,032 - INFO - [scripts.adrule.logic.scraper] - 유형 1: 정형화된 법령 구조 감지
2025-09-19 23:02:14,050 - INFO - [scripts.adrule.logic.scraper] - 데이터 1건을 '/Users/woong/Roeum/roeum-crawler/data/raw/adrule/1492000/고용노동부 양성평등위원회 운영규정_document.jsonl' 파일로 성공적으로 저장했습니다.
2025-09-19 23:02:14,050 - INFO - [scripts.adrule.logic.scraper] - 데이터 14건을 '/Users/woong/Roeum/roeum-crawler/data/raw/adrule/1492000/고용노동부 양성평등위원회 운영규정_chunks.jsonl' 파일로 성공적으로 저장했습니다.
2025-09-19 23:02:14,093 - INFO - [__main__] - 상세 페이지 스크레이퍼 완료: 고용노동부 양성평등위원회 운영규정
2025-09-19 23:02:15,850 - INFO - [__main__] - 상세 페이지 스크레이퍼 실행: https://www.law.go.kr/admRulInfoP.do?admRulSeq=2100000230668
2025-09-19 23:02:16,476 - INFO - [scripts.adrule.logic.scraper] - 페이지로 이동 중: https://www.law.go.kr/admRulInfoP.do?admRulSeq=2100000230668
2025-09-19 23:02:17,106 - INFO - [scripts.adrule.logic.scraper] - 로딩 마스크가 나타나기를 기다리는 중...
2025-09-19 23:02:17,140 - INFO - [scripts.adrule.logic.scraper] - 로딩 마스크가 사라지기를 기다리는 중...
2025-09-19 23:02:17,222 - INFO - [scripts.adrule.logic.scraper] - 페이지 최종 렌더링을 잠시 대기합니다...
2025-09-19 23:02:18,225 - INFO - [scripts.adrule.logic.scraper] - 페이지 HTML 컨텐츠를 가져오는 중...
2025-09-19 23:02:18,241 - INFO - [scripts.adrule.logic.scraper] - 데이터 파싱 중...
2025-09-19 23:02:18,294 - INFO - [scripts.adrule.logic.scraper] - 유형 1: 정형화된 법령 구조 감지
2025-09-19 23:02:18,354 - INFO - [scripts.adrule.logic.scraper] - 데이터 1건을 '/Users/woong/Roeum/roeum-crawler/data/raw/adrule/1492000/(고용노동부) 예산집행심의회 운영규정_document.jsonl' 파일로 성공적으로 저장했습니다.
2025-09-19 23:02:18,354 - INFO - [scripts.adrule.logic.scraper] - 데이터 15건을 '/Users/woong/Roeum/roeum-crawler/data/raw/adrule/1492000/(고용노동부) 예산집행심의회 운영규정_chunks.jsonl' 파일로 성공적으로 저장했습니다.
2025-09-19 23:02:18,401 - INFO - [__main__] - 상세 페이지 스크레이퍼 완료: (고용노동부) 예산집행심의회 운영규정
2025-09-19 23:02:20,088 - INFO - [__main__] - 상세 페이지 스크레이퍼 실행: https://www.law.go.kr/admRulInfoP.do?admRulSeq=2100000259510
2025-09-19 23:02:20,567 - INFO - [scripts.adrule.logic.scraper] - 페이지로 이동 중: https://www.law.go.kr/admRulInfoP.do?admRulSeq=2100000259510
2025-09-19 23:02:21,175 - INFO - [scripts.adrule.logic.scraper] - 로딩 마스크가 나타나기를 기다리는 중...
2025-09-19 23:02:21,196 - INFO - [scripts.adrule.logic.scraper] - 로딩 마스크가 사라지기를 기다리는 중...
2025-09-19 23:02:21,394 - INFO - [scripts.adrule.logic.scraper] - 페이지 최종 렌더링을 잠시 대기합니다...
2025-09-19 23:02:22,403 - INFO - [scripts.adrule.logic.scraper] - 페이지 HTML 컨텐츠를 가져오는 중...
2025-09-19 23:02:22,419 - INFO - [scripts.adrule.logic.scraper] - 데이터 파싱 중...
2025-09-19 23:02:22,525 - INFO - [scripts.adrule.logic.scraper] - 유형 1: 정형화된 법령 구조 감지
2025-09-19 23:02:22,558 - INFO - [scripts.adrule.logic.scraper] - 데이터 1건을 '/Users/woong/Roeum/roeum-crawler/data/raw/adrule/1492000/고용노동부와 그 소속기관 위임전결규정_document.jsonl' 파일로 성공적으로 저장했습니다.
2025-09-19 23:02:22,558 - INFO - [scripts.adrule.logic.scraper] - 데이터 18건을 '/Users/woong/Roeum/roeum-crawler/data/raw/adrule/1492000/고용노동부와 그 소속기관 위임전결규정_chunks.jsonl' 파일로 성공적으로 저장했습니다.
2025-09-19 23:02:22,591 - INFO - [__main__] - 상세 페이지 스크레이퍼 완료: 고용노동부와 그 소속기관 위임전결규정
2025-09-19 23:02:24,106 - INFO - [__main__] - 상세 페이지 스크레이퍼 실행: https://www.law.go.kr/admRulInfoP.do?admRulSeq=2100000263450
2025-09-19 23:02:24,505 - INFO - [scripts.adrule.logic.scraper] - 페이지로 이동 중: https://www.law.go.kr/admRulInfoP.do?admRulSeq=2100000263450
2025-09-19 23:02:25,046 - INFO - [scripts.adrule.logic.scraper] - 로딩 마스크가 나타나기를 기다리는 중...
2025-09-19 23:02:25,069 - INFO - [scripts.adrule.logic.scraper] - 로딩 마스크가 사라지기를 기다리는 중...
2025-09-19 23:02:25,346 - INFO - [scripts.adrule.logic.scraper] - 페이지 최종 렌더링을 잠시 대기합니다...
2025-09-19 23:02:26,347 - INFO - [scripts.adrule.logic.scraper] - 페이지 HTML 컨텐츠를 가져오는 중...
2025-09-19 23:02:26,366 - INFO - [scripts.adrule.logic.scraper] - 데이터 파싱 중...
2025-09-19 23:02:26,487 - INFO - [scripts.adrule.logic.scraper] - 유형 1: 정형화된 법령 구조 감지
2025-09-19 23:02:26,567 - INFO - [scripts.adrule.logic.scraper] - 데이터 1건을 '/Users/woong/Roeum/roeum-crawler/data/raw/adrule/1492000/고용노동부 인사혁신규정_document.jsonl' 파일로 성공적으로 저장했습니다.
2025-09-19 23:02:26,568 - INFO - [scripts.adrule.logic.scraper] - 데이터 110건을 '/Users/woong/Roeum/roeum-crawler/data/raw/adrule/1492000/고용노동부 인사혁신규정_chunks.jsonl' 파일로 성공적으로 저장했습니다.
2025-09-19 23:02:26,589 - INFO - [__main__] - 상세 페이지 스크레이퍼 완료: 고용노동부 인사혁신규정
2025-09-19 23:02:28,105 - INFO - [__main__] - 상세 페이지 스크레이퍼 실행: https://www.law.go.kr/admRulInfoP.do?admRulSeq=2100000206255
2025-09-19 23:02:28,451 - INFO - [scripts.adrule.logic.scraper] - 페이지로 이동 중: https://www.law.go.kr/admRulInfoP.do?admRulSeq=2100000206255
2025-09-19 23:02:28,995 - INFO - [scripts.adrule.logic.scraper] - 로딩 마스크가 나타나기를 기다리는 중...
2025-09-19 23:02:29,023 - INFO - [scripts.adrule.logic.scraper] - 로딩 마스크가 사라지기를 기다리는 중...
2025-09-19 23:02:29,107 - INFO - [scripts.adrule.logic.scraper] - 페이지 최종 렌더링을 잠시 대기합니다...
2025-09-19 23:02:30,110 - INFO - [scripts.adrule.logic.scraper] - 페이지 HTML 컨텐츠를 가져오는 중...
2025-09-19 23:02:30,119 - INFO - [scripts.adrule.logic.scraper] - 데이터 파싱 중...
2025-09-19 23:02:30,167 - INFO - [scripts.adrule.logic.scraper] - 유형 1: 정형화된 법령 구조 감지
2025-09-19 23:02:30,204 - INFO - [scripts.adrule.logic.scraper] - 데이터 1건을 '/Users/woong/Roeum/roeum-crawler/data/raw/adrule/1492000/(고용노동부) 인적자원개발 우수기관 인증제 운영규정_document.jsonl' 파일로 성공적으로 저장했습니다.
2025-09-19 23:02:30,204 - INFO - [scripts.adrule.logic.scraper] - 데이터 19건을 '/Users/woong/Roeum/roeum-crawler/data/raw/adrule/1492000/(고용노동부) 인적자원개발 우수기관 인증제 운영규정_chunks.jsonl' 파일로 성공적으로 저장했습니다.
2025-09-19 23:02:30,225 - INFO - [__main__] - 상세 페이지 스크레이퍼 완료: (고용노동부) 인적자원개발 우수기관 인증제 운영규정
2025-09-19 23:02:31,734 - INFO - [__main__] - 상세 페이지 스크레이퍼 실행: https://www.law.go.kr/admRulInfoP.do?admRulSeq=2100000220134
2025-09-19 23:02:32,107 - INFO - [scripts.adrule.logic.scraper] - 페이지로 이동 중: https://www.law.go.kr/admRulInfoP.do?admRulSeq=2100000220134
2025-09-19 23:02:32,734 - INFO - [scripts.adrule.logic.scraper] - 로딩 마스크가 나타나기를 기다리는 중...
2025-09-19 23:02:32,757 - INFO - [scripts.adrule.logic.scraper] - 로딩 마스크가 사라지기를 기다리는 중...
2025-09-19 23:02:32,838 - INFO - [scripts.adrule.logic.scraper] - 페이지 최종 렌더링을 잠시 대기합니다...
2025-09-19 23:02:33,840 - INFO - [scripts.adrule.logic.scraper] - 페이지 HTML 컨텐츠를 가져오는 중...
2025-09-19 23:02:33,855 - INFO - [scripts.adrule.logic.scraper] - 데이터 파싱 중...
2025-09-19 23:02:33,911 - INFO - [scripts.adrule.logic.scraper] - 유형 1: 정형화된 법령 구조 감지
2025-09-19 23:02:33,922 - INFO - [scripts.adrule.logic.scraper] - 데이터 1건을 '/Users/woong/Roeum/roeum-crawler/data/raw/adrule/1492000/고용노동부 자체평가위원회 운영규정_document.jsonl' 파일로 성공적으로 저장했습니다.
2025-09-19 23:02:33,923 - INFO - [scripts.adrule.logic.scraper] - 데이터 12건을 '/Users/woong/Roeum/roeum-crawler/data/raw/adrule/1492000/고용노동부 자체평가위원회 운영규정_chunks.jsonl' 파일로 성공적으로 저장했습니다.
2025-09-19 23:02:33,945 - INFO - [__main__] - 상세 페이지 스크레이퍼 완료: 고용노동부 자체평가위원회 운영규정
2025-09-19 23:02:35,523 - INFO - [__main__] - 상세 페이지 스크레이퍼 실행: https://www.law.go.kr/admRulInfoP.do?admRulSeq=2100000227718
2025-09-19 23:02:35,931 - INFO - [scripts.adrule.logic.scraper] - 페이지로 이동 중: https://www.law.go.kr/admRulInfoP.do?admRulSeq=2100000227718
2025-09-19 23:02:36,499 - INFO - [scripts.adrule.logic.scraper] - 로딩 마스크가 나타나기를 기다리는 중...
2025-09-19 23:02:36,521 - INFO - [scripts.adrule.logic.scraper] - 로딩 마스크가 사라지기를 기다리는 중...
2025-09-19 23:02:36,704 - INFO - [scripts.adrule.logic.scraper] - 페이지 최종 렌더링을 잠시 대기합니다...
2025-09-19 23:02:37,707 - INFO - [scripts.adrule.logic.scraper] - 페이지 HTML 컨텐츠를 가져오는 중...
2025-09-19 23:02:37,720 - INFO - [scripts.adrule.logic.scraper] - 데이터 파싱 중...
2025-09-19 23:02:37,802 - INFO - [scripts.adrule.logic.scraper] - 유형 1: 정형화된 법령 구조 감지
2025-09-19 23:02:37,822 - INFO - [scripts.adrule.logic.scraper] - 데이터 1건을 '/Users/woong/Roeum/roeum-crawler/data/raw/adrule/1492000/고용노동부 적극행정위원회 운영규정_document.jsonl' 파일로 성공적으로 저장했습니다.
2025-09-19 23:02:37,822 - INFO - [scripts.adrule.logic.scraper] - 데이터 20건을 '/Users/woong/Roeum/roeum-crawler/data/raw/adrule/1492000/고용노동부 적극행정위원회 운영규정_chunks.jsonl' 파일로 성공적으로 저장했습니다.
2025-09-19 23:02:37,845 - INFO - [__main__] - 상세 페이지 스크레이퍼 완료: 고용노동부 적극행정위원회 운영규정
2025-09-19 23:02:39,363 - INFO - [__main__] - 상세 페이지 스크레이퍼 실행: https://www.law.go.kr/admRulInfoP.do?admRulSeq=2100000241468
2025-09-19 23:02:39,722 - INFO - [scripts.adrule.logic.scraper] - 페이지로 이동 중: https://www.law.go.kr/admRulInfoP.do?admRulSeq=2100000241468
2025-09-19 23:02:40,327 - INFO - [scripts.adrule.logic.scraper] - 로딩 마스크가 나타나기를 기다리는 중...
2025-09-19 23:02:40,346 - INFO - [scripts.adrule.logic.scraper] - 로딩 마스크가 사라지기를 기다리는 중...
2025-09-19 23:02:40,529 - INFO - [scripts.adrule.logic.scraper] - 페이지 최종 렌더링을 잠시 대기합니다...
2025-09-19 23:02:41,534 - INFO - [scripts.adrule.logic.scraper] - 페이지 HTML 컨텐츠를 가져오는 중...
2025-09-19 23:02:41,552 - INFO - [scripts.adrule.logic.scraper] - 데이터 파싱 중...
2025-09-19 23:02:41,607 - INFO - [scripts.adrule.logic.scraper] - 유형 1: 정형화된 법령 구조 감지
2025-09-19 23:02:41,619 - INFO - [scripts.adrule.logic.scraper] - 데이터 1건을 '/Users/woong/Roeum/roeum-crawler/data/raw/adrule/1492000/고용노동부 전문용어 표준화협의회 운영 규정_document.jsonl' 파일로 성공적으로 저장했습니다.
2025-09-19 23:02:41,620 - INFO - [scripts.adrule.logic.scraper] - 데이터 11건을 '/Users/woong/Roeum/roeum-crawler/data/raw/adrule/1492000/고용노동부 전문용어 표준화협의회 운영 규정_chunks.jsonl' 파일로 성공적으로 저장했습니다.
2025-09-19 23:02:41,649 - INFO - [__main__] - 상세 페이지 스크레이퍼 완료: 고용노동부 전문용어 표준화협의회 운영 규정
2025-09-19 23:02:43,432 - INFO - [__main__] - 상세 페이지 스크레이퍼 실행: https://www.law.go.kr/admRulInfoP.do?admRulSeq=2100000262340
2025-09-19 23:02:44,287 - INFO - [scripts.adrule.logic.scraper] - 페이지로 이동 중: https://www.law.go.kr/admRulInfoP.do?admRulSeq=2100000262340
2025-09-19 23:02:44,907 - INFO - [scripts.adrule.logic.scraper] - 로딩 마스크가 나타나기를 기다리는 중...
2025-09-19 23:02:44,937 - INFO - [scripts.adrule.logic.scraper] - 로딩 마스크가 사라지기를 기다리는 중...
2025-09-19 23:02:45,120 - INFO - [scripts.adrule.logic.scraper] - 페이지 최종 렌더링을 잠시 대기합니다...
2025-09-19 23:02:46,123 - INFO - [scripts.adrule.logic.scraper] - 페이지 HTML 컨텐츠를 가져오는 중...
2025-09-19 23:02:46,164 - INFO - [scripts.adrule.logic.scraper] - 데이터 파싱 중...
2025-09-19 23:02:46,411 - INFO - [scripts.adrule.logic.scraper] - 유형 1: 정형화된 법령 구조 감지
2025-09-19 23:02:46,590 - INFO - [scripts.adrule.logic.scraper] - 데이터 1건을 '/Users/woong/Roeum/roeum-crawler/data/raw/adrule/1492000/고용노동부 정보공개에 관한 규정_document.jsonl' 파일로 성공적으로 저장했습니다.
2025-09-19 23:02:46,592 - INFO - [scripts.adrule.logic.scraper] - 데이터 19건을 '/Users/woong/Roeum/roeum-crawler/data/raw/adrule/1492000/고용노동부 정보공개에 관한 규정_chunks.jsonl' 파일로 성공적으로 저장했습니다.
2025-09-19 23:02:46,663 - INFO - [__main__] - 상세 페이지 스크레이퍼 완료: 고용노동부 정보공개에 관한 규정
2025-09-19 23:02:48,555 - INFO - [__main__] - 상세 페이지 스크레이퍼 실행: https://www.law.go.kr/admRulInfoP.do?admRulSeq=2100000209151
2025-09-19 23:02:49,132 - INFO - [scripts.adrule.logic.scraper] - 페이지로 이동 중: https://www.law.go.kr/admRulInfoP.do?admRulSeq=2100000209151
2025-09-19 23:02:49,818 - INFO - [scripts.adrule.logic.scraper] - 로딩 마스크가 나타나기를 기다리는 중...
2025-09-19 23:02:49,837 - INFO - [scripts.adrule.logic.scraper] - 로딩 마스크가 사라지기를 기다리는 중...
2025-09-19 23:02:50,051 - INFO - [scripts.adrule.logic.scraper] - 페이지 최종 렌더링을 잠시 대기합니다...
2025-09-19 23:02:51,056 - INFO - [scripts.adrule.logic.scraper] - 페이지 HTML 컨텐츠를 가져오는 중...
2025-09-19 23:02:51,075 - INFO - [scripts.adrule.logic.scraper] - 데이터 파싱 중...
2025-09-19 23:02:51,177 - INFO - [scripts.adrule.logic.scraper] - 유형 1: 정형화된 법령 구조 감지
2025-09-19 23:02:51,199 - INFO - [scripts.adrule.logic.scraper] - 데이터 1건을 '/Users/woong/Roeum/roeum-crawler/data/raw/adrule/1492000/고용노동부 정보화업무 운영 및 이용에 관한 규정_document.jsonl' 파일로 성공적으로 저장했습니다.
2025-09-19 23:02:51,199 - INFO - [scripts.adrule.logic.scraper] - 데이터 31건을 '/Users/woong/Roeum/roeum-crawler/data/raw/adrule/1492000/고용노동부 정보화업무 운영 및 이용에 관한 규정_chunks.jsonl' 파일로 성공적으로 저장했습니다.
2025-09-19 23:02:51,231 - INFO - [__main__] - 상세 페이지 스크레이퍼 완료: 고용노동부 정보화업무 운영 및 이용에 관한 규정
2025-09-19 23:02:52,762 - INFO - [__main__] - 상세 페이지 스크레이퍼 실행: https://www.law.go.kr/admRulInfoP.do?admRulSeq=2100000192928
2025-09-19 23:02:53,124 - INFO - [scripts.adrule.logic.scraper] - 페이지로 이동 중: https://www.law.go.kr/admRulInfoP.do?admRulSeq=2100000192928
2025-09-19 23:02:53,775 - INFO - [scripts.adrule.logic.scraper] - 로딩 마스크가 나타나기를 기다리는 중...
2025-09-19 23:02:53,860 - INFO - [scripts.adrule.logic.scraper] - 로딩 마스크가 사라지기를 기다리는 중...
2025-09-19 23:02:53,955 - INFO - [scripts.adrule.logic.scraper] - 페이지 최종 렌더링을 잠시 대기합니다...
2025-09-19 23:02:54,958 - INFO - [scripts.adrule.logic.scraper] - 페이지 HTML 컨텐츠를 가져오는 중...
2025-09-19 23:02:54,985 - INFO - [scripts.adrule.logic.scraper] - 데이터 파싱 중...
2025-09-19 23:02:55,097 - INFO - [scripts.adrule.logic.scraper] - 유형 1: 정형화된 법령 구조 감지
2025-09-19 23:02:55,129 - INFO - [scripts.adrule.logic.scraper] - 데이터 1건을 '/Users/woong/Roeum/roeum-crawler/data/raw/adrule/1492000/고용노동부 정책연구 관리 규정_document.jsonl' 파일로 성공적으로 저장했습니다.
2025-09-19 23:02:55,130 - INFO - [scripts.adrule.logic.scraper] - 데이터 35건을 '/Users/woong/Roeum/roeum-crawler/data/raw/adrule/1492000/고용노동부 정책연구 관리 규정_chunks.jsonl' 파일로 성공적으로 저장했습니다.
2025-09-19 23:02:55,163 - INFO - [__main__] - 상세 페이지 스크레이퍼 완료: 고용노동부 정책연구 관리 규정
2025-09-19 23:02:56,773 - INFO - [__main__] - 상세 페이지 스크레이퍼 실행: https://www.law.go.kr/admRulInfoP.do?admRulSeq=2100000203988
2025-09-19 23:02:57,383 - INFO - [scripts.adrule.logic.scraper] - 페이지로 이동 중: https://www.law.go.kr/admRulInfoP.do?admRulSeq=2100000203988
2025-09-19 23:02:58,004 - INFO - [scripts.adrule.logic.scraper] - 로딩 마스크가 나타나기를 기다리는 중...
2025-09-19 23:02:58,053 - INFO - [scripts.adrule.logic.scraper] - 로딩 마스크가 사라지기를 기다리는 중...
2025-09-19 23:02:58,097 - INFO - [scripts.adrule.logic.scraper] - 페이지 최종 렌더링을 잠시 대기합니다...
2025-09-19 23:02:59,131 - INFO - [scripts.adrule.logic.scraper] - 페이지 HTML 컨텐츠를 가져오는 중...
2025-09-19 23:02:59,235 - INFO - [scripts.adrule.logic.scraper] - 데이터 파싱 중...
2025-09-19 23:02:59,339 - INFO - [scripts.adrule.logic.scraper] - 유형 1: 정형화된 법령 구조 감지
2025-09-19 23:02:59,384 - INFO - [scripts.adrule.logic.scraper] - 데이터 1건을 '/Users/woong/Roeum/roeum-crawler/data/raw/adrule/1492000/고용노동부 정책자문위원회 규정_document.jsonl' 파일로 성공적으로 저장했습니다.
2025-09-19 23:02:59,385 - INFO - [scripts.adrule.logic.scraper] - 데이터 13건을 '/Users/woong/Roeum/roeum-crawler/data/raw/adrule/1492000/고용노동부 정책자문위원회 규정_chunks.jsonl' 파일로 성공적으로 저장했습니다.
2025-09-19 23:02:59,440 - INFO - [__main__] - 상세 페이지 스크레이퍼 완료: 고용노동부 정책자문위원회 규정
2025-09-19 23:03:02,094 - INFO - [__main__] - 상세 페이지 스크레이퍼 실행: https://www.law.go.kr/admRulInfoP.do?admRulSeq=2100000241470
2025-09-19 23:03:03,482 - INFO - [scripts.adrule.logic.scraper] - 페이지로 이동 중: https://www.law.go.kr/admRulInfoP.do?admRulSeq=2100000241470
2025-09-19 23:03:04,293 - INFO - [scripts.adrule.logic.scraper] - 로딩 마스크가 나타나기를 기다리는 중...
2025-09-19 23:03:04,374 - INFO - [scripts.adrule.logic.scraper] - 로딩 마스크가 사라지기를 기다리는 중...
2025-09-19 23:03:04,443 - INFO - [scripts.adrule.logic.scraper] - 페이지 최종 렌더링을 잠시 대기합니다...
2025-09-19 23:03:05,454 - INFO - [scripts.adrule.logic.scraper] - 페이지 HTML 컨텐츠를 가져오는 중...
2025-09-19 23:03:05,480 - INFO - [scripts.adrule.logic.scraper] - 데이터 파싱 중...
2025-09-19 23:03:05,549 - INFO - [scripts.adrule.logic.scraper] - 유형 1: 정형화된 법령 구조 감지
2025-09-19 23:03:05,626 - INFO - [scripts.adrule.logic.scraper] - 데이터 1건을 '/Users/woong/Roeum/roeum-crawler/data/raw/adrule/1492000/고용노동부 정책홍보업무 관리 규정_document.jsonl' 파일로 성공적으로 저장했습니다.
2025-09-19 23:03:05,627 - INFO - [scripts.adrule.logic.scraper] - 데이터 25건을 '/Users/woong/Roeum/roeum-crawler/data/raw/adrule/1492000/고용노동부 정책홍보업무 관리 규정_chunks.jsonl' 파일로 성공적으로 저장했습니다.
2025-09-19 23:03:05,662 - INFO - [__main__] - 상세 페이지 스크레이퍼 완료: 고용노동부 정책홍보업무 관리 규정
2025-09-19 23:03:07,479 - INFO - [__main__] - 상세 페이지 스크레이퍼 실행: https://www.law.go.kr/admRulInfoP.do?admRulSeq=2100000252804
2025-09-19 23:03:08,122 - INFO - [scripts.adrule.logic.scraper] - 페이지로 이동 중: https://www.law.go.kr/admRulInfoP.do?admRulSeq=2100000252804
2025-09-19 23:03:08,692 - INFO - [scripts.adrule.logic.scraper] - 로딩 마스크가 나타나기를 기다리는 중...
2025-09-19 23:03:08,725 - INFO - [scripts.adrule.logic.scraper] - 로딩 마스크가 사라지기를 기다리는 중...
2025-09-19 23:03:08,758 - INFO - [scripts.adrule.logic.scraper] - 페이지 최종 렌더링을 잠시 대기합니다...
2025-09-19 23:03:09,761 - INFO - [scripts.adrule.logic.scraper] - 페이지 HTML 컨텐츠를 가져오는 중...
2025-09-19 23:03:09,772 - INFO - [scripts.adrule.logic.scraper] - 데이터 파싱 중...
2025-09-19 23:03:09,810 - INFO - [scripts.adrule.logic.scraper] - 유형 2: 텍스트 기반 비정형 구조 감지
2025-09-19 23:03:09,815 - INFO - [scripts.adrule.logic.scraper] - 데이터 1건을 '/Users/woong/Roeum/roeum-crawler/data/raw/adrule/1492000/(고용노동부) 제3종시설물 지정 고시_document.jsonl' 파일로 성공적으로 저장했습니다.
2025-09-19 23:03:09,815 - INFO - [scripts.adrule.logic.scraper] - 데이터 1건을 '/Users/woong/Roeum/roeum-crawler/data/raw/adrule/1492000/(고용노동부) 제3종시설물 지정 고시_chunks.jsonl' 파일로 성공적으로 저장했습니다.
2025-09-19 23:03:09,843 - INFO - [__main__] - 상세 페이지 스크레이퍼 완료: (고용노동부) 제3종시설물 지정 고시
2025-09-19 23:03:11,375 - INFO - [__main__] - 상세 페이지 스크레이퍼 실행: https://www.law.go.kr/admRulInfoP.do?admRulSeq=2100000119649
2025-09-19 23:03:11,736 - INFO - [scripts.adrule.logic.scraper] - 페이지로 이동 중: https://www.law.go.kr/admRulInfoP.do?admRulSeq=2100000119649
2025-09-19 23:03:12,361 - INFO - [scripts.adrule.logic.scraper] - 로딩 마스크가 나타나기를 기다리는 중...
2025-09-19 23:03:12,394 - INFO - [scripts.adrule.logic.scraper] - 로딩 마스크가 사라지기를 기다리는 중...
2025-09-19 23:03:12,709 - INFO - [scripts.adrule.logic.scraper] - 페이지 최종 렌더링을 잠시 대기합니다...
2025-09-19 23:03:13,713 - INFO - [scripts.adrule.logic.scraper] - 페이지 HTML 컨텐츠를 가져오는 중...
2025-09-19 23:03:13,727 - INFO - [scripts.adrule.logic.scraper] - 데이터 파싱 중...
2025-09-19 23:03:13,801 - INFO - [scripts.adrule.logic.scraper] - 유형 1: 정형화된 법령 구조 감지
2025-09-19 23:03:13,884 - INFO - [scripts.adrule.logic.scraper] - 데이터 1건을 '/Users/woong/Roeum/roeum-crawler/data/raw/adrule/1492000/고용노동부 중앙사고수습본부 구성 및 운영 등에 관한 규정_document.jsonl' 파일로 성공적으로 저장했습니다.
2025-09-19 23:03:13,884 - INFO - [scripts.adrule.logic.scraper] - 데이터 18건을 '/Users/woong/Roeum/roeum-crawler/data/raw/adrule/1492000/고용노동부 중앙사고수습본부 구성 및 운영 등에 관한 규정_chunks.jsonl' 파일로 성공적으로 저장했습니다.
2025-09-19 23:03:13,927 - INFO - [__main__] - 상세 페이지 스크레이퍼 완료: 고용노동부 중앙사고수습본부 구성 및 운영 등에 관한 규정
2025-09-19 23:03:15,551 - INFO - [__main__] - 상세 페이지 스크레이퍼 실행: https://www.law.go.kr/admRulInfoP.do?admRulSeq=2100000029602
2025-09-19 23:03:16,036 - INFO - [scripts.adrule.logic.scraper] - 페이지로 이동 중: https://www.law.go.kr/admRulInfoP.do?admRulSeq=2100000029602
2025-09-19 23:03:16,835 - INFO - [scripts.adrule.logic.scraper] - 로딩 마스크가 나타나기를 기다리는 중...
2025-09-19 23:03:16,860 - INFO - [scripts.adrule.logic.scraper] - 로딩 마스크가 사라지기를 기다리는 중...
2025-09-19 23:03:17,047 - INFO - [scripts.adrule.logic.scraper] - 페이지 최종 렌더링을 잠시 대기합니다...
2025-09-19 23:03:18,056 - INFO - [scripts.adrule.logic.scraper] - 페이지 HTML 컨텐츠를 가져오는 중...
2025-09-19 23:03:18,069 - INFO - [scripts.adrule.logic.scraper] - 데이터 파싱 중...
2025-09-19 23:03:18,118 - INFO - [scripts.adrule.logic.scraper] - 유형 1: 정형화된 법령 구조 감지
2025-09-19 23:03:18,128 - INFO - [scripts.adrule.logic.scraper] - 데이터 1건을 '/Users/woong/Roeum/roeum-crawler/data/raw/adrule/1492000/(고용노동부) 참고인 등 비용지급에 관한 규정_document.jsonl' 파일로 성공적으로 저장했습니다.
2025-09-19 23:03:18,128 - INFO - [scripts.adrule.logic.scraper] - 데이터 9건을 '/Users/woong/Roeum/roeum-crawler/data/raw/adrule/1492000/(고용노동부) 참고인 등 비용지급에 관한 규정_chunks.jsonl' 파일로 성공적으로 저장했습니다.
2025-09-19 23:03:18,195 - INFO - [__main__] - 상세 페이지 스크레이퍼 완료: (고용노동부) 참고인 등 비용지급에 관한 규정
2025-09-19 23:03:19,824 - INFO - [__main__] - 상세 페이지 스크레이퍼 실행: https://www.law.go.kr/admRulInfoP.do?admRulSeq=2100000161689
2025-09-19 23:03:20,184 - INFO - [scripts.adrule.logic.scraper] - 페이지로 이동 중: https://www.law.go.kr/admRulInfoP.do?admRulSeq=2100000161689
2025-09-19 23:03:20,805 - INFO - [scripts.adrule.logic.scraper] - 로딩 마스크가 나타나기를 기다리는 중...
2025-09-19 23:03:20,828 - INFO - [scripts.adrule.logic.scraper] - 로딩 마스크가 사라지기를 기다리는 중...
2025-09-19 23:03:20,931 - INFO - [scripts.adrule.logic.scraper] - 페이지 최종 렌더링을 잠시 대기합니다...
2025-09-19 23:03:21,934 - INFO - [scripts.adrule.logic.scraper] - 페이지 HTML 컨텐츠를 가져오는 중...
2025-09-19 23:03:21,953 - INFO - [scripts.adrule.logic.scraper] - 데이터 파싱 중...
2025-09-19 23:03:22,006 - INFO - [scripts.adrule.logic.scraper] - 유형 1: 정형화된 법령 구조 감지
2025-09-19 23:03:22,019 - INFO - [scripts.adrule.logic.scraper] - 데이터 1건을 '/Users/woong/Roeum/roeum-crawler/data/raw/adrule/1492000/고용노동부 청렴시민감사관 설치 및 운영에 관한 규정_document.jsonl' 파일로 성공적으로 저장했습니다.
2025-09-19 23:03:22,020 - INFO - [scripts.adrule.logic.scraper] - 데이터 11건을 '/Users/woong/Roeum/roeum-crawler/data/raw/adrule/1492000/고용노동부 청렴시민감사관 설치 및 운영에 관한 규정_chunks.jsonl' 파일로 성공적으로 저장했습니다.
2025-09-19 23:03:22,047 - INFO - [__main__] - 상세 페이지 스크레이퍼 완료: 고용노동부 청렴시민감사관 설치 및 운영에 관한 규정
2025-09-19 23:03:23,832 - INFO - [__main__] - 상세 페이지 스크레이퍼 실행: https://www.law.go.kr/admRulInfoP.do?admRulSeq=2100000210399
2025-09-19 23:03:24,254 - INFO - [scripts.adrule.logic.scraper] - 페이지로 이동 중: https://www.law.go.kr/admRulInfoP.do?admRulSeq=2100000210399
2025-09-19 23:03:24,836 - INFO - [scripts.adrule.logic.scraper] - 로딩 마스크가 나타나기를 기다리는 중...
2025-09-19 23:03:24,885 - INFO - [scripts.adrule.logic.scraper] - 로딩 마스크가 사라지기를 기다리는 중...
2025-09-19 23:03:24,926 - INFO - [scripts.adrule.logic.scraper] - 페이지 최종 렌더링을 잠시 대기합니다...
2025-09-19 23:03:25,941 - INFO - [scripts.adrule.logic.scraper] - 페이지 HTML 컨텐츠를 가져오는 중...
2025-09-19 23:03:25,961 - INFO - [scripts.adrule.logic.scraper] - 데이터 파싱 중...
2025-09-19 23:03:26,025 - INFO - [scripts.adrule.logic.scraper] - 유형 1: 정형화된 법령 구조 감지
2025-09-19 23:03:26,075 - INFO - [scripts.adrule.logic.scraper] - 데이터 1건을 '/Users/woong/Roeum/roeum-crawler/data/raw/adrule/1492000/고용노동부 청원심의회 운영 규정_document.jsonl' 파일로 성공적으로 저장했습니다.
2025-09-19 23:03:26,076 - INFO - [scripts.adrule.logic.scraper] - 데이터 13건을 '/Users/woong/Roeum/roeum-crawler/data/raw/adrule/1492000/고용노동부 청원심의회 운영 규정_chunks.jsonl' 파일로 성공적으로 저장했습니다.
2025-09-19 23:03:26,118 - INFO - [__main__] - 상세 페이지 스크레이퍼 완료: 고용노동부 청원심의회 운영 규정
2025-09-19 23:03:27,731 - INFO - [__main__] - 상세 페이지 스크레이퍼 실행: https://www.law.go.kr/admRulInfoP.do?admRulSeq=2100000242072
2025-09-19 23:03:28,138 - INFO - [scripts.adrule.logic.scraper] - 페이지로 이동 중: https://www.law.go.kr/admRulInfoP.do?admRulSeq=2100000242072
2025-09-19 23:03:28,767 - INFO - [scripts.adrule.logic.scraper] - 로딩 마스크가 나타나기를 기다리는 중...
2025-09-19 23:03:28,806 - INFO - [scripts.adrule.logic.scraper] - 로딩 마스크가 사라지기를 기다리는 중...
2025-09-19 23:03:29,003 - INFO - [scripts.adrule.logic.scraper] - 페이지 최종 렌더링을 잠시 대기합니다...
2025-09-19 23:03:30,010 - INFO - [scripts.adrule.logic.scraper] - 페이지 HTML 컨텐츠를 가져오는 중...
2025-09-19 23:03:30,023 - INFO - [scripts.adrule.logic.scraper] - 데이터 파싱 중...
2025-09-19 23:03:30,105 - INFO - [scripts.adrule.logic.scraper] - 유형 1: 정형화된 법령 구조 감지
2025-09-19 23:03:30,128 - INFO - [scripts.adrule.logic.scraper] - 데이터 1건을 '/Users/woong/Roeum/roeum-crawler/data/raw/adrule/1492000/고용노동부통계관리규정_document.jsonl' 파일로 성공적으로 저장했습니다.
2025-09-19 23:03:30,129 - INFO - [scripts.adrule.logic.scraper] - 데이터 31건을 '/Users/woong/Roeum/roeum-crawler/data/raw/adrule/1492000/고용노동부통계관리규정_chunks.jsonl' 파일로 성공적으로 저장했습니다.
2025-09-19 23:03:30,155 - INFO - [__main__] - 상세 페이지 스크레이퍼 완료: 고용노동부통계관리규정
2025-09-19 23:03:31,671 - INFO - [__main__] - 상세 페이지 스크레이퍼 실행: https://www.law.go.kr/admRulInfoP.do?admRulSeq=2100000223972
2025-09-19 23:03:32,084 - INFO - [scripts.adrule.logic.scraper] - 페이지로 이동 중: https://www.law.go.kr/admRulInfoP.do?admRulSeq=2100000223972
2025-09-19 23:03:32,646 - INFO - [scripts.adrule.logic.scraper] - 로딩 마스크가 나타나기를 기다리는 중...
2025-09-19 23:03:32,668 - INFO - [scripts.adrule.logic.scraper] - 로딩 마스크가 사라지기를 기다리는 중...
2025-09-19 23:03:32,760 - INFO - [scripts.adrule.logic.scraper] - 페이지 최종 렌더링을 잠시 대기합니다...
2025-09-19 23:03:33,764 - INFO - [scripts.adrule.logic.scraper] - 페이지 HTML 컨텐츠를 가져오는 중...
2025-09-19 23:03:33,781 - INFO - [scripts.adrule.logic.scraper] - 데이터 파싱 중...
2025-09-19 23:03:33,844 - INFO - [scripts.adrule.logic.scraper] - 유형 1: 정형화된 법령 구조 감지
2025-09-19 23:03:33,887 - INFO - [scripts.adrule.logic.scraper] - 데이터 1건을 '/Users/woong/Roeum/roeum-crawler/data/raw/adrule/1492000/(고용노동부) 화학재난 합동방재센터의 설치 및 운영에 관한 규정_document.jsonl' 파일로 성공적으로 저장했습니다.
2025-09-19 23:03:33,888 - INFO - [scripts.adrule.logic.scraper] - 데이터 14건을 '/Users/woong/Roeum/roeum-crawler/data/raw/adrule/1492000/(고용노동부) 화학재난 합동방재센터의 설치 및 운영에 관한 규정_chunks.jsonl' 파일로 성공적으로 저장했습니다.
2025-09-19 23:03:33,909 - INFO - [__main__] - 상세 페이지 스크레이퍼 완료: (고용노동부) 화학재난 합동방재센터의 설치 및 운영에 관한 규정
2025-09-19 23:03:35,632 - INFO - [__main__] - 상세 페이지 스크레이퍼 실행: https://www.law.go.kr/admRulInfoP.do?admRulSeq=2100000152249
2025-09-19 23:03:36,007 - INFO - [scripts.adrule.logic.scraper] - 페이지로 이동 중: https://www.law.go.kr/admRulInfoP.do?admRulSeq=2100000152249
2025-09-19 23:03:36,630 - INFO - [scripts.adrule.logic.scraper] - 로딩 마스크가 나타나기를 기다리는 중...
2025-09-19 23:03:36,648 - INFO - [scripts.adrule.logic.scraper] - 로딩 마스크가 사라지기를 기다리는 중...
2025-09-19 23:03:36,737 - INFO - [scripts.adrule.logic.scraper] - 페이지 최종 렌더링을 잠시 대기합니다...
2025-09-19 23:03:37,740 - INFO - [scripts.adrule.logic.scraper] - 페이지 HTML 컨텐츠를 가져오는 중...
2025-09-19 23:03:37,758 - INFO - [scripts.adrule.logic.scraper] - 데이터 파싱 중...
2025-09-19 23:03:37,997 - INFO - [scripts.adrule.logic.scraper] - 유형 1: 정형화된 법령 구조 감지
2025-09-19 23:03:38,048 - INFO - [scripts.adrule.logic.scraper] - 데이터 1건을 '/Users/woong/Roeum/roeum-crawler/data/raw/adrule/1492000/고용노동부 회계관계공무원 재정보증 규정_document.jsonl' 파일로 성공적으로 저장했습니다.
2025-09-19 23:03:38,049 - INFO - [scripts.adrule.logic.scraper] - 데이터 11건을 '/Users/woong/Roeum/roeum-crawler/data/raw/adrule/1492000/고용노동부 회계관계공무원 재정보증 규정_chunks.jsonl' 파일로 성공적으로 저장했습니다.
2025-09-19 23:03:38,086 - INFO - [__main__] - 상세 페이지 스크레이퍼 완료: 고용노동부 회계관계공무원 재정보증 규정
2025-09-19 23:03:39,651 - INFO - [__main__] - 상세 페이지 스크레이퍼 실행: https://www.law.go.kr/admRulInfoP.do?admRulSeq=2100000250926
2025-09-19 23:03:40,183 - INFO - [scripts.adrule.logic.scraper] - 페이지로 이동 중: https://www.law.go.kr/admRulInfoP.do?admRulSeq=2100000250926
2025-09-19 23:03:41,176 - INFO - [scripts.adrule.logic.scraper] - 로딩 마스크가 나타나기를 기다리는 중...
2025-09-19 23:03:41,254 - INFO - [scripts.adrule.logic.scraper] - 로딩 마스크가 사라지기를 기다리는 중...
2025-09-19 23:03:41,399 - INFO - [scripts.adrule.logic.scraper] - 페이지 최종 렌더링을 잠시 대기합니다...
2025-09-19 23:03:42,408 - INFO - [scripts.adrule.logic.scraper] - 페이지 HTML 컨텐츠를 가져오는 중...
2025-09-19 23:03:42,444 - INFO - [scripts.adrule.logic.scraper] - 데이터 파싱 중...
2025-09-19 23:03:42,608 - INFO - [scripts.adrule.logic.scraper] - 유형 1: 정형화된 법령 구조 감지
2025-09-19 23:03:42,699 - INFO - [scripts.adrule.logic.scraper] - 데이터 1건을 '/Users/woong/Roeum/roeum-crawler/data/raw/adrule/1492000/고용노동분야 국고보조사업 관리규정_document.jsonl' 파일로 성공적으로 저장했습니다.
2025-09-19 23:03:42,700 - INFO - [scripts.adrule.logic.scraper] - 데이터 65건을 '/Users/woong/Roeum/roeum-crawler/data/raw/adrule/1492000/고용노동분야 국고보조사업 관리규정_chunks.jsonl' 파일로 성공적으로 저장했습니다.
2025-09-19 23:03:42,766 - INFO - [__main__] - 상세 페이지 스크레이퍼 완료: 고용노동분야 국고보조사업 관리규정
2025-09-19 23:03:44,510 - INFO - [__main__] - 상세 페이지 스크레이퍼 실행: https://www.law.go.kr/admRulInfoP.do?admRulSeq=2100000193867
2025-09-19 23:03:44,953 - INFO - [scripts.adrule.logic.scraper] - 페이지로 이동 중: https://www.law.go.kr/admRulInfoP.do?admRulSeq=2100000193867
2025-09-19 23:03:45,754 - INFO - [scripts.adrule.logic.scraper] - 로딩 마스크가 나타나기를 기다리는 중...
2025-09-19 23:03:45,783 - INFO - [scripts.adrule.logic.scraper] - 로딩 마스크가 사라지기를 기다리는 중...
2025-09-19 23:03:45,969 - INFO - [scripts.adrule.logic.scraper] - 페이지 최종 렌더링을 잠시 대기합니다...
2025-09-19 23:03:46,979 - INFO - [scripts.adrule.logic.scraper] - 페이지 HTML 컨텐츠를 가져오는 중...
2025-09-19 23:03:46,989 - INFO - [scripts.adrule.logic.scraper] - 데이터 파싱 중...
2025-09-19 23:03:47,033 - INFO - [scripts.adrule.logic.scraper] - 유형 1: 정형화된 법령 구조 감지
2025-09-19 23:03:47,075 - INFO - [scripts.adrule.logic.scraper] - 데이터 1건을 '/Users/woong/Roeum/roeum-crawler/data/raw/adrule/1492000/고용노동 사이버안전센터 운영규정_document.jsonl' 파일로 성공적으로 저장했습니다.
2025-09-19 23:03:47,075 - INFO - [scripts.adrule.logic.scraper] - 데이터 25건을 '/Users/woong/Roeum/roeum-crawler/data/raw/adrule/1492000/고용노동 사이버안전센터 운영규정_chunks.jsonl' 파일로 성공적으로 저장했습니다.
2025-09-19 23:03:47,102 - INFO - [__main__] - 상세 페이지 스크레이퍼 완료: 고용노동 사이버안전센터 운영규정
2025-09-19 23:03:48,735 - INFO - [__main__] - 상세 페이지 스크레이퍼 실행: https://www.law.go.kr/admRulInfoP.do?admRulSeq=2100000069849
2025-09-19 23:03:49,342 - INFO - [scripts.adrule.logic.scraper] - 페이지로 이동 중: https://www.law.go.kr/admRulInfoP.do?admRulSeq=2100000069849
2025-09-19 23:03:49,955 - INFO - [scripts.adrule.logic.scraper] - 로딩 마스크가 나타나기를 기다리는 중...
2025-09-19 23:03:49,978 - INFO - [scripts.adrule.logic.scraper] - 로딩 마스크가 사라지기를 기다리는 중...
2025-09-19 23:03:50,281 - INFO - [scripts.adrule.logic.scraper] - 페이지 최종 렌더링을 잠시 대기합니다...
2025-09-19 23:03:51,298 - INFO - [scripts.adrule.logic.scraper] - 페이지 HTML 컨텐츠를 가져오는 중...
2025-09-19 23:03:51,312 - INFO - [scripts.adrule.logic.scraper] - 데이터 파싱 중...
2025-09-19 23:03:51,418 - INFO - [scripts.adrule.logic.scraper] - 유형 1: 정형화된 법령 구조 감지
2025-09-19 23:03:51,533 - INFO - [scripts.adrule.logic.scraper] - 데이터 1건을 '/Users/woong/Roeum/roeum-crawler/data/raw/adrule/1492000/고용노동통계조사 응답사례품 지급·관리 규정_document.jsonl' 파일로 성공적으로 저장했습니다.
2025-09-19 23:03:51,533 - INFO - [scripts.adrule.logic.scraper] - 데이터 19건을 '/Users/woong/Roeum/roeum-crawler/data/raw/adrule/1492000/고용노동통계조사 응답사례품 지급·관리 규정_chunks.jsonl' 파일로 성공적으로 저장했습니다.
2025-09-19 23:03:51,568 - INFO - [__main__] - 상세 페이지 스크레이퍼 완료: 고용노동통계조사 응답사례품 지급·관리 규정
2025-09-19 23:03:54,502 - INFO - [__main__] - 상세 페이지 스크레이퍼 실행: https://www.law.go.kr/admRulInfoP.do?admRulSeq=2000000021626
2025-09-19 23:03:55,893 - INFO - [scripts.adrule.logic.scraper] - 페이지로 이동 중: https://www.law.go.kr/admRulInfoP.do?admRulSeq=2000000021626
2025-09-19 23:03:56,554 - INFO - [scripts.adrule.logic.scraper] - 로딩 마스크가 나타나기를 기다리는 중...
2025-09-19 23:03:56,577 - INFO - [scripts.adrule.logic.scraper] - 로딩 마스크가 사라지기를 기다리는 중...
2025-09-19 23:03:56,663 - INFO - [scripts.adrule.logic.scraper] - 페이지 최종 렌더링을 잠시 대기합니다...
2025-09-19 23:03:57,667 - INFO - [scripts.adrule.logic.scraper] - 페이지 HTML 컨텐츠를 가져오는 중...
2025-09-19 23:03:57,674 - INFO - [scripts.adrule.logic.scraper] - 데이터 파싱 중...
2025-09-19 23:03:57,710 - INFO - [scripts.adrule.logic.scraper] - 유형 1: 정형화된 법령 구조 감지
2025-09-19 23:03:57,720 - INFO - [scripts.adrule.logic.scraper] - 데이터 1건을 '/Users/woong/Roeum/roeum-crawler/data/raw/adrule/1492000/고용노동행정기관 지역협의회 운영 규정_document.jsonl' 파일로 성공적으로 저장했습니다.
2025-09-19 23:03:57,721 - INFO - [scripts.adrule.logic.scraper] - 데이터 13건을 '/Users/woong/Roeum/roeum-crawler/data/raw/adrule/1492000/고용노동행정기관 지역협의회 운영 규정_chunks.jsonl' 파일로 성공적으로 저장했습니다.
2025-09-19 23:03:57,754 - INFO - [__main__] - 상세 페이지 스크레이퍼 완료: 고용노동행정기관 지역협의회 운영 규정
2025-09-19 23:03:59,639 - INFO - [__main__] - 상세 페이지 스크레이퍼 실행: https://www.law.go.kr/admRulInfoP.do?admRulSeq=2200000035241
2025-09-19 23:04:00,625 - INFO - [scripts.adrule.logic.scraper] - 페이지로 이동 중: https://www.law.go.kr/admRulInfoP.do?admRulSeq=2200000035241
2025-09-19 23:04:01,491 - INFO - [scripts.adrule.logic.scraper] - 로딩 마스크가 나타나기를 기다리는 중...
2025-09-19 23:04:01,512 - INFO - [scripts.adrule.logic.scraper] - 로딩 마스크가 사라지기를 기다리는 중...
2025-09-19 23:04:01,700 - INFO - [scripts.adrule.logic.scraper] - 페이지 최종 렌더링을 잠시 대기합니다...
2025-09-19 23:04:02,703 - INFO - [scripts.adrule.logic.scraper] - 페이지 HTML 컨텐츠를 가져오는 중...
2025-09-19 23:04:02,721 - INFO - [scripts.adrule.logic.scraper] - 데이터 파싱 중...
2025-09-19 23:04:02,785 - INFO - [scripts.adrule.logic.scraper] - 유형 1: 정형화된 법령 구조 감지
2025-09-19 23:04:02,836 - INFO - [scripts.adrule.logic.scraper] - 데이터 1건을 '/Users/woong/Roeum/roeum-crawler/data/raw/adrule/1492000/고용노동행정서비스헌장 운영 규정_document.jsonl' 파일로 성공적으로 저장했습니다.
2025-09-19 23:04:02,836 - INFO - [scripts.adrule.logic.scraper] - 데이터 14건을 '/Users/woong/Roeum/roeum-crawler/data/raw/adrule/1492000/고용노동행정서비스헌장 운영 규정_chunks.jsonl' 파일로 성공적으로 저장했습니다.
2025-09-19 23:04:02,866 - INFO - [__main__] - 상세 페이지 스크레이퍼 완료: 고용노동행정서비스헌장 운영 규정
2025-09-19 23:04:04,593 - INFO - [__main__] - 상세 페이지 스크레이퍼 실행: https://www.law.go.kr/admRulInfoP.do?admRulSeq=2100000190782
2025-09-19 23:04:05,127 - INFO - [scripts.adrule.logic.scraper] - 페이지로 이동 중: https://www.law.go.kr/admRulInfoP.do?admRulSeq=2100000190782
2025-09-19 23:04:05,707 - INFO - [scripts.adrule.logic.scraper] - 로딩 마스크가 나타나기를 기다리는 중...
2025-09-19 23:04:05,729 - INFO - [scripts.adrule.logic.scraper] - 로딩 마스크가 사라지기를 기다리는 중...
2025-09-19 23:04:05,814 - INFO - [scripts.adrule.logic.scraper] - 페이지 최종 렌더링을 잠시 대기합니다...
2025-09-19 23:04:06,818 - INFO - [scripts.adrule.logic.scraper] - 페이지 HTML 컨텐츠를 가져오는 중...
2025-09-19 23:04:06,836 - INFO - [scripts.adrule.logic.scraper] - 데이터 파싱 중...
2025-09-19 23:04:06,890 - INFO - [scripts.adrule.logic.scraper] - 유형 1: 정형화된 법령 구조 감지
2025-09-19 23:04:06,902 - INFO - [scripts.adrule.logic.scraper] - 데이터 1건을 '/Users/woong/Roeum/roeum-crawler/data/raw/adrule/1492000/고용노동행정 신산업 지원 및 규제혁신심의회 운영규정_document.jsonl' 파일로 성공적으로 저장했습니다.
2025-09-19 23:04:06,902 - INFO - [scripts.adrule.logic.scraper] - 데이터 13건을 '/Users/woong/Roeum/roeum-crawler/data/raw/adrule/1492000/고용노동행정 신산업 지원 및 규제혁신심의회 운영규정_chunks.jsonl' 파일로 성공적으로 저장했습니다.
2025-09-19 23:04:06,924 - INFO - [__main__] - 상세 페이지 스크레이퍼 완료: 고용노동행정 신산업 지원 및 규제혁신심의회 운영규정
2025-09-19 23:04:08,873 - INFO - [__main__] - 상세 페이지 스크레이퍼 실행: https://www.law.go.kr/admRulInfoP.do?admRulSeq=2100000161249
2025-09-19 23:04:09,413 - INFO - [scripts.adrule.logic.scraper] - 페이지로 이동 중: https://www.law.go.kr/admRulInfoP.do?admRulSeq=2100000161249
2025-09-19 23:04:10,010 - INFO - [scripts.adrule.logic.scraper] - 로딩 마스크가 나타나기를 기다리는 중...
2025-09-19 23:04:10,037 - INFO - [scripts.adrule.logic.scraper] - 로딩 마스크가 사라지기를 기다리는 중...
2025-09-19 23:04:10,223 - INFO - [scripts.adrule.logic.scraper] - 페이지 최종 렌더링을 잠시 대기합니다...
2025-09-19 23:04:11,225 - INFO - [scripts.adrule.logic.scraper] - 페이지 HTML 컨텐츠를 가져오는 중...
2025-09-19 23:04:11,237 - INFO - [scripts.adrule.logic.scraper] - 데이터 파싱 중...
2025-09-19 23:04:11,293 - INFO - [scripts.adrule.logic.scraper] - 유형 1: 정형화된 법령 구조 감지
2025-09-19 23:04:11,310 - INFO - [scripts.adrule.logic.scraper] - 데이터 1건을 '/Users/woong/Roeum/roeum-crawler/data/raw/adrule/1492000/고용노동행정 옴부즈만위원회 운영 규정_document.jsonl' 파일로 성공적으로 저장했습니다.
2025-09-19 23:04:11,311 - INFO - [scripts.adrule.logic.scraper] - 데이터 11건을 '/Users/woong/Roeum/roeum-crawler/data/raw/adrule/1492000/고용노동행정 옴부즈만위원회 운영 규정_chunks.jsonl' 파일로 성공적으로 저장했습니다.
2025-09-19 23:04:11,369 - INFO - [__main__] - 상세 페이지 스크레이퍼 완료: 고용노동행정 옴부즈만위원회 운영 규정
2025-09-19 23:04:13,599 - INFO - [__main__] - 상세 페이지 스크레이퍼 실행: https://www.law.go.kr/admRulInfoP.do?admRulSeq=2100000261092
2025-09-19 23:04:14,191 - INFO - [scripts.adrule.logic.scraper] - 페이지로 이동 중: https://www.law.go.kr/admRulInfoP.do?admRulSeq=2100000261092
2025-09-19 23:04:14,734 - INFO - [scripts.adrule.logic.scraper] - 로딩 마스크가 나타나기를 기다리는 중...
2025-09-19 23:04:14,767 - INFO - [scripts.adrule.logic.scraper] - 로딩 마스크가 사라지기를 기다리는 중...
2025-09-19 23:04:14,799 - INFO - [scripts.adrule.logic.scraper] - 페이지 최종 렌더링을 잠시 대기합니다...
2025-09-19 23:04:15,801 - INFO - [scripts.adrule.logic.scraper] - 페이지 HTML 컨텐츠를 가져오는 중...
2025-09-19 23:04:15,812 - INFO - [scripts.adrule.logic.scraper] - 데이터 파싱 중...
2025-09-19 23:04:15,860 - INFO - [scripts.adrule.logic.scraper] - 유형 2: 텍스트 기반 비정형 구조 감지
2025-09-19 23:04:15,870 - INFO - [scripts.adrule.logic.scraper] - 데이터 1건을 '/Users/woong/Roeum/roeum-crawler/data/raw/adrule/1492000/고용보험 가입대상인 고유번호증 보유 자영업자 사업 고시_document.jsonl' 파일로 성공적으로 저장했습니다.
2025-09-19 23:04:15,870 - INFO - [scripts.adrule.logic.scraper] - 데이터 2건을 '/Users/woong/Roeum/roeum-crawler/data/raw/adrule/1492000/고용보험 가입대상인 고유번호증 보유 자영업자 사업 고시_chunks.jsonl' 파일로 성공적으로 저장했습니다.
2025-09-19 23:04:15,920 - INFO - [__main__] - 상세 페이지 스크레이퍼 완료: 고용보험 가입대상인 고유번호증 보유 자영업자 사업 고시
2025-09-19 23:04:17,785 - INFO - [__main__] - 상세 페이지 스크레이퍼 실행: https://www.law.go.kr/admRulInfoP.do?admRulSeq=2100000217769
2025-09-19 23:04:18,420 - INFO - [scripts.adrule.logic.scraper] - 페이지로 이동 중: https://www.law.go.kr/admRulInfoP.do?admRulSeq=2100000217769
2025-09-19 23:04:18,966 - INFO - [scripts.adrule.logic.scraper] - 로딩 마스크가 나타나기를 기다리는 중...
2025-09-19 23:04:18,992 - INFO - [scripts.adrule.logic.scraper] - 로딩 마스크가 사라지기를 기다리는 중...
2025-09-19 23:04:19,074 - INFO - [scripts.adrule.logic.scraper] - 페이지 최종 렌더링을 잠시 대기합니다...
2025-09-19 23:04:20,077 - INFO - [scripts.adrule.logic.scraper] - 페이지 HTML 컨텐츠를 가져오는 중...
2025-09-19 23:04:20,083 - INFO - [scripts.adrule.logic.scraper] - 데이터 파싱 중...
2025-09-19 23:04:20,115 - INFO - [scripts.adrule.logic.scraper] - 유형 2: 텍스트 기반 비정형 구조 감지
2025-09-19 23:04:20,120 - INFO - [scripts.adrule.logic.scraper] - 데이터 1건을 '/Users/woong/Roeum/roeum-crawler/data/raw/adrule/1492000/고용보험료 산정범위에 속하는 금품_document.jsonl' 파일로 성공적으로 저장했습니다.
2025-09-19 23:04:20,120 - INFO - [scripts.adrule.logic.scraper] - 데이터 2건을 '/Users/woong/Roeum/roeum-crawler/data/raw/adrule/1492000/고용보험료 산정범위에 속하는 금품_chunks.jsonl' 파일로 성공적으로 저장했습니다.
2025-09-19 23:04:20,159 - INFO - [__main__] - 상세 페이지 스크레이퍼 완료: 고용보험료 산정범위에 속하는 금품
2025-09-19 23:04:21,700 - INFO - [__main__] - 상세 페이지 스크레이퍼 실행: https://www.law.go.kr/admRulInfoP.do?admRulSeq=2100000252096
2025-09-19 23:04:22,085 - INFO - [scripts.adrule.logic.scraper] - 페이지로 이동 중: https://www.law.go.kr/admRulInfoP.do?admRulSeq=2100000252096
2025-09-19 23:04:22,688 - INFO - [scripts.adrule.logic.scraper] - 로딩 마스크가 나타나기를 기다리는 중...
2025-09-19 23:04:22,709 - INFO - [scripts.adrule.logic.scraper] - 로딩 마스크가 사라지기를 기다리는 중...
2025-09-19 23:04:23,500 - INFO - [scripts.adrule.logic.scraper] - 페이지 최종 렌더링을 잠시 대기합니다...
2025-09-19 23:04:24,505 - INFO - [scripts.adrule.logic.scraper] - 페이지 HTML 컨텐츠를 가져오는 중...
2025-09-19 23:04:24,531 - INFO - [scripts.adrule.logic.scraper] - 데이터 파싱 중...
2025-09-19 23:04:24,611 - INFO - [scripts.adrule.logic.scraper] - 유형 1: 정형화된 법령 구조 감지
2025-09-19 23:04:24,659 - INFO - [scripts.adrule.logic.scraper] - 데이터 1건을 '/Users/woong/Roeum/roeum-crawler/data/raw/adrule/1492000/고용보험료의 지원 대상 및 지원 수준 등에 관한 고시_document.jsonl' 파일로 성공적으로 저장했습니다.
2025-09-19 23:04:24,659 - INFO - [scripts.adrule.logic.scraper] - 데이터 14건을 '/Users/woong/Roeum/roeum-crawler/data/raw/adrule/1492000/고용보험료의 지원 대상 및 지원 수준 등에 관한 고시_chunks.jsonl' 파일로 성공적으로 저장했습니다.
2025-09-19 23:04:24,690 - INFO - [__main__] - 상세 페이지 스크레이퍼 완료: 고용보험료의 지원 대상 및 지원 수준 등에 관한 고시
2025-09-19 23:04:26,362 - INFO - [__main__] - 상세 페이지 스크레이퍼 실행: https://www.law.go.kr/admRulInfoP.do?admRulSeq=2100000229688
2025-09-19 23:04:27,105 - INFO - [scripts.adrule.logic.scraper] - 페이지로 이동 중: https://www.law.go.kr/admRulInfoP.do?admRulSeq=2100000229688
2025-09-19 23:04:27,737 - INFO - [scripts.adrule.logic.scraper] - 로딩 마스크가 나타나기를 기다리는 중...
2025-09-19 23:04:27,765 - INFO - [scripts.adrule.logic.scraper] - 로딩 마스크가 사라지기를 기다리는 중...
2025-09-19 23:04:28,570 - INFO - [scripts.adrule.logic.scraper] - 페이지 최종 렌더링을 잠시 대기합니다...
2025-09-19 23:04:29,582 - INFO - [scripts.adrule.logic.scraper] - 페이지 HTML 컨텐츠를 가져오는 중...
2025-09-19 23:04:29,599 - INFO - [scripts.adrule.logic.scraper] - 데이터 파싱 중...
2025-09-19 23:04:29,638 - INFO - [scripts.adrule.logic.scraper] - 유형 1: 정형화된 법령 구조 감지
2025-09-19 23:04:29,644 - INFO - [scripts.adrule.logic.scraper] - 데이터 1건을 '/Users/woong/Roeum/roeum-crawler/data/raw/adrule/1492000/고용보험법 및 고용산재보험료징수법에 따른 과태료의 가중처분에 관한 세부 지침_document.jsonl' 파일로 성공적으로 저장했습니다.
2025-09-19 23:04:29,644 - INFO - [scripts.adrule.logic.scraper] - 데이터 3건을 '/Users/woong/Roeum/roeum-crawler/data/raw/adrule/1492000/고용보험법 및 고용산재보험료징수법에 따른 과태료의 가중처분에 관한 세부 지침_chunks.jsonl' 파일로 성공적으로 저장했습니다.
2025-09-19 23:04:29,678 - INFO - [__main__] - 상세 페이지 스크레이퍼 완료: 고용보험법 및 고용산재보험료징수법에 따른 과태료의 가중처분에 관한 세부 지침
2025-09-19 23:04:31,337 - INFO - [__main__] - 상세 페이지 스크레이퍼 실행: https://www.law.go.kr/admRulInfoP.do?admRulSeq=2100000240040
2025-09-19 23:04:31,761 - INFO - [scripts.adrule.logic.scraper] - 페이지로 이동 중: https://www.law.go.kr/admRulInfoP.do?admRulSeq=2100000240040
2025-09-19 23:04:32,302 - INFO - [scripts.adrule.logic.scraper] - 로딩 마스크가 나타나기를 기다리는 중...
2025-09-19 23:04:32,321 - INFO - [scripts.adrule.logic.scraper] - 로딩 마스크가 사라지기를 기다리는 중...
2025-09-19 23:04:32,503 - INFO - [scripts.adrule.logic.scraper] - 페이지 최종 렌더링을 잠시 대기합니다...
2025-09-19 23:04:33,507 - INFO - [scripts.adrule.logic.scraper] - 페이지 HTML 컨텐츠를 가져오는 중...
2025-09-19 23:04:33,515 - INFO - [scripts.adrule.logic.scraper] - 데이터 파싱 중...
2025-09-19 23:04:33,549 - INFO - [scripts.adrule.logic.scraper] - 유형 2: 텍스트 기반 비정형 구조 감지
2025-09-19 23:04:33,553 - INFO - [scripts.adrule.logic.scraper] - 데이터 1건을 '/Users/woong/Roeum/roeum-crawler/data/raw/adrule/1492000/고용보험사업 평가기관 지정 고시_document.jsonl' 파일로 성공적으로 저장했습니다.
2025-09-19 23:04:33,553 - INFO - [scripts.adrule.logic.scraper] - 데이터 1건을 '/Users/woong/Roeum/roeum-crawler/data/raw/adrule/1492000/고용보험사업 평가기관 지정 고시_chunks.jsonl' 파일로 성공적으로 저장했습니다.
2025-09-19 23:04:33,577 - INFO - [__main__] - 상세 페이지 스크레이퍼 완료: 고용보험사업 평가기관 지정 고시
2025-09-19 23:04:35,219 - INFO - [__main__] - 상세 페이지 스크레이퍼 실행: https://www.law.go.kr/admRulInfoP.do?admRulSeq=2100000261378
2025-09-19 23:04:35,735 - INFO - [scripts.adrule.logic.scraper] - 페이지로 이동 중: https://www.law.go.kr/admRulInfoP.do?admRulSeq=2100000261378
2025-09-19 23:04:36,323 - INFO - [scripts.adrule.logic.scraper] - 로딩 마스크가 나타나기를 기다리는 중...
2025-09-19 23:04:36,348 - INFO - [scripts.adrule.logic.scraper] - 로딩 마스크가 사라지기를 기다리는 중...
2025-09-19 23:04:36,595 - INFO - [scripts.adrule.logic.scraper] - 페이지 최종 렌더링을 잠시 대기합니다...
2025-09-19 23:04:37,597 - INFO - [scripts.adrule.logic.scraper] - 페이지 HTML 컨텐츠를 가져오는 중...
2025-09-19 23:04:37,620 - INFO - [scripts.adrule.logic.scraper] - 데이터 파싱 중...
2025-09-19 23:04:37,722 - INFO - [scripts.adrule.logic.scraper] - 유형 1: 정형화된 법령 구조 감지
2025-09-19 23:04:37,759 - INFO - [scripts.adrule.logic.scraper] - 데이터 1건을 '/Users/woong/Roeum/roeum-crawler/data/raw/adrule/1492000/고용보험수사관 집무규정_document.jsonl' 파일로 성공적으로 저장했습니다.
2025-09-19 23:04:37,760 - INFO - [scripts.adrule.logic.scraper] - 데이터 48건을 '/Users/woong/Roeum/roeum-crawler/data/raw/adrule/1492000/고용보험수사관 집무규정_chunks.jsonl' 파일로 성공적으로 저장했습니다.
2025-09-19 23:04:37,782 - INFO - [__main__] - 상세 페이지 스크레이퍼 완료: 고용보험수사관 집무규정
2025-09-19 23:04:39,420 - INFO - [__main__] - 상세 페이지 스크레이퍼 실행: https://www.law.go.kr/admRulInfoP.do?admRulSeq=2100000234334
2025-09-19 23:04:39,800 - INFO - [scripts.adrule.logic.scraper] - 페이지로 이동 중: https://www.law.go.kr/admRulInfoP.do?admRulSeq=2100000234334
2025-09-19 23:04:40,432 - INFO - [scripts.adrule.logic.scraper] - 로딩 마스크가 나타나기를 기다리는 중...
2025-09-19 23:04:40,453 - INFO - [scripts.adrule.logic.scraper] - 로딩 마스크가 사라지기를 기다리는 중...
2025-09-19 23:04:41,250 - INFO - [scripts.adrule.logic.scraper] - 페이지 최종 렌더링을 잠시 대기합니다...
2025-09-19 23:04:42,257 - INFO - [scripts.adrule.logic.scraper] - 페이지 HTML 컨텐츠를 가져오는 중...
2025-09-19 23:04:42,281 - INFO - [scripts.adrule.logic.scraper] - 데이터 파싱 중...
2025-09-19 23:04:42,368 - INFO - [scripts.adrule.logic.scraper] - 유형 1: 정형화된 법령 구조 감지
2025-09-19 23:04:42,396 - INFO - [scripts.adrule.logic.scraper] - 데이터 1건을 '/Users/woong/Roeum/roeum-crawler/data/raw/adrule/1492000/고용보험심사관 및 고용보험심사위원회 운영규정_document.jsonl' 파일로 성공적으로 저장했습니다.
2025-09-19 23:04:42,396 - INFO - [scripts.adrule.logic.scraper] - 데이터 44건을 '/Users/woong/Roeum/roeum-crawler/data/raw/adrule/1492000/고용보험심사관 및 고용보험심사위원회 운영규정_chunks.jsonl' 파일로 성공적으로 저장했습니다.
2025-09-19 23:04:42,417 - INFO - [__main__] - 상세 페이지 스크레이퍼 완료: 고용보험심사관 및 고용보험심사위원회 운영규정
2025-09-19 23:04:43,933 - INFO - [__main__] - 상세 페이지 스크레이퍼 실행: https://www.law.go.kr/admRulInfoP.do?admRulSeq=2100000209194
2025-09-19 23:04:44,298 - INFO - [scripts.adrule.logic.scraper] - 페이지로 이동 중: https://www.law.go.kr/admRulInfoP.do?admRulSeq=2100000209194
2025-09-19 23:04:45,094 - INFO - [scripts.adrule.logic.scraper] - 로딩 마스크가 나타나기를 기다리는 중...
2025-09-19 23:04:45,115 - INFO - [scripts.adrule.logic.scraper] - 로딩 마스크가 사라지기를 기다리는 중...
2025-09-19 23:04:45,296 - INFO - [scripts.adrule.logic.scraper] - 페이지 최종 렌더링을 잠시 대기합니다...
2025-09-19 23:04:46,299 - INFO - [scripts.adrule.logic.scraper] - 페이지 HTML 컨텐츠를 가져오는 중...
2025-09-19 23:04:46,316 - INFO - [scripts.adrule.logic.scraper] - 데이터 파싱 중...
2025-09-19 23:04:46,375 - INFO - [scripts.adrule.logic.scraper] - 유형 1: 정형화된 법령 구조 감지
2025-09-19 23:04:46,409 - INFO - [scripts.adrule.logic.scraper] - 데이터 1건을 '/Users/woong/Roeum/roeum-crawler/data/raw/adrule/1492000/고용보험지급사무규정_document.jsonl' 파일로 성공적으로 저장했습니다.
2025-09-19 23:04:46,409 - INFO - [scripts.adrule.logic.scraper] - 데이터 10건을 '/Users/woong/Roeum/roeum-crawler/data/raw/adrule/1492000/고용보험지급사무규정_chunks.jsonl' 파일로 성공적으로 저장했습니다.
2025-09-19 23:04:46,433 - INFO - [__main__] - 상세 페이지 스크레이퍼 완료: 고용보험지급사무규정
2025-09-19 23:04:47,919 - INFO - [__main__] - 상세 페이지 스크레이퍼 실행: https://www.law.go.kr/admRulInfoP.do?admRulSeq=2100000225868
2025-09-19 23:04:48,259 - INFO - [scripts.adrule.logic.scraper] - 페이지로 이동 중: https://www.law.go.kr/admRulInfoP.do?admRulSeq=2100000225868
2025-09-19 23:04:48,827 - INFO - [scripts.adrule.logic.scraper] - 로딩 마스크가 나타나기를 기다리는 중...
2025-09-19 23:04:48,846 - INFO - [scripts.adrule.logic.scraper] - 로딩 마스크가 사라지기를 기다리는 중...
2025-09-19 23:04:49,639 - INFO - [scripts.adrule.logic.scraper] - 페이지 최종 렌더링을 잠시 대기합니다...
2025-09-19 23:04:50,644 - INFO - [scripts.adrule.logic.scraper] - 페이지 HTML 컨텐츠를 가져오는 중...
2025-09-19 23:04:50,659 - INFO - [scripts.adrule.logic.scraper] - 데이터 파싱 중...
2025-09-19 23:04:50,706 - INFO - [scripts.adrule.logic.scraper] - 유형 1: 정형화된 법령 구조 감지
2025-09-19 23:04:50,714 - INFO - [scripts.adrule.logic.scraper] - 데이터 1건을 '/Users/woong/Roeum/roeum-crawler/data/raw/adrule/1492000/고용·산재보험료 완납증명 제외 대상 및 완납증명 방법에 관한 기준_document.jsonl' 파일로 성공적으로 저장했습니다.
2025-09-19 23:04:50,714 - INFO - [scripts.adrule.logic.scraper] - 데이터 4건을 '/Users/woong/Roeum/roeum-crawler/data/raw/adrule/1492000/고용·산재보험료 완납증명 제외 대상 및 완납증명 방법에 관한 기준_chunks.jsonl' 파일로 성공적으로 저장했습니다.
2025-09-19 23:04:50,739 - INFO - [__main__] - 상세 페이지 스크레이퍼 완료: 고용·산재보험료 완납증명 제외 대상 및 완납증명 방법에 관한 기준
2025-09-19 23:04:52,255 - INFO - [__main__] - 상세 페이지 스크레이퍼 실행: https://www.law.go.kr/admRulInfoP.do?admRulSeq=2100000225714
2025-09-19 23:04:52,587 - INFO - [scripts.adrule.logic.scraper] - 페이지로 이동 중: https://www.law.go.kr/admRulInfoP.do?admRulSeq=2100000225714
2025-09-19 23:04:53,374 - INFO - [scripts.adrule.logic.scraper] - 로딩 마스크가 나타나기를 기다리는 중...
2025-09-19 23:04:53,395 - INFO - [scripts.adrule.logic.scraper] - 로딩 마스크가 사라지기를 기다리는 중...
2025-09-19 23:04:53,593 - INFO - [scripts.adrule.logic.scraper] - 페이지 최종 렌더링을 잠시 대기합니다...
2025-09-19 23:04:54,596 - INFO - [scripts.adrule.logic.scraper] - 페이지 HTML 컨텐츠를 가져오는 중...
2025-09-19 23:04:54,609 - INFO - [scripts.adrule.logic.scraper] - 데이터 파싱 중...
2025-09-19 23:04:54,704 - INFO - [scripts.adrule.logic.scraper] - 유형 1: 정형화된 법령 구조 감지
2025-09-19 23:04:54,725 - INFO - [scripts.adrule.logic.scraper] - 데이터 1건을 '/Users/woong/Roeum/roeum-crawler/data/raw/adrule/1492000/고용·산재정보통신망 이용에 관한 고시_document.jsonl' 파일로 성공적으로 저장했습니다.
2025-09-19 23:04:54,725 - INFO - [scripts.adrule.logic.scraper] - 데이터 31건을 '/Users/woong/Roeum/roeum-crawler/data/raw/adrule/1492000/고용·산재정보통신망 이용에 관한 고시_chunks.jsonl' 파일로 성공적으로 저장했습니다.
2025-09-19 23:04:54,747 - INFO - [__main__] - 상세 페이지 스크레이퍼 완료: 고용·산재정보통신망 이용에 관한 고시
2025-09-19 23:04:56,296 - INFO - [__main__] - 상세 페이지 스크레이퍼 실행: https://www.law.go.kr/admRulInfoP.do?admRulSeq=2100000211169
2025-09-19 23:04:56,656 - INFO - [scripts.adrule.logic.scraper] - 페이지로 이동 중: https://www.law.go.kr/admRulInfoP.do?admRulSeq=2100000211169
2025-09-19 23:04:57,269 - INFO - [scripts.adrule.logic.scraper] - 로딩 마스크가 나타나기를 기다리는 중...
2025-09-19 23:04:57,287 - INFO - [scripts.adrule.logic.scraper] - 로딩 마스크가 사라지기를 기다리는 중...
2025-09-19 23:04:57,471 - INFO - [scripts.adrule.logic.scraper] - 페이지 최종 렌더링을 잠시 대기합니다...
2025-09-19 23:04:58,475 - INFO - [scripts.adrule.logic.scraper] - 페이지 HTML 컨텐츠를 가져오는 중...
2025-09-19 23:04:58,486 - INFO - [scripts.adrule.logic.scraper] - 데이터 파싱 중...
2025-09-19 23:04:58,532 - INFO - [scripts.adrule.logic.scraper] - 유형 2: 텍스트 기반 비정형 구조 감지
2025-09-19 23:04:58,537 - INFO - [scripts.adrule.logic.scraper] - 데이터 1건을 '/Users/woong/Roeum/roeum-crawler/data/raw/adrule/1492000/고용상 성차별 등 시정절차 등에 관한 고시_document.jsonl' 파일로 성공적으로 저장했습니다.
2025-09-19 23:04:58,538 - INFO - [scripts.adrule.logic.scraper] - 데이터 1건을 '/Users/woong/Roeum/roeum-crawler/data/raw/adrule/1492000/고용상 성차별 등 시정절차 등에 관한 고시_chunks.jsonl' 파일로 성공적으로 저장했습니다.
2025-09-19 23:04:58,561 - INFO - [__main__] - 상세 페이지 스크레이퍼 완료: 고용상 성차별 등 시정절차 등에 관한 고시
2025-09-19 23:05:00,091 - INFO - [__main__] - 상세 페이지 스크레이퍼 실행: https://www.law.go.kr/admRulInfoP.do?admRulSeq=2100000230004
2025-09-19 23:05:00,524 - INFO - [scripts.adrule.logic.scraper] - 페이지로 이동 중: https://www.law.go.kr/admRulInfoP.do?admRulSeq=2100000230004
2025-09-19 23:05:01,218 - INFO - [scripts.adrule.logic.scraper] - 로딩 마스크가 나타나기를 기다리는 중...
2025-09-19 23:05:01,236 - INFO - [scripts.adrule.logic.scraper] - 로딩 마스크가 사라지기를 기다리는 중...
2025-09-19 23:05:01,317 - INFO - [scripts.adrule.logic.scraper] - 페이지 최종 렌더링을 잠시 대기합니다...
2025-09-19 23:05:02,320 - INFO - [scripts.adrule.logic.scraper] - 페이지 HTML 컨텐츠를 가져오는 중...
2025-09-19 23:05:02,331 - INFO - [scripts.adrule.logic.scraper] - 데이터 파싱 중...
2025-09-19 23:05:02,382 - INFO - [scripts.adrule.logic.scraper] - 유형 1: 정형화된 법령 구조 감지
2025-09-19 23:05:02,388 - INFO - [scripts.adrule.logic.scraper] - 데이터 1건을 '/Users/woong/Roeum/roeum-crawler/data/raw/adrule/1492000/고용상 연령차별금지 및 고령자고용촉진에 관한 법률에 따른 과태료의 가중처분에 관한 세부 지침_document.jsonl' 파일로 성공적으로 저장했습니다.
2025-09-19 23:05:02,388 - INFO - [scripts.adrule.logic.scraper] - 데이터 3건을 '/Users/woong/Roeum/roeum-crawler/data/raw/adrule/1492000/고용상 연령차별금지 및 고령자고용촉진에 관한 법률에 따른 과태료의 가중처분에 관한 세부 지침_chunks.jsonl' 파일로 성공적으로 저장했습니다.
2025-09-19 23:05:02,410 - INFO - [__main__] - 상세 페이지 스크레이퍼 완료: 고용상 연령차별금지 및 고령자고용촉진에 관한 법률에 따른 과태료의 가중처분에 관한 세부 지침
2025-09-19 23:05:03,927 - INFO - [__main__] - 상세 페이지 스크레이퍼 실행: https://www.law.go.kr/admRulInfoP.do?admRulSeq=2100000237218
2025-09-19 23:05:04,294 - INFO - [scripts.adrule.logic.scraper] - 페이지로 이동 중: https://www.law.go.kr/admRulInfoP.do?admRulSeq=2100000237218
2025-09-19 23:05:04,991 - INFO - [scripts.adrule.logic.scraper] - 로딩 마스크가 나타나기를 기다리는 중...
2025-09-19 23:05:05,012 - INFO - [scripts.adrule.logic.scraper] - 로딩 마스크가 사라지기를 기다리는 중...
2025-09-19 23:05:05,195 - INFO - [scripts.adrule.logic.scraper] - 페이지 최종 렌더링을 잠시 대기합니다...
2025-09-19 23:05:06,198 - INFO - [scripts.adrule.logic.scraper] - 페이지 HTML 컨텐츠를 가져오는 중...
2025-09-19 23:05:06,214 - INFO - [scripts.adrule.logic.scraper] - 데이터 파싱 중...
2025-09-19 23:05:06,281 - INFO - [scripts.adrule.logic.scraper] - 유형 1: 정형화된 법령 구조 감지
2025-09-19 23:05:06,326 - INFO - [scripts.adrule.logic.scraper] - 데이터 1건을 '/Users/woong/Roeum/roeum-crawler/data/raw/adrule/1492000/고용서비스 우수기관 인증제 운영규정_document.jsonl' 파일로 성공적으로 저장했습니다.
2025-09-19 23:05:06,327 - INFO - [scripts.adrule.logic.scraper] - 데이터 22건을 '/Users/woong/Roeum/roeum-crawler/data/raw/adrule/1492000/고용서비스 우수기관 인증제 운영규정_chunks.jsonl' 파일로 성공적으로 저장했습니다.
2025-09-19 23:05:06,395 - INFO - [__main__] - 상세 페이지 스크레이퍼 완료: 고용서비스 우수기관 인증제 운영규정
2025-09-19 23:05:08,186 - INFO - [__main__] - 상세 페이지 스크레이퍼 실행: https://www.law.go.kr/admRulInfoP.do?admRulSeq=2100000263560
2025-09-19 23:05:09,008 - INFO - [scripts.adrule.logic.scraper] - 페이지로 이동 중: https://www.law.go.kr/admRulInfoP.do?admRulSeq=2100000263560
2025-09-19 23:05:09,698 - INFO - [scripts.adrule.logic.scraper] - 로딩 마스크가 나타나기를 기다리는 중...
2025-09-19 23:05:09,723 - INFO - [scripts.adrule.logic.scraper] - 로딩 마스크가 사라지기를 기다리는 중...
2025-09-19 23:05:09,916 - INFO - [scripts.adrule.logic.scraper] - 페이지 최종 렌더링을 잠시 대기합니다...
2025-09-19 23:05:10,919 - INFO - [scripts.adrule.logic.scraper] - 페이지 HTML 컨텐츠를 가져오는 중...
2025-09-19 23:05:10,946 - INFO - [scripts.adrule.logic.scraper] - 데이터 파싱 중...
2025-09-19 23:05:11,043 - INFO - [scripts.adrule.logic.scraper] - 유형 1: 정형화된 법령 구조 감지
2025-09-19 23:05:11,076 - INFO - [scripts.adrule.logic.scraper] - 데이터 1건을 '/Users/woong/Roeum/roeum-crawler/data/raw/adrule/1492000/고용센터 및 고용관련 부서 운영 규정_document.jsonl' 파일로 성공적으로 저장했습니다.
2025-09-19 23:05:11,077 - INFO - [scripts.adrule.logic.scraper] - 데이터 48건을 '/Users/woong/Roeum/roeum-crawler/data/raw/adrule/1492000/고용센터 및 고용관련 부서 운영 규정_chunks.jsonl' 파일로 성공적으로 저장했습니다.
2025-09-19 23:05:11,105 - INFO - [__main__] - 상세 페이지 스크레이퍼 완료: 고용센터 및 고용관련 부서 운영 규정
2025-09-19 23:05:12,915 - INFO - [__main__] - 상세 페이지 스크레이퍼 실행: https://www.law.go.kr/admRulInfoP.do?admRulSeq=2100000258034
2025-09-19 23:05:13,428 - INFO - [scripts.adrule.logic.scraper] - 페이지로 이동 중: https://www.law.go.kr/admRulInfoP.do?admRulSeq=2100000258034
2025-09-19 23:05:14,017 - INFO - [scripts.adrule.logic.scraper] - 로딩 마스크가 나타나기를 기다리는 중...
2025-09-19 23:05:14,064 - INFO - [scripts.adrule.logic.scraper] - 로딩 마스크가 사라지기를 기다리는 중...
2025-09-19 23:05:14,366 - INFO - [scripts.adrule.logic.scraper] - 페이지 최종 렌더링을 잠시 대기합니다...
2025-09-19 23:05:15,370 - INFO - [scripts.adrule.logic.scraper] - 페이지 HTML 컨텐츠를 가져오는 중...
2025-09-19 23:05:15,383 - INFO - [scripts.adrule.logic.scraper] - 데이터 파싱 중...
2025-09-19 23:05:15,479 - INFO - [scripts.adrule.logic.scraper] - 유형 1: 정형화된 법령 구조 감지
2025-09-19 23:05:15,493 - INFO - [scripts.adrule.logic.scraper] - 데이터 1건을 '/Users/woong/Roeum/roeum-crawler/data/raw/adrule/1492000/고용센터혁신추진단 설치 및 운영에 관한 규정_document.jsonl' 파일로 성공적으로 저장했습니다.
2025-09-19 23:05:15,493 - INFO - [scripts.adrule.logic.scraper] - 데이터 6건을 '/Users/woong/Roeum/roeum-crawler/data/raw/adrule/1492000/고용센터혁신추진단 설치 및 운영에 관한 규정_chunks.jsonl' 파일로 성공적으로 저장했습니다.
2025-09-19 23:05:15,556 - INFO - [__main__] - 상세 페이지 스크레이퍼 완료: 고용센터혁신추진단 설치 및 운영에 관한 규정
2025-09-19 23:05:17,256 - INFO - [__main__] - 상세 페이지 스크레이퍼 실행: https://www.law.go.kr/admRulInfoP.do?admRulSeq=2100000252368
2025-09-19 23:05:17,867 - INFO - [scripts.adrule.logic.scraper] - 페이지로 이동 중: https://www.law.go.kr/admRulInfoP.do?admRulSeq=2100000252368
2025-09-19 23:05:18,473 - INFO - [scripts.adrule.logic.scraper] - 로딩 마스크가 나타나기를 기다리는 중...
2025-09-19 23:05:18,505 - INFO - [scripts.adrule.logic.scraper] - 로딩 마스크가 사라지기를 기다리는 중...
2025-09-19 23:05:18,694 - INFO - [scripts.adrule.logic.scraper] - 페이지 최종 렌더링을 잠시 대기합니다...
2025-09-19 23:05:19,697 - INFO - [scripts.adrule.logic.scraper] - 페이지 HTML 컨텐츠를 가져오는 중...
2025-09-19 23:05:19,704 - INFO - [scripts.adrule.logic.scraper] - 데이터 파싱 중...
2025-09-19 23:05:19,746 - INFO - [scripts.adrule.logic.scraper] - 유형 1: 정형화된 법령 구조 감지
2025-09-19 23:05:19,797 - INFO - [scripts.adrule.logic.scraper] - 데이터 1건을 '/Users/woong/Roeum/roeum-crawler/data/raw/adrule/1492000/고용안정사업 지원금 부정수급 방지업무 처리규정_document.jsonl' 파일로 성공적으로 저장했습니다.
2025-09-19 23:05:19,798 - INFO - [scripts.adrule.logic.scraper] - 데이터 11건을 '/Users/woong/Roeum/roeum-crawler/data/raw/adrule/1492000/고용안정사업 지원금 부정수급 방지업무 처리규정_chunks.jsonl' 파일로 성공적으로 저장했습니다.
2025-09-19 23:05:19,825 - INFO - [__main__] - 상세 페이지 스크레이퍼 완료: 고용안정사업 지원금 부정수급 방지업무 처리규정
2025-09-19 23:05:21,403 - INFO - [__main__] - 상세 페이지 스크레이퍼 실행: https://www.law.go.kr/admRulInfoP.do?admRulSeq=2100000217931
2025-09-19 23:05:21,797 - INFO - [scripts.adrule.logic.scraper] - 페이지로 이동 중: https://www.law.go.kr/admRulInfoP.do?admRulSeq=2100000217931
2025-09-19 23:05:22,382 - INFO - [scripts.adrule.logic.scraper] - 로딩 마스크가 나타나기를 기다리는 중...
2025-09-19 23:05:22,403 - INFO - [scripts.adrule.logic.scraper] - 로딩 마스크가 사라지기를 기다리는 중...
2025-09-19 23:05:22,482 - INFO - [scripts.adrule.logic.scraper] - 페이지 최종 렌더링을 잠시 대기합니다...
2025-09-19 23:05:23,485 - INFO - [scripts.adrule.logic.scraper] - 페이지 HTML 컨텐츠를 가져오는 중...
2025-09-19 23:05:23,498 - INFO - [scripts.adrule.logic.scraper] - 데이터 파싱 중...
2025-09-19 23:05:23,537 - INFO - [scripts.adrule.logic.scraper] - 유형 2: 텍스트 기반 비정형 구조 감지
2025-09-19 23:05:23,544 - INFO - [scripts.adrule.logic.scraper] - 데이터 1건을 '/Users/woong/Roeum/roeum-crawler/data/raw/adrule/1492000/고용영향평가 대행기관 지정 고시_document.jsonl' 파일로 성공적으로 저장했습니다.
2025-09-19 23:05:23,544 - INFO - [scripts.adrule.logic.scraper] - 데이터 1건을 '/Users/woong/Roeum/roeum-crawler/data/raw/adrule/1492000/고용영향평가 대행기관 지정 고시_chunks.jsonl' 파일로 성공적으로 저장했습니다.
2025-09-19 23:05:23,568 - INFO - [__main__] - 상세 페이지 스크레이퍼 완료: 고용영향평가 대행기관 지정 고시
2025-09-19 23:05:25,102 - INFO - [__main__] - 상세 페이지 스크레이퍼 실행: https://www.law.go.kr/admRulInfoP.do?admRulSeq=2100000262758
2025-09-19 23:05:25,442 - INFO - [scripts.adrule.logic.scraper] - 페이지로 이동 중: https://www.law.go.kr/admRulInfoP.do?admRulSeq=2100000262758
2025-09-19 23:05:26,012 - INFO - [scripts.adrule.logic.scraper] - 로딩 마스크가 나타나기를 기다리는 중...
2025-09-19 23:05:26,033 - INFO - [scripts.adrule.logic.scraper] - 로딩 마스크가 사라지기를 기다리는 중...
2025-09-19 23:05:26,115 - INFO - [scripts.adrule.logic.scraper] - 페이지 최종 렌더링을 잠시 대기합니다...
2025-09-19 23:05:27,119 - INFO - [scripts.adrule.logic.scraper] - 페이지 HTML 컨텐츠를 가져오는 중...
2025-09-19 23:05:27,134 - INFO - [scripts.adrule.logic.scraper] - 데이터 파싱 중...
2025-09-19 23:05:27,185 - INFO - [scripts.adrule.logic.scraper] - 유형 1: 정형화된 법령 구조 감지
2025-09-19 23:05:27,195 - INFO - [scripts.adrule.logic.scraper] - 데이터 1건을 '/Users/woong/Roeum/roeum-crawler/data/raw/adrule/1492000/고용위기 선제대응지역의 지정기준 등에 관한 고시_document.jsonl' 파일로 성공적으로 저장했습니다.
2025-09-19 23:05:27,195 - INFO - [scripts.adrule.logic.scraper] - 데이터 7건을 '/Users/woong/Roeum/roeum-crawler/data/raw/adrule/1492000/고용위기 선제대응지역의 지정기준 등에 관한 고시_chunks.jsonl' 파일로 성공적으로 저장했습니다.
2025-09-19 23:05:27,221 - INFO - [__main__] - 상세 페이지 스크레이퍼 완료: 고용위기 선제대응지역의 지정기준 등에 관한 고시
2025-09-19 23:05:28,781 - INFO - [__main__] - 상세 페이지 스크레이퍼 실행: https://www.law.go.kr/admRulInfoP.do?admRulSeq=2100000263728
2025-09-19 23:05:29,145 - INFO - [scripts.adrule.logic.scraper] - 페이지로 이동 중: https://www.law.go.kr/admRulInfoP.do?admRulSeq=2100000263728
2025-09-19 23:05:29,814 - INFO - [scripts.adrule.logic.scraper] - 로딩 마스크가 나타나기를 기다리는 중...
2025-09-19 23:05:29,833 - INFO - [scripts.adrule.logic.scraper] - 로딩 마스크가 사라지기를 기다리는 중...
2025-09-19 23:05:29,914 - INFO - [scripts.adrule.logic.scraper] - 페이지 최종 렌더링을 잠시 대기합니다...
2025-09-19 23:05:30,917 - INFO - [scripts.adrule.logic.scraper] - 페이지 HTML 컨텐츠를 가져오는 중...
2025-09-19 23:05:30,927 - INFO - [scripts.adrule.logic.scraper] - 데이터 파싱 중...
2025-09-19 23:05:30,974 - INFO - [scripts.adrule.logic.scraper] - 유형 2: 텍스트 기반 비정형 구조 감지
2025-09-19 23:05:30,982 - INFO - [scripts.adrule.logic.scraper] - 데이터 1건을 '/Users/woong/Roeum/roeum-crawler/data/raw/adrule/1492000/고용위기 선제대응지역 지정 고시_document.jsonl' 파일로 성공적으로 저장했습니다.
2025-09-19 23:05:30,982 - INFO - [scripts.adrule.logic.scraper] - 데이터 1건을 '/Users/woong/Roeum/roeum-crawler/data/raw/adrule/1492000/고용위기 선제대응지역 지정 고시_chunks.jsonl' 파일로 성공적으로 저장했습니다.
2025-09-19 23:05:31,007 - INFO - [__main__] - 상세 페이지 스크레이퍼 완료: 고용위기 선제대응지역 지정 고시
2025-09-19 23:05:32,563 - INFO - [__main__] - 상세 페이지 스크레이퍼 실행: https://www.law.go.kr/admRulInfoP.do?admRulSeq=2100000240416
2025-09-19 23:05:32,928 - INFO - [scripts.adrule.logic.scraper] - 페이지로 이동 중: https://www.law.go.kr/admRulInfoP.do?admRulSeq=2100000240416
2025-09-19 23:05:33,672 - INFO - [scripts.adrule.logic.scraper] - 로딩 마스크가 나타나기를 기다리는 중...
2025-09-19 23:05:33,692 - INFO - [scripts.adrule.logic.scraper] - 로딩 마스크가 사라지기를 기다리는 중...
2025-09-19 23:05:33,783 - INFO - [scripts.adrule.logic.scraper] - 페이지 최종 렌더링을 잠시 대기합니다...
2025-09-19 23:05:34,786 - INFO - [scripts.adrule.logic.scraper] - 페이지 HTML 컨텐츠를 가져오는 중...
2025-09-19 23:05:34,803 - INFO - [scripts.adrule.logic.scraper] - 데이터 파싱 중...
2025-09-19 23:05:34,860 - INFO - [scripts.adrule.logic.scraper] - 유형 1: 정형화된 법령 구조 감지
2025-09-19 23:05:34,898 - INFO - [scripts.adrule.logic.scraper] - 데이터 1건을 '/Users/woong/Roeum/roeum-crawler/data/raw/adrule/1492000/고용위기지역의 지정기준 등에 관한 고시_document.jsonl' 파일로 성공적으로 저장했습니다.
2025-09-19 23:05:34,898 - INFO - [scripts.adrule.logic.scraper] - 데이터 9건을 '/Users/woong/Roeum/roeum-crawler/data/raw/adrule/1492000/고용위기지역의 지정기준 등에 관한 고시_chunks.jsonl' 파일로 성공적으로 저장했습니다.
2025-09-19 23:05:34,918 - INFO - [__main__] - 상세 페이지 스크레이퍼 완료: 고용위기지역의 지정기준 등에 관한 고시
2025-09-19 23:05:36,434 - INFO - [__main__] - 상세 페이지 스크레이퍼 실행: https://www.law.go.kr/admRulInfoP.do?admRulSeq=2100000234732
2025-09-19 23:05:36,785 - INFO - [scripts.adrule.logic.scraper] - 페이지로 이동 중: https://www.law.go.kr/admRulInfoP.do?admRulSeq=2100000234732
2025-09-19 23:05:37,323 - INFO - [scripts.adrule.logic.scraper] - 로딩 마스크가 나타나기를 기다리는 중...
2025-09-19 23:05:37,344 - INFO - [scripts.adrule.logic.scraper] - 로딩 마스크가 사라지기를 기다리는 중...
2025-09-19 23:05:37,433 - INFO - [scripts.adrule.logic.scraper] - 페이지 최종 렌더링을 잠시 대기합니다...
2025-09-19 23:05:38,435 - INFO - [scripts.adrule.logic.scraper] - 페이지 HTML 컨텐츠를 가져오는 중...
2025-09-19 23:05:38,443 - INFO - [scripts.adrule.logic.scraper] - 데이터 파싱 중...
2025-09-19 23:05:38,490 - INFO - [scripts.adrule.logic.scraper] - 유형 2: 텍스트 기반 비정형 구조 감지
2025-09-19 23:05:38,501 - INFO - [scripts.adrule.logic.scraper] - 데이터 1건을 '/Users/woong/Roeum/roeum-crawler/data/raw/adrule/1492000/고용위기지역 지정 고시_document.jsonl' 파일로 성공적으로 저장했습니다.
2025-09-19 23:05:38,501 - INFO - [scripts.adrule.logic.scraper] - 데이터 1건을 '/Users/woong/Roeum/roeum-crawler/data/raw/adrule/1492000/고용위기지역 지정 고시_chunks.jsonl' 파일로 성공적으로 저장했습니다.
2025-09-19 23:05:38,523 - INFO - [__main__] - 상세 페이지 스크레이퍼 완료: 고용위기지역 지정 고시
2025-09-19 23:05:40,035 - INFO - [__main__] - 상세 페이지 스크레이퍼 실행: https://www.law.go.kr/admRulInfoP.do?admRulSeq=2100000202537
2025-09-19 23:05:40,379 - INFO - [scripts.adrule.logic.scraper] - 페이지로 이동 중: https://www.law.go.kr/admRulInfoP.do?admRulSeq=2100000202537
2025-09-19 23:05:40,933 - INFO - [scripts.adrule.logic.scraper] - 로딩 마스크가 나타나기를 기다리는 중...
2025-09-19 23:05:40,954 - INFO - [scripts.adrule.logic.scraper] - 로딩 마스크가 사라지기를 기다리는 중...
2025-09-19 23:05:41,139 - INFO - [scripts.adrule.logic.scraper] - 페이지 최종 렌더링을 잠시 대기합니다...
2025-09-19 23:05:42,142 - INFO - [scripts.adrule.logic.scraper] - 페이지 HTML 컨텐츠를 가져오는 중...
2025-09-19 23:05:42,164 - INFO - [scripts.adrule.logic.scraper] - 데이터 파싱 중...
2025-09-19 23:05:42,247 - INFO - [scripts.adrule.logic.scraper] - 유형 1: 정형화된 법령 구조 감지
2025-09-19 23:05:42,270 - INFO - [scripts.adrule.logic.scraper] - 데이터 1건을 '/Users/woong/Roeum/roeum-crawler/data/raw/adrule/1492000/고용유지를 위한 노사합의에 대한 지원 규정_document.jsonl' 파일로 성공적으로 저장했습니다.
2025-09-19 23:05:42,270 - INFO - [scripts.adrule.logic.scraper] - 데이터 26건을 '/Users/woong/Roeum/roeum-crawler/data/raw/adrule/1492000/고용유지를 위한 노사합의에 대한 지원 규정_chunks.jsonl' 파일로 성공적으로 저장했습니다.
2025-09-19 23:05:42,293 - INFO - [__main__] - 상세 페이지 스크레이퍼 완료: 고용유지를 위한 노사합의에 대한 지원 규정
2025-09-19 23:05:43,829 - INFO - [__main__] - 상세 페이지 스크레이퍼 실행: https://www.law.go.kr/admRulInfoP.do?admRulSeq=2100000216842
2025-09-19 23:05:44,174 - INFO - [scripts.adrule.logic.scraper] - 페이지로 이동 중: https://www.law.go.kr/admRulInfoP.do?admRulSeq=2100000216842
2025-09-19 23:05:44,768 - INFO - [scripts.adrule.logic.scraper] - 로딩 마스크가 나타나기를 기다리는 중...
2025-09-19 23:05:44,788 - INFO - [scripts.adrule.logic.scraper] - 로딩 마스크가 사라지기를 기다리는 중...
2025-09-19 23:05:44,887 - INFO - [scripts.adrule.logic.scraper] - 페이지 최종 렌더링을 잠시 대기합니다...
2025-09-19 23:05:45,891 - INFO - [scripts.adrule.logic.scraper] - 페이지 HTML 컨텐츠를 가져오는 중...
2025-09-19 23:05:45,904 - INFO - [scripts.adrule.logic.scraper] - 데이터 파싱 중...
2025-09-19 23:05:45,957 - INFO - [scripts.adrule.logic.scraper] - 유형 1: 정형화된 법령 구조 감지
2025-09-19 23:05:45,992 - INFO - [scripts.adrule.logic.scraper] - 데이터 1건을 '/Users/woong/Roeum/roeum-crawler/data/raw/adrule/1492000/고용유지 비용의 대부 규정_document.jsonl' 파일로 성공적으로 저장했습니다.
2025-09-19 23:05:45,993 - INFO - [scripts.adrule.logic.scraper] - 데이터 15건을 '/Users/woong/Roeum/roeum-crawler/data/raw/adrule/1492000/고용유지 비용의 대부 규정_chunks.jsonl' 파일로 성공적으로 저장했습니다.
2025-09-19 23:05:46,015 - INFO - [__main__] - 상세 페이지 스크레이퍼 완료: 고용유지 비용의 대부 규정
2025-09-19 23:05:47,553 - INFO - [__main__] - 상세 페이지 스크레이퍼 실행: https://www.law.go.kr/admRulInfoP.do?admRulSeq=2100000258478
2025-09-19 23:05:47,942 - INFO - [scripts.adrule.logic.scraper] - 페이지로 이동 중: https://www.law.go.kr/admRulInfoP.do?admRulSeq=2100000258478
2025-09-19 23:05:48,606 - INFO - [scripts.adrule.logic.scraper] - 로딩 마스크가 나타나기를 기다리는 중...
2025-09-19 23:05:48,626 - INFO - [scripts.adrule.logic.scraper] - 로딩 마스크가 사라지기를 기다리는 중...
2025-09-19 23:05:48,706 - INFO - [scripts.adrule.logic.scraper] - 페이지 최종 렌더링을 잠시 대기합니다...
2025-09-19 23:05:49,715 - INFO - [scripts.adrule.logic.scraper] - 페이지 HTML 컨텐츠를 가져오는 중...
2025-09-19 23:05:49,728 - INFO - [scripts.adrule.logic.scraper] - 데이터 파싱 중...
2025-09-19 23:05:49,779 - INFO - [scripts.adrule.logic.scraper] - 유형 1: 정형화된 법령 구조 감지
2025-09-19 23:05:49,787 - INFO - [scripts.adrule.logic.scraper] - 데이터 1건을 '/Users/woong/Roeum/roeum-crawler/data/raw/adrule/1492000/고용유지조치에 대한 특별 지원 고시_document.jsonl' 파일로 성공적으로 저장했습니다.
2025-09-19 23:05:49,787 - INFO - [scripts.adrule.logic.scraper] - 데이터 5건을 '/Users/woong/Roeum/roeum-crawler/data/raw/adrule/1492000/고용유지조치에 대한 특별 지원 고시_chunks.jsonl' 파일로 성공적으로 저장했습니다.
2025-09-19 23:05:49,809 - INFO - [__main__] - 상세 페이지 스크레이퍼 완료: 고용유지조치에 대한 특별 지원 고시
2025-09-19 23:05:51,374 - INFO - [__main__] - 상세 페이지 스크레이퍼 실행: https://www.law.go.kr/admRulInfoP.do?admRulSeq=2100000252588
2025-09-19 23:05:51,727 - INFO - [scripts.adrule.logic.scraper] - 페이지로 이동 중: https://www.law.go.kr/admRulInfoP.do?admRulSeq=2100000252588
2025-09-19 23:05:52,290 - INFO - [scripts.adrule.logic.scraper] - 로딩 마스크가 나타나기를 기다리는 중...
2025-09-19 23:05:52,311 - INFO - [scripts.adrule.logic.scraper] - 로딩 마스크가 사라지기를 기다리는 중...
2025-09-19 23:05:52,495 - INFO - [scripts.adrule.logic.scraper] - 페이지 최종 렌더링을 잠시 대기합니다...
2025-09-19 23:05:53,499 - INFO - [scripts.adrule.logic.scraper] - 페이지 HTML 컨텐츠를 가져오는 중...
2025-09-19 23:05:53,525 - INFO - [scripts.adrule.logic.scraper] - 데이터 파싱 중...
2025-09-19 23:05:53,616 - INFO - [scripts.adrule.logic.scraper] - 유형 1: 정형화된 법령 구조 감지
2025-09-19 23:05:53,641 - INFO - [scripts.adrule.logic.scraper] - 데이터 1건을 '/Users/woong/Roeum/roeum-crawler/data/raw/adrule/1492000/고용유지지원금 신청 및 지급에 관한 규정_document.jsonl' 파일로 성공적으로 저장했습니다.
2025-09-19 23:05:53,642 - INFO - [scripts.adrule.logic.scraper] - 데이터 25건을 '/Users/woong/Roeum/roeum-crawler/data/raw/adrule/1492000/고용유지지원금 신청 및 지급에 관한 규정_chunks.jsonl' 파일로 성공적으로 저장했습니다.
2025-09-19 23:05:53,671 - INFO - [__main__] - 상세 페이지 스크레이퍼 완료: 고용유지지원금 신청 및 지급에 관한 규정
2025-09-19 23:05:55,327 - INFO - [__main__] - 상세 페이지 스크레이퍼 실행: https://www.law.go.kr/admRulInfoP.do?admRulSeq=2100000184151
2025-09-19 23:05:56,060 - INFO - [scripts.adrule.logic.scraper] - 페이지로 이동 중: https://www.law.go.kr/admRulInfoP.do?admRulSeq=2100000184151
2025-09-19 23:05:56,576 - INFO - [scripts.adrule.logic.scraper] - 로딩 마스크가 나타나기를 기다리는 중...
2025-09-19 23:05:56,595 - INFO - [scripts.adrule.logic.scraper] - 로딩 마스크가 사라지기를 기다리는 중...
2025-09-19 23:05:56,684 - INFO - [scripts.adrule.logic.scraper] - 페이지 최종 렌더링을 잠시 대기합니다...
2025-09-19 23:05:57,687 - INFO - [scripts.adrule.logic.scraper] - 페이지 HTML 컨텐츠를 가져오는 중...
2025-09-19 23:05:57,699 - INFO - [scripts.adrule.logic.scraper] - 데이터 파싱 중...
2025-09-19 23:05:57,747 - INFO - [scripts.adrule.logic.scraper] - 유형 2: 텍스트 기반 비정형 구조 감지
2025-09-19 23:05:57,753 - INFO - [scripts.adrule.logic.scraper] - 데이터 1건을 '/Users/woong/Roeum/roeum-crawler/data/raw/adrule/1492000/고용유지지원금 지원금액 상한액 고시_document.jsonl' 파일로 성공적으로 저장했습니다.
2025-09-19 23:05:57,754 - INFO - [scripts.adrule.logic.scraper] - 데이터 2건을 '/Users/woong/Roeum/roeum-crawler/data/raw/adrule/1492000/고용유지지원금 지원금액 상한액 고시_chunks.jsonl' 파일로 성공적으로 저장했습니다.
2025-09-19 23:05:57,780 - INFO - [__main__] - 상세 페이지 스크레이퍼 완료: 고용유지지원금 지원금액 상한액 고시
2025-09-19 23:05:59,330 - INFO - [__main__] - 상세 페이지 스크레이퍼 실행: https://www.law.go.kr/admRulInfoP.do?admRulSeq=2100000249572
2025-09-19 23:05:59,812 - INFO - [scripts.adrule.logic.scraper] - 페이지로 이동 중: https://www.law.go.kr/admRulInfoP.do?admRulSeq=2100000249572
2025-09-19 23:06:00,479 - INFO - [scripts.adrule.logic.scraper] - 로딩 마스크가 나타나기를 기다리는 중...
2025-09-19 23:06:00,549 - INFO - [scripts.adrule.logic.scraper] - 로딩 마스크가 사라지기를 기다리는 중...
2025-09-19 23:06:01,367 - INFO - [scripts.adrule.logic.scraper] - 페이지 최종 렌더링을 잠시 대기합니다...
2025-09-19 23:06:02,372 - INFO - [scripts.adrule.logic.scraper] - 페이지 HTML 컨텐츠를 가져오는 중...
2025-09-19 23:06:02,401 - INFO - [scripts.adrule.logic.scraper] - 데이터 파싱 중...
2025-09-19 23:06:02,500 - INFO - [scripts.adrule.logic.scraper] - 유형 1: 정형화된 법령 구조 감지
2025-09-19 23:06:02,527 - INFO - [scripts.adrule.logic.scraper] - 데이터 1건을 '/Users/woong/Roeum/roeum-crawler/data/raw/adrule/1492000/고용정보시스템 운영 및 보안규정_document.jsonl' 파일로 성공적으로 저장했습니다.
2025-09-19 23:06:02,528 - INFO - [scripts.adrule.logic.scraper] - 데이터 34건을 '/Users/woong/Roeum/roeum-crawler/data/raw/adrule/1492000/고용정보시스템 운영 및 보안규정_chunks.jsonl' 파일로 성공적으로 저장했습니다.
2025-09-19 23:06:02,559 - INFO - [__main__] - 상세 페이지 스크레이퍼 완료: 고용정보시스템 운영 및 보안규정
2025-09-19 23:06:04,199 - INFO - [__main__] - 상세 페이지 스크레이퍼 실행: https://www.law.go.kr/admRulInfoP.do?admRulSeq=2100000262472
2025-09-19 23:06:04,670 - INFO - [scripts.adrule.logic.scraper] - 페이지로 이동 중: https://www.law.go.kr/admRulInfoP.do?admRulSeq=2100000262472
2025-09-19 23:06:05,223 - INFO - [scripts.adrule.logic.scraper] - 로딩 마스크가 나타나기를 기다리는 중...
2025-09-19 23:06:05,241 - INFO - [scripts.adrule.logic.scraper] - 로딩 마스크가 사라지기를 기다리는 중...
2025-09-19 23:06:05,538 - INFO - [scripts.adrule.logic.scraper] - 페이지 최종 렌더링을 잠시 대기합니다...
2025-09-19 23:06:06,541 - INFO - [scripts.adrule.logic.scraper] - 페이지 HTML 컨텐츠를 가져오는 중...
2025-09-19 23:06:06,580 - INFO - [scripts.adrule.logic.scraper] - 데이터 파싱 중...
2025-09-19 23:06:06,700 - INFO - [scripts.adrule.logic.scraper] - 유형 1: 정형화된 법령 구조 감지
2025-09-19 23:06:06,768 - INFO - [scripts.adrule.logic.scraper] - 데이터 1건을 '/Users/woong/Roeum/roeum-crawler/data/raw/adrule/1492000/고용창출장려금·고용안정장려금의 신청 및 지급에 관한 규정_document.jsonl' 파일로 성공적으로 저장했습니다.
2025-09-19 23:06:06,769 - INFO - [scripts.adrule.logic.scraper] - 데이터 49건을 '/Users/woong/Roeum/roeum-crawler/data/raw/adrule/1492000/고용창출장려금·고용안정장려금의 신청 및 지급에 관한 규정_chunks.jsonl' 파일로 성공적으로 저장했습니다.
2025-09-19 23:06:06,789 - INFO - [__main__] - 상세 페이지 스크레이퍼 완료: 고용창출장려금·고용안정장려금의 신청 및 지급에 관한 규정
2025-09-19 23:06:08,326 - INFO - [__main__] - 상세 페이지 스크레이퍼 실행: https://www.law.go.kr/admRulInfoP.do?admRulSeq=2100000224118
2025-09-19 23:06:08,648 - INFO - [scripts.adrule.logic.scraper] - 페이지로 이동 중: https://www.law.go.kr/admRulInfoP.do?admRulSeq=2100000224118
2025-09-19 23:06:09,192 - INFO - [scripts.adrule.logic.scraper] - 로딩 마스크가 나타나기를 기다리는 중...
2025-09-19 23:06:09,235 - INFO - [scripts.adrule.logic.scraper] - 로딩 마스크가 사라지기를 기다리는 중...
2025-09-19 23:06:09,289 - INFO - [scripts.adrule.logic.scraper] - 페이지 최종 렌더링을 잠시 대기합니다...
2025-09-19 23:06:10,297 - INFO - [scripts.adrule.logic.scraper] - 페이지 HTML 컨텐츠를 가져오는 중...
2025-09-19 23:06:10,309 - INFO - [scripts.adrule.logic.scraper] - 데이터 파싱 중...
2025-09-19 23:06:10,370 - INFO - [scripts.adrule.logic.scraper] - 유형 1: 정형화된 법령 구조 감지
2025-09-19 23:06:10,426 - INFO - [scripts.adrule.logic.scraper] - 데이터 1건을 '/Users/woong/Roeum/roeum-crawler/data/raw/adrule/1492000/고용행정데이터 제공 규정_document.jsonl' 파일로 성공적으로 저장했습니다.
2025-09-19 23:06:10,427 - INFO - [scripts.adrule.logic.scraper] - 데이터 19건을 '/Users/woong/Roeum/roeum-crawler/data/raw/adrule/1492000/고용행정데이터 제공 규정_chunks.jsonl' 파일로 성공적으로 저장했습니다.
2025-09-19 23:06:10,466 - INFO - [__main__] - 상세 페이지 스크레이퍼 완료: 고용행정데이터 제공 규정
2025-09-19 23:06:12,844 - INFO - [__main__] - 상세 페이지 스크레이퍼 실행: https://www.law.go.kr/admRulInfoP.do?admRulSeq=2100000182609
2025-09-19 23:06:13,846 - INFO - [scripts.adrule.logic.scraper] - 페이지로 이동 중: https://www.law.go.kr/admRulInfoP.do?admRulSeq=2100000182609
2025-09-19 23:06:14,771 - INFO - [scripts.adrule.logic.scraper] - 로딩 마스크가 나타나기를 기다리는 중...
2025-09-19 23:06:15,809 - WARNING - [scripts.adrule.logic.scraper] - 로딩 마스크가 감지되지 않았습니다. 페이지 로드가 완료된 것으로 간주하고 계속 진행합니다.
2025-09-19 23:06:15,810 - INFO - [scripts.adrule.logic.scraper] - 페이지 최종 렌더링을 잠시 대기합니다...
2025-09-19 23:06:16,853 - INFO - [scripts.adrule.logic.scraper] - 페이지 HTML 컨텐츠를 가져오는 중...
2025-09-19 23:06:16,926 - INFO - [scripts.adrule.logic.scraper] - 데이터 파싱 중...
2025-09-19 23:06:17,088 - INFO - [scripts.adrule.logic.scraper] - 유형 1: 정형화된 법령 구조 감지
2025-09-19 23:06:17,165 - INFO - [scripts.adrule.logic.scraper] - 데이터 1건을 '/Users/woong/Roeum/roeum-crawler/data/raw/adrule/1492000/고용허가제 고용업무 대행기관 운영에 관한 규정_document.jsonl' 파일로 성공적으로 저장했습니다.
2025-09-19 23:06:17,165 - INFO - [scripts.adrule.logic.scraper] - 데이터 13건을 '/Users/woong/Roeum/roeum-crawler/data/raw/adrule/1492000/고용허가제 고용업무 대행기관 운영에 관한 규정_chunks.jsonl' 파일로 성공적으로 저장했습니다.
2025-09-19 23:06:17,220 - INFO - [__main__] - 상세 페이지 스크레이퍼 완료: 고용허가제 고용업무 대행기관 운영에 관한 규정
2025-09-19 23:06:19,567 - INFO - [__main__] - 상세 페이지 스크레이퍼 실행: https://www.law.go.kr/admRulInfoP.do?admRulSeq=2100000258972
2025-09-19 23:06:20,579 - INFO - [scripts.adrule.logic.scraper] - 페이지로 이동 중: https://www.law.go.kr/admRulInfoP.do?admRulSeq=2100000258972
2025-09-19 23:06:21,645 - INFO - [scripts.adrule.logic.scraper] - 로딩 마스크가 나타나기를 기다리는 중...
2025-09-19 23:06:21,702 - INFO - [scripts.adrule.logic.scraper] - 로딩 마스크가 사라지기를 기다리는 중...
2025-09-19 23:06:21,734 - INFO - [scripts.adrule.logic.scraper] - 페이지 최종 렌더링을 잠시 대기합니다...
2025-09-19 23:06:22,739 - INFO - [scripts.adrule.logic.scraper] - 페이지 HTML 컨텐츠를 가져오는 중...
2025-09-19 23:06:22,761 - INFO - [scripts.adrule.logic.scraper] - 데이터 파싱 중...
2025-09-19 23:06:22,805 - INFO - [scripts.adrule.logic.scraper] - 유형 2: 텍스트 기반 비정형 구조 감지
2025-09-19 23:06:22,812 - INFO - [scripts.adrule.logic.scraper] - 데이터 1건을 '/Users/woong/Roeum/roeum-crawler/data/raw/adrule/1492000/고용형태별근로실태조사의 한국표준직업분류 대분류 2 직업 종사자의 근로소득 상위 100분의 25에 해당하는 금액 공고_document.jsonl' 파일로 성공적으로 저장했습니다.
2025-09-19 23:06:22,812 - INFO - [scripts.adrule.logic.scraper] - 데이터 1건을 '/Users/woong/Roeum/roeum-crawler/data/raw/adrule/1492000/고용형태별근로실태조사의 한국표준직업분류 대분류 2 직업 종사자의 근로소득 상위 100분의 25에 해당하는 금액 공고_chunks.jsonl' 파일로 성공적으로 저장했습니다.
2025-09-19 23:06:22,868 - INFO - [__main__] - 상세 페이지 스크레이퍼 완료: 고용형태별근로실태조사의 한국표준직업분류 대분류 2 직업 종사자의 근로소득 상위 100분의 25에 해당하는 금액 공고
2025-09-19 23:06:25,210 - INFO - [__main__] - 상세 페이지 스크레이퍼 실행: https://www.law.go.kr/admRulInfoP.do?admRulSeq=2100000219468
2025-09-19 23:06:26,063 - INFO - [scripts.adrule.logic.scraper] - 페이지로 이동 중: https://www.law.go.kr/admRulInfoP.do?admRulSeq=2100000219468
2025-09-19 23:06:26,768 - INFO - [scripts.adrule.logic.scraper] - 로딩 마스크가 나타나기를 기다리는 중...
2025-09-19 23:06:26,810 - INFO - [scripts.adrule.logic.scraper] - 로딩 마스크가 사라지기를 기다리는 중...
2025-09-19 23:06:26,902 - INFO - [scripts.adrule.logic.scraper] - 페이지 최종 렌더링을 잠시 대기합니다...
2025-09-19 23:06:27,905 - INFO - [scripts.adrule.logic.scraper] - 페이지 HTML 컨텐츠를 가져오는 중...
2025-09-19 23:06:27,912 - INFO - [scripts.adrule.logic.scraper] - 데이터 파싱 중...
2025-09-19 23:06:27,958 - INFO - [scripts.adrule.logic.scraper] - 유형 1: 정형화된 법령 구조 감지
2025-09-19 23:06:28,003 - INFO - [scripts.adrule.logic.scraper] - 데이터 1건을 '/Users/woong/Roeum/roeum-crawler/data/raw/adrule/1492000/공공기관의 안전활동 수준평가에 관한 고시_document.jsonl' 파일로 성공적으로 저장했습니다.
2025-09-19 23:06:28,003 - INFO - [scripts.adrule.logic.scraper] - 데이터 18건을 '/Users/woong/Roeum/roeum-crawler/data/raw/adrule/1492000/공공기관의 안전활동 수준평가에 관한 고시_chunks.jsonl' 파일로 성공적으로 저장했습니다.
2025-09-19 23:06:28,030 - INFO - [__main__] - 상세 페이지 스크레이퍼 완료: 공공기관의 안전활동 수준평가에 관한 고시
2025-09-19 23:06:29,666 - INFO - [__main__] - 상세 페이지 스크레이퍼 실행: https://www.law.go.kr/admRulInfoP.do?admRulSeq=2100000218037
2025-09-19 23:06:30,127 - INFO - [scripts.adrule.logic.scraper] - 페이지로 이동 중: https://www.law.go.kr/admRulInfoP.do?admRulSeq=2100000218037
2025-09-19 23:06:30,652 - INFO - [scripts.adrule.logic.scraper] - 로딩 마스크가 나타나기를 기다리는 중...
2025-09-19 23:06:30,671 - INFO - [scripts.adrule.logic.scraper] - 로딩 마스크가 사라지기를 기다리는 중...
2025-09-19 23:06:30,751 - INFO - [scripts.adrule.logic.scraper] - 페이지 최종 렌더링을 잠시 대기합니다...
2025-09-19 23:06:31,754 - INFO - [scripts.adrule.logic.scraper] - 페이지 HTML 컨텐츠를 가져오는 중...
2025-09-19 23:06:31,768 - INFO - [scripts.adrule.logic.scraper] - 데이터 파싱 중...
2025-09-19 23:06:31,812 - INFO - [scripts.adrule.logic.scraper] - 유형 2: 텍스트 기반 비정형 구조 감지
2025-09-19 23:06:31,816 - INFO - [scripts.adrule.logic.scraper] - 데이터 1건을 '/Users/woong/Roeum/roeum-crawler/data/raw/adrule/1492000/공공기관의 장애인 표준사업장 생산품의 구매목표 비율_document.jsonl' 파일로 성공적으로 저장했습니다.
2025-09-19 23:06:31,817 - INFO - [scripts.adrule.logic.scraper] - 데이터 2건을 '/Users/woong/Roeum/roeum-crawler/data/raw/adrule/1492000/공공기관의 장애인 표준사업장 생산품의 구매목표 비율_chunks.jsonl' 파일로 성공적으로 저장했습니다.
2025-09-19 23:06:31,839 - INFO - [__main__] - 상세 페이지 스크레이퍼 완료: 공공기관의 장애인 표준사업장 생산품의 구매목표 비율
2025-09-19 23:06:33,356 - INFO - [__main__] - 상세 페이지 스크레이퍼 실행: https://www.law.go.kr/admRulInfoP.do?admRulSeq=2100000242208
2025-09-19 23:06:33,717 - INFO - [scripts.adrule.logic.scraper] - 페이지로 이동 중: https://www.law.go.kr/admRulInfoP.do?admRulSeq=2100000242208
2025-09-19 23:06:34,344 - INFO - [scripts.adrule.logic.scraper] - 로딩 마스크가 나타나기를 기다리는 중...
2025-09-19 23:06:34,373 - INFO - [scripts.adrule.logic.scraper] - 로딩 마스크가 사라지기를 기다리는 중...
2025-09-19 23:06:34,557 - INFO - [scripts.adrule.logic.scraper] - 페이지 최종 렌더링을 잠시 대기합니다...
2025-09-19 23:06:35,562 - INFO - [scripts.adrule.logic.scraper] - 페이지 HTML 컨텐츠를 가져오는 중...
2025-09-19 23:06:35,577 - INFO - [scripts.adrule.logic.scraper] - 데이터 파싱 중...
2025-09-19 23:06:35,622 - INFO - [scripts.adrule.logic.scraper] - 유형 2: 텍스트 기반 비정형 구조 감지
2025-09-19 23:06:35,627 - INFO - [scripts.adrule.logic.scraper] - 데이터 1건을 '/Users/woong/Roeum/roeum-crawler/data/raw/adrule/1492000/공공기관의 청년고용의무 적용제외에 관한 고시_document.jsonl' 파일로 성공적으로 저장했습니다.
2025-09-19 23:06:35,627 - INFO - [scripts.adrule.logic.scraper] - 데이터 2건을 '/Users/woong/Roeum/roeum-crawler/data/raw/adrule/1492000/공공기관의 청년고용의무 적용제외에 관한 고시_chunks.jsonl' 파일로 성공적으로 저장했습니다.
2025-09-19 23:06:35,657 - INFO - [__main__] - 상세 페이지 스크레이퍼 완료: 공공기관의 청년고용의무 적용제외에 관한 고시
2025-09-19 23:06:37,197 - INFO - [__main__] - 상세 페이지 스크레이퍼 실행: https://www.law.go.kr/admRulInfoP.do?admRulSeq=2100000231384
2025-09-19 23:06:37,592 - INFO - [scripts.adrule.logic.scraper] - 페이지로 이동 중: https://www.law.go.kr/admRulInfoP.do?admRulSeq=2100000231384
2025-09-19 23:06:38,539 - INFO - [scripts.adrule.logic.scraper] - 로딩 마스크가 나타나기를 기다리는 중...
2025-09-19 23:06:38,568 - INFO - [scripts.adrule.logic.scraper] - 로딩 마스크가 사라지기를 기다리는 중...
2025-09-19 23:06:38,762 - INFO - [scripts.adrule.logic.scraper] - 페이지 최종 렌더링을 잠시 대기합니다...
2025-09-19 23:06:39,765 - INFO - [scripts.adrule.logic.scraper] - 페이지 HTML 컨텐츠를 가져오는 중...
2025-09-19 23:06:39,774 - INFO - [scripts.adrule.logic.scraper] - 데이터 파싱 중...
2025-09-19 23:06:39,812 - INFO - [scripts.adrule.logic.scraper] - 유형 1: 정형화된 법령 구조 감지
2025-09-19 23:06:39,819 - INFO - [scripts.adrule.logic.scraper] - 데이터 1건을 '/Users/woong/Roeum/roeum-crawler/data/raw/adrule/1492000/공공기관이 자회사 등과 수의계약을 할 수 있는 고용 기준에 관한 고시_document.jsonl' 파일로 성공적으로 저장했습니다.
2025-09-19 23:06:39,819 - INFO - [scripts.adrule.logic.scraper] - 데이터 3건을 '/Users/woong/Roeum/roeum-crawler/data/raw/adrule/1492000/공공기관이 자회사 등과 수의계약을 할 수 있는 고용 기준에 관한 고시_chunks.jsonl' 파일로 성공적으로 저장했습니다.
2025-09-19 23:06:39,852 - INFO - [__main__] - 상세 페이지 스크레이퍼 완료: 공공기관이 자회사 등과 수의계약을 할 수 있는 고용 기준에 관한 고시
2025-09-19 23:06:41,690 - INFO - [__main__] - 상세 페이지 스크레이퍼 실행: https://www.law.go.kr/admRulInfoP.do?admRulSeq=2100000186153
2025-09-19 23:06:42,093 - INFO - [scripts.adrule.logic.scraper] - 페이지로 이동 중: https://www.law.go.kr/admRulInfoP.do?admRulSeq=2100000186153
2025-09-19 23:06:42,740 - INFO - [scripts.adrule.logic.scraper] - 로딩 마스크가 나타나기를 기다리는 중...
2025-09-19 23:06:42,760 - INFO - [scripts.adrule.logic.scraper] - 로딩 마스크가 사라지기를 기다리는 중...
2025-09-19 23:06:42,944 - INFO - [scripts.adrule.logic.scraper] - 페이지 최종 렌더링을 잠시 대기합니다...
2025-09-19 23:06:43,950 - INFO - [scripts.adrule.logic.scraper] - 페이지 HTML 컨텐츠를 가져오는 중...
2025-09-19 23:06:43,969 - INFO - [scripts.adrule.logic.scraper] - 데이터 파싱 중...
2025-09-19 23:06:44,019 - INFO - [scripts.adrule.logic.scraper] - 유형 1: 정형화된 법령 구조 감지
2025-09-19 23:06:44,026 - INFO - [scripts.adrule.logic.scraper] - 데이터 1건을 '/Users/woong/Roeum/roeum-crawler/data/raw/adrule/1492000/공공행정 등에서 현업업무에 종사하는 사람의 기준_document.jsonl' 파일로 성공적으로 저장했습니다.
2025-09-19 23:06:44,026 - INFO - [scripts.adrule.logic.scraper] - 데이터 4건을 '/Users/woong/Roeum/roeum-crawler/data/raw/adrule/1492000/공공행정 등에서 현업업무에 종사하는 사람의 기준_chunks.jsonl' 파일로 성공적으로 저장했습니다.
2025-09-19 23:06:44,050 - INFO - [__main__] - 상세 페이지 스크레이퍼 완료: 공공행정 등에서 현업업무에 종사하는 사람의 기준
2025-09-19 23:06:45,587 - INFO - [__main__] - 상세 페이지 스크레이퍼 실행: https://www.law.go.kr/admRulInfoP.do?admRulSeq=2100000223180
2025-09-19 23:06:45,944 - INFO - [scripts.adrule.logic.scraper] - 페이지로 이동 중: https://www.law.go.kr/admRulInfoP.do?admRulSeq=2100000223180
2025-09-19 23:06:46,596 - INFO - [scripts.adrule.logic.scraper] - 로딩 마스크가 나타나기를 기다리는 중...
2025-09-19 23:06:46,614 - INFO - [scripts.adrule.logic.scraper] - 로딩 마스크가 사라지기를 기다리는 중...
2025-09-19 23:06:46,796 - INFO - [scripts.adrule.logic.scraper] - 페이지 최종 렌더링을 잠시 대기합니다...
2025-09-19 23:06:47,798 - INFO - [scripts.adrule.logic.scraper] - 페이지 HTML 컨텐츠를 가져오는 중...
2025-09-19 23:06:47,812 - INFO - [scripts.adrule.logic.scraper] - 데이터 파싱 중...
2025-09-19 23:06:47,861 - INFO - [scripts.adrule.logic.scraper] - 유형 1: 정형화된 법령 구조 감지
2025-09-19 23:06:47,928 - INFO - [scripts.adrule.logic.scraper] - 데이터 1건을 '/Users/woong/Roeum/roeum-crawler/data/raw/adrule/1492000/공동근로복지기금 지원사업 운영규정_document.jsonl' 파일로 성공적으로 저장했습니다.
2025-09-19 23:06:47,928 - INFO - [scripts.adrule.logic.scraper] - 데이터 16건을 '/Users/woong/Roeum/roeum-crawler/data/raw/adrule/1492000/공동근로복지기금 지원사업 운영규정_chunks.jsonl' 파일로 성공적으로 저장했습니다.
2025-09-19 23:06:47,949 - INFO - [__main__] - 상세 페이지 스크레이퍼 완료: 공동근로복지기금 지원사업 운영규정
2025-09-19 23:06:49,457 - INFO - [__main__] - 상세 페이지 스크레이퍼 실행: https://www.law.go.kr/admRulInfoP.do?admRulSeq=2100000249862
2025-09-19 23:06:49,807 - INFO - [scripts.adrule.logic.scraper] - 페이지로 이동 중: https://www.law.go.kr/admRulInfoP.do?admRulSeq=2100000249862
2025-09-19 23:06:50,306 - INFO - [scripts.adrule.logic.scraper] - 로딩 마스크가 나타나기를 기다리는 중...
2025-09-19 23:06:50,325 - INFO - [scripts.adrule.logic.scraper] - 로딩 마스크가 사라지기를 기다리는 중...
2025-09-19 23:06:50,404 - INFO - [scripts.adrule.logic.scraper] - 페이지 최종 렌더링을 잠시 대기합니다...
2025-09-19 23:06:51,407 - INFO - [scripts.adrule.logic.scraper] - 페이지 HTML 컨텐츠를 가져오는 중...
2025-09-19 23:06:51,416 - INFO - [scripts.adrule.logic.scraper] - 데이터 파싱 중...
2025-09-19 23:06:51,446 - INFO - [scripts.adrule.logic.scraper] - 유형 2: 텍스트 기반 비정형 구조 감지
2025-09-19 23:06:51,450 - INFO - [scripts.adrule.logic.scraper] - 데이터 1건을 '/Users/woong/Roeum/roeum-crawler/data/raw/adrule/1492000/공무원 근무시간 면제 한도_document.jsonl' 파일로 성공적으로 저장했습니다.
2025-09-19 23:06:51,450 - INFO - [scripts.adrule.logic.scraper] - 데이터 1건을 '/Users/woong/Roeum/roeum-crawler/data/raw/adrule/1492000/공무원 근무시간 면제 한도_chunks.jsonl' 파일로 성공적으로 저장했습니다.
2025-09-19 23:06:51,472 - INFO - [__main__] - 상세 페이지 스크레이퍼 완료: 공무원 근무시간 면제 한도
2025-09-19 23:06:52,989 - INFO - [__main__] - 상세 페이지 스크레이퍼 실행: https://www.law.go.kr/admRulInfoP.do?admRulSeq=2100000205347
2025-09-19 23:06:53,333 - INFO - [scripts.adrule.logic.scraper] - 페이지로 이동 중: https://www.law.go.kr/admRulInfoP.do?admRulSeq=2100000205347
2025-09-19 23:06:53,898 - INFO - [scripts.adrule.logic.scraper] - 로딩 마스크가 나타나기를 기다리는 중...
2025-09-19 23:06:53,978 - INFO - [scripts.adrule.logic.scraper] - 로딩 마스크가 사라지기를 기다리는 중...
2025-09-19 23:06:53,990 - INFO - [scripts.adrule.logic.scraper] - 페이지 최종 렌더링을 잠시 대기합니다...
2025-09-19 23:06:54,999 - INFO - [scripts.adrule.logic.scraper] - 페이지 HTML 컨텐츠를 가져오는 중...
2025-09-19 23:06:55,020 - INFO - [scripts.adrule.logic.scraper] - 데이터 파싱 중...
2025-09-19 23:06:55,062 - INFO - [scripts.adrule.logic.scraper] - 유형 2: 텍스트 기반 비정형 구조 감지
2025-09-19 23:06:55,068 - INFO - [scripts.adrule.logic.scraper] - 데이터 1건을 '/Users/woong/Roeum/roeum-crawler/data/raw/adrule/1492000/공인노무사에게 지원하는 체불 임금등 대지급금 관련업무 지원금액_document.jsonl' 파일로 성공적으로 저장했습니다.
2025-09-19 23:06:55,069 - INFO - [scripts.adrule.logic.scraper] - 데이터 2건을 '/Users/woong/Roeum/roeum-crawler/data/raw/adrule/1492000/공인노무사에게 지원하는 체불 임금등 대지급금 관련업무 지원금액_chunks.jsonl' 파일로 성공적으로 저장했습니다.
2025-09-19 23:06:55,107 - INFO - [__main__] - 상세 페이지 스크레이퍼 완료: 공인노무사에게 지원하는 체불 임금등 대지급금 관련업무 지원금액
2025-09-19 23:06:56,957 - INFO - [__main__] - 상세 페이지 스크레이퍼 실행: https://www.law.go.kr/admRulInfoP.do?admRulSeq=2100000241452
2025-09-19 23:06:57,514 - INFO - [scripts.adrule.logic.scraper] - 페이지로 이동 중: https://www.law.go.kr/admRulInfoP.do?admRulSeq=2100000241452
2025-09-19 23:06:58,095 - INFO - [scripts.adrule.logic.scraper] - 로딩 마스크가 나타나기를 기다리는 중...
2025-09-19 23:06:58,117 - INFO - [scripts.adrule.logic.scraper] - 로딩 마스크가 사라지기를 기다리는 중...
2025-09-19 23:06:58,317 - INFO - [scripts.adrule.logic.scraper] - 페이지 최종 렌더링을 잠시 대기합니다...
2025-09-19 23:06:59,319 - INFO - [scripts.adrule.logic.scraper] - 페이지 HTML 컨텐츠를 가져오는 중...
2025-09-19 23:06:59,343 - INFO - [scripts.adrule.logic.scraper] - 데이터 파싱 중...
2025-09-19 23:06:59,402 - INFO - [scripts.adrule.logic.scraper] - 유형 1: 정형화된 법령 구조 감지
2025-09-19 23:06:59,507 - INFO - [scripts.adrule.logic.scraper] - 데이터 1건을 '/Users/woong/Roeum/roeum-crawler/data/raw/adrule/1492000/공인노무사자격심의·징계위원회 운영규정_document.jsonl' 파일로 성공적으로 저장했습니다.
2025-09-19 23:06:59,508 - INFO - [scripts.adrule.logic.scraper] - 데이터 15건을 '/Users/woong/Roeum/roeum-crawler/data/raw/adrule/1492000/공인노무사자격심의·징계위원회 운영규정_chunks.jsonl' 파일로 성공적으로 저장했습니다.
2025-09-19 23:06:59,561 - INFO - [__main__] - 상세 페이지 스크레이퍼 완료: 공인노무사자격심의·징계위원회 운영규정
2025-09-19 23:07:01,241 - INFO - [__main__] - 상세 페이지 스크레이퍼 실행: https://www.law.go.kr/admRulInfoP.do?admRulSeq=2100000029604
2025-09-19 23:07:01,661 - INFO - [scripts.adrule.logic.scraper] - 페이지로 이동 중: https://www.law.go.kr/admRulInfoP.do?admRulSeq=2100000029604
2025-09-19 23:07:02,235 - INFO - [scripts.adrule.logic.scraper] - 로딩 마스크가 나타나기를 기다리는 중...
2025-09-19 23:07:02,255 - INFO - [scripts.adrule.logic.scraper] - 로딩 마스크가 사라지기를 기다리는 중...
2025-09-19 23:07:02,438 - INFO - [scripts.adrule.logic.scraper] - 페이지 최종 렌더링을 잠시 대기합니다...
2025-09-19 23:07:03,440 - INFO - [scripts.adrule.logic.scraper] - 페이지 HTML 컨텐츠를 가져오는 중...
2025-09-19 23:07:03,453 - INFO - [scripts.adrule.logic.scraper] - 데이터 파싱 중...
2025-09-19 23:07:03,501 - INFO - [scripts.adrule.logic.scraper] - 유형 1: 정형화된 법령 구조 감지
2025-09-19 23:07:03,514 - INFO - [scripts.adrule.logic.scraper] - 데이터 1건을 '/Users/woong/Roeum/roeum-crawler/data/raw/adrule/1492000/공인노무사 자격 취득을 위한 노동행정경력자 연수 규정_document.jsonl' 파일로 성공적으로 저장했습니다.
2025-09-19 23:07:03,514 - INFO - [scripts.adrule.logic.scraper] - 데이터 13건을 '/Users/woong/Roeum/roeum-crawler/data/raw/adrule/1492000/공인노무사 자격 취득을 위한 노동행정경력자 연수 규정_chunks.jsonl' 파일로 성공적으로 저장했습니다.
2025-09-19 23:07:03,535 - INFO - [__main__] - 상세 페이지 스크레이퍼 완료: 공인노무사 자격 취득을 위한 노동행정경력자 연수 규정
2025-09-19 23:07:05,058 - INFO - [__main__] - 상세 페이지 스크레이퍼 실행: https://www.law.go.kr/admRulInfoP.do?admRulSeq=2100000186074
2025-09-19 23:07:05,447 - INFO - [scripts.adrule.logic.scraper] - 페이지로 이동 중: https://www.law.go.kr/admRulInfoP.do?admRulSeq=2100000186074
2025-09-19 23:07:06,072 - INFO - [scripts.adrule.logic.scraper] - 로딩 마스크가 나타나기를 기다리는 중...
2025-09-19 23:07:06,091 - INFO - [scripts.adrule.logic.scraper] - 로딩 마스크가 사라지기를 기다리는 중...
2025-09-19 23:07:06,281 - INFO - [scripts.adrule.logic.scraper] - 페이지 최종 렌더링을 잠시 대기합니다...
2025-09-19 23:07:07,285 - INFO - [scripts.adrule.logic.scraper] - 페이지 HTML 컨텐츠를 가져오는 중...
2025-09-19 23:07:07,300 - INFO - [scripts.adrule.logic.scraper] - 데이터 파싱 중...
2025-09-19 23:07:07,375 - INFO - [scripts.adrule.logic.scraper] - 유형 1: 정형화된 법령 구조 감지
2025-09-19 23:07:07,395 - INFO - [scripts.adrule.logic.scraper] - 데이터 1건을 '/Users/woong/Roeum/roeum-crawler/data/raw/adrule/1492000/공작기계 안전기준 일반에 관한 기술상의 지침_document.jsonl' 파일로 성공적으로 저장했습니다.
2025-09-19 23:07:07,396 - INFO - [scripts.adrule.logic.scraper] - 데이터 25건을 '/Users/woong/Roeum/roeum-crawler/data/raw/adrule/1492000/공작기계 안전기준 일반에 관한 기술상의 지침_chunks.jsonl' 파일로 성공적으로 저장했습니다.
2025-09-19 23:07:07,417 - INFO - [__main__] - 상세 페이지 스크레이퍼 완료: 공작기계 안전기준 일반에 관한 기술상의 지침
2025-09-19 23:07:09,599 - INFO - [__main__] - 상세 페이지 스크레이퍼 실행: https://www.law.go.kr/admRulInfoP.do?admRulSeq=2100000259798
2025-09-19 23:07:10,539 - INFO - [scripts.adrule.logic.scraper] - 페이지로 이동 중: https://www.law.go.kr/admRulInfoP.do?admRulSeq=2100000259798
2025-09-19 23:07:11,218 - INFO - [scripts.adrule.logic.scraper] - 로딩 마스크가 나타나기를 기다리는 중...
2025-09-19 23:07:11,266 - INFO - [scripts.adrule.logic.scraper] - 로딩 마스크가 사라지기를 기다리는 중...
2025-09-19 23:07:11,555 - INFO - [scripts.adrule.logic.scraper] - 페이지 최종 렌더링을 잠시 대기합니다...
2025-09-19 23:07:12,562 - INFO - [scripts.adrule.logic.scraper] - 페이지 HTML 컨텐츠를 가져오는 중...
2025-09-19 23:07:12,595 - INFO - [scripts.adrule.logic.scraper] - 데이터 파싱 중...
2025-09-19 23:07:12,793 - INFO - [scripts.adrule.logic.scraper] - 유형 1: 정형화된 법령 구조 감지
2025-09-19 23:07:12,968 - INFO - [scripts.adrule.logic.scraper] - 데이터 1건을 '/Users/woong/Roeum/roeum-crawler/data/raw/adrule/1492000/공정안전보고서의 제출·심사·확인 및 이행상태평가 등에 관한 규정_document.jsonl' 파일로 성공적으로 저장했습니다.
2025-09-19 23:07:12,972 - INFO - [scripts.adrule.logic.scraper] - 데이터 62건을 '/Users/woong/Roeum/roeum-crawler/data/raw/adrule/1492000/공정안전보고서의 제출·심사·확인 및 이행상태평가 등에 관한 규정_chunks.jsonl' 파일로 성공적으로 저장했습니다.
2025-09-19 23:07:13,046 - INFO - [__main__] - 상세 페이지 스크레이퍼 완료: 공정안전보고서의 제출·심사·확인 및 이행상태평가 등에 관한 규정
2025-09-19 23:07:15,046 - INFO - [__main__] - 상세 페이지 스크레이퍼 실행: https://www.law.go.kr/admRulInfoP.do?admRulSeq=2100000210590
2025-09-19 23:07:16,514 - INFO - [scripts.adrule.logic.scraper] - 페이지로 이동 중: https://www.law.go.kr/admRulInfoP.do?admRulSeq=2100000210590
2025-09-19 23:07:17,254 - INFO - [scripts.adrule.logic.scraper] - 로딩 마스크가 나타나기를 기다리는 중...
2025-09-19 23:07:17,285 - INFO - [scripts.adrule.logic.scraper] - 로딩 마스크가 사라지기를 기다리는 중...
2025-09-19 23:07:17,384 - INFO - [scripts.adrule.logic.scraper] - 페이지 최종 렌더링을 잠시 대기합니다...
2025-09-19 23:07:18,497 - INFO - [scripts.adrule.logic.scraper] - 페이지 HTML 컨텐츠를 가져오는 중...
2025-09-19 23:07:18,535 - INFO - [scripts.adrule.logic.scraper] - 데이터 파싱 중...
2025-09-19 23:07:18,622 - INFO - [scripts.adrule.logic.scraper] - 유형 2: 텍스트 기반 비정형 구조 감지
2025-09-19 23:07:18,630 - INFO - [scripts.adrule.logic.scraper] - 데이터 1건을 '/Users/woong/Roeum/roeum-crawler/data/raw/adrule/1492000/과거근로기간에 대한 확정급여형퇴직연금제도의 최소적립비율_document.jsonl' 파일로 성공적으로 저장했습니다.
2025-09-19 23:07:18,630 - INFO - [scripts.adrule.logic.scraper] - 데이터 2건을 '/Users/woong/Roeum/roeum-crawler/data/raw/adrule/1492000/과거근로기간에 대한 확정급여형퇴직연금제도의 최소적립비율_chunks.jsonl' 파일로 성공적으로 저장했습니다.
2025-09-19 23:07:18,674 - INFO - [__main__] - 상세 페이지 스크레이퍼 완료: 과거근로기간에 대한 확정급여형퇴직연금제도의 최소적립비율
2025-09-19 23:07:20,592 - INFO - [__main__] - 상세 페이지 스크레이퍼 실행: https://www.law.go.kr/admRulInfoP.do?admRulSeq=2100000046409
2025-09-19 23:07:21,002 - INFO - [scripts.adrule.logic.scraper] - 페이지로 이동 중: https://www.law.go.kr/admRulInfoP.do?admRulSeq=2100000046409
2025-09-19 23:07:21,585 - INFO - [scripts.adrule.logic.scraper] - 로딩 마스크가 나타나기를 기다리는 중...
2025-09-19 23:07:21,604 - INFO - [scripts.adrule.logic.scraper] - 로딩 마스크가 사라지기를 기다리는 중...
2025-09-19 23:07:21,691 - INFO - [scripts.adrule.logic.scraper] - 페이지 최종 렌더링을 잠시 대기합니다...
2025-09-19 23:07:22,694 - INFO - [scripts.adrule.logic.scraper] - 페이지 HTML 컨텐츠를 가져오는 중...
2025-09-19 23:07:22,705 - INFO - [scripts.adrule.logic.scraper] - 데이터 파싱 중...
2025-09-19 23:07:22,748 - INFO - [scripts.adrule.logic.scraper] - 유형 1: 정형화된 법령 구조 감지
2025-09-19 23:07:22,762 - INFO - [scripts.adrule.logic.scraper] - 데이터 1건을 '/Users/woong/Roeum/roeum-crawler/data/raw/adrule/1492000/과정평가형 자격 지원단의 구성 및 운영에 관한 규정_document.jsonl' 파일로 성공적으로 저장했습니다.
2025-09-19 23:07:22,762 - INFO - [scripts.adrule.logic.scraper] - 데이터 11건을 '/Users/woong/Roeum/roeum-crawler/data/raw/adrule/1492000/과정평가형 자격 지원단의 구성 및 운영에 관한 규정_chunks.jsonl' 파일로 성공적으로 저장했습니다.
2025-09-19 23:07:22,785 - INFO - [__main__] - 상세 페이지 스크레이퍼 완료: 과정평가형 자격 지원단의 구성 및 운영에 관한 규정
2025-09-19 23:07:25,345 - INFO - [__main__] - 상세 페이지 스크레이퍼 실행: https://www.law.go.kr/admRulInfoP.do?admRulSeq=2100000217659
2025-09-19 23:07:26,107 - INFO - [scripts.adrule.logic.scraper] - 페이지로 이동 중: https://www.law.go.kr/admRulInfoP.do?admRulSeq=2100000217659
2025-09-19 23:07:26,779 - INFO - [scripts.adrule.logic.scraper] - 로딩 마스크가 나타나기를 기다리는 중...
2025-09-19 23:07:26,831 - INFO - [scripts.adrule.logic.scraper] - 로딩 마스크가 사라지기를 기다리는 중...
2025-09-19 23:07:26,924 - INFO - [scripts.adrule.logic.scraper] - 페이지 최종 렌더링을 잠시 대기합니다...
2025-09-19 23:07:27,929 - INFO - [scripts.adrule.logic.scraper] - 페이지 HTML 컨텐츠를 가져오는 중...
2025-09-19 23:07:27,944 - INFO - [scripts.adrule.logic.scraper] - 데이터 파싱 중...
2025-09-19 23:07:27,997 - INFO - [scripts.adrule.logic.scraper] - 유형 2: 텍스트 기반 비정형 구조 감지
2025-09-19 23:07:28,004 - INFO - [scripts.adrule.logic.scraper] - 데이터 1건을 '/Users/woong/Roeum/roeum-crawler/data/raw/adrule/1492000/광역구직활동비 중 숙박료 고시_document.jsonl' 파일로 성공적으로 저장했습니다.
2025-09-19 23:07:28,004 - INFO - [scripts.adrule.logic.scraper] - 데이터 2건을 '/Users/woong/Roeum/roeum-crawler/data/raw/adrule/1492000/광역구직활동비 중 숙박료 고시_chunks.jsonl' 파일로 성공적으로 저장했습니다.
2025-09-19 23:07:28,049 - INFO - [__main__] - 상세 페이지 스크레이퍼 완료: 광역구직활동비 중 숙박료 고시
2025-09-19 23:07:29,750 - INFO - [__main__] - 상세 페이지 스크레이퍼 실행: https://www.law.go.kr/admRulInfoP.do?admRulSeq=2100000249896
2025-09-19 23:07:30,259 - INFO - [scripts.adrule.logic.scraper] - 페이지로 이동 중: https://www.law.go.kr/admRulInfoP.do?admRulSeq=2100000249896
2025-09-19 23:07:30,807 - INFO - [scripts.adrule.logic.scraper] - 로딩 마스크가 나타나기를 기다리는 중...
2025-09-19 23:07:30,830 - INFO - [scripts.adrule.logic.scraper] - 로딩 마스크가 사라지기를 기다리는 중...
2025-09-19 23:07:30,911 - INFO - [scripts.adrule.logic.scraper] - 페이지 최종 렌더링을 잠시 대기합니다...
2025-09-19 23:07:31,918 - INFO - [scripts.adrule.logic.scraper] - 페이지 HTML 컨텐츠를 가져오는 중...
2025-09-19 23:07:31,930 - INFO - [scripts.adrule.logic.scraper] - 데이터 파싱 중...
2025-09-19 23:07:31,966 - INFO - [scripts.adrule.logic.scraper] - 유형 2: 텍스트 기반 비정형 구조 감지
2025-09-19 23:07:31,970 - INFO - [scripts.adrule.logic.scraper] - 데이터 1건을 '/Users/woong/Roeum/roeum-crawler/data/raw/adrule/1492000/교원 근무시간 면제 한도_document.jsonl' 파일로 성공적으로 저장했습니다.
2025-09-19 23:07:31,970 - INFO - [scripts.adrule.logic.scraper] - 데이터 1건을 '/Users/woong/Roeum/roeum-crawler/data/raw/adrule/1492000/교원 근무시간 면제 한도_chunks.jsonl' 파일로 성공적으로 저장했습니다.
2025-09-19 23:07:32,004 - INFO - [__main__] - 상세 페이지 스크레이퍼 완료: 교원 근무시간 면제 한도
2025-09-19 23:07:33,635 - INFO - [__main__] - 상세 페이지 스크레이퍼 실행: https://www.law.go.kr/admRulInfoP.do?admRulSeq=2100000216803
2025-09-19 23:07:34,021 - INFO - [scripts.adrule.logic.scraper] - 페이지로 이동 중: https://www.law.go.kr/admRulInfoP.do?admRulSeq=2100000216803
2025-09-19 23:07:34,651 - INFO - [scripts.adrule.logic.scraper] - 로딩 마스크가 나타나기를 기다리는 중...
2025-09-19 23:07:34,676 - INFO - [scripts.adrule.logic.scraper] - 로딩 마스크가 사라지기를 기다리는 중...
2025-09-19 23:07:34,859 - INFO - [scripts.adrule.logic.scraper] - 페이지 최종 렌더링을 잠시 대기합니다...
2025-09-19 23:07:35,863 - INFO - [scripts.adrule.logic.scraper] - 페이지 HTML 컨텐츠를 가져오는 중...
2025-09-19 23:07:35,881 - INFO - [scripts.adrule.logic.scraper] - 데이터 파싱 중...
2025-09-19 23:07:35,929 - INFO - [scripts.adrule.logic.scraper] - 유형 2: 텍스트 기반 비정형 구조 감지
2025-09-19 23:07:35,940 - INFO - [scripts.adrule.logic.scraper] - 데이터 1건을 '/Users/woong/Roeum/roeum-crawler/data/raw/adrule/1492000/교육훈련시간 승진반영제도(상시학습) 운영지침_document.jsonl' 파일로 성공적으로 저장했습니다.
2025-09-19 23:07:35,941 - INFO - [scripts.adrule.logic.scraper] - 데이터 3건을 '/Users/woong/Roeum/roeum-crawler/data/raw/adrule/1492000/교육훈련시간 승진반영제도(상시학습) 운영지침_chunks.jsonl' 파일로 성공적으로 저장했습니다.
2025-09-19 23:07:35,965 - INFO - [__main__] - 상세 페이지 스크레이퍼 완료: 교육훈련시간 승진반영제도(상시학습) 운영지침
2025-09-19 23:07:37,483 - INFO - [__main__] - 상세 페이지 스크레이퍼 실행: https://www.law.go.kr/admRulInfoP.do?admRulSeq=2100000217658
2025-09-19 23:07:37,823 - INFO - [scripts.adrule.logic.scraper] - 페이지로 이동 중: https://www.law.go.kr/admRulInfoP.do?admRulSeq=2100000217658
2025-09-19 23:07:38,320 - INFO - [scripts.adrule.logic.scraper] - 로딩 마스크가 나타나기를 기다리는 중...
2025-09-19 23:07:38,341 - INFO - [scripts.adrule.logic.scraper] - 로딩 마스크가 사라지기를 기다리는 중...
2025-09-19 23:07:38,421 - INFO - [scripts.adrule.logic.scraper] - 페이지 최종 렌더링을 잠시 대기합니다...
2025-09-19 23:07:39,446 - INFO - [scripts.adrule.logic.scraper] - 페이지 HTML 컨텐츠를 가져오는 중...
2025-09-19 23:07:39,481 - INFO - [scripts.adrule.logic.scraper] - 데이터 파싱 중...
2025-09-19 23:07:39,572 - INFO - [scripts.adrule.logic.scraper] - 유형 2: 텍스트 기반 비정형 구조 감지
2025-09-19 23:07:39,576 - INFO - [scripts.adrule.logic.scraper] - 데이터 1건을 '/Users/woong/Roeum/roeum-crawler/data/raw/adrule/1492000/구직급여 수급자 중 직업능력개발 훈련지시 우선 고려대상자 고시_document.jsonl' 파일로 성공적으로 저장했습니다.
2025-09-19 23:07:39,577 - INFO - [scripts.adrule.logic.scraper] - 데이터 2건을 '/Users/woong/Roeum/roeum-crawler/data/raw/adrule/1492000/구직급여 수급자 중 직업능력개발 훈련지시 우선 고려대상자 고시_chunks.jsonl' 파일로 성공적으로 저장했습니다.
2025-09-19 23:07:39,615 - INFO - [__main__] - 상세 페이지 스크레이퍼 완료: 구직급여 수급자 중 직업능력개발 훈련지시 우선 고려대상자 고시
2025-09-19 23:07:41,613 - INFO - [__main__] - 상세 페이지 스크레이퍼 실행: https://www.law.go.kr/admRulInfoP.do?admRulSeq=2000000080962
2025-09-19 23:07:42,234 - INFO - [scripts.adrule.logic.scraper] - 페이지로 이동 중: https://www.law.go.kr/admRulInfoP.do?admRulSeq=2000000080962
2025-09-19 23:07:42,972 - INFO - [scripts.adrule.logic.scraper] - 로딩 마스크가 나타나기를 기다리는 중...
2025-09-19 23:07:43,015 - INFO - [scripts.adrule.logic.scraper] - 로딩 마스크가 사라지기를 기다리는 중...
2025-09-19 23:07:43,106 - INFO - [scripts.adrule.logic.scraper] - 페이지 최종 렌더링을 잠시 대기합니다...
2025-09-19 23:07:44,113 - INFO - [scripts.adrule.logic.scraper] - 페이지 HTML 컨텐츠를 가져오는 중...
2025-09-19 23:07:44,129 - INFO - [scripts.adrule.logic.scraper] - 데이터 파싱 중...
2025-09-19 23:07:44,195 - INFO - [scripts.adrule.logic.scraper] - 유형 1: 정형화된 법령 구조 감지
2025-09-19 23:07:44,247 - INFO - [scripts.adrule.logic.scraper] - 데이터 1건을 '/Users/woong/Roeum/roeum-crawler/data/raw/adrule/1492000/국가기술자격 검정시설·장비 구입자금 지원규정_document.jsonl' 파일로 성공적으로 저장했습니다.
2025-09-19 23:07:44,248 - INFO - [scripts.adrule.logic.scraper] - 데이터 21건을 '/Users/woong/Roeum/roeum-crawler/data/raw/adrule/1492000/국가기술자격 검정시설·장비 구입자금 지원규정_chunks.jsonl' 파일로 성공적으로 저장했습니다.
2025-09-19 23:07:44,289 - INFO - [__main__] - 상세 페이지 스크레이퍼 완료: 국가기술자격 검정시설·장비 구입자금 지원규정
2025-09-19 23:07:45,834 - INFO - [__main__] - 상세 페이지 스크레이퍼 실행: https://www.law.go.kr/admRulInfoP.do?admRulSeq=2000000019259
2025-09-19 23:07:46,268 - INFO - [scripts.adrule.logic.scraper] - 페이지로 이동 중: https://www.law.go.kr/admRulInfoP.do?admRulSeq=2000000019259
2025-09-19 23:07:46,820 - INFO - [scripts.adrule.logic.scraper] - 로딩 마스크가 나타나기를 기다리는 중...
2025-09-19 23:07:46,847 - INFO - [scripts.adrule.logic.scraper] - 로딩 마스크가 사라지기를 기다리는 중...
2025-09-19 23:07:47,646 - INFO - [scripts.adrule.logic.scraper] - 페이지 최종 렌더링을 잠시 대기합니다...
2025-09-19 23:07:48,650 - INFO - [scripts.adrule.logic.scraper] - 페이지 HTML 컨텐츠를 가져오는 중...
2025-09-19 23:07:48,663 - INFO - [scripts.adrule.logic.scraper] - 데이터 파싱 중...
2025-09-19 23:07:48,707 - INFO - [scripts.adrule.logic.scraper] - 유형 2: 텍스트 기반 비정형 구조 감지
2025-09-19 23:07:48,715 - INFO - [scripts.adrule.logic.scraper] - 데이터 1건을 '/Users/woong/Roeum/roeum-crawler/data/raw/adrule/1492000/국가기술자격의 종목별 관련학과 고시_document.jsonl' 파일로 성공적으로 저장했습니다.
2025-09-19 23:07:48,715 - INFO - [scripts.adrule.logic.scraper] - 데이터 2건을 '/Users/woong/Roeum/roeum-crawler/data/raw/adrule/1492000/국가기술자격의 종목별 관련학과 고시_chunks.jsonl' 파일로 성공적으로 저장했습니다.
2025-09-19 23:07:48,764 - INFO - [__main__] - 상세 페이지 스크레이퍼 완료: 국가기술자격의 종목별 관련학과 고시
2025-09-19 23:07:50,477 - INFO - [__main__] - 상세 페이지 스크레이퍼 실행: https://www.law.go.kr/admRulInfoP.do?admRulSeq=2100000233294
2025-09-19 23:07:50,893 - INFO - [scripts.adrule.logic.scraper] - 페이지로 이동 중: https://www.law.go.kr/admRulInfoP.do?admRulSeq=2100000233294
2025-09-19 23:07:51,538 - INFO - [scripts.adrule.logic.scraper] - 로딩 마스크가 나타나기를 기다리는 중...
2025-09-19 23:07:51,559 - INFO - [scripts.adrule.logic.scraper] - 로딩 마스크가 사라지기를 기다리는 중...
2025-09-19 23:07:51,665 - INFO - [scripts.adrule.logic.scraper] - 페이지 최종 렌더링을 잠시 대기합니다...
2025-09-19 23:07:52,669 - INFO - [scripts.adrule.logic.scraper] - 페이지 HTML 컨텐츠를 가져오는 중...
2025-09-19 23:07:52,684 - INFO - [scripts.adrule.logic.scraper] - 데이터 파싱 중...
2025-09-19 23:07:52,748 - INFO - [scripts.adrule.logic.scraper] - 유형 1: 정형화된 법령 구조 감지
2025-09-19 23:07:52,813 - INFO - [scripts.adrule.logic.scraper] - 데이터 1건을 '/Users/woong/Roeum/roeum-crawler/data/raw/adrule/1492000/국가기술자격 정책심의위원회 운영규정_document.jsonl' 파일로 성공적으로 저장했습니다.
2025-09-19 23:07:52,813 - INFO - [scripts.adrule.logic.scraper] - 데이터 17건을 '/Users/woong/Roeum/roeum-crawler/data/raw/adrule/1492000/국가기술자격 정책심의위원회 운영규정_chunks.jsonl' 파일로 성공적으로 저장했습니다.
2025-09-19 23:07:52,844 - INFO - [__main__] - 상세 페이지 스크레이퍼 완료: 국가기술자격 정책심의위원회 운영규정
2025-09-19 23:07:55,911 - INFO - [__main__] - 상세 페이지 스크레이퍼 실행: https://www.law.go.kr/admRulInfoP.do?admRulSeq=2100000262392
2025-09-19 23:07:57,129 - INFO - [scripts.adrule.logic.scraper] - 페이지로 이동 중: https://www.law.go.kr/admRulInfoP.do?admRulSeq=2100000262392
2025-09-19 23:07:57,726 - INFO - [scripts.adrule.logic.scraper] - 로딩 마스크가 나타나기를 기다리는 중...
2025-09-19 23:07:57,769 - INFO - [scripts.adrule.logic.scraper] - 로딩 마스크가 사라지기를 기다리는 중...
2025-09-19 23:07:57,855 - INFO - [scripts.adrule.logic.scraper] - 페이지 최종 렌더링을 잠시 대기합니다...
2025-09-19 23:07:58,859 - INFO - [scripts.adrule.logic.scraper] - 페이지 HTML 컨텐츠를 가져오는 중...
2025-09-19 23:07:58,875 - INFO - [scripts.adrule.logic.scraper] - 데이터 파싱 중...
2025-09-19 23:07:58,924 - INFO - [scripts.adrule.logic.scraper] - 유형 2: 텍스트 기반 비정형 구조 감지
2025-09-19 23:07:58,932 - INFO - [scripts.adrule.logic.scraper] - 데이터 1건을 '/Users/woong/Roeum/roeum-crawler/data/raw/adrule/1492000/국가별·업종별 취업교육기관 지정 고시_document.jsonl' 파일로 성공적으로 저장했습니다.
2025-09-19 23:07:58,932 - INFO - [scripts.adrule.logic.scraper] - 데이터 2건을 '/Users/woong/Roeum/roeum-crawler/data/raw/adrule/1492000/국가별·업종별 취업교육기관 지정 고시_chunks.jsonl' 파일로 성공적으로 저장했습니다.
2025-09-19 23:07:58,985 - INFO - [__main__] - 상세 페이지 스크레이퍼 완료: 국가별·업종별 취업교육기관 지정 고시
2025-09-19 23:08:00,808 - INFO - [__main__] - 상세 페이지 스크레이퍼 실행: https://www.law.go.kr/admRulInfoP.do?admRulSeq=2100000234820
2025-09-19 23:08:01,423 - INFO - [scripts.adrule.logic.scraper] - 페이지로 이동 중: https://www.law.go.kr/admRulInfoP.do?admRulSeq=2100000234820
2025-09-19 23:08:02,015 - INFO - [scripts.adrule.logic.scraper] - 로딩 마스크가 나타나기를 기다리는 중...
2025-09-19 23:08:02,037 - INFO - [scripts.adrule.logic.scraper] - 로딩 마스크가 사라지기를 기다리는 중...
2025-09-19 23:08:02,154 - INFO - [scripts.adrule.logic.scraper] - 페이지 최종 렌더링을 잠시 대기합니다...
2025-09-19 23:08:03,157 - INFO - [scripts.adrule.logic.scraper] - 페이지 HTML 컨텐츠를 가져오는 중...
2025-09-19 23:08:03,169 - INFO - [scripts.adrule.logic.scraper] - 데이터 파싱 중...
2025-09-19 23:08:03,255 - INFO - [scripts.adrule.logic.scraper] - 유형 1: 정형화된 법령 구조 감지
2025-09-19 23:08:03,285 - INFO - [scripts.adrule.logic.scraper] - 데이터 1건을 '/Users/woong/Roeum/roeum-crawler/data/raw/adrule/1492000/국가인적자원개발컨소시엄운영규정_document.jsonl' 파일로 성공적으로 저장했습니다.
2025-09-19 23:08:03,286 - INFO - [scripts.adrule.logic.scraper] - 데이터 28건을 '/Users/woong/Roeum/roeum-crawler/data/raw/adrule/1492000/국가인적자원개발컨소시엄운영규정_chunks.jsonl' 파일로 성공적으로 저장했습니다.
2025-09-19 23:08:03,315 - INFO - [__main__] - 상세 페이지 스크레이퍼 완료: 국가인적자원개발컨소시엄운영규정
2025-09-19 23:08:04,820 - INFO - [__main__] - 상세 페이지 스크레이퍼 실행: https://www.law.go.kr/admRulInfoP.do?admRulSeq=2100000250170
2025-09-19 23:08:05,222 - INFO - [scripts.adrule.logic.scraper] - 페이지로 이동 중: https://www.law.go.kr/admRulInfoP.do?admRulSeq=2100000250170
2025-09-19 23:08:05,862 - INFO - [scripts.adrule.logic.scraper] - 로딩 마스크가 나타나기를 기다리는 중...
2025-09-19 23:08:05,888 - INFO - [scripts.adrule.logic.scraper] - 로딩 마스크가 사라지기를 기다리는 중...
2025-09-19 23:08:05,973 - INFO - [scripts.adrule.logic.scraper] - 페이지 최종 렌더링을 잠시 대기합니다...
2025-09-19 23:08:06,987 - INFO - [scripts.adrule.logic.scraper] - 페이지 HTML 컨텐츠를 가져오는 중...
2025-09-19 23:08:07,012 - INFO - [scripts.adrule.logic.scraper] - 데이터 파싱 중...
2025-09-19 23:08:07,102 - INFO - [scripts.adrule.logic.scraper] - 유형 1: 정형화된 법령 구조 감지
2025-09-19 23:08:07,181 - INFO - [scripts.adrule.logic.scraper] - 데이터 1건을 '/Users/woong/Roeum/roeum-crawler/data/raw/adrule/1492000/국가직무능력표준 개발·개선 및 폐지 등에 관한 규정_document.jsonl' 파일로 성공적으로 저장했습니다.
2025-09-19 23:08:07,181 - INFO - [scripts.adrule.logic.scraper] - 데이터 17건을 '/Users/woong/Roeum/roeum-crawler/data/raw/adrule/1492000/국가직무능력표준 개발·개선 및 폐지 등에 관한 규정_chunks.jsonl' 파일로 성공적으로 저장했습니다.
2025-09-19 23:08:07,238 - INFO - [__main__] - 상세 페이지 스크레이퍼 완료: 국가직무능력표준 개발·개선 및 폐지 등에 관한 규정
2025-09-19 23:08:09,355 - INFO - [__main__] - 상세 페이지 스크레이퍼 실행: https://www.law.go.kr/admRulInfoP.do?admRulSeq=2100000250168
2025-09-19 23:08:09,828 - INFO - [scripts.adrule.logic.scraper] - 페이지로 이동 중: https://www.law.go.kr/admRulInfoP.do?admRulSeq=2100000250168
2025-09-19 23:08:10,435 - INFO - [scripts.adrule.logic.scraper] - 로딩 마스크가 나타나기를 기다리는 중...
2025-09-19 23:08:10,456 - INFO - [scripts.adrule.logic.scraper] - 로딩 마스크가 사라지기를 기다리는 중...
2025-09-19 23:08:10,647 - INFO - [scripts.adrule.logic.scraper] - 페이지 최종 렌더링을 잠시 대기합니다...
2025-09-19 23:08:11,648 - INFO - [scripts.adrule.logic.scraper] - 페이지 HTML 컨텐츠를 가져오는 중...
2025-09-19 23:08:11,655 - INFO - [scripts.adrule.logic.scraper] - 데이터 파싱 중...
2025-09-19 23:08:11,689 - INFO - [scripts.adrule.logic.scraper] - 유형 2: 텍스트 기반 비정형 구조 감지
2025-09-19 23:08:11,698 - INFO - [scripts.adrule.logic.scraper] - 데이터 1건을 '/Users/woong/Roeum/roeum-crawler/data/raw/adrule/1492000/국가직무능력표준 고시_document.jsonl' 파일로 성공적으로 저장했습니다.
2025-09-19 23:08:11,698 - INFO - [scripts.adrule.logic.scraper] - 데이터 1건을 '/Users/woong/Roeum/roeum-crawler/data/raw/adrule/1492000/국가직무능력표준 고시_chunks.jsonl' 파일로 성공적으로 저장했습니다.
2025-09-19 23:08:11,725 - INFO - [__main__] - 상세 페이지 스크레이퍼 완료: 국가직무능력표준 고시
2025-09-19 23:08:13,386 - INFO - [__main__] - 상세 페이지 스크레이퍼 실행: https://www.law.go.kr/admRulInfoP.do?admRulSeq=2100000036921
2025-09-19 23:08:13,794 - INFO - [scripts.adrule.logic.scraper] - 페이지로 이동 중: https://www.law.go.kr/admRulInfoP.do?admRulSeq=2100000036921
2025-09-19 23:08:14,416 - INFO - [scripts.adrule.logic.scraper] - 로딩 마스크가 나타나기를 기다리는 중...
2025-09-19 23:08:14,469 - INFO - [scripts.adrule.logic.scraper] - 로딩 마스크가 사라지기를 기다리는 중...
2025-09-19 23:08:14,514 - INFO - [scripts.adrule.logic.scraper] - 페이지 최종 렌더링을 잠시 대기합니다...
2025-09-19 23:08:15,518 - INFO - [scripts.adrule.logic.scraper] - 페이지 HTML 컨텐츠를 가져오는 중...
2025-09-19 23:08:15,524 - INFO - [scripts.adrule.logic.scraper] - 데이터 파싱 중...
2025-09-19 23:08:15,561 - INFO - [scripts.adrule.logic.scraper] - 유형 1: 정형화된 법령 구조 감지
2025-09-19 23:08:15,572 - INFO - [scripts.adrule.logic.scraper] - 데이터 1건을 '/Users/woong/Roeum/roeum-crawler/data/raw/adrule/1492000/국내 근로자공급사업 허가관리 규정_document.jsonl' 파일로 성공적으로 저장했습니다.
2025-09-19 23:08:15,572 - INFO - [scripts.adrule.logic.scraper] - 데이터 9건을 '/Users/woong/Roeum/roeum-crawler/data/raw/adrule/1492000/국내 근로자공급사업 허가관리 규정_chunks.jsonl' 파일로 성공적으로 저장했습니다.
2025-09-19 23:08:15,603 - INFO - [__main__] - 상세 페이지 스크레이퍼 완료: 국내 근로자공급사업 허가관리 규정
2025-09-19 23:08:17,197 - INFO - [__main__] - 상세 페이지 스크레이퍼 실행: https://www.law.go.kr/admRulInfoP.do?admRulSeq=2100000081610
2025-09-19 23:08:17,626 - INFO - [scripts.adrule.logic.scraper] - 페이지로 이동 중: https://www.law.go.kr/admRulInfoP.do?admRulSeq=2100000081610
2025-09-19 23:08:18,181 - INFO - [scripts.adrule.logic.scraper] - 로딩 마스크가 나타나기를 기다리는 중...
2025-09-19 23:08:18,201 - INFO - [scripts.adrule.logic.scraper] - 로딩 마스크가 사라지기를 기다리는 중...
2025-09-19 23:08:18,992 - INFO - [scripts.adrule.logic.scraper] - 페이지 최종 렌더링을 잠시 대기합니다...
2025-09-19 23:08:19,999 - INFO - [scripts.adrule.logic.scraper] - 페이지 HTML 컨텐츠를 가져오는 중...
2025-09-19 23:08:20,011 - INFO - [scripts.adrule.logic.scraper] - 데이터 파싱 중...
2025-09-19 23:08:20,064 - INFO - [scripts.adrule.logic.scraper] - 유형 2: 텍스트 기반 비정형 구조 감지
2025-09-19 23:08:20,072 - INFO - [scripts.adrule.logic.scraper] - 데이터 1건을 '/Users/woong/Roeum/roeum-crawler/data/raw/adrule/1492000/국내유료직업소개요금 등 고시_document.jsonl' 파일로 성공적으로 저장했습니다.
2025-09-19 23:08:20,072 - INFO - [scripts.adrule.logic.scraper] - 데이터 1건을 '/Users/woong/Roeum/roeum-crawler/data/raw/adrule/1492000/국내유료직업소개요금 등 고시_chunks.jsonl' 파일로 성공적으로 저장했습니다.
2025-09-19 23:08:20,100 - INFO - [__main__] - 상세 페이지 스크레이퍼 완료: 국내유료직업소개요금 등 고시
2025-09-19 23:08:21,626 - INFO - [__main__] - 상세 페이지 스크레이퍼 실행: https://www.law.go.kr/admRulInfoP.do?admRulSeq=2100000262608
2025-09-19 23:08:22,038 - INFO - [scripts.adrule.logic.scraper] - 페이지로 이동 중: https://www.law.go.kr/admRulInfoP.do?admRulSeq=2100000262608
2025-09-19 23:08:22,693 - INFO - [scripts.adrule.logic.scraper] - 로딩 마스크가 나타나기를 기다리는 중...
2025-09-19 23:08:22,715 - INFO - [scripts.adrule.logic.scraper] - 로딩 마스크가 사라지기를 기다리는 중...
2025-09-19 23:08:23,537 - INFO - [scripts.adrule.logic.scraper] - 페이지 최종 렌더링을 잠시 대기합니다...
2025-09-19 23:08:24,569 - INFO - [scripts.adrule.logic.scraper] - 페이지 HTML 컨텐츠를 가져오는 중...
2025-09-19 23:08:24,609 - INFO - [scripts.adrule.logic.scraper] - 데이터 파싱 중...
2025-09-19 23:08:24,912 - INFO - [scripts.adrule.logic.scraper] - 유형 1: 정형화된 법령 구조 감지
2025-09-19 23:08:25,166 - INFO - [scripts.adrule.logic.scraper] - 데이터 1건을 '/Users/woong/Roeum/roeum-crawler/data/raw/adrule/1492000/국민내일배움카드 운영규정_document.jsonl' 파일로 성공적으로 저장했습니다.
2025-09-19 23:08:25,168 - INFO - [scripts.adrule.logic.scraper] - 데이터 64건을 '/Users/woong/Roeum/roeum-crawler/data/raw/adrule/1492000/국민내일배움카드 운영규정_chunks.jsonl' 파일로 성공적으로 저장했습니다.
2025-09-19 23:08:25,240 - INFO - [__main__] - 상세 페이지 스크레이퍼 완료: 국민내일배움카드 운영규정
2025-09-19 23:08:27,145 - INFO - [__main__] - 상세 페이지 스크레이퍼 실행: https://www.law.go.kr/admRulInfoP.do?admRulSeq=2100000231072
2025-09-19 23:08:27,673 - INFO - [scripts.adrule.logic.scraper] - 페이지로 이동 중: https://www.law.go.kr/admRulInfoP.do?admRulSeq=2100000231072
2025-09-19 23:08:28,251 - INFO - [scripts.adrule.logic.scraper] - 로딩 마스크가 나타나기를 기다리는 중...
2025-09-19 23:08:28,272 - INFO - [scripts.adrule.logic.scraper] - 로딩 마스크가 사라지기를 기다리는 중...
2025-09-19 23:08:29,077 - INFO - [scripts.adrule.logic.scraper] - 페이지 최종 렌더링을 잠시 대기합니다...
2025-09-19 23:08:30,081 - INFO - [scripts.adrule.logic.scraper] - 페이지 HTML 컨텐츠를 가져오는 중...
2025-09-19 23:08:30,094 - INFO - [scripts.adrule.logic.scraper] - 데이터 파싱 중...
2025-09-19 23:08:30,138 - INFO - [scripts.adrule.logic.scraper] - 유형 2: 텍스트 기반 비정형 구조 감지
2025-09-19 23:08:30,144 - INFO - [scripts.adrule.logic.scraper] - 데이터 1건을 '/Users/woong/Roeum/roeum-crawler/data/raw/adrule/1492000/국민임대주택 및 통합공공임대주택 우선공급 대상에 해당하는 비정규직 근로자_document.jsonl' 파일로 성공적으로 저장했습니다.
2025-09-19 23:08:30,144 - INFO - [scripts.adrule.logic.scraper] - 데이터 2건을 '/Users/woong/Roeum/roeum-crawler/data/raw/adrule/1492000/국민임대주택 및 통합공공임대주택 우선공급 대상에 해당하는 비정규직 근로자_chunks.jsonl' 파일로 성공적으로 저장했습니다.
2025-09-19 23:08:30,177 - INFO - [__main__] - 상세 페이지 스크레이퍼 완료: 국민임대주택 및 통합공공임대주택 우선공급 대상에 해당하는 비정규직 근로자
2025-09-19 23:08:31,707 - INFO - [__main__] - 상세 페이지 스크레이퍼 실행: https://www.law.go.kr/admRulInfoP.do?admRulSeq=2100000263144
2025-09-19 23:08:32,074 - INFO - [scripts.adrule.logic.scraper] - 페이지로 이동 중: https://www.law.go.kr/admRulInfoP.do?admRulSeq=2100000263144
2025-09-19 23:08:32,786 - INFO - [scripts.adrule.logic.scraper] - 로딩 마스크가 나타나기를 기다리는 중...
2025-09-19 23:08:32,805 - INFO - [scripts.adrule.logic.scraper] - 로딩 마스크가 사라지기를 기다리는 중...
2025-09-19 23:08:33,602 - INFO - [scripts.adrule.logic.scraper] - 페이지 최종 렌더링을 잠시 대기합니다...
2025-09-19 23:08:34,606 - INFO - [scripts.adrule.logic.scraper] - 페이지 HTML 컨텐츠를 가져오는 중...
2025-09-19 23:08:34,618 - INFO - [scripts.adrule.logic.scraper] - 데이터 파싱 중...
2025-09-19 23:08:34,687 - INFO - [scripts.adrule.logic.scraper] - 유형 1: 정형화된 법령 구조 감지
2025-09-19 23:08:34,708 - INFO - [scripts.adrule.logic.scraper] - 데이터 1건을 '/Users/woong/Roeum/roeum-crawler/data/raw/adrule/1492000/국민취업지원제도 운영규정_document.jsonl' 파일로 성공적으로 저장했습니다.
2025-09-19 23:08:34,708 - INFO - [scripts.adrule.logic.scraper] - 데이터 17건을 '/Users/woong/Roeum/roeum-crawler/data/raw/adrule/1492000/국민취업지원제도 운영규정_chunks.jsonl' 파일로 성공적으로 저장했습니다.
2025-09-19 23:08:34,731 - INFO - [__main__] - 상세 페이지 스크레이퍼 완료: 국민취업지원제도 운영규정
2025-09-19 23:08:36,245 - INFO - [__main__] - 상세 페이지 스크레이퍼 실행: https://www.law.go.kr/admRulInfoP.do?admRulSeq=2100000206120
2025-09-19 23:08:36,569 - INFO - [scripts.adrule.logic.scraper] - 페이지로 이동 중: https://www.law.go.kr/admRulInfoP.do?admRulSeq=2100000206120
2025-09-19 23:08:37,178 - INFO - [scripts.adrule.logic.scraper] - 로딩 마스크가 나타나기를 기다리는 중...
2025-09-19 23:08:37,197 - INFO - [scripts.adrule.logic.scraper] - 로딩 마스크가 사라지기를 기다리는 중...
2025-09-19 23:08:37,278 - INFO - [scripts.adrule.logic.scraper] - 페이지 최종 렌더링을 잠시 대기합니다...
2025-09-19 23:08:38,281 - INFO - [scripts.adrule.logic.scraper] - 페이지 HTML 컨텐츠를 가져오는 중...
2025-09-19 23:08:38,296 - INFO - [scripts.adrule.logic.scraper] - 데이터 파싱 중...
2025-09-19 23:08:38,351 - INFO - [scripts.adrule.logic.scraper] - 유형 1: 정형화된 법령 구조 감지
2025-09-19 23:08:38,364 - INFO - [scripts.adrule.logic.scraper] - 데이터 1건을 '/Users/woong/Roeum/roeum-crawler/data/raw/adrule/1492000/국민취업지원제도 지급금 등 지급사무규정_document.jsonl' 파일로 성공적으로 저장했습니다.
2025-09-19 23:08:38,364 - INFO - [scripts.adrule.logic.scraper] - 데이터 15건을 '/Users/woong/Roeum/roeum-crawler/data/raw/adrule/1492000/국민취업지원제도 지급금 등 지급사무규정_chunks.jsonl' 파일로 성공적으로 저장했습니다.
2025-09-19 23:08:38,385 - INFO - [__main__] - 상세 페이지 스크레이퍼 완료: 국민취업지원제도 지급금 등 지급사무규정
2025-09-19 23:08:39,959 - INFO - [__main__] - 상세 페이지 스크레이퍼 실행: https://www.law.go.kr/admRulInfoP.do?admRulSeq=2100000039020
2025-09-19 23:08:40,396 - INFO - [scripts.adrule.logic.scraper] - 페이지로 이동 중: https://www.law.go.kr/admRulInfoP.do?admRulSeq=2100000039020
2025-09-19 23:08:40,899 - INFO - [scripts.adrule.logic.scraper] - 로딩 마스크가 나타나기를 기다리는 중...
2025-09-19 23:08:40,931 - INFO - [scripts.adrule.logic.scraper] - 로딩 마스크가 사라지기를 기다리는 중...
2025-09-19 23:08:41,014 - INFO - [scripts.adrule.logic.scraper] - 페이지 최종 렌더링을 잠시 대기합니다...
2025-09-19 23:08:42,017 - INFO - [scripts.adrule.logic.scraper] - 페이지 HTML 컨텐츠를 가져오는 중...
2025-09-19 23:08:42,032 - INFO - [scripts.adrule.logic.scraper] - 데이터 파싱 중...
2025-09-19 23:08:42,084 - INFO - [scripts.adrule.logic.scraper] - 유형 2: 텍스트 기반 비정형 구조 감지
2025-09-19 23:08:42,089 - INFO - [scripts.adrule.logic.scraper] - 데이터 1건을 '/Users/woong/Roeum/roeum-crawler/data/raw/adrule/1492000/국외유료직업소개요금등 고시_document.jsonl' 파일로 성공적으로 저장했습니다.
2025-09-19 23:08:42,089 - INFO - [scripts.adrule.logic.scraper] - 데이터 2건을 '/Users/woong/Roeum/roeum-crawler/data/raw/adrule/1492000/국외유료직업소개요금등 고시_chunks.jsonl' 파일로 성공적으로 저장했습니다.
2025-09-19 23:08:42,132 - INFO - [__main__] - 상세 페이지 스크레이퍼 완료: 국외유료직업소개요금등 고시
2025-09-19 23:08:43,769 - INFO - [__main__] - 상세 페이지 스크레이퍼 실행: https://www.law.go.kr/admRulInfoP.do?admRulSeq=2100000106752
2025-09-19 23:08:44,234 - INFO - [scripts.adrule.logic.scraper] - 페이지로 이동 중: https://www.law.go.kr/admRulInfoP.do?admRulSeq=2100000106752
2025-09-19 23:08:44,943 - INFO - [scripts.adrule.logic.scraper] - 로딩 마스크가 나타나기를 기다리는 중...
2025-09-19 23:08:44,967 - INFO - [scripts.adrule.logic.scraper] - 로딩 마스크가 사라지기를 기다리는 중...
2025-09-19 23:08:45,148 - INFO - [scripts.adrule.logic.scraper] - 페이지 최종 렌더링을 잠시 대기합니다...
2025-09-19 23:08:46,150 - INFO - [scripts.adrule.logic.scraper] - 페이지 HTML 컨텐츠를 가져오는 중...
2025-09-19 23:08:46,156 - INFO - [scripts.adrule.logic.scraper] - 데이터 파싱 중...
2025-09-19 23:08:46,192 - INFO - [scripts.adrule.logic.scraper] - 유형 1: 정형화된 법령 구조 감지
2025-09-19 23:08:46,204 - INFO - [scripts.adrule.logic.scraper] - 데이터 1건을 '/Users/woong/Roeum/roeum-crawler/data/raw/adrule/1492000/국외취업희망자 등록 및 알선규정_document.jsonl' 파일로 성공적으로 저장했습니다.
2025-09-19 23:08:46,204 - INFO - [scripts.adrule.logic.scraper] - 데이터 18건을 '/Users/woong/Roeum/roeum-crawler/data/raw/adrule/1492000/국외취업희망자 등록 및 알선규정_chunks.jsonl' 파일로 성공적으로 저장했습니다.
2025-09-19 23:08:46,232 - INFO - [__main__] - 상세 페이지 스크레이퍼 완료: 국외취업희망자 등록 및 알선규정
2025-09-19 23:08:47,763 - INFO - [__main__] - 상세 페이지 스크레이퍼 실행: https://www.law.go.kr/admRulInfoP.do?admRulSeq=2100000205162
2025-09-19 23:08:48,131 - INFO - [scripts.adrule.logic.scraper] - 페이지로 이동 중: https://www.law.go.kr/admRulInfoP.do?admRulSeq=2100000205162
2025-09-19 23:08:48,686 - INFO - [scripts.adrule.logic.scraper] - 로딩 마스크가 나타나기를 기다리는 중...
2025-09-19 23:08:48,706 - INFO - [scripts.adrule.logic.scraper] - 로딩 마스크가 사라지기를 기다리는 중...
2025-09-19 23:08:48,789 - INFO - [scripts.adrule.logic.scraper] - 페이지 최종 렌더링을 잠시 대기합니다...
2025-09-19 23:08:49,791 - INFO - [scripts.adrule.logic.scraper] - 페이지 HTML 컨텐츠를 가져오는 중...
2025-09-19 23:08:49,803 - INFO - [scripts.adrule.logic.scraper] - 데이터 파싱 중...
2025-09-19 23:08:49,834 - INFO - [scripts.adrule.logic.scraper] - 유형 1: 정형화된 법령 구조 감지
2025-09-19 23:08:49,842 - INFO - [scripts.adrule.logic.scraper] - 데이터 1건을 '/Users/woong/Roeum/roeum-crawler/data/raw/adrule/1492000/국제고용노동정책협의회 운영규정_document.jsonl' 파일로 성공적으로 저장했습니다.
2025-09-19 23:08:49,842 - INFO - [scripts.adrule.logic.scraper] - 데이터 9건을 '/Users/woong/Roeum/roeum-crawler/data/raw/adrule/1492000/국제고용노동정책협의회 운영규정_chunks.jsonl' 파일로 성공적으로 저장했습니다.
2025-09-19 23:08:49,864 - INFO - [__main__] - 상세 페이지 스크레이퍼 완료: 국제고용노동정책협의회 운영규정
2025-09-19 23:08:51,536 - INFO - [__main__] - 상세 페이지 스크레이퍼 실행: https://www.law.go.kr/admRulInfoP.do?admRulSeq=2100000178630
2025-09-19 23:08:51,914 - INFO - [scripts.adrule.logic.scraper] - 페이지로 이동 중: https://www.law.go.kr/admRulInfoP.do?admRulSeq=2100000178630
2025-09-19 23:08:52,588 - INFO - [scripts.adrule.logic.scraper] - 로딩 마스크가 나타나기를 기다리는 중...
2025-09-19 23:08:52,607 - INFO - [scripts.adrule.logic.scraper] - 로딩 마스크가 사라지기를 기다리는 중...
2025-09-19 23:08:52,814 - INFO - [scripts.adrule.logic.scraper] - 페이지 최종 렌더링을 잠시 대기합니다...
2025-09-19 23:08:54,008 - INFO - [scripts.adrule.logic.scraper] - 페이지 HTML 컨텐츠를 가져오는 중...
2025-09-19 23:08:54,125 - INFO - [scripts.adrule.logic.scraper] - 데이터 파싱 중...
2025-09-19 23:08:54,380 - INFO - [scripts.adrule.logic.scraper] - 유형 1: 정형화된 법령 구조 감지
2025-09-19 23:08:54,555 - INFO - [scripts.adrule.logic.scraper] - 데이터 1건을 '/Users/woong/Roeum/roeum-crawler/data/raw/adrule/1492000/국제기능올림픽대회 한국위원회 및 전국기능경기위원회의 구성 및 운영에 관한 규정_document.jsonl' 파일로 성공적으로 저장했습니다.
2025-09-19 23:08:54,557 - INFO - [scripts.adrule.logic.scraper] - 데이터 18건을 '/Users/woong/Roeum/roeum-crawler/data/raw/adrule/1492000/국제기능올림픽대회 한국위원회 및 전국기능경기위원회의 구성 및 운영에 관한 규정_chunks.jsonl' 파일로 성공적으로 저장했습니다.
2025-09-19 23:08:54,619 - INFO - [__main__] - 상세 페이지 스크레이퍼 완료: 국제기능올림픽대회 한국위원회 및 전국기능경기위원회의 구성 및 운영에 관한 규정
2025-09-19 23:08:57,129 - INFO - [__main__] - 상세 페이지 스크레이퍼 실행: https://www.law.go.kr/admRulInfoP.do?admRulSeq=2100000226002
2025-09-19 23:08:58,432 - INFO - [scripts.adrule.logic.scraper] - 페이지로 이동 중: https://www.law.go.kr/admRulInfoP.do?admRulSeq=2100000226002
2025-09-19 23:08:59,177 - INFO - [scripts.adrule.logic.scraper] - 로딩 마스크가 나타나기를 기다리는 중...
2025-09-19 23:08:59,207 - INFO - [scripts.adrule.logic.scraper] - 로딩 마스크가 사라지기를 기다리는 중...
2025-09-19 23:08:59,324 - INFO - [scripts.adrule.logic.scraper] - 페이지 최종 렌더링을 잠시 대기합니다...
2025-09-19 23:09:00,327 - INFO - [scripts.adrule.logic.scraper] - 페이지 HTML 컨텐츠를 가져오는 중...
2025-09-19 23:09:00,360 - INFO - [scripts.adrule.logic.scraper] - 데이터 파싱 중...
2025-09-19 23:09:00,535 - INFO - [scripts.adrule.logic.scraper] - 유형 1: 정형화된 법령 구조 감지
2025-09-19 23:09:00,586 - INFO - [scripts.adrule.logic.scraper] - 데이터 1건을 '/Users/woong/Roeum/roeum-crawler/data/raw/adrule/1492000/굴착공사 표준안전 작업지침_document.jsonl' 파일로 성공적으로 저장했습니다.
2025-09-19 23:09:00,587 - INFO - [scripts.adrule.logic.scraper] - 데이터 36건을 '/Users/woong/Roeum/roeum-crawler/data/raw/adrule/1492000/굴착공사 표준안전 작업지침_chunks.jsonl' 파일로 성공적으로 저장했습니다.
2025-09-19 23:09:00,711 - INFO - [__main__] - 상세 페이지 스크레이퍼 완료: 굴착공사 표준안전 작업지침
2025-09-19 23:09:02,831 - INFO - [__main__] - 상세 페이지 스크레이퍼 실행: https://www.law.go.kr/admRulInfoP.do?admRulSeq=2100000207932
2025-09-19 23:09:03,741 - INFO - [scripts.adrule.logic.scraper] - 페이지로 이동 중: https://www.law.go.kr/admRulInfoP.do?admRulSeq=2100000207932
2025-09-19 23:09:04,300 - INFO - [scripts.adrule.logic.scraper] - 로딩 마스크가 나타나기를 기다리는 중...
2025-09-19 23:09:04,320 - INFO - [scripts.adrule.logic.scraper] - 로딩 마스크가 사라지기를 기다리는 중...
2025-09-19 23:09:04,401 - INFO - [scripts.adrule.logic.scraper] - 페이지 최종 렌더링을 잠시 대기합니다...
2025-09-19 23:09:05,403 - INFO - [scripts.adrule.logic.scraper] - 페이지 HTML 컨텐츠를 가져오는 중...
2025-09-19 23:09:05,413 - INFO - [scripts.adrule.logic.scraper] - 데이터 파싱 중...
2025-09-19 23:09:05,442 - INFO - [scripts.adrule.logic.scraper] - 유형 2: 텍스트 기반 비정형 구조 감지
2025-09-19 23:09:05,447 - INFO - [scripts.adrule.logic.scraper] - 데이터 1건을 '/Users/woong/Roeum/roeum-crawler/data/raw/adrule/1492000/권리구제업무 대리인 선임 신청을 할 수 있는 사람의 기준이 되는 월평균임금 고시_document.jsonl' 파일로 성공적으로 저장했습니다.
2025-09-19 23:09:05,447 - INFO - [scripts.adrule.logic.scraper] - 데이터 1건을 '/Users/woong/Roeum/roeum-crawler/data/raw/adrule/1492000/권리구제업무 대리인 선임 신청을 할 수 있는 사람의 기준이 되는 월평균임금 고시_chunks.jsonl' 파일로 성공적으로 저장했습니다.
2025-09-19 23:09:05,479 - INFO - [__main__] - 상세 페이지 스크레이퍼 완료: 권리구제업무 대리인 선임 신청을 할 수 있는 사람의 기준이 되는 월평균임금 고시
2025-09-19 23:09:07,148 - INFO - [__main__] - 상세 페이지 스크레이퍼 실행: https://www.law.go.kr/admRulInfoP.do?admRulSeq=2100000185793
2025-09-19 23:09:07,598 - INFO - [scripts.adrule.logic.scraper] - 페이지로 이동 중: https://www.law.go.kr/admRulInfoP.do?admRulSeq=2100000185793
2025-09-19 23:09:08,179 - INFO - [scripts.adrule.logic.scraper] - 로딩 마스크가 나타나기를 기다리는 중...
2025-09-19 23:09:08,207 - INFO - [scripts.adrule.logic.scraper] - 로딩 마스크가 사라지기를 기다리는 중...
2025-09-19 23:09:08,245 - INFO - [scripts.adrule.logic.scraper] - 페이지 최종 렌더링을 잠시 대기합니다...
2025-09-19 23:09:09,258 - INFO - [scripts.adrule.logic.scraper] - 페이지 HTML 컨텐츠를 가져오는 중...
2025-09-19 23:09:09,314 - INFO - [scripts.adrule.logic.scraper] - 데이터 파싱 중...
2025-09-19 23:09:09,413 - INFO - [scripts.adrule.logic.scraper] - 유형 1: 정형화된 법령 구조 감지
2025-09-19 23:09:09,431 - INFO - [scripts.adrule.logic.scraper] - 데이터 1건을 '/Users/woong/Roeum/roeum-crawler/data/raw/adrule/1492000/근골격계부담작업의 범위 및 유해요인조사 방법에 관한 고시_document.jsonl' 파일로 성공적으로 저장했습니다.
2025-09-19 23:09:09,432 - INFO - [scripts.adrule.logic.scraper] - 데이터 5건을 '/Users/woong/Roeum/roeum-crawler/data/raw/adrule/1492000/근골격계부담작업의 범위 및 유해요인조사 방법에 관한 고시_chunks.jsonl' 파일로 성공적으로 저장했습니다.
2025-09-19 23:09:09,479 - INFO - [__main__] - 상세 페이지 스크레이퍼 완료: 근골격계부담작업의 범위 및 유해요인조사 방법에 관한 고시
2025-09-19 23:09:12,047 - INFO - [__main__] - 상세 페이지 스크레이퍼 실행: https://www.law.go.kr/admRulInfoP.do?admRulSeq=2100000243340
2025-09-19 23:09:13,175 - INFO - [scripts.adrule.logic.scraper] - 페이지로 이동 중: https://www.law.go.kr/admRulInfoP.do?admRulSeq=2100000243340
2025-09-19 23:09:13,811 - INFO - [scripts.adrule.logic.scraper] - 로딩 마스크가 나타나기를 기다리는 중...
2025-09-19 23:09:13,841 - INFO - [scripts.adrule.logic.scraper] - 로딩 마스크가 사라지기를 기다리는 중...
2025-09-19 23:09:14,179 - INFO - [scripts.adrule.logic.scraper] - 페이지 최종 렌더링을 잠시 대기합니다...
2025-09-19 23:09:15,194 - INFO - [scripts.adrule.logic.scraper] - 페이지 HTML 컨텐츠를 가져오는 중...
2025-09-19 23:09:15,240 - INFO - [scripts.adrule.logic.scraper] - 데이터 파싱 중...
2025-09-19 23:09:15,461 - INFO - [scripts.adrule.logic.scraper] - 유형 1: 정형화된 법령 구조 감지
2025-09-19 23:09:15,592 - INFO - [scripts.adrule.logic.scraper] - 데이터 1건을 '/Users/woong/Roeum/roeum-crawler/data/raw/adrule/1492000/근로감독관집무규정_document.jsonl' 파일로 성공적으로 저장했습니다.
2025-09-19 23:09:15,593 - INFO - [scripts.adrule.logic.scraper] - 데이터 91건을 '/Users/woong/Roeum/roeum-crawler/data/raw/adrule/1492000/근로감독관집무규정_chunks.jsonl' 파일로 성공적으로 저장했습니다.
2025-09-19 23:09:15,648 - INFO - [__main__] - 상세 페이지 스크레이퍼 완료: 근로감독관집무규정
2025-09-19 23:09:17,612 - INFO - [__main__] - 상세 페이지 스크레이퍼 실행: https://www.law.go.kr/admRulInfoP.do?admRulSeq=2100000246934
2025-09-19 23:09:18,309 - INFO - [scripts.adrule.logic.scraper] - 페이지로 이동 중: https://www.law.go.kr/admRulInfoP.do?admRulSeq=2100000246934
2025-09-19 23:09:18,910 - INFO - [scripts.adrule.logic.scraper] - 로딩 마스크가 나타나기를 기다리는 중...
2025-09-19 23:09:18,937 - INFO - [scripts.adrule.logic.scraper] - 로딩 마스크가 사라지기를 기다리는 중...
2025-09-19 23:09:19,126 - INFO - [scripts.adrule.logic.scraper] - 페이지 최종 렌더링을 잠시 대기합니다...
2025-09-19 23:09:20,161 - INFO - [scripts.adrule.logic.scraper] - 페이지 HTML 컨텐츠를 가져오는 중...
2025-09-19 23:09:20,244 - INFO - [scripts.adrule.logic.scraper] - 데이터 파싱 중...
2025-09-19 23:09:20,416 - INFO - [scripts.adrule.logic.scraper] - 유형 1: 정형화된 법령 구조 감지
2025-09-19 23:09:20,512 - INFO - [scripts.adrule.logic.scraper] - 데이터 1건을 '/Users/woong/Roeum/roeum-crawler/data/raw/adrule/1492000/근로감독관 집무규정(산업안전보건)_document.jsonl' 파일로 성공적으로 저장했습니다.
2025-09-19 23:09:20,514 - INFO - [scripts.adrule.logic.scraper] - 데이터 52건을 '/Users/woong/Roeum/roeum-crawler/data/raw/adrule/1492000/근로감독관 집무규정(산업안전보건)_chunks.jsonl' 파일로 성공적으로 저장했습니다.
2025-09-19 23:09:20,602 - INFO - [__main__] - 상세 페이지 스크레이퍼 완료: 근로감독관 집무규정(산업안전보건)
2025-09-19 23:09:22,959 - INFO - [__main__] - 상세 페이지 스크레이퍼 실행: https://www.law.go.kr/admRulInfoP.do?admRulSeq=2100000029601
2025-09-19 23:09:24,045 - INFO - [scripts.adrule.logic.scraper] - 페이지로 이동 중: https://www.law.go.kr/admRulInfoP.do?admRulSeq=2100000029601
2025-09-19 23:09:24,733 - INFO - [scripts.adrule.logic.scraper] - 로딩 마스크가 나타나기를 기다리는 중...
2025-09-19 23:09:25,773 - WARNING - [scripts.adrule.logic.scraper] - 로딩 마스크가 감지되지 않았습니다. 페이지 로드가 완료된 것으로 간주하고 계속 진행합니다.
2025-09-19 23:09:25,775 - INFO - [scripts.adrule.logic.scraper] - 페이지 최종 렌더링을 잠시 대기합니다...
2025-09-19 23:09:26,788 - INFO - [scripts.adrule.logic.scraper] - 페이지 HTML 컨텐츠를 가져오는 중...
2025-09-19 23:09:26,805 - INFO - [scripts.adrule.logic.scraper] - 데이터 파싱 중...
2025-09-19 23:09:26,863 - INFO - [scripts.adrule.logic.scraper] - 유형 1: 정형화된 법령 구조 감지
2025-09-19 23:09:26,876 - INFO - [scripts.adrule.logic.scraper] - 데이터 1건을 '/Users/woong/Roeum/roeum-crawler/data/raw/adrule/1492000/근로감독행정발전위원회규정_document.jsonl' 파일로 성공적으로 저장했습니다.
2025-09-19 23:09:26,876 - INFO - [scripts.adrule.logic.scraper] - 데이터 9건을 '/Users/woong/Roeum/roeum-crawler/data/raw/adrule/1492000/근로감독행정발전위원회규정_chunks.jsonl' 파일로 성공적으로 저장했습니다.
2025-09-19 23:09:26,920 - INFO - [__main__] - 상세 페이지 스크레이퍼 완료: 근로감독행정발전위원회규정
2025-09-19 23:09:29,808 - INFO - [__main__] - 상세 페이지 스크레이퍼 실행: https://www.law.go.kr/admRulInfoP.do?admRulSeq=2100000229722
2025-09-19 23:09:30,528 - INFO - [scripts.adrule.logic.scraper] - 페이지로 이동 중: https://www.law.go.kr/admRulInfoP.do?admRulSeq=2100000229722
2025-09-19 23:09:31,233 - INFO - [scripts.adrule.logic.scraper] - 로딩 마스크가 나타나기를 기다리는 중...
2025-09-19 23:09:31,258 - INFO - [scripts.adrule.logic.scraper] - 로딩 마스크가 사라지기를 기다리는 중...
2025-09-19 23:09:31,297 - INFO - [scripts.adrule.logic.scraper] - 페이지 최종 렌더링을 잠시 대기합니다...
2025-09-19 23:09:32,300 - INFO - [scripts.adrule.logic.scraper] - 페이지 HTML 컨텐츠를 가져오는 중...
2025-09-19 23:09:32,311 - INFO - [scripts.adrule.logic.scraper] - 데이터 파싱 중...
2025-09-19 23:09:32,380 - INFO - [scripts.adrule.logic.scraper] - 유형 1: 정형화된 법령 구조 감지
2025-09-19 23:09:32,386 - INFO - [scripts.adrule.logic.scraper] - 데이터 1건을 '/Users/woong/Roeum/roeum-crawler/data/raw/adrule/1492000/근로기준법 및 공인노무사법에 따른 과태료의 가중처분에 관한 세부 지침_document.jsonl' 파일로 성공적으로 저장했습니다.
2025-09-19 23:09:32,386 - INFO - [scripts.adrule.logic.scraper] - 데이터 3건을 '/Users/woong/Roeum/roeum-crawler/data/raw/adrule/1492000/근로기준법 및 공인노무사법에 따른 과태료의 가중처분에 관한 세부 지침_chunks.jsonl' 파일로 성공적으로 저장했습니다.
2025-09-19 23:09:32,412 - INFO - [__main__] - 상세 페이지 스크레이퍼 완료: 근로기준법 및 공인노무사법에 따른 과태료의 가중처분에 관한 세부 지침
2025-09-19 23:09:34,356 - INFO - [__main__] - 상세 페이지 스크레이퍼 실행: https://www.law.go.kr/admRulInfoP.do?admRulSeq=2100000260180
2025-09-19 23:09:34,758 - INFO - [scripts.adrule.logic.scraper] - 페이지로 이동 중: https://www.law.go.kr/admRulInfoP.do?admRulSeq=2100000260180
2025-09-19 23:09:35,354 - INFO - [scripts.adrule.logic.scraper] - 로딩 마스크가 나타나기를 기다리는 중...
2025-09-19 23:09:35,374 - INFO - [scripts.adrule.logic.scraper] - 로딩 마스크가 사라지기를 기다리는 중...
2025-09-19 23:09:35,658 - INFO - [scripts.adrule.logic.scraper] - 페이지 최종 렌더링을 잠시 대기합니다...
2025-09-19 23:09:36,661 - INFO - [scripts.adrule.logic.scraper] - 페이지 HTML 컨텐츠를 가져오는 중...
2025-09-19 23:09:36,678 - INFO - [scripts.adrule.logic.scraper] - 데이터 파싱 중...
2025-09-19 23:09:36,763 - INFO - [scripts.adrule.logic.scraper] - 유형 1: 정형화된 법령 구조 감지
2025-09-19 23:09:36,796 - INFO - [scripts.adrule.logic.scraper] - 데이터 1건을 '/Users/woong/Roeum/roeum-crawler/data/raw/adrule/1492000/근로복지사업 운영규정_document.jsonl' 파일로 성공적으로 저장했습니다.
2025-09-19 23:09:36,796 - INFO - [scripts.adrule.logic.scraper] - 데이터 25건을 '/Users/woong/Roeum/roeum-crawler/data/raw/adrule/1492000/근로복지사업 운영규정_chunks.jsonl' 파일로 성공적으로 저장했습니다.
2025-09-19 23:09:36,821 - INFO - [__main__] - 상세 페이지 스크레이퍼 완료: 근로복지사업 운영규정
2025-09-19 23:09:38,317 - INFO - [__main__] - 상세 페이지 스크레이퍼 실행: https://www.law.go.kr/admRulInfoP.do?admRulSeq=2000000094462
2025-09-19 23:09:38,667 - INFO - [scripts.adrule.logic.scraper] - 페이지로 이동 중: https://www.law.go.kr/admRulInfoP.do?admRulSeq=2000000094462
2025-09-19 23:09:39,167 - INFO - [scripts.adrule.logic.scraper] - 로딩 마스크가 나타나기를 기다리는 중...
2025-09-19 23:09:39,185 - INFO - [scripts.adrule.logic.scraper] - 로딩 마스크가 사라지기를 기다리는 중...
2025-09-19 23:09:39,262 - INFO - [scripts.adrule.logic.scraper] - 페이지 최종 렌더링을 잠시 대기합니다...
2025-09-19 23:09:40,267 - INFO - [scripts.adrule.logic.scraper] - 페이지 HTML 컨텐츠를 가져오는 중...
2025-09-19 23:09:40,281 - INFO - [scripts.adrule.logic.scraper] - 데이터 파싱 중...
2025-09-19 23:09:40,326 - INFO - [scripts.adrule.logic.scraper] - 유형 2: 텍스트 기반 비정형 구조 감지
2025-09-19 23:09:40,332 - INFO - [scripts.adrule.logic.scraper] - 데이터 1건을 '/Users/woong/Roeum/roeum-crawler/data/raw/adrule/1492000/근로시간면제 한도_document.jsonl' 파일로 성공적으로 저장했습니다.
2025-09-19 23:09:40,332 - INFO - [scripts.adrule.logic.scraper] - 데이터 1건을 '/Users/woong/Roeum/roeum-crawler/data/raw/adrule/1492000/근로시간면제 한도_chunks.jsonl' 파일로 성공적으로 저장했습니다.
2025-09-19 23:09:40,354 - INFO - [__main__] - 상세 페이지 스크레이퍼 완료: 근로시간면제 한도
2025-09-19 23:09:41,867 - INFO - [__main__] - 상세 페이지 스크레이퍼 실행: https://www.law.go.kr/admRulInfoP.do?admRulSeq=2100000210460
2025-09-19 23:09:42,210 - INFO - [scripts.adrule.logic.scraper] - 페이지로 이동 중: https://www.law.go.kr/admRulInfoP.do?admRulSeq=2100000210460
2025-09-19 23:09:42,820 - INFO - [scripts.adrule.logic.scraper] - 로딩 마스크가 나타나기를 기다리는 중...
2025-09-19 23:09:42,839 - INFO - [scripts.adrule.logic.scraper] - 로딩 마스크가 사라지기를 기다리는 중...
2025-09-19 23:09:43,021 - INFO - [scripts.adrule.logic.scraper] - 페이지 최종 렌더링을 잠시 대기합니다...
2025-09-19 23:09:44,024 - INFO - [scripts.adrule.logic.scraper] - 페이지 HTML 컨텐츠를 가져오는 중...
2025-09-19 23:09:44,034 - INFO - [scripts.adrule.logic.scraper] - 데이터 파싱 중...
2025-09-19 23:09:44,091 - INFO - [scripts.adrule.logic.scraper] - 유형 1: 정형화된 법령 구조 감지
2025-09-19 23:09:44,162 - INFO - [scripts.adrule.logic.scraper] - 데이터 1건을 '/Users/woong/Roeum/roeum-crawler/data/raw/adrule/1492000/근로자 건강증진활동 지침_document.jsonl' 파일로 성공적으로 저장했습니다.
2025-09-19 23:09:44,162 - INFO - [scripts.adrule.logic.scraper] - 데이터 16건을 '/Users/woong/Roeum/roeum-crawler/data/raw/adrule/1492000/근로자 건강증진활동 지침_chunks.jsonl' 파일로 성공적으로 저장했습니다.
2025-09-19 23:09:44,195 - INFO - [__main__] - 상세 페이지 스크레이퍼 완료: 근로자 건강증진활동 지침
2025-09-19 23:09:45,803 - INFO - [__main__] - 상세 페이지 스크레이퍼 실행: https://www.law.go.kr/admRulInfoP.do?admRulSeq=2100000186105
2025-09-19 23:09:46,218 - INFO - [scripts.adrule.logic.scraper] - 페이지로 이동 중: https://www.law.go.kr/admRulInfoP.do?admRulSeq=2100000186105
2025-09-19 23:09:46,878 - INFO - [scripts.adrule.logic.scraper] - 로딩 마스크가 나타나기를 기다리는 중...
2025-09-19 23:09:46,928 - INFO - [scripts.adrule.logic.scraper] - 로딩 마스크가 사라지기를 기다리는 중...
2025-09-19 23:09:46,958 - INFO - [scripts.adrule.logic.scraper] - 페이지 최종 렌더링을 잠시 대기합니다...
2025-09-19 23:09:47,963 - INFO - [scripts.adrule.logic.scraper] - 페이지 HTML 컨텐츠를 가져오는 중...
2025-09-19 23:09:47,983 - INFO - [scripts.adrule.logic.scraper] - 데이터 파싱 중...
2025-09-19 23:09:48,049 - INFO - [scripts.adrule.logic.scraper] - 유형 1: 정형화된 법령 구조 감지
2025-09-19 23:09:48,127 - INFO - [scripts.adrule.logic.scraper] - 데이터 1건을 '/Users/woong/Roeum/roeum-crawler/data/raw/adrule/1492000/근로자 건강진단 관리규정_document.jsonl' 파일로 성공적으로 저장했습니다.
2025-09-19 23:09:48,128 - INFO - [scripts.adrule.logic.scraper] - 데이터 13건을 '/Users/woong/Roeum/roeum-crawler/data/raw/adrule/1492000/근로자 건강진단 관리규정_chunks.jsonl' 파일로 성공적으로 저장했습니다.
2025-09-19 23:09:48,188 - INFO - [__main__] - 상세 페이지 스크레이퍼 완료: 근로자 건강진단 관리규정
2025-09-19 23:09:49,807 - INFO - [__main__] - 상세 페이지 스크레이퍼 실행: https://www.law.go.kr/admRulInfoP.do?admRulSeq=2100000257280
2025-09-19 23:09:50,224 - INFO - [scripts.adrule.logic.scraper] - 페이지로 이동 중: https://www.law.go.kr/admRulInfoP.do?admRulSeq=2100000257280
2025-09-19 23:09:50,923 - INFO - [scripts.adrule.logic.scraper] - 로딩 마스크가 나타나기를 기다리는 중...
2025-09-19 23:09:50,944 - INFO - [scripts.adrule.logic.scraper] - 로딩 마스크가 사라지기를 기다리는 중...
2025-09-19 23:09:51,150 - INFO - [scripts.adrule.logic.scraper] - 페이지 최종 렌더링을 잠시 대기합니다...
2025-09-19 23:09:52,154 - INFO - [scripts.adrule.logic.scraper] - 페이지 HTML 컨텐츠를 가져오는 중...
2025-09-19 23:09:52,186 - INFO - [scripts.adrule.logic.scraper] - 데이터 파싱 중...
2025-09-19 23:09:52,294 - INFO - [scripts.adrule.logic.scraper] - 유형 1: 정형화된 법령 구조 감지
2025-09-19 23:09:52,322 - INFO - [scripts.adrule.logic.scraper] - 데이터 1건을 '/Users/woong/Roeum/roeum-crawler/data/raw/adrule/1492000/근로자 건강진단 실시기준_document.jsonl' 파일로 성공적으로 저장했습니다.
2025-09-19 23:09:52,323 - INFO - [scripts.adrule.logic.scraper] - 데이터 24건을 '/Users/woong/Roeum/roeum-crawler/data/raw/adrule/1492000/근로자 건강진단 실시기준_chunks.jsonl' 파일로 성공적으로 저장했습니다.
2025-09-19 23:09:52,357 - INFO - [__main__] - 상세 페이지 스크레이퍼 완료: 근로자 건강진단 실시기준
2025-09-19 23:09:53,866 - INFO - [__main__] - 상세 페이지 스크레이퍼 실행: https://www.law.go.kr/admRulInfoP.do?admRulSeq=2100000231308
2025-09-19 23:09:54,233 - INFO - [scripts.adrule.logic.scraper] - 페이지로 이동 중: https://www.law.go.kr/admRulInfoP.do?admRulSeq=2100000231308
2025-09-19 23:09:54,787 - INFO - [scripts.adrule.logic.scraper] - 로딩 마스크가 나타나기를 기다리는 중...
2025-09-19 23:09:54,806 - INFO - [scripts.adrule.logic.scraper] - 로딩 마스크가 사라지기를 기다리는 중...
2025-09-19 23:09:54,988 - INFO - [scripts.adrule.logic.scraper] - 페이지 최종 렌더링을 잠시 대기합니다...
2025-09-19 23:09:55,991 - INFO - [scripts.adrule.logic.scraper] - 페이지 HTML 컨텐츠를 가져오는 중...
2025-09-19 23:09:56,011 - INFO - [scripts.adrule.logic.scraper] - 데이터 파싱 중...
2025-09-19 23:09:56,095 - INFO - [scripts.adrule.logic.scraper] - 유형 1: 정형화된 법령 구조 감지
2025-09-19 23:09:56,119 - INFO - [scripts.adrule.logic.scraper] - 데이터 1건을 '/Users/woong/Roeum/roeum-crawler/data/raw/adrule/1492000/근로자 신용보증지원사업 관리·운영규정_document.jsonl' 파일로 성공적으로 저장했습니다.
2025-09-19 23:09:56,121 - INFO - [scripts.adrule.logic.scraper] - 데이터 23건을 '/Users/woong/Roeum/roeum-crawler/data/raw/adrule/1492000/근로자 신용보증지원사업 관리·운영규정_chunks.jsonl' 파일로 성공적으로 저장했습니다.
2025-09-19 23:09:56,181 - INFO - [__main__] - 상세 페이지 스크레이퍼 완료: 근로자 신용보증지원사업 관리·운영규정
2025-09-19 23:09:57,716 - INFO - [__main__] - 상세 페이지 스크레이퍼 실행: https://www.law.go.kr/admRulInfoP.do?admRulSeq=2100000252094
2025-09-19 23:09:58,056 - INFO - [scripts.adrule.logic.scraper] - 페이지로 이동 중: https://www.law.go.kr/admRulInfoP.do?admRulSeq=2100000252094
2025-09-19 23:09:58,642 - INFO - [scripts.adrule.logic.scraper] - 로딩 마스크가 나타나기를 기다리는 중...
2025-09-19 23:09:58,664 - INFO - [scripts.adrule.logic.scraper] - 로딩 마스크가 사라지기를 기다리는 중...
2025-09-19 23:09:58,745 - INFO - [scripts.adrule.logic.scraper] - 페이지 최종 렌더링을 잠시 대기합니다...
2025-09-19 23:09:59,752 - INFO - [scripts.adrule.logic.scraper] - 페이지 HTML 컨텐츠를 가져오는 중...
2025-09-19 23:09:59,783 - INFO - [scripts.adrule.logic.scraper] - 데이터 파싱 중...
2025-09-19 23:09:59,922 - INFO - [scripts.adrule.logic.scraper] - 유형 2: 텍스트 기반 비정형 구조 감지
2025-09-19 23:09:59,935 - INFO - [scripts.adrule.logic.scraper] - 데이터 1건을 '/Users/woong/Roeum/roeum-crawler/data/raw/adrule/1492000/근로자의 기준보수 고시_document.jsonl' 파일로 성공적으로 저장했습니다.
2025-09-19 23:09:59,936 - INFO - [scripts.adrule.logic.scraper] - 데이터 2건을 '/Users/woong/Roeum/roeum-crawler/data/raw/adrule/1492000/근로자의 기준보수 고시_chunks.jsonl' 파일로 성공적으로 저장했습니다.
2025-09-19 23:10:00,004 - INFO - [__main__] - 상세 페이지 스크레이퍼 완료: 근로자의 기준보수 고시
2025-09-19 23:10:01,962 - INFO - [__main__] - 상세 페이지 스크레이퍼 실행: https://www.law.go.kr/admRulInfoP.do?admRulSeq=2100000217015
2025-09-19 23:10:02,470 - INFO - [scripts.adrule.logic.scraper] - 페이지로 이동 중: https://www.law.go.kr/admRulInfoP.do?admRulSeq=2100000217015
2025-09-19 23:10:03,081 - INFO - [scripts.adrule.logic.scraper] - 로딩 마스크가 나타나기를 기다리는 중...
2025-09-19 23:10:03,105 - INFO - [scripts.adrule.logic.scraper] - 로딩 마스크가 사라지기를 기다리는 중...
2025-09-19 23:10:03,188 - INFO - [scripts.adrule.logic.scraper] - 페이지 최종 렌더링을 잠시 대기합니다...
2025-09-19 23:10:04,193 - INFO - [scripts.adrule.logic.scraper] - 페이지 HTML 컨텐츠를 가져오는 중...
2025-09-19 23:10:04,207 - INFO - [scripts.adrule.logic.scraper] - 데이터 파싱 중...
2025-09-19 23:10:04,248 - INFO - [scripts.adrule.logic.scraper] - 유형 1: 정형화된 법령 구조 감지
2025-09-19 23:10:04,293 - INFO - [scripts.adrule.logic.scraper] - 데이터 1건을 '/Users/woong/Roeum/roeum-crawler/data/raw/adrule/1492000/근로자의 날 포상규정_document.jsonl' 파일로 성공적으로 저장했습니다.
2025-09-19 23:10:04,293 - INFO - [scripts.adrule.logic.scraper] - 데이터 11건을 '/Users/woong/Roeum/roeum-crawler/data/raw/adrule/1492000/근로자의 날 포상규정_chunks.jsonl' 파일로 성공적으로 저장했습니다.
2025-09-19 23:10:04,323 - INFO - [__main__] - 상세 페이지 스크레이퍼 완료: 근로자의 날 포상규정
2025-09-19 23:10:05,845 - INFO - [__main__] - 상세 페이지 스크레이퍼 실행: https://www.law.go.kr/admRulInfoP.do?admRulSeq=2100000031704
2025-09-19 23:10:06,245 - INFO - [scripts.adrule.logic.scraper] - 페이지로 이동 중: https://www.law.go.kr/admRulInfoP.do?admRulSeq=2100000031704
2025-09-19 23:10:06,792 - INFO - [scripts.adrule.logic.scraper] - 로딩 마스크가 나타나기를 기다리는 중...
2025-09-19 23:10:06,811 - INFO - [scripts.adrule.logic.scraper] - 로딩 마스크가 사라지기를 기다리는 중...
2025-09-19 23:10:06,994 - INFO - [scripts.adrule.logic.scraper] - 페이지 최종 렌더링을 잠시 대기합니다...
2025-09-19 23:10:07,998 - INFO - [scripts.adrule.logic.scraper] - 페이지 HTML 컨텐츠를 가져오는 중...
2025-09-19 23:10:08,013 - INFO - [scripts.adrule.logic.scraper] - 데이터 파싱 중...
2025-09-19 23:10:08,057 - INFO - [scripts.adrule.logic.scraper] - 유형 2: 텍스트 기반 비정형 구조 감지
2025-09-19 23:10:08,062 - INFO - [scripts.adrule.logic.scraper] - 데이터 1건을 '/Users/woong/Roeum/roeum-crawler/data/raw/adrule/1492000/근로자퇴직급여 보장법 제4조제1항 단서 해석기준_document.jsonl' 파일로 성공적으로 저장했습니다.
2025-09-19 23:10:08,063 - INFO - [scripts.adrule.logic.scraper] - 데이터 2건을 '/Users/woong/Roeum/roeum-crawler/data/raw/adrule/1492000/근로자퇴직급여 보장법 제4조제1항 단서 해석기준_chunks.jsonl' 파일로 성공적으로 저장했습니다.
2025-09-19 23:10:08,085 - INFO - [__main__] - 상세 페이지 스크레이퍼 완료: 근로자퇴직급여 보장법 제4조제1항 단서 해석기준
2025-09-19 23:10:09,601 - INFO - [__main__] - 상세 페이지 스크레이퍼 실행: https://www.law.go.kr/admRulInfoP.do?admRulSeq=2100000252378
2025-09-19 23:10:09,988 - INFO - [scripts.adrule.logic.scraper] - 페이지로 이동 중: https://www.law.go.kr/admRulInfoP.do?admRulSeq=2100000252378
2025-09-19 23:10:10,633 - INFO - [scripts.adrule.logic.scraper] - 로딩 마스크가 나타나기를 기다리는 중...
2025-09-19 23:10:10,653 - INFO - [scripts.adrule.logic.scraper] - 로딩 마스크가 사라지기를 기다리는 중...
2025-09-19 23:10:10,836 - INFO - [scripts.adrule.logic.scraper] - 페이지 최종 렌더링을 잠시 대기합니다...
2025-09-19 23:10:11,839 - INFO - [scripts.adrule.logic.scraper] - 페이지 HTML 컨텐츠를 가져오는 중...
2025-09-19 23:10:11,858 - INFO - [scripts.adrule.logic.scraper] - 데이터 파싱 중...
2025-09-19 23:10:11,914 - INFO - [scripts.adrule.logic.scraper] - 유형 1: 정형화된 법령 구조 감지
2025-09-19 23:10:11,951 - INFO - [scripts.adrule.logic.scraper] - 데이터 1건을 '/Users/woong/Roeum/roeum-crawler/data/raw/adrule/1492000/근로자파견사업 허가관리규정_document.jsonl' 파일로 성공적으로 저장했습니다.
2025-09-19 23:10:11,951 - INFO - [scripts.adrule.logic.scraper] - 데이터 13건을 '/Users/woong/Roeum/roeum-crawler/data/raw/adrule/1492000/근로자파견사업 허가관리규정_chunks.jsonl' 파일로 성공적으로 저장했습니다.
2025-09-19 23:10:11,971 - INFO - [__main__] - 상세 페이지 스크레이퍼 완료: 근로자파견사업 허가관리규정
2025-09-19 23:10:13,480 - INFO - [__main__] - 상세 페이지 스크레이퍼 실행: https://www.law.go.kr/admRulInfoP.do?admRulSeq=2100000232090
2025-09-19 23:10:13,826 - INFO - [scripts.adrule.logic.scraper] - 페이지로 이동 중: https://www.law.go.kr/admRulInfoP.do?admRulSeq=2100000232090
2025-09-19 23:10:14,459 - INFO - [scripts.adrule.logic.scraper] - 로딩 마스크가 나타나기를 기다리는 중...
2025-09-19 23:10:14,525 - INFO - [scripts.adrule.logic.scraper] - 로딩 마스크가 사라지기를 기다리는 중...
2025-09-19 23:10:14,621 - INFO - [scripts.adrule.logic.scraper] - 페이지 최종 렌더링을 잠시 대기합니다...
2025-09-19 23:10:15,625 - INFO - [scripts.adrule.logic.scraper] - 페이지 HTML 컨텐츠를 가져오는 중...
2025-09-19 23:10:15,634 - INFO - [scripts.adrule.logic.scraper] - 데이터 파싱 중...
2025-09-19 23:10:15,698 - INFO - [scripts.adrule.logic.scraper] - 유형 1: 정형화된 법령 구조 감지
2025-09-19 23:10:15,718 - INFO - [scripts.adrule.logic.scraper] - 데이터 1건을 '/Users/woong/Roeum/roeum-crawler/data/raw/adrule/1492000/급여기초임금일액 산정규정_document.jsonl' 파일로 성공적으로 저장했습니다.
2025-09-19 23:10:15,718 - INFO - [scripts.adrule.logic.scraper] - 데이터 7건을 '/Users/woong/Roeum/roeum-crawler/data/raw/adrule/1492000/급여기초임금일액 산정규정_chunks.jsonl' 파일로 성공적으로 저장했습니다.
2025-09-19 23:10:15,753 - INFO - [__main__] - 상세 페이지 스크레이퍼 완료: 급여기초임금일액 산정규정
2025-09-19 23:10:17,513 - INFO - [__main__] - 상세 페이지 스크레이퍼 실행: https://www.law.go.kr/admRulInfoP.do?admRulSeq=2100000022846
2025-09-19 23:10:17,911 - INFO - [scripts.adrule.logic.scraper] - 페이지로 이동 중: https://www.law.go.kr/admRulInfoP.do?admRulSeq=2100000022846
2025-09-19 23:10:18,522 - INFO - [scripts.adrule.logic.scraper] - 로딩 마스크가 나타나기를 기다리는 중...
2025-09-19 23:10:18,545 - INFO - [scripts.adrule.logic.scraper] - 로딩 마스크가 사라지기를 기다리는 중...
2025-09-19 23:10:19,332 - INFO - [scripts.adrule.logic.scraper] - 페이지 최종 렌더링을 잠시 대기합니다...
2025-09-19 23:10:20,338 - INFO - [scripts.adrule.logic.scraper] - 페이지 HTML 컨텐츠를 가져오는 중...
2025-09-19 23:10:20,356 - INFO - [scripts.adrule.logic.scraper] - 데이터 파싱 중...
2025-09-19 23:10:20,401 - INFO - [scripts.adrule.logic.scraper] - 유형 2: 텍스트 기반 비정형 구조 감지
2025-09-19 23:10:20,408 - INFO - [scripts.adrule.logic.scraper] - 데이터 1건을 '/Users/woong/Roeum/roeum-crawler/data/raw/adrule/1492000/급여 전액지급 예외사유가 되는 비율고시_document.jsonl' 파일로 성공적으로 저장했습니다.
2025-09-19 23:10:20,408 - INFO - [scripts.adrule.logic.scraper] - 데이터 2건을 '/Users/woong/Roeum/roeum-crawler/data/raw/adrule/1492000/급여 전액지급 예외사유가 되는 비율고시_chunks.jsonl' 파일로 성공적으로 저장했습니다.
2025-09-19 23:10:20,443 - INFO - [__main__] - 상세 페이지 스크레이퍼 완료: 급여 전액지급 예외사유가 되는 비율고시
2025-09-19 23:10:22,048 - INFO - [__main__] - 상세 페이지 스크레이퍼 실행: https://www.law.go.kr/admRulInfoP.do?admRulSeq=2100000229702
2025-09-19 23:10:22,397 - INFO - [scripts.adrule.logic.scraper] - 페이지로 이동 중: https://www.law.go.kr/admRulInfoP.do?admRulSeq=2100000229702
2025-09-19 23:10:23,003 - INFO - [scripts.adrule.logic.scraper] - 로딩 마스크가 나타나기를 기다리는 중...
2025-09-19 23:10:23,023 - INFO - [scripts.adrule.logic.scraper] - 로딩 마스크가 사라지기를 기다리는 중...
2025-09-19 23:10:23,103 - INFO - [scripts.adrule.logic.scraper] - 페이지 최종 렌더링을 잠시 대기합니다...
2025-09-19 23:10:24,105 - INFO - [scripts.adrule.logic.scraper] - 페이지 HTML 컨텐츠를 가져오는 중...
2025-09-19 23:10:24,116 - INFO - [scripts.adrule.logic.scraper] - 데이터 파싱 중...
2025-09-19 23:10:24,153 - INFO - [scripts.adrule.logic.scraper] - 유형 1: 정형화된 법령 구조 감지
2025-09-19 23:10:24,163 - INFO - [scripts.adrule.logic.scraper] - 데이터 1건을 '/Users/woong/Roeum/roeum-crawler/data/raw/adrule/1492000/기간제 및 단시간근로자 보호 등에 관한 법률과 파견근로자 보호 등에 관한 법률에 따른 과태료 및 행정처분의 가중처분에 관한 세부 지침_document.jsonl' 파일로 성공적으로 저장했습니다.
2025-09-19 23:10:24,164 - INFO - [scripts.adrule.logic.scraper] - 데이터 3건을 '/Users/woong/Roeum/roeum-crawler/data/raw/adrule/1492000/기간제 및 단시간근로자 보호 등에 관한 법률과 파견근로자 보호 등에 관한 법률에 따른 과태료 및 행정처분의 가중처분에 관한 세부 지침_chunks.jsonl' 파일로 성공적으로 저장했습니다.
2025-09-19 23:10:24,187 - INFO - [__main__] - 상세 페이지 스크레이퍼 완료: 기간제 및 단시간근로자 보호 등에 관한 법률과 파견근로자 보호 등에 관한 법률에 따른 과태료 및 행정처분의 가중처분에 관한 세부 지침
2025-09-19 23:10:25,713 - INFO - [__main__] - 상세 페이지 스크레이퍼 실행: https://www.law.go.kr/admRulInfoP.do?admRulSeq=2100000209303
2025-09-19 23:10:26,081 - INFO - [scripts.adrule.logic.scraper] - 페이지로 이동 중: https://www.law.go.kr/admRulInfoP.do?admRulSeq=2100000209303
2025-09-19 23:10:26,668 - INFO - [scripts.adrule.logic.scraper] - 로딩 마스크가 나타나기를 기다리는 중...
2025-09-19 23:10:26,689 - INFO - [scripts.adrule.logic.scraper] - 로딩 마스크가 사라지기를 기다리는 중...
2025-09-19 23:10:26,871 - INFO - [scripts.adrule.logic.scraper] - 페이지 최종 렌더링을 잠시 대기합니다...
2025-09-19 23:10:27,874 - INFO - [scripts.adrule.logic.scraper] - 페이지 HTML 컨텐츠를 가져오는 중...
2025-09-19 23:10:27,894 - INFO - [scripts.adrule.logic.scraper] - 데이터 파싱 중...
2025-09-19 23:10:27,952 - INFO - [scripts.adrule.logic.scraper] - 유형 1: 정형화된 법령 구조 감지
2025-09-19 23:10:27,986 - INFO - [scripts.adrule.logic.scraper] - 데이터 1건을 '/Users/woong/Roeum/roeum-crawler/data/raw/adrule/1492000/기능대학 설립 및 공공직업훈련시설 설치 타당성조사 운용 등에 관한 고시_document.jsonl' 파일로 성공적으로 저장했습니다.
2025-09-19 23:10:27,987 - INFO - [scripts.adrule.logic.scraper] - 데이터 22건을 '/Users/woong/Roeum/roeum-crawler/data/raw/adrule/1492000/기능대학 설립 및 공공직업훈련시설 설치 타당성조사 운용 등에 관한 고시_chunks.jsonl' 파일로 성공적으로 저장했습니다.
2025-09-19 23:10:28,007 - INFO - [__main__] - 상세 페이지 스크레이퍼 완료: 기능대학 설립 및 공공직업훈련시설 설치 타당성조사 운용 등에 관한 고시
2025-09-19 23:10:29,837 - INFO - [__main__] - 상세 페이지 스크레이퍼 실행: https://www.law.go.kr/admRulInfoP.do?admRulSeq=2100000217631
2025-09-19 23:10:30,297 - INFO - [scripts.adrule.logic.scraper] - 페이지로 이동 중: https://www.law.go.kr/admRulInfoP.do?admRulSeq=2100000217631
2025-09-19 23:10:31,048 - INFO - [scripts.adrule.logic.scraper] - 로딩 마스크가 나타나기를 기다리는 중...
2025-09-19 23:10:32,066 - WARNING - [scripts.adrule.logic.scraper] - 로딩 마스크가 감지되지 않았습니다. 페이지 로드가 완료된 것으로 간주하고 계속 진행합니다.
2025-09-19 23:10:32,066 - INFO - [scripts.adrule.logic.scraper] - 페이지 최종 렌더링을 잠시 대기합니다...
2025-09-19 23:10:33,077 - INFO - [scripts.adrule.logic.scraper] - 페이지 HTML 컨텐츠를 가져오는 중...
2025-09-19 23:10:33,096 - INFO - [scripts.adrule.logic.scraper] - 데이터 파싱 중...
2025-09-19 23:10:33,151 - INFO - [scripts.adrule.logic.scraper] - 유형 2: 텍스트 기반 비정형 구조 감지
2025-09-19 23:10:33,158 - INFO - [scripts.adrule.logic.scraper] - 데이터 1건을 '/Users/woong/Roeum/roeum-crawler/data/raw/adrule/1492000/기준기간 연장사유 고시_document.jsonl' 파일로 성공적으로 저장했습니다.
2025-09-19 23:10:33,158 - INFO - [scripts.adrule.logic.scraper] - 데이터 2건을 '/Users/woong/Roeum/roeum-crawler/data/raw/adrule/1492000/기준기간 연장사유 고시_chunks.jsonl' 파일로 성공적으로 저장했습니다.
2025-09-19 23:10:33,197 - INFO - [__main__] - 상세 페이지 스크레이퍼 완료: 기준기간 연장사유 고시
2025-09-19 23:10:34,892 - INFO - [__main__] - 상세 페이지 스크레이퍼 실행: https://www.law.go.kr/admRulInfoP.do?admRulSeq=2100000228078
2025-09-19 23:10:35,472 - INFO - [scripts.adrule.logic.scraper] - 페이지로 이동 중: https://www.law.go.kr/admRulInfoP.do?admRulSeq=2100000228078
2025-09-19 23:10:36,096 - INFO - [scripts.adrule.logic.scraper] - 로딩 마스크가 나타나기를 기다리는 중...
2025-09-19 23:10:36,226 - INFO - [scripts.adrule.logic.scraper] - 로딩 마스크가 사라지기를 기다리는 중...
2025-09-19 23:10:36,239 - INFO - [scripts.adrule.logic.scraper] - 페이지 최종 렌더링을 잠시 대기합니다...
2025-09-19 23:10:37,243 - INFO - [scripts.adrule.logic.scraper] - 페이지 HTML 컨텐츠를 가져오는 중...
2025-09-19 23:10:37,257 - INFO - [scripts.adrule.logic.scraper] - 데이터 파싱 중...
2025-09-19 23:10:37,306 - INFO - [scripts.adrule.logic.scraper] - 유형 1: 정형화된 법령 구조 감지
2025-09-19 23:10:37,350 - INFO - [scripts.adrule.logic.scraper] - 데이터 1건을 '/Users/woong/Roeum/roeum-crawler/data/raw/adrule/1492000/남녀고용평등 업무처리 규정_document.jsonl' 파일로 성공적으로 저장했습니다.
2025-09-19 23:10:37,351 - INFO - [scripts.adrule.logic.scraper] - 데이터 13건을 '/Users/woong/Roeum/roeum-crawler/data/raw/adrule/1492000/남녀고용평등 업무처리 규정_chunks.jsonl' 파일로 성공적으로 저장했습니다.
2025-09-19 23:10:37,386 - INFO - [__main__] - 상세 페이지 스크레이퍼 완료: 남녀고용평등 업무처리 규정
2025-09-19 23:10:40,096 - INFO - [__main__] - 상세 페이지 스크레이퍼 실행: https://www.law.go.kr/admRulInfoP.do?admRulSeq=2000000011366
2025-09-19 23:10:40,923 - INFO - [scripts.adrule.logic.scraper] - 페이지로 이동 중: https://www.law.go.kr/admRulInfoP.do?admRulSeq=2000000011366
2025-09-19 23:10:41,642 - INFO - [scripts.adrule.logic.scraper] - 로딩 마스크가 나타나기를 기다리는 중...
2025-09-19 23:10:41,674 - INFO - [scripts.adrule.logic.scraper] - 로딩 마스크가 사라지기를 기다리는 중...
2025-09-19 23:10:41,756 - INFO - [scripts.adrule.logic.scraper] - 페이지 최종 렌더링을 잠시 대기합니다...
2025-09-19 23:10:42,759 - INFO - [scripts.adrule.logic.scraper] - 페이지 HTML 컨텐츠를 가져오는 중...
2025-09-19 23:10:42,773 - INFO - [scripts.adrule.logic.scraper] - 데이터 파싱 중...
2025-09-19 23:10:42,819 - INFO - [scripts.adrule.logic.scraper] - 유형 1: 정형화된 법령 구조 감지
2025-09-19 23:10:42,830 - INFO - [scripts.adrule.logic.scraper] - 데이터 1건을 '/Users/woong/Roeum/roeum-crawler/data/raw/adrule/1492000/노동부소속기관 업무편람 관리규정_document.jsonl' 파일로 성공적으로 저장했습니다.
2025-09-19 23:10:42,831 - INFO - [scripts.adrule.logic.scraper] - 데이터 5건을 '/Users/woong/Roeum/roeum-crawler/data/raw/adrule/1492000/노동부소속기관 업무편람 관리규정_chunks.jsonl' 파일로 성공적으로 저장했습니다.
2025-09-19 23:10:42,868 - INFO - [__main__] - 상세 페이지 스크레이퍼 완료: 노동부소속기관 업무편람 관리규정
2025-09-19 23:10:44,784 - INFO - [__main__] - 상세 페이지 스크레이퍼 실행: https://www.law.go.kr/admRulInfoP.do?admRulSeq=2000000011370
2025-09-19 23:10:45,267 - INFO - [scripts.adrule.logic.scraper] - 페이지로 이동 중: https://www.law.go.kr/admRulInfoP.do?admRulSeq=2000000011370
2025-09-19 23:10:45,871 - INFO - [scripts.adrule.logic.scraper] - 로딩 마스크가 나타나기를 기다리는 중...
2025-09-19 23:10:45,900 - INFO - [scripts.adrule.logic.scraper] - 로딩 마스크가 사라지기를 기다리는 중...
2025-09-19 23:10:45,984 - INFO - [scripts.adrule.logic.scraper] - 페이지 최종 렌더링을 잠시 대기합니다...
2025-09-19 23:10:46,987 - INFO - [scripts.adrule.logic.scraper] - 페이지 HTML 컨텐츠를 가져오는 중...
2025-09-19 23:10:46,999 - INFO - [scripts.adrule.logic.scraper] - 데이터 파싱 중...
2025-09-19 23:10:47,084 - INFO - [scripts.adrule.logic.scraper] - 유형 1: 정형화된 법령 구조 감지
2025-09-19 23:10:47,115 - INFO - [scripts.adrule.logic.scraper] - 데이터 1건을 '/Users/woong/Roeum/roeum-crawler/data/raw/adrule/1492000/노동상황실 운영규정_document.jsonl' 파일로 성공적으로 저장했습니다.
2025-09-19 23:10:47,116 - INFO - [scripts.adrule.logic.scraper] - 데이터 9건을 '/Users/woong/Roeum/roeum-crawler/data/raw/adrule/1492000/노동상황실 운영규정_chunks.jsonl' 파일로 성공적으로 저장했습니다.
2025-09-19 23:10:47,177 - INFO - [__main__] - 상세 페이지 스크레이퍼 완료: 노동상황실 운영규정
2025-09-19 23:10:49,081 - INFO - [__main__] - 상세 페이지 스크레이퍼 실행: https://www.law.go.kr/admRulInfoP.do?admRulSeq=2100000236496
2025-09-19 23:10:49,702 - INFO - [scripts.adrule.logic.scraper] - 페이지로 이동 중: https://www.law.go.kr/admRulInfoP.do?admRulSeq=2100000236496
2025-09-19 23:10:50,357 - INFO - [scripts.adrule.logic.scraper] - 로딩 마스크가 나타나기를 기다리는 중...
2025-09-19 23:10:50,390 - INFO - [scripts.adrule.logic.scraper] - 로딩 마스크가 사라지기를 기다리는 중...
2025-09-19 23:10:51,184 - INFO - [scripts.adrule.logic.scraper] - 페이지 최종 렌더링을 잠시 대기합니다...
2025-09-19 23:10:52,188 - INFO - [scripts.adrule.logic.scraper] - 페이지 HTML 컨텐츠를 가져오는 중...
2025-09-19 23:10:52,253 - INFO - [scripts.adrule.logic.scraper] - 데이터 파싱 중...
2025-09-19 23:10:52,490 - INFO - [scripts.adrule.logic.scraper] - 유형 1: 정형화된 법령 구조 감지
2025-09-19 23:10:52,690 - INFO - [scripts.adrule.logic.scraper] - 데이터 1건을 '/Users/woong/Roeum/roeum-crawler/data/raw/adrule/1492000/노동위원회규칙_document.jsonl' 파일로 성공적으로 저장했습니다.
2025-09-19 23:10:52,692 - INFO - [scripts.adrule.logic.scraper] - 데이터 218건을 '/Users/woong/Roeum/roeum-crawler/data/raw/adrule/1492000/노동위원회규칙_chunks.jsonl' 파일로 성공적으로 저장했습니다.
2025-09-19 23:10:52,726 - INFO - [__main__] - 상세 페이지 스크레이퍼 완료: 노동위원회규칙
2025-09-19 23:10:54,326 - INFO - [__main__] - 상세 페이지 스크레이퍼 실행: https://www.law.go.kr/admRulInfoP.do?admRulSeq=2100000210079
2025-09-19 23:10:54,679 - INFO - [scripts.adrule.logic.scraper] - 페이지로 이동 중: https://www.law.go.kr/admRulInfoP.do?admRulSeq=2100000210079
2025-09-19 23:10:55,240 - INFO - [scripts.adrule.logic.scraper] - 로딩 마스크가 나타나기를 기다리는 중...
2025-09-19 23:10:55,263 - INFO - [scripts.adrule.logic.scraper] - 로딩 마스크가 사라지기를 기다리는 중...
2025-09-19 23:10:55,450 - INFO - [scripts.adrule.logic.scraper] - 페이지 최종 렌더링을 잠시 대기합니다...
2025-09-19 23:10:56,455 - INFO - [scripts.adrule.logic.scraper] - 페이지 HTML 컨텐츠를 가져오는 중...
2025-09-19 23:10:56,468 - INFO - [scripts.adrule.logic.scraper] - 데이터 파싱 중...
2025-09-19 23:10:56,522 - INFO - [scripts.adrule.logic.scraper] - 유형 1: 정형화된 법령 구조 감지
2025-09-19 23:10:56,536 - INFO - [scripts.adrule.logic.scraper] - 데이터 1건을 '/Users/woong/Roeum/roeum-crawler/data/raw/adrule/1492000/노동위원회 위임전결규정_document.jsonl' 파일로 성공적으로 저장했습니다.
2025-09-19 23:10:56,537 - INFO - [scripts.adrule.logic.scraper] - 데이터 11건을 '/Users/woong/Roeum/roeum-crawler/data/raw/adrule/1492000/노동위원회 위임전결규정_chunks.jsonl' 파일로 성공적으로 저장했습니다.
2025-09-19 23:10:56,568 - INFO - [__main__] - 상세 페이지 스크레이퍼 완료: 노동위원회 위임전결규정
2025-09-19 23:10:58,111 - INFO - [__main__] - 상세 페이지 스크레이퍼 실행: https://www.law.go.kr/admRulInfoP.do?admRulSeq=2100000229726
2025-09-19 23:10:58,475 - INFO - [scripts.adrule.logic.scraper] - 페이지로 이동 중: https://www.law.go.kr/admRulInfoP.do?admRulSeq=2100000229726
2025-09-19 23:10:59,064 - INFO - [scripts.adrule.logic.scraper] - 로딩 마스크가 나타나기를 기다리는 중...
2025-09-19 23:10:59,088 - INFO - [scripts.adrule.logic.scraper] - 로딩 마스크가 사라지기를 기다리는 중...
2025-09-19 23:10:59,168 - INFO - [scripts.adrule.logic.scraper] - 페이지 최종 렌더링을 잠시 대기합니다...
2025-09-19 23:11:00,171 - INFO - [scripts.adrule.logic.scraper] - 페이지 HTML 컨텐츠를 가져오는 중...
2025-09-19 23:11:00,182 - INFO - [scripts.adrule.logic.scraper] - 데이터 파싱 중...
2025-09-19 23:11:00,214 - INFO - [scripts.adrule.logic.scraper] - 유형 1: 정형화된 법령 구조 감지
2025-09-19 23:11:00,221 - INFO - [scripts.adrule.logic.scraper] - 데이터 1건을 '/Users/woong/Roeum/roeum-crawler/data/raw/adrule/1492000/노동조합 및 노동관계조정법과 노동위원회법에 따른 과태료 가중처분에 관한 세부 지침_document.jsonl' 파일로 성공적으로 저장했습니다.
2025-09-19 23:11:00,222 - INFO - [scripts.adrule.logic.scraper] - 데이터 3건을 '/Users/woong/Roeum/roeum-crawler/data/raw/adrule/1492000/노동조합 및 노동관계조정법과 노동위원회법에 따른 과태료 가중처분에 관한 세부 지침_chunks.jsonl' 파일로 성공적으로 저장했습니다.
2025-09-19 23:11:00,246 - INFO - [__main__] - 상세 페이지 스크레이퍼 완료: 노동조합 및 노동관계조정법과 노동위원회법에 따른 과태료 가중처분에 관한 세부 지침
2025-09-19 23:11:01,779 - INFO - [__main__] - 상세 페이지 스크레이퍼 실행: https://www.law.go.kr/admRulInfoP.do?admRulSeq=2100000257760
2025-09-19 23:11:02,145 - INFO - [scripts.adrule.logic.scraper] - 페이지로 이동 중: https://www.law.go.kr/admRulInfoP.do?admRulSeq=2100000257760
2025-09-19 23:11:02,764 - INFO - [scripts.adrule.logic.scraper] - 로딩 마스크가 나타나기를 기다리는 중...
2025-09-19 23:11:02,784 - INFO - [scripts.adrule.logic.scraper] - 로딩 마스크가 사라지기를 기다리는 중...
2025-09-19 23:11:03,582 - INFO - [scripts.adrule.logic.scraper] - 페이지 최종 렌더링을 잠시 대기합니다...
2025-09-19 23:11:04,587 - INFO - [scripts.adrule.logic.scraper] - 페이지 HTML 컨텐츠를 가져오는 중...
2025-09-19 23:11:04,596 - INFO - [scripts.adrule.logic.scraper] - 데이터 파싱 중...
2025-09-19 23:11:04,634 - INFO - [scripts.adrule.logic.scraper] - 유형 1: 정형화된 법령 구조 감지
2025-09-19 23:11:04,643 - INFO - [scripts.adrule.logic.scraper] - 데이터 1건을 '/Users/woong/Roeum/roeum-crawler/data/raw/adrule/1492000/노동행정인공지능혁신과 설치 및 운영에 관한 규정_document.jsonl' 파일로 성공적으로 저장했습니다.
2025-09-19 23:11:04,643 - INFO - [scripts.adrule.logic.scraper] - 데이터 6건을 '/Users/woong/Roeum/roeum-crawler/data/raw/adrule/1492000/노동행정인공지능혁신과 설치 및 운영에 관한 규정_chunks.jsonl' 파일로 성공적으로 저장했습니다.
2025-09-19 23:11:04,663 - INFO - [__main__] - 상세 페이지 스크레이퍼 완료: 노동행정인공지능혁신과 설치 및 운영에 관한 규정
2025-09-19 23:11:06,206 - INFO - [__main__] - 상세 페이지 스크레이퍼 실행: https://www.law.go.kr/admRulInfoP.do?admRulSeq=2100000261170
2025-09-19 23:11:06,570 - INFO - [scripts.adrule.logic.scraper] - 페이지로 이동 중: https://www.law.go.kr/admRulInfoP.do?admRulSeq=2100000261170
2025-09-19 23:11:07,126 - INFO - [scripts.adrule.logic.scraper] - 로딩 마스크가 나타나기를 기다리는 중...
2025-09-19 23:11:07,149 - INFO - [scripts.adrule.logic.scraper] - 로딩 마스크가 사라지기를 기다리는 중...
2025-09-19 23:11:07,335 - INFO - [scripts.adrule.logic.scraper] - 페이지 최종 렌더링을 잠시 대기합니다...
2025-09-19 23:11:08,339 - INFO - [scripts.adrule.logic.scraper] - 페이지 HTML 컨텐츠를 가져오는 중...
2025-09-19 23:11:08,351 - INFO - [scripts.adrule.logic.scraper] - 데이터 파싱 중...
2025-09-19 23:11:08,397 - INFO - [scripts.adrule.logic.scraper] - 유형 2: 텍스트 기반 비정형 구조 감지
2025-09-19 23:11:08,401 - INFO - [scripts.adrule.logic.scraper] - 데이터 1건을 '/Users/woong/Roeum/roeum-crawler/data/raw/adrule/1492000/노무제공자의 기준보수 및 보수액에서 제외하는 필요경비 고시_document.jsonl' 파일로 성공적으로 저장했습니다.
2025-09-19 23:11:08,402 - INFO - [scripts.adrule.logic.scraper] - 데이터 1건을 '/Users/woong/Roeum/roeum-crawler/data/raw/adrule/1492000/노무제공자의 기준보수 및 보수액에서 제외하는 필요경비 고시_chunks.jsonl' 파일로 성공적으로 저장했습니다.
2025-09-19 23:11:08,425 - INFO - [__main__] - 상세 페이지 스크레이퍼 완료: 노무제공자의 기준보수 및 보수액에서 제외하는 필요경비 고시
2025-09-19 23:11:09,944 - INFO - [__main__] - 상세 페이지 스크레이퍼 실행: https://www.law.go.kr/admRulInfoP.do?admRulSeq=2100000260940
2025-09-19 23:11:10,333 - INFO - [scripts.adrule.logic.scraper] - 페이지로 이동 중: https://www.law.go.kr/admRulInfoP.do?admRulSeq=2100000260940
2025-09-19 23:11:10,888 - INFO - [scripts.adrule.logic.scraper] - 로딩 마스크가 나타나기를 기다리는 중...
2025-09-19 23:11:10,909 - INFO - [scripts.adrule.logic.scraper] - 로딩 마스크가 사라지기를 기다리는 중...
2025-09-19 23:11:11,093 - INFO - [scripts.adrule.logic.scraper] - 페이지 최종 렌더링을 잠시 대기합니다...
2025-09-19 23:11:12,097 - INFO - [scripts.adrule.logic.scraper] - 페이지 HTML 컨텐츠를 가져오는 중...
2025-09-19 23:11:12,109 - INFO - [scripts.adrule.logic.scraper] - 데이터 파싱 중...
2025-09-19 23:11:12,155 - INFO - [scripts.adrule.logic.scraper] - 유형 2: 텍스트 기반 비정형 구조 감지
2025-09-19 23:11:12,159 - INFO - [scripts.adrule.logic.scraper] - 데이터 1건을 '/Users/woong/Roeum/roeum-crawler/data/raw/adrule/1492000/노무제공자의 보수액에서 제외하는 필요경비_document.jsonl' 파일로 성공적으로 저장했습니다.
2025-09-19 23:11:12,159 - INFO - [scripts.adrule.logic.scraper] - 데이터 2건을 '/Users/woong/Roeum/roeum-crawler/data/raw/adrule/1492000/노무제공자의 보수액에서 제외하는 필요경비_chunks.jsonl' 파일로 성공적으로 저장했습니다.
2025-09-19 23:11:12,180 - INFO - [__main__] - 상세 페이지 스크레이퍼 완료: 노무제공자의 보수액에서 제외하는 필요경비
2025-09-19 23:11:13,726 - INFO - [__main__] - 상세 페이지 스크레이퍼 실행: https://www.law.go.kr/admRulInfoP.do?admRulSeq=2100000217657
2025-09-19 23:11:14,096 - INFO - [scripts.adrule.logic.scraper] - 페이지로 이동 중: https://www.law.go.kr/admRulInfoP.do?admRulSeq=2100000217657
2025-09-19 23:11:14,650 - INFO - [scripts.adrule.logic.scraper] - 로딩 마스크가 나타나기를 기다리는 중...
2025-09-19 23:11:14,669 - INFO - [scripts.adrule.logic.scraper] - 로딩 마스크가 사라지기를 기다리는 중...
2025-09-19 23:11:14,749 - INFO - [scripts.adrule.logic.scraper] - 페이지 최종 렌더링을 잠시 대기합니다...
2025-09-19 23:11:15,752 - INFO - [scripts.adrule.logic.scraper] - 페이지 HTML 컨텐츠를 가져오는 중...
2025-09-19 23:11:15,762 - INFO - [scripts.adrule.logic.scraper] - 데이터 파싱 중...
2025-09-19 23:11:15,800 - INFO - [scripts.adrule.logic.scraper] - 유형 2: 텍스트 기반 비정형 구조 감지
2025-09-19 23:11:15,804 - INFO - [scripts.adrule.logic.scraper] - 데이터 1건을 '/Users/woong/Roeum/roeum-crawler/data/raw/adrule/1492000/노무제공자의 실업인정대상기간 중 발생한 1일 평균소득에서 제외하는 금액 고시_document.jsonl' 파일로 성공적으로 저장했습니다.
2025-09-19 23:11:15,804 - INFO - [scripts.adrule.logic.scraper] - 데이터 1건을 '/Users/woong/Roeum/roeum-crawler/data/raw/adrule/1492000/노무제공자의 실업인정대상기간 중 발생한 1일 평균소득에서 제외하는 금액 고시_chunks.jsonl' 파일로 성공적으로 저장했습니다.
2025-09-19 23:11:15,827 - INFO - [__main__] - 상세 페이지 스크레이퍼 완료: 노무제공자의 실업인정대상기간 중 발생한 1일 평균소득에서 제외하는 금액 고시
2025-09-19 23:11:17,343 - INFO - [__main__] - 상세 페이지 스크레이퍼 실행: https://www.law.go.kr/admRulInfoP.do?admRulSeq=2100000252680
2025-09-19 23:11:17,691 - INFO - [scripts.adrule.logic.scraper] - 페이지로 이동 중: https://www.law.go.kr/admRulInfoP.do?admRulSeq=2100000252680
2025-09-19 23:11:18,278 - INFO - [scripts.adrule.logic.scraper] - 로딩 마스크가 나타나기를 기다리는 중...
2025-09-19 23:11:18,297 - INFO - [scripts.adrule.logic.scraper] - 로딩 마스크가 사라지기를 기다리는 중...
2025-09-19 23:11:18,479 - INFO - [scripts.adrule.logic.scraper] - 페이지 최종 렌더링을 잠시 대기합니다...
2025-09-19 23:11:19,483 - INFO - [scripts.adrule.logic.scraper] - 페이지 HTML 컨텐츠를 가져오는 중...
2025-09-19 23:11:19,494 - INFO - [scripts.adrule.logic.scraper] - 데이터 파싱 중...
2025-09-19 23:11:19,540 - INFO - [scripts.adrule.logic.scraper] - 유형 2: 텍스트 기반 비정형 구조 감지
2025-09-19 23:11:19,545 - INFO - [scripts.adrule.logic.scraper] - 데이터 1건을 '/Users/woong/Roeum/roeum-crawler/data/raw/adrule/1492000/노무제공자의 출산전후급여등의 지급기간 중 소득허용금액에 관한 고시_document.jsonl' 파일로 성공적으로 저장했습니다.
2025-09-19 23:11:19,546 - INFO - [scripts.adrule.logic.scraper] - 데이터 2건을 '/Users/woong/Roeum/roeum-crawler/data/raw/adrule/1492000/노무제공자의 출산전후급여등의 지급기간 중 소득허용금액에 관한 고시_chunks.jsonl' 파일로 성공적으로 저장했습니다.
2025-09-19 23:11:19,568 - INFO - [__main__] - 상세 페이지 스크레이퍼 완료: 노무제공자의 출산전후급여등의 지급기간 중 소득허용금액에 관한 고시
2025-09-19 23:11:21,178 - INFO - [__main__] - 상세 페이지 스크레이퍼 실행: https://www.law.go.kr/admRulInfoP.do?admRulSeq=2100000252000
2025-09-19 23:11:21,828 - INFO - [scripts.adrule.logic.scraper] - 페이지로 이동 중: https://www.law.go.kr/admRulInfoP.do?admRulSeq=2100000252000
2025-09-19 23:11:22,665 - INFO - [scripts.adrule.logic.scraper] - 로딩 마스크가 나타나기를 기다리는 중...
2025-09-19 23:11:22,689 - INFO - [scripts.adrule.logic.scraper] - 로딩 마스크가 사라지기를 기다리는 중...
2025-09-19 23:11:22,874 - INFO - [scripts.adrule.logic.scraper] - 페이지 최종 렌더링을 잠시 대기합니다...
2025-09-19 23:11:23,879 - INFO - [scripts.adrule.logic.scraper] - 페이지 HTML 컨텐츠를 가져오는 중...
2025-09-19 23:11:23,886 - INFO - [scripts.adrule.logic.scraper] - 데이터 파싱 중...
2025-09-19 23:11:23,922 - INFO - [scripts.adrule.logic.scraper] - 유형 2: 텍스트 기반 비정형 구조 감지
2025-09-19 23:11:23,927 - INFO - [scripts.adrule.logic.scraper] - 데이터 1건을 '/Users/woong/Roeum/roeum-crawler/data/raw/adrule/1492000/노무제공자 직종별 산재보험료율_document.jsonl' 파일로 성공적으로 저장했습니다.
2025-09-19 23:11:23,927 - INFO - [scripts.adrule.logic.scraper] - 데이터 1건을 '/Users/woong/Roeum/roeum-crawler/data/raw/adrule/1492000/노무제공자 직종별 산재보험료율_chunks.jsonl' 파일로 성공적으로 저장했습니다.
2025-09-19 23:11:23,963 - INFO - [__main__] - 상세 페이지 스크레이퍼 완료: 노무제공자 직종별 산재보험료율
2025-09-19 23:11:25,951 - INFO - [__main__] - 상세 페이지 스크레이퍼 실행: https://www.law.go.kr/admRulInfoP.do?admRulSeq=2100000251970
2025-09-19 23:11:26,472 - INFO - [scripts.adrule.logic.scraper] - 페이지로 이동 중: https://www.law.go.kr/admRulInfoP.do?admRulSeq=2100000251970
2025-09-19 23:11:27,068 - INFO - [scripts.adrule.logic.scraper] - 로딩 마스크가 나타나기를 기다리는 중...
2025-09-19 23:11:27,094 - INFO - [scripts.adrule.logic.scraper] - 로딩 마스크가 사라지기를 기다리는 중...
2025-09-19 23:11:27,178 - INFO - [scripts.adrule.logic.scraper] - 페이지 최종 렌더링을 잠시 대기합니다...
2025-09-19 23:11:28,182 - INFO - [scripts.adrule.logic.scraper] - 페이지 HTML 컨텐츠를 가져오는 중...
2025-09-19 23:11:28,195 - INFO - [scripts.adrule.logic.scraper] - 데이터 파싱 중...
2025-09-19 23:11:28,249 - INFO - [scripts.adrule.logic.scraper] - 유형 2: 텍스트 기반 비정형 구조 감지
2025-09-19 23:11:28,254 - INFO - [scripts.adrule.logic.scraper] - 데이터 1건을 '/Users/woong/Roeum/roeum-crawler/data/raw/adrule/1492000/노무제공자 최저 휴업급여 보장액_document.jsonl' 파일로 성공적으로 저장했습니다.
2025-09-19 23:11:28,254 - INFO - [scripts.adrule.logic.scraper] - 데이터 2건을 '/Users/woong/Roeum/roeum-crawler/data/raw/adrule/1492000/노무제공자 최저 휴업급여 보장액_chunks.jsonl' 파일로 성공적으로 저장했습니다.
2025-09-19 23:11:28,276 - INFO - [__main__] - 상세 페이지 스크레이퍼 완료: 노무제공자 최저 휴업급여 보장액
2025-09-19 23:11:29,803 - INFO - [__main__] - 상세 페이지 스크레이퍼 실행: https://www.law.go.kr/admRulInfoP.do?admRulSeq=2100000254974
2025-09-19 23:11:30,177 - INFO - [scripts.adrule.logic.scraper] - 페이지로 이동 중: https://www.law.go.kr/admRulInfoP.do?admRulSeq=2100000254974
2025-09-19 23:11:30,794 - INFO - [scripts.adrule.logic.scraper] - 로딩 마스크가 나타나기를 기다리는 중...
2025-09-19 23:11:30,835 - INFO - [scripts.adrule.logic.scraper] - 로딩 마스크가 사라지기를 기다리는 중...
2025-09-19 23:11:31,023 - INFO - [scripts.adrule.logic.scraper] - 페이지 최종 렌더링을 잠시 대기합니다...
2025-09-19 23:11:32,053 - INFO - [scripts.adrule.logic.scraper] - 페이지 HTML 컨텐츠를 가져오는 중...
2025-09-19 23:11:32,110 - INFO - [scripts.adrule.logic.scraper] - 데이터 파싱 중...
2025-09-19 23:11:32,304 - INFO - [scripts.adrule.logic.scraper] - 유형 2: 텍스트 기반 비정형 구조 감지
2025-09-19 23:11:32,327 - INFO - [scripts.adrule.logic.scraper] - 데이터 1건을 '/Users/woong/Roeum/roeum-crawler/data/raw/adrule/1492000/노무제공자 출산전후급여등 상한액 및 하한액 고시_document.jsonl' 파일로 성공적으로 저장했습니다.
2025-09-19 23:11:32,328 - INFO - [scripts.adrule.logic.scraper] - 데이터 2건을 '/Users/woong/Roeum/roeum-crawler/data/raw/adrule/1492000/노무제공자 출산전후급여등 상한액 및 하한액 고시_chunks.jsonl' 파일로 성공적으로 저장했습니다.
2025-09-19 23:11:32,448 - INFO - [__main__] - 상세 페이지 스크레이퍼 완료: 노무제공자 출산전후급여등 상한액 및 하한액 고시
2025-09-19 23:11:34,783 - INFO - [__main__] - 상세 페이지 스크레이퍼 실행: https://www.law.go.kr/admRulInfoP.do?admRulSeq=2100000209247
2025-09-19 23:11:35,784 - INFO - [scripts.adrule.logic.scraper] - 페이지로 이동 중: https://www.law.go.kr/admRulInfoP.do?admRulSeq=2100000209247
2025-09-19 23:11:36,417 - INFO - [scripts.adrule.logic.scraper] - 로딩 마스크가 나타나기를 기다리는 중...
2025-09-19 23:11:36,453 - INFO - [scripts.adrule.logic.scraper] - 로딩 마스크가 사라지기를 기다리는 중...
2025-09-19 23:11:36,576 - INFO - [scripts.adrule.logic.scraper] - 페이지 최종 렌더링을 잠시 대기합니다...
2025-09-19 23:11:37,581 - INFO - [scripts.adrule.logic.scraper] - 페이지 HTML 컨텐츠를 가져오는 중...
2025-09-19 23:11:37,595 - INFO - [scripts.adrule.logic.scraper] - 데이터 파싱 중...
2025-09-19 23:11:37,685 - INFO - [scripts.adrule.logic.scraper] - 유형 1: 정형화된 법령 구조 감지
2025-09-19 23:11:37,727 - INFO - [scripts.adrule.logic.scraper] - 데이터 1건을 '/Users/woong/Roeum/roeum-crawler/data/raw/adrule/1492000/노사관계 전문가 육성사업 운영규정_document.jsonl' 파일로 성공적으로 저장했습니다.
2025-09-19 23:11:37,728 - INFO - [scripts.adrule.logic.scraper] - 데이터 32건을 '/Users/woong/Roeum/roeum-crawler/data/raw/adrule/1492000/노사관계 전문가 육성사업 운영규정_chunks.jsonl' 파일로 성공적으로 저장했습니다.
2025-09-19 23:11:37,764 - INFO - [__main__] - 상세 페이지 스크레이퍼 완료: 노사관계 전문가 육성사업 운영규정
2025-09-19 23:11:39,305 - INFO - [__main__] - 상세 페이지 스크레이퍼 실행: https://www.law.go.kr/admRulInfoP.do?admRulSeq=2100000234550
2025-09-19 23:11:39,684 - INFO - [scripts.adrule.logic.scraper] - 페이지로 이동 중: https://www.law.go.kr/admRulInfoP.do?admRulSeq=2100000234550
2025-09-19 23:11:40,427 - INFO - [scripts.adrule.logic.scraper] - 로딩 마스크가 나타나기를 기다리는 중...
2025-09-19 23:11:40,451 - INFO - [scripts.adrule.logic.scraper] - 로딩 마스크가 사라지기를 기다리는 중...
2025-09-19 23:11:40,633 - INFO - [scripts.adrule.logic.scraper] - 페이지 최종 렌더링을 잠시 대기합니다...
2025-09-19 23:11:41,637 - INFO - [scripts.adrule.logic.scraper] - 페이지 HTML 컨텐츠를 가져오는 중...
2025-09-19 23:11:41,651 - INFO - [scripts.adrule.logic.scraper] - 데이터 파싱 중...
2025-09-19 23:11:41,701 - INFO - [scripts.adrule.logic.scraper] - 유형 1: 정형화된 법령 구조 감지
2025-09-19 23:11:41,707 - INFO - [scripts.adrule.logic.scraper] - 데이터 1건을 '/Users/woong/Roeum/roeum-crawler/data/raw/adrule/1492000/노사발전재단에 위탁·보조하는 사업 고시_document.jsonl' 파일로 성공적으로 저장했습니다.
2025-09-19 23:11:41,707 - INFO - [scripts.adrule.logic.scraper] - 데이터 3건을 '/Users/woong/Roeum/roeum-crawler/data/raw/adrule/1492000/노사발전재단에 위탁·보조하는 사업 고시_chunks.jsonl' 파일로 성공적으로 저장했습니다.
2025-09-19 23:11:41,730 - INFO - [__main__] - 상세 페이지 스크레이퍼 완료: 노사발전재단에 위탁·보조하는 사업 고시
2025-09-19 23:11:43,510 - INFO - [__main__] - 상세 페이지 스크레이퍼 실행: https://www.law.go.kr/admRulInfoP.do?admRulSeq=2100000211032
2025-09-19 23:11:44,287 - INFO - [scripts.adrule.logic.scraper] - 페이지로 이동 중: https://www.law.go.kr/admRulInfoP.do?admRulSeq=2100000211032
2025-09-19 23:11:44,891 - INFO - [scripts.adrule.logic.scraper] - 로딩 마스크가 나타나기를 기다리는 중...
2025-09-19 23:11:44,926 - INFO - [scripts.adrule.logic.scraper] - 로딩 마스크가 사라지기를 기다리는 중...
2025-09-19 23:11:45,014 - INFO - [scripts.adrule.logic.scraper] - 페이지 최종 렌더링을 잠시 대기합니다...
2025-09-19 23:11:46,017 - INFO - [scripts.adrule.logic.scraper] - 페이지 HTML 컨텐츠를 가져오는 중...
2025-09-19 23:11:46,030 - INFO - [scripts.adrule.logic.scraper] - 데이터 파싱 중...
2025-09-19 23:11:46,085 - INFO - [scripts.adrule.logic.scraper] - 유형 2: 텍스트 기반 비정형 구조 감지
2025-09-19 23:11:46,092 - INFO - [scripts.adrule.logic.scraper] - 데이터 1건을 '/Users/woong/Roeum/roeum-crawler/data/raw/adrule/1492000/뇌혈관 질병 또는 심장 질병 및 근골격계 질병의 업무상 질병 인정 여부 결정에 필요한 사항_document.jsonl' 파일로 성공적으로 저장했습니다.
2025-09-19 23:11:46,093 - INFO - [scripts.adrule.logic.scraper] - 데이터 2건을 '/Users/woong/Roeum/roeum-crawler/data/raw/adrule/1492000/뇌혈관 질병 또는 심장 질병 및 근골격계 질병의 업무상 질병 인정 여부 결정에 필요한 사항_chunks.jsonl' 파일로 성공적으로 저장했습니다.
2025-09-19 23:11:46,129 - INFO - [__main__] - 상세 페이지 스크레이퍼 완료: 뇌혈관 질병 또는 심장 질병 및 근골격계 질병의 업무상 질병 인정 여부 결정에 필요한 사항
2025-09-19 23:11:48,200 - INFO - [__main__] - 상세 페이지 스크레이퍼 실행: https://www.law.go.kr/admRulInfoP.do?admRulSeq=2100000209342
2025-09-19 23:11:48,769 - INFO - [scripts.adrule.logic.scraper] - 페이지로 이동 중: https://www.law.go.kr/admRulInfoP.do?admRulSeq=2100000209342
2025-09-19 23:11:49,746 - INFO - [scripts.adrule.logic.scraper] - 로딩 마스크가 나타나기를 기다리는 중...
2025-09-19 23:11:49,818 - INFO - [scripts.adrule.logic.scraper] - 로딩 마스크가 사라지기를 기다리는 중...
2025-09-19 23:11:49,920 - INFO - [scripts.adrule.logic.scraper] - 페이지 최종 렌더링을 잠시 대기합니다...
2025-09-19 23:11:50,927 - INFO - [scripts.adrule.logic.scraper] - 페이지 HTML 컨텐츠를 가져오는 중...
2025-09-19 23:11:50,984 - INFO - [scripts.adrule.logic.scraper] - 데이터 파싱 중...
2025-09-19 23:11:51,270 - INFO - [scripts.adrule.logic.scraper] - 유형 1: 정형화된 법령 구조 감지
2025-09-19 23:11:51,348 - INFO - [scripts.adrule.logic.scraper] - 데이터 1건을 '/Users/woong/Roeum/roeum-crawler/data/raw/adrule/1492000/능력개발비용대부규정_document.jsonl' 파일로 성공적으로 저장했습니다.
2025-09-19 23:11:51,348 - INFO - [scripts.adrule.logic.scraper] - 데이터 14건을 '/Users/woong/Roeum/roeum-crawler/data/raw/adrule/1492000/능력개발비용대부규정_chunks.jsonl' 파일로 성공적으로 저장했습니다.
2025-09-19 23:11:51,398 - INFO - [__main__] - 상세 페이지 스크레이퍼 완료: 능력개발비용대부규정
2025-09-19 23:11:53,046 - INFO - [__main__] - 상세 페이지 스크레이퍼 실행: https://www.law.go.kr/admRulInfoP.do?admRulSeq=2100000208506
2025-09-19 23:11:53,502 - INFO - [scripts.adrule.logic.scraper] - 페이지로 이동 중: https://www.law.go.kr/admRulInfoP.do?admRulSeq=2100000208506
2025-09-19 23:11:54,113 - INFO - [scripts.adrule.logic.scraper] - 로딩 마스크가 나타나기를 기다리는 중...
2025-09-19 23:11:54,181 - INFO - [scripts.adrule.logic.scraper] - 로딩 마스크가 사라지기를 기다리는 중...
2025-09-19 23:11:54,222 - INFO - [scripts.adrule.logic.scraper] - 페이지 최종 렌더링을 잠시 대기합니다...
2025-09-19 23:11:55,232 - INFO - [scripts.adrule.logic.scraper] - 페이지 HTML 컨텐츠를 가져오는 중...
2025-09-19 23:11:55,240 - INFO - [scripts.adrule.logic.scraper] - 데이터 파싱 중...
2025-09-19 23:11:55,270 - INFO - [scripts.adrule.logic.scraper] - 유형 2: 텍스트 기반 비정형 구조 감지
2025-09-19 23:11:55,275 - INFO - [scripts.adrule.logic.scraper] - 데이터 1건을 '/Users/woong/Roeum/roeum-crawler/data/raw/adrule/1492000/대한민국명장의 직종 고시_document.jsonl' 파일로 성공적으로 저장했습니다.
2025-09-19 23:11:55,275 - INFO - [scripts.adrule.logic.scraper] - 데이터 1건을 '/Users/woong/Roeum/roeum-crawler/data/raw/adrule/1492000/대한민국명장의 직종 고시_chunks.jsonl' 파일로 성공적으로 저장했습니다.
2025-09-19 23:11:55,302 - INFO - [__main__] - 상세 페이지 스크레이퍼 완료: 대한민국명장의 직종 고시
2025-09-19 23:11:56,861 - INFO - [__main__] - 상세 페이지 스크레이퍼 실행: https://www.law.go.kr/admRulInfoP.do?admRulSeq=2100000205357
2025-09-19 23:11:57,378 - INFO - [scripts.adrule.logic.scraper] - 페이지로 이동 중: https://www.law.go.kr/admRulInfoP.do?admRulSeq=2100000205357
2025-09-19 23:11:57,947 - INFO - [scripts.adrule.logic.scraper] - 로딩 마스크가 나타나기를 기다리는 중...
2025-09-19 23:11:57,969 - INFO - [scripts.adrule.logic.scraper] - 로딩 마스크가 사라지기를 기다리는 중...
2025-09-19 23:11:58,165 - INFO - [scripts.adrule.logic.scraper] - 페이지 최종 렌더링을 잠시 대기합니다...
2025-09-19 23:11:59,171 - INFO - [scripts.adrule.logic.scraper] - 페이지 HTML 컨텐츠를 가져오는 중...
2025-09-19 23:11:59,188 - INFO - [scripts.adrule.logic.scraper] - 데이터 파싱 중...
2025-09-19 23:11:59,284 - INFO - [scripts.adrule.logic.scraper] - 유형 1: 정형화된 법령 구조 감지
2025-09-19 23:11:59,310 - INFO - [scripts.adrule.logic.scraper] - 데이터 1건을 '/Users/woong/Roeum/roeum-crawler/data/raw/adrule/1492000/도산등사실인정 및 확인업무 처리규정_document.jsonl' 파일로 성공적으로 저장했습니다.
2025-09-19 23:11:59,311 - INFO - [scripts.adrule.logic.scraper] - 데이터 32건을 '/Users/woong/Roeum/roeum-crawler/data/raw/adrule/1492000/도산등사실인정 및 확인업무 처리규정_chunks.jsonl' 파일로 성공적으로 저장했습니다.
2025-09-19 23:11:59,332 - INFO - [__main__] - 상세 페이지 스크레이퍼 완료: 도산등사실인정 및 확인업무 처리규정
2025-09-19 23:12:00,844 - INFO - [__main__] - 상세 페이지 스크레이퍼 실행: https://www.law.go.kr/admRulInfoP.do?admRulSeq=2100000022849
2025-09-19 23:12:01,240 - INFO - [scripts.adrule.logic.scraper] - 페이지로 이동 중: https://www.law.go.kr/admRulInfoP.do?admRulSeq=2100000022849
2025-09-19 23:12:01,937 - INFO - [scripts.adrule.logic.scraper] - 로딩 마스크가 나타나기를 기다리는 중...
2025-09-19 23:12:01,955 - INFO - [scripts.adrule.logic.scraper] - 로딩 마스크가 사라지기를 기다리는 중...
2025-09-19 23:12:02,243 - INFO - [scripts.adrule.logic.scraper] - 페이지 최종 렌더링을 잠시 대기합니다...
2025-09-19 23:12:03,246 - INFO - [scripts.adrule.logic.scraper] - 페이지 HTML 컨텐츠를 가져오는 중...
2025-09-19 23:12:03,261 - INFO - [scripts.adrule.logic.scraper] - 데이터 파싱 중...
2025-09-19 23:12:03,304 - INFO - [scripts.adrule.logic.scraper] - 유형 2: 텍스트 기반 비정형 구조 감지
2025-09-19 23:12:03,308 - INFO - [scripts.adrule.logic.scraper] - 데이터 1건을 '/Users/woong/Roeum/roeum-crawler/data/raw/adrule/1492000/등록취소 등에 따라 퇴직연금사업자가 취하여야 할 사용자 및 가입자 보호조치 고시_document.jsonl' 파일로 성공적으로 저장했습니다.
2025-09-19 23:12:03,309 - INFO - [scripts.adrule.logic.scraper] - 데이터 2건을 '/Users/woong/Roeum/roeum-crawler/data/raw/adrule/1492000/등록취소 등에 따라 퇴직연금사업자가 취하여야 할 사용자 및 가입자 보호조치 고시_chunks.jsonl' 파일로 성공적으로 저장했습니다.
2025-09-19 23:12:03,329 - INFO - [__main__] - 상세 페이지 스크레이퍼 완료: 등록취소 등에 따라 퇴직연금사업자가 취하여야 할 사용자 및 가입자 보호조치 고시
2025-09-19 23:12:05,802 - INFO - [__main__] - 상세 페이지 스크레이퍼 실행: https://www.law.go.kr/admRulInfoP.do?admRulSeq=2100000093592
2025-09-19 23:12:06,604 - INFO - [scripts.adrule.logic.scraper] - 페이지로 이동 중: https://www.law.go.kr/admRulInfoP.do?admRulSeq=2100000093592
2025-09-19 23:12:07,263 - INFO - [scripts.adrule.logic.scraper] - 로딩 마스크가 나타나기를 기다리는 중...
2025-09-19 23:12:07,297 - INFO - [scripts.adrule.logic.scraper] - 로딩 마스크가 사라지기를 기다리는 중...
2025-09-19 23:12:07,346 - INFO - [scripts.adrule.logic.scraper] - 페이지 최종 렌더링을 잠시 대기합니다...
2025-09-19 23:12:08,349 - INFO - [scripts.adrule.logic.scraper] - 페이지 HTML 컨텐츠를 가져오는 중...
2025-09-19 23:12:08,361 - INFO - [scripts.adrule.logic.scraper] - 데이터 파싱 중...
2025-09-19 23:12:08,408 - INFO - [scripts.adrule.logic.scraper] - 유형 1: 정형화된 법령 구조 감지
2025-09-19 23:12:08,426 - INFO - [scripts.adrule.logic.scraper] - 데이터 1건을 '/Users/woong/Roeum/roeum-crawler/data/raw/adrule/1492000/명예고용평등감독관 운영규정_document.jsonl' 파일로 성공적으로 저장했습니다.
2025-09-19 23:12:08,427 - INFO - [scripts.adrule.logic.scraper] - 데이터 12건을 '/Users/woong/Roeum/roeum-crawler/data/raw/adrule/1492000/명예고용평등감독관 운영규정_chunks.jsonl' 파일로 성공적으로 저장했습니다.
2025-09-19 23:12:08,458 - INFO - [__main__] - 상세 페이지 스크레이퍼 완료: 명예고용평등감독관 운영규정
2025-09-19 23:12:10,096 - INFO - [__main__] - 상세 페이지 스크레이퍼 실행: https://www.law.go.kr/admRulInfoP.do?admRulSeq=2100000186122
2025-09-19 23:12:10,645 - INFO - [scripts.adrule.logic.scraper] - 페이지로 이동 중: https://www.law.go.kr/admRulInfoP.do?admRulSeq=2100000186122
2025-09-19 23:12:11,222 - INFO - [scripts.adrule.logic.scraper] - 로딩 마스크가 나타나기를 기다리는 중...
2025-09-19 23:12:11,243 - INFO - [scripts.adrule.logic.scraper] - 로딩 마스크가 사라지기를 기다리는 중...
2025-09-19 23:12:11,333 - INFO - [scripts.adrule.logic.scraper] - 페이지 최종 렌더링을 잠시 대기합니다...
2025-09-19 23:12:12,336 - INFO - [scripts.adrule.logic.scraper] - 페이지 HTML 컨텐츠를 가져오는 중...
2025-09-19 23:12:12,348 - INFO - [scripts.adrule.logic.scraper] - 데이터 파싱 중...
2025-09-19 23:12:12,390 - INFO - [scripts.adrule.logic.scraper] - 유형 1: 정형화된 법령 구조 감지
2025-09-19 23:12:12,463 - INFO - [scripts.adrule.logic.scraper] - 데이터 1건을 '/Users/woong/Roeum/roeum-crawler/data/raw/adrule/1492000/명예산업안전감독관 운영규정_document.jsonl' 파일로 성공적으로 저장했습니다.
2025-09-19 23:12:12,464 - INFO - [scripts.adrule.logic.scraper] - 데이터 14건을 '/Users/woong/Roeum/roeum-crawler/data/raw/adrule/1492000/명예산업안전감독관 운영규정_chunks.jsonl' 파일로 성공적으로 저장했습니다.
2025-09-19 23:12:12,491 - INFO - [__main__] - 상세 페이지 스크레이퍼 완료: 명예산업안전감독관 운영규정
2025-09-19 23:12:14,153 - INFO - [__main__] - 상세 페이지 스크레이퍼 실행: https://www.law.go.kr/admRulInfoP.do?admRulSeq=2100000251896
2025-09-19 23:12:14,569 - INFO - [scripts.adrule.logic.scraper] - 페이지로 이동 중: https://www.law.go.kr/admRulInfoP.do?admRulSeq=2100000251896
2025-09-19 23:12:15,100 - INFO - [scripts.adrule.logic.scraper] - 로딩 마스크가 나타나기를 기다리는 중...
2025-09-19 23:12:15,133 - INFO - [scripts.adrule.logic.scraper] - 로딩 마스크가 사라지기를 기다리는 중...
2025-09-19 23:12:15,215 - INFO - [scripts.adrule.logic.scraper] - 페이지 최종 렌더링을 잠시 대기합니다...
2025-09-19 23:12:16,218 - INFO - [scripts.adrule.logic.scraper] - 페이지 HTML 컨텐츠를 가져오는 중...
2025-09-19 23:12:16,226 - INFO - [scripts.adrule.logic.scraper] - 데이터 파싱 중...
2025-09-19 23:12:16,257 - INFO - [scripts.adrule.logic.scraper] - 유형 2: 텍스트 기반 비정형 구조 감지
2025-09-19 23:12:16,261 - INFO - [scripts.adrule.logic.scraper] - 데이터 1건을 '/Users/woong/Roeum/roeum-crawler/data/raw/adrule/1492000/무급가족종사자에 대한 산재보험료 및 보험급여 산정의 기초가 되는 보수액 및 평균임금_document.jsonl' 파일로 성공적으로 저장했습니다.
2025-09-19 23:12:16,261 - INFO - [scripts.adrule.logic.scraper] - 데이터 1건을 '/Users/woong/Roeum/roeum-crawler/data/raw/adrule/1492000/무급가족종사자에 대한 산재보험료 및 보험급여 산정의 기초가 되는 보수액 및 평균임금_chunks.jsonl' 파일로 성공적으로 저장했습니다.
2025-09-19 23:12:16,286 - INFO - [__main__] - 상세 페이지 스크레이퍼 완료: 무급가족종사자에 대한 산재보험료 및 보험급여 산정의 기초가 되는 보수액 및 평균임금
2025-09-19 23:12:17,834 - INFO - [__main__] - 상세 페이지 스크레이퍼 실행: https://www.law.go.kr/admRulInfoP.do?admRulSeq=2100000231602
2025-09-19 23:12:18,201 - INFO - [scripts.adrule.logic.scraper] - 페이지로 이동 중: https://www.law.go.kr/admRulInfoP.do?admRulSeq=2100000231602
2025-09-19 23:12:18,844 - INFO - [scripts.adrule.logic.scraper] - 로딩 마스크가 나타나기를 기다리는 중...
2025-09-19 23:12:18,904 - INFO - [scripts.adrule.logic.scraper] - 로딩 마스크가 사라지기를 기다리는 중...
2025-09-19 23:12:19,038 - INFO - [scripts.adrule.logic.scraper] - 페이지 최종 렌더링을 잠시 대기합니다...
2025-09-19 23:12:20,043 - INFO - [scripts.adrule.logic.scraper] - 페이지 HTML 컨텐츠를 가져오는 중...
2025-09-19 23:12:20,057 - INFO - [scripts.adrule.logic.scraper] - 데이터 파싱 중...
2025-09-19 23:12:20,181 - INFO - [scripts.adrule.logic.scraper] - 유형 1: 정형화된 법령 구조 감지
2025-09-19 23:12:20,214 - INFO - [scripts.adrule.logic.scraper] - 데이터 1건을 '/Users/woong/Roeum/roeum-crawler/data/raw/adrule/1492000/무급휴업·휴직 고용유지지원금 지급규정_document.jsonl' 파일로 성공적으로 저장했습니다.
2025-09-19 23:12:20,215 - INFO - [scripts.adrule.logic.scraper] - 데이터 23건을 '/Users/woong/Roeum/roeum-crawler/data/raw/adrule/1492000/무급휴업·휴직 고용유지지원금 지급규정_chunks.jsonl' 파일로 성공적으로 저장했습니다.
2025-09-19 23:12:20,263 - INFO - [__main__] - 상세 페이지 스크레이퍼 완료: 무급휴업·휴직 고용유지지원금 지급규정
2025-09-19 23:12:22,087 - INFO - [__main__] - 상세 페이지 스크레이퍼 실행: https://www.law.go.kr/admRulInfoP.do?admRulSeq=2100000229718
2025-09-19 23:12:22,639 - INFO - [scripts.adrule.logic.scraper] - 페이지로 이동 중: https://www.law.go.kr/admRulInfoP.do?admRulSeq=2100000229718
2025-09-19 23:12:23,246 - INFO - [scripts.adrule.logic.scraper] - 로딩 마스크가 나타나기를 기다리는 중...
2025-09-19 23:12:23,277 - INFO - [scripts.adrule.logic.scraper] - 로딩 마스크가 사라지기를 기다리는 중...
2025-09-19 23:12:23,316 - INFO - [scripts.adrule.logic.scraper] - 페이지 최종 렌더링을 잠시 대기합니다...
2025-09-19 23:12:24,326 - INFO - [scripts.adrule.logic.scraper] - 페이지 HTML 컨텐츠를 가져오는 중...
2025-09-19 23:12:24,335 - INFO - [scripts.adrule.logic.scraper] - 데이터 파싱 중...
2025-09-19 23:12:24,373 - INFO - [scripts.adrule.logic.scraper] - 유형 1: 정형화된 법령 구조 감지
2025-09-19 23:12:24,379 - INFO - [scripts.adrule.logic.scraper] - 데이터 1건을 '/Users/woong/Roeum/roeum-crawler/data/raw/adrule/1492000/무역조정 지원 등에 관한 법률에 따른 과태료의 가중처분에 관한 세부 지침_document.jsonl' 파일로 성공적으로 저장했습니다.
2025-09-19 23:12:24,379 - INFO - [scripts.adrule.logic.scraper] - 데이터 3건을 '/Users/woong/Roeum/roeum-crawler/data/raw/adrule/1492000/무역조정 지원 등에 관한 법률에 따른 과태료의 가중처분에 관한 세부 지침_chunks.jsonl' 파일로 성공적으로 저장했습니다.
2025-09-19 23:12:24,407 - INFO - [__main__] - 상세 페이지 스크레이퍼 완료: 무역조정 지원 등에 관한 법률에 따른 과태료의 가중처분에 관한 세부 지침
2025-09-19 23:12:25,970 - INFO - [__main__] - 상세 페이지 스크레이퍼 실행: https://www.law.go.kr/admRulInfoP.do?admRulSeq=2100000209205
2025-09-19 23:12:26,417 - INFO - [scripts.adrule.logic.scraper] - 페이지로 이동 중: https://www.law.go.kr/admRulInfoP.do?admRulSeq=2100000209205
2025-09-19 23:12:27,045 - INFO - [scripts.adrule.logic.scraper] - 로딩 마스크가 나타나기를 기다리는 중...
2025-09-19 23:12:27,066 - INFO - [scripts.adrule.logic.scraper] - 로딩 마스크가 사라지기를 기다리는 중...
2025-09-19 23:12:27,249 - INFO - [scripts.adrule.logic.scraper] - 페이지 최종 렌더링을 잠시 대기합니다...
2025-09-19 23:12:28,253 - INFO - [scripts.adrule.logic.scraper] - 페이지 HTML 컨텐츠를 가져오는 중...
2025-09-19 23:12:28,274 - INFO - [scripts.adrule.logic.scraper] - 데이터 파싱 중...
2025-09-19 23:12:28,336 - INFO - [scripts.adrule.logic.scraper] - 유형 1: 정형화된 법령 구조 감지
2025-09-19 23:12:28,381 - INFO - [scripts.adrule.logic.scraper] - 데이터 1건을 '/Users/woong/Roeum/roeum-crawler/data/raw/adrule/1492000/민간단체 고용평등상담실 운영지원규정_document.jsonl' 파일로 성공적으로 저장했습니다.
2025-09-19 23:12:28,382 - INFO - [scripts.adrule.logic.scraper] - 데이터 27건을 '/Users/woong/Roeum/roeum-crawler/data/raw/adrule/1492000/민간단체 고용평등상담실 운영지원규정_chunks.jsonl' 파일로 성공적으로 저장했습니다.
2025-09-19 23:12:28,404 - INFO - [__main__] - 상세 페이지 스크레이퍼 완료: 민간단체 고용평등상담실 운영지원규정
2025-09-19 23:12:29,924 - INFO - [__main__] - 상세 페이지 스크레이퍼 실행: https://www.law.go.kr/admRulInfoP.do?admRulSeq=2100000249796
2025-09-19 23:12:30,325 - INFO - [scripts.adrule.logic.scraper] - 페이지로 이동 중: https://www.law.go.kr/admRulInfoP.do?admRulSeq=2100000249796
2025-09-19 23:12:30,927 - INFO - [scripts.adrule.logic.scraper] - 로딩 마스크가 나타나기를 기다리는 중...
2025-09-19 23:12:30,948 - INFO - [scripts.adrule.logic.scraper] - 로딩 마스크가 사라지기를 기다리는 중...
2025-09-19 23:12:31,740 - INFO - [scripts.adrule.logic.scraper] - 페이지 최종 렌더링을 잠시 대기합니다...
2025-09-19 23:12:32,745 - INFO - [scripts.adrule.logic.scraper] - 페이지 HTML 컨텐츠를 가져오는 중...
2025-09-19 23:12:32,761 - INFO - [scripts.adrule.logic.scraper] - 데이터 파싱 중...
2025-09-19 23:12:32,805 - INFO - [scripts.adrule.logic.scraper] - 유형 2: 텍스트 기반 비정형 구조 감지
2025-09-19 23:12:32,811 - INFO - [scripts.adrule.logic.scraper] - 데이터 1건을 '/Users/woong/Roeum/roeum-crawler/data/raw/adrule/1492000/민간직업상담원 보수 지급기준_document.jsonl' 파일로 성공적으로 저장했습니다.
2025-09-19 23:12:32,811 - INFO - [scripts.adrule.logic.scraper] - 데이터 2건을 '/Users/woong/Roeum/roeum-crawler/data/raw/adrule/1492000/민간직업상담원 보수 지급기준_chunks.jsonl' 파일로 성공적으로 저장했습니다.
2025-09-19 23:12:32,835 - INFO - [__main__] - 상세 페이지 스크레이퍼 완료: 민간직업상담원 보수 지급기준
2025-09-19 23:12:34,355 - INFO - [__main__] - 상세 페이지 스크레이퍼 실행: https://www.law.go.kr/admRulInfoP.do?admRulSeq=2100000226042
2025-09-19 23:12:34,727 - INFO - [scripts.adrule.logic.scraper] - 페이지로 이동 중: https://www.law.go.kr/admRulInfoP.do?admRulSeq=2100000226042
2025-09-19 23:12:35,287 - INFO - [scripts.adrule.logic.scraper] - 로딩 마스크가 나타나기를 기다리는 중...
2025-09-19 23:12:35,313 - INFO - [scripts.adrule.logic.scraper] - 로딩 마스크가 사라지기를 기다리는 중...
2025-09-19 23:12:35,502 - INFO - [scripts.adrule.logic.scraper] - 페이지 최종 렌더링을 잠시 대기합니다...
2025-09-19 23:12:36,504 - INFO - [scripts.adrule.logic.scraper] - 페이지 HTML 컨텐츠를 가져오는 중...
2025-09-19 23:12:36,528 - INFO - [scripts.adrule.logic.scraper] - 데이터 파싱 중...
2025-09-19 23:12:36,613 - INFO - [scripts.adrule.logic.scraper] - 유형 1: 정형화된 법령 구조 감지
2025-09-19 23:12:36,641 - INFO - [scripts.adrule.logic.scraper] - 데이터 1건을 '/Users/woong/Roeum/roeum-crawler/data/raw/adrule/1492000/발파 표준안전 작업지침_document.jsonl' 파일로 성공적으로 저장했습니다.
2025-09-19 23:12:36,641 - INFO - [scripts.adrule.logic.scraper] - 데이터 35건을 '/Users/woong/Roeum/roeum-crawler/data/raw/adrule/1492000/발파 표준안전 작업지침_chunks.jsonl' 파일로 성공적으로 저장했습니다.
2025-09-19 23:12:36,664 - INFO - [__main__] - 상세 페이지 스크레이퍼 완료: 발파 표준안전 작업지침
2025-09-19 23:12:38,170 - INFO - [__main__] - 상세 페이지 스크레이퍼 실행: https://www.law.go.kr/admRulInfoP.do?admRulSeq=2100000199056
2025-09-19 23:12:38,519 - INFO - [scripts.adrule.logic.scraper] - 페이지로 이동 중: https://www.law.go.kr/admRulInfoP.do?admRulSeq=2100000199056
2025-09-19 23:12:39,136 - INFO - [scripts.adrule.logic.scraper] - 로딩 마스크가 나타나기를 기다리는 중...
2025-09-19 23:12:39,155 - INFO - [scripts.adrule.logic.scraper] - 로딩 마스크가 사라지기를 기다리는 중...
2025-09-19 23:12:39,954 - INFO - [scripts.adrule.logic.scraper] - 페이지 최종 렌더링을 잠시 대기합니다...
2025-09-19 23:12:40,958 - INFO - [scripts.adrule.logic.scraper] - 페이지 HTML 컨텐츠를 가져오는 중...
2025-09-19 23:12:40,982 - INFO - [scripts.adrule.logic.scraper] - 데이터 파싱 중...
2025-09-19 23:12:41,106 - INFO - [scripts.adrule.logic.scraper] - 유형 1: 정형화된 법령 구조 감지
2025-09-19 23:12:41,168 - INFO - [scripts.adrule.logic.scraper] - 데이터 1건을 '/Users/woong/Roeum/roeum-crawler/data/raw/adrule/1492000/방호장치 안전인증 고시_document.jsonl' 파일로 성공적으로 저장했습니다.
2025-09-19 23:12:41,169 - INFO - [scripts.adrule.logic.scraper] - 데이터 40건을 '/Users/woong/Roeum/roeum-crawler/data/raw/adrule/1492000/방호장치 안전인증 고시_chunks.jsonl' 파일로 성공적으로 저장했습니다.
2025-09-19 23:12:41,191 - INFO - [__main__] - 상세 페이지 스크레이퍼 완료: 방호장치 안전인증 고시
2025-09-19 23:12:42,879 - INFO - [__main__] - 상세 페이지 스크레이퍼 실행: https://www.law.go.kr/admRulInfoP.do?admRulSeq=2100000214150
2025-09-19 23:12:43,390 - INFO - [scripts.adrule.logic.scraper] - 페이지로 이동 중: https://www.law.go.kr/admRulInfoP.do?admRulSeq=2100000214150
2025-09-19 23:12:44,001 - INFO - [scripts.adrule.logic.scraper] - 로딩 마스크가 나타나기를 기다리는 중...
2025-09-19 23:12:44,026 - INFO - [scripts.adrule.logic.scraper] - 로딩 마스크가 사라지기를 기다리는 중...
2025-09-19 23:12:44,110 - INFO - [scripts.adrule.logic.scraper] - 페이지 최종 렌더링을 잠시 대기합니다...
2025-09-19 23:12:45,112 - INFO - [scripts.adrule.logic.scraper] - 페이지 HTML 컨텐츠를 가져오는 중...
2025-09-19 23:12:45,120 - INFO - [scripts.adrule.logic.scraper] - 데이터 파싱 중...
2025-09-19 23:12:45,179 - INFO - [scripts.adrule.logic.scraper] - 유형 1: 정형화된 법령 구조 감지
2025-09-19 23:12:45,228 - INFO - [scripts.adrule.logic.scraper] - 데이터 1건을 '/Users/woong/Roeum/roeum-crawler/data/raw/adrule/1492000/방호장치 자율안전기준 고시_document.jsonl' 파일로 성공적으로 저장했습니다.
2025-09-19 23:12:45,229 - INFO - [scripts.adrule.logic.scraper] - 데이터 17건을 '/Users/woong/Roeum/roeum-crawler/data/raw/adrule/1492000/방호장치 자율안전기준 고시_chunks.jsonl' 파일로 성공적으로 저장했습니다.
2025-09-19 23:12:45,254 - INFO - [__main__] - 상세 페이지 스크레이퍼 완료: 방호장치 자율안전기준 고시
2025-09-19 23:12:47,031 - INFO - [__main__] - 상세 페이지 스크레이퍼 실행: https://www.law.go.kr/admRulInfoP.do?admRulSeq=2100000252100
2025-09-19 23:12:47,590 - INFO - [scripts.adrule.logic.scraper] - 페이지로 이동 중: https://www.law.go.kr/admRulInfoP.do?admRulSeq=2100000252100
2025-09-19 23:12:48,244 - INFO - [scripts.adrule.logic.scraper] - 로딩 마스크가 나타나기를 기다리는 중...
2025-09-19 23:12:48,278 - INFO - [scripts.adrule.logic.scraper] - 로딩 마스크가 사라지기를 기다리는 중...
2025-09-19 23:12:48,463 - INFO - [scripts.adrule.logic.scraper] - 페이지 최종 렌더링을 잠시 대기합니다...
2025-09-19 23:12:49,466 - INFO - [scripts.adrule.logic.scraper] - 페이지 HTML 컨텐츠를 가져오는 중...
2025-09-19 23:12:49,471 - INFO - [scripts.adrule.logic.scraper] - 데이터 파싱 중...
2025-09-19 23:12:49,503 - INFO - [scripts.adrule.logic.scraper] - 유형 2: 텍스트 기반 비정형 구조 감지
2025-09-19 23:12:49,507 - INFO - [scripts.adrule.logic.scraper] - 데이터 1건을 '/Users/woong/Roeum/roeum-crawler/data/raw/adrule/1492000/벌목업의 노무비율_document.jsonl' 파일로 성공적으로 저장했습니다.
2025-09-19 23:12:49,507 - INFO - [scripts.adrule.logic.scraper] - 데이터 2건을 '/Users/woong/Roeum/roeum-crawler/data/raw/adrule/1492000/벌목업의 노무비율_chunks.jsonl' 파일로 성공적으로 저장했습니다.
2025-09-19 23:12:49,541 - INFO - [__main__] - 상세 페이지 스크레이퍼 완료: 벌목업의 노무비율
2025-09-19 23:12:51,264 - INFO - [__main__] - 상세 페이지 스크레이퍼 실행: https://www.law.go.kr/admRulInfoP.do?admRulSeq=2100000262610
2025-09-19 23:12:51,731 - INFO - [scripts.adrule.logic.scraper] - 페이지로 이동 중: https://www.law.go.kr/admRulInfoP.do?admRulSeq=2100000262610
2025-09-19 23:12:52,367 - INFO - [scripts.adrule.logic.scraper] - 로딩 마스크가 나타나기를 기다리는 중...
2025-09-19 23:12:52,393 - INFO - [scripts.adrule.logic.scraper] - 로딩 마스크가 사라지기를 기다리는 중...
2025-09-19 23:12:52,483 - INFO - [scripts.adrule.logic.scraper] - 페이지 최종 렌더링을 잠시 대기합니다...
2025-09-19 23:12:53,490 - INFO - [scripts.adrule.logic.scraper] - 페이지 HTML 컨텐츠를 가져오는 중...
2025-09-19 23:12:53,498 - INFO - [scripts.adrule.logic.scraper] - 데이터 파싱 중...
2025-09-19 23:12:53,545 - INFO - [scripts.adrule.logic.scraper] - 유형 1: 정형화된 법령 구조 감지
2025-09-19 23:12:53,600 - INFO - [scripts.adrule.logic.scraper] - 데이터 1건을 '/Users/woong/Roeum/roeum-crawler/data/raw/adrule/1492000/벌목 표준안전 작업지침_document.jsonl' 파일로 성공적으로 저장했습니다.
2025-09-19 23:12:53,601 - INFO - [scripts.adrule.logic.scraper] - 데이터 9건을 '/Users/woong/Roeum/roeum-crawler/data/raw/adrule/1492000/벌목 표준안전 작업지침_chunks.jsonl' 파일로 성공적으로 저장했습니다.
2025-09-19 23:12:53,628 - INFO - [__main__] - 상세 페이지 스크레이퍼 완료: 벌목 표준안전 작업지침
2025-09-19 23:12:55,342 - INFO - [__main__] - 상세 페이지 스크레이퍼 실행: https://www.law.go.kr/admRulInfoP.do?admRulSeq=2100000233602
2025-09-19 23:12:55,863 - INFO - [scripts.adrule.logic.scraper] - 페이지로 이동 중: https://www.law.go.kr/admRulInfoP.do?admRulSeq=2100000233602
2025-09-19 23:12:56,967 - INFO - [scripts.adrule.logic.scraper] - 로딩 마스크가 나타나기를 기다리는 중...
2025-09-19 23:12:57,000 - INFO - [scripts.adrule.logic.scraper] - 로딩 마스크가 사라지기를 기다리는 중...
2025-09-19 23:12:57,187 - INFO - [scripts.adrule.logic.scraper] - 페이지 최종 렌더링을 잠시 대기합니다...
2025-09-19 23:12:58,191 - INFO - [scripts.adrule.logic.scraper] - 페이지 HTML 컨텐츠를 가져오는 중...
2025-09-19 23:12:58,208 - INFO - [scripts.adrule.logic.scraper] - 데이터 파싱 중...
2025-09-19 23:12:58,313 - INFO - [scripts.adrule.logic.scraper] - 유형 1: 정형화된 법령 구조 감지
2025-09-19 23:12:58,348 - INFO - [scripts.adrule.logic.scraper] - 데이터 1건을 '/Users/woong/Roeum/roeum-crawler/data/raw/adrule/1492000/보험사무대행기관의 교육 등에 관한 규정_document.jsonl' 파일로 성공적으로 저장했습니다.
2025-09-19 23:12:58,348 - INFO - [scripts.adrule.logic.scraper] - 데이터 36건을 '/Users/woong/Roeum/roeum-crawler/data/raw/adrule/1492000/보험사무대행기관의 교육 등에 관한 규정_chunks.jsonl' 파일로 성공적으로 저장했습니다.
2025-09-19 23:12:58,378 - INFO - [__main__] - 상세 페이지 스크레이퍼 완료: 보험사무대행기관의 교육 등에 관한 규정
2025-09-19 23:13:00,101 - INFO - [__main__] - 상세 페이지 스크레이퍼 실행: https://www.law.go.kr/admRulInfoP.do?admRulSeq=2100000252144
2025-09-19 23:13:00,642 - INFO - [scripts.adrule.logic.scraper] - 페이지로 이동 중: https://www.law.go.kr/admRulInfoP.do?admRulSeq=2100000252144
2025-09-19 23:13:01,263 - INFO - [scripts.adrule.logic.scraper] - 로딩 마스크가 나타나기를 기다리는 중...
2025-09-19 23:13:01,337 - INFO - [scripts.adrule.logic.scraper] - 로딩 마스크가 사라지기를 기다리는 중...
2025-09-19 23:13:01,398 - INFO - [scripts.adrule.logic.scraper] - 페이지 최종 렌더링을 잠시 대기합니다...
2025-09-19 23:13:02,406 - INFO - [scripts.adrule.logic.scraper] - 페이지 HTML 컨텐츠를 가져오는 중...
2025-09-19 23:13:02,421 - INFO - [scripts.adrule.logic.scraper] - 데이터 파싱 중...
2025-09-19 23:13:02,476 - INFO - [scripts.adrule.logic.scraper] - 유형 2: 텍스트 기반 비정형 구조 감지
2025-09-19 23:13:02,485 - INFO - [scripts.adrule.logic.scraper] - 데이터 1건을 '/Users/woong/Roeum/roeum-crawler/data/raw/adrule/1492000/보험사무대행지원금 지급기준_document.jsonl' 파일로 성공적으로 저장했습니다.
2025-09-19 23:13:02,485 - INFO - [scripts.adrule.logic.scraper] - 데이터 2건을 '/Users/woong/Roeum/roeum-crawler/data/raw/adrule/1492000/보험사무대행지원금 지급기준_chunks.jsonl' 파일로 성공적으로 저장했습니다.
2025-09-19 23:13:02,528 - INFO - [__main__] - 상세 페이지 스크레이퍼 완료: 보험사무대행지원금 지급기준
2025-09-19 23:13:04,239 - INFO - [__main__] - 상세 페이지 스크레이퍼 실행: https://www.law.go.kr/admRulInfoP.do?admRulSeq=2100000232806
2025-09-19 23:13:04,740 - INFO - [scripts.adrule.logic.scraper] - 페이지로 이동 중: https://www.law.go.kr/admRulInfoP.do?admRulSeq=2100000232806
2025-09-19 23:13:05,308 - INFO - [scripts.adrule.logic.scraper] - 로딩 마스크가 나타나기를 기다리는 중...
2025-09-19 23:13:05,331 - INFO - [scripts.adrule.logic.scraper] - 로딩 마스크가 사라지기를 기다리는 중...
2025-09-19 23:13:05,614 - INFO - [scripts.adrule.logic.scraper] - 페이지 최종 렌더링을 잠시 대기합니다...
2025-09-19 23:13:06,616 - INFO - [scripts.adrule.logic.scraper] - 페이지 HTML 컨텐츠를 가져오는 중...
2025-09-19 23:13:06,629 - INFO - [scripts.adrule.logic.scraper] - 데이터 파싱 중...
2025-09-19 23:13:06,745 - INFO - [scripts.adrule.logic.scraper] - 유형 1: 정형화된 법령 구조 감지
2025-09-19 23:13:06,800 - INFO - [scripts.adrule.logic.scraper] - 데이터 1건을 '/Users/woong/Roeum/roeum-crawler/data/raw/adrule/1492000/보호구 안전인증 고시_document.jsonl' 파일로 성공적으로 저장했습니다.
2025-09-19 23:13:06,802 - INFO - [scripts.adrule.logic.scraper] - 데이터 35건을 '/Users/woong/Roeum/roeum-crawler/data/raw/adrule/1492000/보호구 안전인증 고시_chunks.jsonl' 파일로 성공적으로 저장했습니다.
2025-09-19 23:13:06,828 - INFO - [__main__] - 상세 페이지 스크레이퍼 완료: 보호구 안전인증 고시
2025-09-19 23:13:08,622 - INFO - [__main__] - 상세 페이지 스크레이퍼 실행: https://www.law.go.kr/admRulInfoP.do?admRulSeq=2100000186078
2025-09-19 23:13:09,157 - INFO - [scripts.adrule.logic.scraper] - 페이지로 이동 중: https://www.law.go.kr/admRulInfoP.do?admRulSeq=2100000186078
2025-09-19 23:13:09,818 - INFO - [scripts.adrule.logic.scraper] - 로딩 마스크가 나타나기를 기다리는 중...
2025-09-19 23:13:09,844 - INFO - [scripts.adrule.logic.scraper] - 로딩 마스크가 사라지기를 기다리는 중...
2025-09-19 23:13:10,032 - INFO - [scripts.adrule.logic.scraper] - 페이지 최종 렌더링을 잠시 대기합니다...
2025-09-19 23:13:11,035 - INFO - [scripts.adrule.logic.scraper] - 페이지 HTML 컨텐츠를 가져오는 중...
2025-09-19 23:13:11,049 - INFO - [scripts.adrule.logic.scraper] - 데이터 파싱 중...
2025-09-19 23:13:11,098 - INFO - [scripts.adrule.logic.scraper] - 유형 1: 정형화된 법령 구조 감지
2025-09-19 23:13:11,166 - INFO - [scripts.adrule.logic.scraper] - 데이터 1건을 '/Users/woong/Roeum/roeum-crawler/data/raw/adrule/1492000/보호구 자율안전확인 고시_document.jsonl' 파일로 성공적으로 저장했습니다.
2025-09-19 23:13:11,167 - INFO - [scripts.adrule.logic.scraper] - 데이터 12건을 '/Users/woong/Roeum/roeum-crawler/data/raw/adrule/1492000/보호구 자율안전확인 고시_chunks.jsonl' 파일로 성공적으로 저장했습니다.
2025-09-19 23:13:11,200 - INFO - [__main__] - 상세 페이지 스크레이퍼 완료: 보호구 자율안전확인 고시
2025-09-19 23:13:12,947 - INFO - [__main__] - 상세 페이지 스크레이퍼 실행: https://www.law.go.kr/admRulInfoP.do?admRulSeq=2100000237206
2025-09-19 23:13:13,538 - INFO - [scripts.adrule.logic.scraper] - 페이지로 이동 중: https://www.law.go.kr/admRulInfoP.do?admRulSeq=2100000237206
2025-09-19 23:13:14,176 - INFO - [scripts.adrule.logic.scraper] - 로딩 마스크가 나타나기를 기다리는 중...
2025-09-19 23:13:14,206 - INFO - [scripts.adrule.logic.scraper] - 로딩 마스크가 사라지기를 기다리는 중...
2025-09-19 23:13:14,301 - INFO - [scripts.adrule.logic.scraper] - 페이지 최종 렌더링을 잠시 대기합니다...
2025-09-19 23:13:15,326 - INFO - [scripts.adrule.logic.scraper] - 페이지 HTML 컨텐츠를 가져오는 중...
2025-09-19 23:13:15,371 - INFO - [scripts.adrule.logic.scraper] - 데이터 파싱 중...
2025-09-19 23:13:15,515 - INFO - [scripts.adrule.logic.scraper] - 유형 1: 정형화된 법령 구조 감지
2025-09-19 23:13:15,666 - INFO - [scripts.adrule.logic.scraper] - 데이터 1건을 '/Users/woong/Roeum/roeum-crawler/data/raw/adrule/1492000/부정·비리 신고 및 포상 등에 관한 규정_document.jsonl' 파일로 성공적으로 저장했습니다.
2025-09-19 23:13:15,667 - INFO - [scripts.adrule.logic.scraper] - 데이터 14건을 '/Users/woong/Roeum/roeum-crawler/data/raw/adrule/1492000/부정·비리 신고 및 포상 등에 관한 규정_chunks.jsonl' 파일로 성공적으로 저장했습니다.
2025-09-19 23:13:15,759 - INFO - [__main__] - 상세 페이지 스크레이퍼 완료: 부정·비리 신고 및 포상 등에 관한 규정
2025-09-19 23:13:18,498 - INFO - [__main__] - 상세 페이지 스크레이퍼 실행: https://www.law.go.kr/admRulInfoP.do?admRulSeq=2000000022225
2025-09-19 23:13:19,324 - INFO - [scripts.adrule.logic.scraper] - 페이지로 이동 중: https://www.law.go.kr/admRulInfoP.do?admRulSeq=2000000022225
2025-09-19 23:13:19,942 - INFO - [scripts.adrule.logic.scraper] - 로딩 마스크가 나타나기를 기다리는 중...
2025-09-19 23:13:19,984 - INFO - [scripts.adrule.logic.scraper] - 로딩 마스크가 사라지기를 기다리는 중...
2025-09-19 23:13:20,073 - INFO - [scripts.adrule.logic.scraper] - 페이지 최종 렌더링을 잠시 대기합니다...
2025-09-19 23:13:21,077 - INFO - [scripts.adrule.logic.scraper] - 페이지 HTML 컨텐츠를 가져오는 중...
2025-09-19 23:13:21,092 - INFO - [scripts.adrule.logic.scraper] - 데이터 파싱 중...
2025-09-19 23:13:21,169 - INFO - [scripts.adrule.logic.scraper] - 유형 1: 정형화된 법령 구조 감지
2025-09-19 23:13:21,232 - INFO - [scripts.adrule.logic.scraper] - 데이터 1건을 '/Users/woong/Roeum/roeum-crawler/data/raw/adrule/1492000/불법직업소개등 신고 포상금제 운영규정_document.jsonl' 파일로 성공적으로 저장했습니다.
2025-09-19 23:13:21,233 - INFO - [scripts.adrule.logic.scraper] - 데이터 10건을 '/Users/woong/Roeum/roeum-crawler/data/raw/adrule/1492000/불법직업소개등 신고 포상금제 운영규정_chunks.jsonl' 파일로 성공적으로 저장했습니다.
2025-09-19 23:13:21,288 - INFO - [__main__] - 상세 페이지 스크레이퍼 완료: 불법직업소개등 신고 포상금제 운영규정
2025-09-19 23:13:23,627 - INFO - [__main__] - 상세 페이지 스크레이퍼 실행: https://www.law.go.kr/admRulInfoP.do?admRulSeq=2100000186651
2025-09-19 23:13:24,430 - INFO - [scripts.adrule.logic.scraper] - 페이지로 이동 중: https://www.law.go.kr/admRulInfoP.do?admRulSeq=2100000186651
2025-09-19 23:13:25,027 - INFO - [scripts.adrule.logic.scraper] - 로딩 마스크가 나타나기를 기다리는 중...
2025-09-19 23:13:25,061 - INFO - [scripts.adrule.logic.scraper] - 로딩 마스크가 사라지기를 기다리는 중...
2025-09-19 23:13:25,182 - INFO - [scripts.adrule.logic.scraper] - 페이지 최종 렌더링을 잠시 대기합니다...
2025-09-19 23:13:26,193 - INFO - [scripts.adrule.logic.scraper] - 페이지 HTML 컨텐츠를 가져오는 중...
2025-09-19 23:13:26,210 - INFO - [scripts.adrule.logic.scraper] - 데이터 파싱 중...
2025-09-19 23:13:26,354 - INFO - [scripts.adrule.logic.scraper] - 유형 1: 정형화된 법령 구조 감지
2025-09-19 23:13:26,393 - INFO - [scripts.adrule.logic.scraper] - 데이터 1건을 '/Users/woong/Roeum/roeum-crawler/data/raw/adrule/1492000/사내·공동근로복지기금 업무처리지침_document.jsonl' 파일로 성공적으로 저장했습니다.
2025-09-19 23:13:26,395 - INFO - [scripts.adrule.logic.scraper] - 데이터 31건을 '/Users/woong/Roeum/roeum-crawler/data/raw/adrule/1492000/사내·공동근로복지기금 업무처리지침_chunks.jsonl' 파일로 성공적으로 저장했습니다.
2025-09-19 23:13:26,441 - INFO - [__main__] - 상세 페이지 스크레이퍼 완료: 사내·공동근로복지기금 업무처리지침
2025-09-19 23:13:28,631 - INFO - [__main__] - 상세 페이지 스크레이퍼 실행: https://www.law.go.kr/admRulInfoP.do?admRulSeq=2100000186112
2025-09-19 23:13:29,279 - INFO - [scripts.adrule.logic.scraper] - 페이지로 이동 중: https://www.law.go.kr/admRulInfoP.do?admRulSeq=2100000186112
2025-09-19 23:13:29,896 - INFO - [scripts.adrule.logic.scraper] - 로딩 마스크가 나타나기를 기다리는 중...
2025-09-19 23:13:29,931 - INFO - [scripts.adrule.logic.scraper] - 로딩 마스크가 사라지기를 기다리는 중...
2025-09-19 23:13:30,016 - INFO - [scripts.adrule.logic.scraper] - 페이지 최종 렌더링을 잠시 대기합니다...
2025-09-19 23:13:31,020 - INFO - [scripts.adrule.logic.scraper] - 페이지 HTML 컨텐츠를 가져오는 중...
2025-09-19 23:13:31,030 - INFO - [scripts.adrule.logic.scraper] - 데이터 파싱 중...
2025-09-19 23:13:31,092 - INFO - [scripts.adrule.logic.scraper] - 유형 1: 정형화된 법령 구조 감지
2025-09-19 23:13:31,114 - INFO - [scripts.adrule.logic.scraper] - 데이터 1건을 '/Users/woong/Roeum/roeum-crawler/data/raw/adrule/1492000/사무실 공기관리 지침_document.jsonl' 파일로 성공적으로 저장했습니다.
2025-09-19 23:13:31,114 - INFO - [scripts.adrule.logic.scraper] - 데이터 10건을 '/Users/woong/Roeum/roeum-crawler/data/raw/adrule/1492000/사무실 공기관리 지침_chunks.jsonl' 파일로 성공적으로 저장했습니다.
2025-09-19 23:13:31,156 - INFO - [__main__] - 상세 페이지 스크레이퍼 완료: 사무실 공기관리 지침
2025-09-19 23:13:32,991 - INFO - [__main__] - 상세 페이지 스크레이퍼 실행: https://www.law.go.kr/admRulInfoP.do?admRulSeq=2100000256134
2025-09-19 23:13:33,511 - INFO - [scripts.adrule.logic.scraper] - 페이지로 이동 중: https://www.law.go.kr/admRulInfoP.do?admRulSeq=2100000256134
2025-09-19 23:13:34,001 - INFO - [scripts.adrule.logic.scraper] - 로딩 마스크가 나타나기를 기다리는 중...
2025-09-19 23:13:34,034 - INFO - [scripts.adrule.logic.scraper] - 로딩 마스크가 사라지기를 기다리는 중...
2025-09-19 23:13:34,116 - INFO - [scripts.adrule.logic.scraper] - 페이지 최종 렌더링을 잠시 대기합니다...
2025-09-19 23:13:35,117 - INFO - [scripts.adrule.logic.scraper] - 페이지 HTML 컨텐츠를 가져오는 중...
2025-09-19 23:13:35,123 - INFO - [scripts.adrule.logic.scraper] - 데이터 파싱 중...
2025-09-19 23:13:35,212 - INFO - [scripts.adrule.logic.scraper] - 유형 2: 텍스트 기반 비정형 구조 감지
2025-09-19 23:13:35,217 - INFO - [scripts.adrule.logic.scraper] - 데이터 1건을 '/Users/woong/Roeum/roeum-crawler/data/raw/adrule/1492000/사업 또는 사업장 변경자에 대한 재입국 취업 제한의 특례 인정기준_document.jsonl' 파일로 성공적으로 저장했습니다.
2025-09-19 23:13:35,218 - INFO - [scripts.adrule.logic.scraper] - 데이터 1건을 '/Users/woong/Roeum/roeum-crawler/data/raw/adrule/1492000/사업 또는 사업장 변경자에 대한 재입국 취업 제한의 특례 인정기준_chunks.jsonl' 파일로 성공적으로 저장했습니다.
2025-09-19 23:13:35,246 - INFO - [__main__] - 상세 페이지 스크레이퍼 완료: 사업 또는 사업장 변경자에 대한 재입국 취업 제한의 특례 인정기준
2025-09-19 23:13:37,029 - INFO - [__main__] - 상세 페이지 스크레이퍼 실행: https://www.law.go.kr/admRulInfoP.do?admRulSeq=2100000251014
2025-09-19 23:13:37,686 - INFO - [scripts.adrule.logic.scraper] - 페이지로 이동 중: https://www.law.go.kr/admRulInfoP.do?admRulSeq=2100000251014
2025-09-19 23:13:38,332 - INFO - [scripts.adrule.logic.scraper] - 로딩 마스크가 나타나기를 기다리는 중...
2025-09-19 23:13:38,373 - INFO - [scripts.adrule.logic.scraper] - 로딩 마스크가 사라지기를 기다리는 중...
2025-09-19 23:13:38,564 - INFO - [scripts.adrule.logic.scraper] - 페이지 최종 렌더링을 잠시 대기합니다...
2025-09-19 23:13:39,566 - INFO - [scripts.adrule.logic.scraper] - 페이지 HTML 컨텐츠를 가져오는 중...
2025-09-19 23:13:39,576 - INFO - [scripts.adrule.logic.scraper] - 데이터 파싱 중...
2025-09-19 23:13:39,692 - INFO - [scripts.adrule.logic.scraper] - 유형 1: 정형화된 법령 구조 감지
2025-09-19 23:13:39,731 - INFO - [scripts.adrule.logic.scraper] - 데이터 1건을 '/Users/woong/Roeum/roeum-crawler/data/raw/adrule/1492000/사업장 위험성평가에 관한 지침_document.jsonl' 파일로 성공적으로 저장했습니다.
2025-09-19 23:13:39,731 - INFO - [scripts.adrule.logic.scraper] - 데이터 29건을 '/Users/woong/Roeum/roeum-crawler/data/raw/adrule/1492000/사업장 위험성평가에 관한 지침_chunks.jsonl' 파일로 성공적으로 저장했습니다.
2025-09-19 23:13:39,774 - INFO - [__main__] - 상세 페이지 스크레이퍼 완료: 사업장 위험성평가에 관한 지침
2025-09-19 23:13:41,495 - INFO - [__main__] - 상세 페이지 스크레이퍼 실행: https://www.law.go.kr/admRulInfoP.do?admRulSeq=2100000252270
2025-09-19 23:13:41,985 - INFO - [scripts.adrule.logic.scraper] - 페이지로 이동 중: https://www.law.go.kr/admRulInfoP.do?admRulSeq=2100000252270
2025-09-19 23:13:42,582 - INFO - [scripts.adrule.logic.scraper] - 로딩 마스크가 나타나기를 기다리는 중...
2025-09-19 23:13:42,610 - INFO - [scripts.adrule.logic.scraper] - 로딩 마스크가 사라지기를 기다리는 중...
2025-09-19 23:13:42,877 - INFO - [scripts.adrule.logic.scraper] - 페이지 최종 렌더링을 잠시 대기합니다...
2025-09-19 23:13:43,879 - INFO - [scripts.adrule.logic.scraper] - 페이지 HTML 컨텐츠를 가져오는 중...
2025-09-19 23:13:43,895 - INFO - [scripts.adrule.logic.scraper] - 데이터 파싱 중...
2025-09-19 23:13:44,033 - INFO - [scripts.adrule.logic.scraper] - 유형 1: 정형화된 법령 구조 감지
2025-09-19 23:13:44,127 - INFO - [scripts.adrule.logic.scraper] - 데이터 1건을 '/Users/woong/Roeum/roeum-crawler/data/raw/adrule/1492000/사업주 및 장애인 등에 대한 융자·지원규정_document.jsonl' 파일로 성공적으로 저장했습니다.
2025-09-19 23:13:44,129 - INFO - [scripts.adrule.logic.scraper] - 데이터 73건을 '/Users/woong/Roeum/roeum-crawler/data/raw/adrule/1492000/사업주 및 장애인 등에 대한 융자·지원규정_chunks.jsonl' 파일로 성공적으로 저장했습니다.
2025-09-19 23:13:44,160 - INFO - [__main__] - 상세 페이지 스크레이퍼 완료: 사업주 및 장애인 등에 대한 융자·지원규정
2025-09-19 23:13:45,906 - INFO - [__main__] - 상세 페이지 스크레이퍼 실행: https://www.law.go.kr/admRulInfoP.do?admRulSeq=2100000258120
2025-09-19 23:13:46,433 - INFO - [scripts.adrule.logic.scraper] - 페이지로 이동 중: https://www.law.go.kr/admRulInfoP.do?admRulSeq=2100000258120
2025-09-19 23:13:47,040 - INFO - [scripts.adrule.logic.scraper] - 로딩 마스크가 나타나기를 기다리는 중...
2025-09-19 23:13:47,081 - INFO - [scripts.adrule.logic.scraper] - 로딩 마스크가 사라지기를 기다리는 중...
2025-09-19 23:13:47,166 - INFO - [scripts.adrule.logic.scraper] - 페이지 최종 렌더링을 잠시 대기합니다...
2025-09-19 23:13:48,169 - INFO - [scripts.adrule.logic.scraper] - 페이지 HTML 컨텐츠를 가져오는 중...
2025-09-19 23:13:48,184 - INFO - [scripts.adrule.logic.scraper] - 데이터 파싱 중...
2025-09-19 23:13:48,245 - INFO - [scripts.adrule.logic.scraper] - 유형 1: 정형화된 법령 구조 감지
2025-09-19 23:13:48,321 - INFO - [scripts.adrule.logic.scraper] - 데이터 1건을 '/Users/woong/Roeum/roeum-crawler/data/raw/adrule/1492000/사업주의 재취업지원서비스 제공에 관한 규정_document.jsonl' 파일로 성공적으로 저장했습니다.
2025-09-19 23:13:48,321 - INFO - [scripts.adrule.logic.scraper] - 데이터 8건을 '/Users/woong/Roeum/roeum-crawler/data/raw/adrule/1492000/사업주의 재취업지원서비스 제공에 관한 규정_chunks.jsonl' 파일로 성공적으로 저장했습니다.
2025-09-19 23:13:48,369 - INFO - [__main__] - 상세 페이지 스크레이퍼 완료: 사업주의 재취업지원서비스 제공에 관한 규정
2025-09-19 23:13:50,254 - INFO - [__main__] - 상세 페이지 스크레이퍼 실행: https://www.law.go.kr/admRulInfoP.do?admRulSeq=2100000250318
2025-09-19 23:13:50,798 - INFO - [scripts.adrule.logic.scraper] - 페이지로 이동 중: https://www.law.go.kr/admRulInfoP.do?admRulSeq=2100000250318
2025-09-19 23:13:51,422 - INFO - [scripts.adrule.logic.scraper] - 로딩 마스크가 나타나기를 기다리는 중...
2025-09-19 23:13:51,457 - INFO - [scripts.adrule.logic.scraper] - 로딩 마스크가 사라지기를 기다리는 중...
2025-09-19 23:13:51,643 - INFO - [scripts.adrule.logic.scraper] - 페이지 최종 렌더링을 잠시 대기합니다...
2025-09-19 23:13:52,645 - INFO - [scripts.adrule.logic.scraper] - 페이지 HTML 컨텐츠를 가져오는 중...
2025-09-19 23:13:52,655 - INFO - [scripts.adrule.logic.scraper] - 데이터 파싱 중...
2025-09-19 23:13:52,720 - INFO - [scripts.adrule.logic.scraper] - 유형 1: 정형화된 법령 구조 감지
2025-09-19 23:13:52,797 - INFO - [scripts.adrule.logic.scraper] - 데이터 1건을 '/Users/woong/Roeum/roeum-crawler/data/raw/adrule/1492000/사업주자격 인정 규정_document.jsonl' 파일로 성공적으로 저장했습니다.
2025-09-19 23:13:52,798 - INFO - [scripts.adrule.logic.scraper] - 데이터 18건을 '/Users/woong/Roeum/roeum-crawler/data/raw/adrule/1492000/사업주자격 인정 규정_chunks.jsonl' 파일로 성공적으로 저장했습니다.
2025-09-19 23:13:52,841 - INFO - [__main__] - 상세 페이지 스크레이퍼 완료: 사업주자격 인정 규정
2025-09-19 23:13:54,580 - INFO - [__main__] - 상세 페이지 스크레이퍼 실행: https://www.law.go.kr/admRulInfoP.do?admRulSeq=2100000234086
2025-09-19 23:13:55,199 - INFO - [scripts.adrule.logic.scraper] - 페이지로 이동 중: https://www.law.go.kr/admRulInfoP.do?admRulSeq=2100000234086
2025-09-19 23:13:55,765 - INFO - [scripts.adrule.logic.scraper] - 로딩 마스크가 나타나기를 기다리는 중...
2025-09-19 23:13:55,796 - INFO - [scripts.adrule.logic.scraper] - 로딩 마스크가 사라지기를 기다리는 중...
2025-09-19 23:13:55,966 - INFO - [scripts.adrule.logic.scraper] - 페이지 최종 렌더링을 잠시 대기합니다...
2025-09-19 23:13:56,968 - INFO - [scripts.adrule.logic.scraper] - 페이지 HTML 컨텐츠를 가져오는 중...
2025-09-19 23:13:56,982 - INFO - [scripts.adrule.logic.scraper] - 데이터 파싱 중...
2025-09-19 23:13:57,135 - INFO - [scripts.adrule.logic.scraper] - 유형 1: 정형화된 법령 구조 감지
2025-09-19 23:13:57,198 - INFO - [scripts.adrule.logic.scraper] - 데이터 1건을 '/Users/woong/Roeum/roeum-crawler/data/raw/adrule/1492000/사업주 직업능력개발훈련 지원규정_document.jsonl' 파일로 성공적으로 저장했습니다.
2025-09-19 23:13:57,200 - INFO - [scripts.adrule.logic.scraper] - 데이터 32건을 '/Users/woong/Roeum/roeum-crawler/data/raw/adrule/1492000/사업주 직업능력개발훈련 지원규정_chunks.jsonl' 파일로 성공적으로 저장했습니다.
2025-09-19 23:13:57,231 - INFO - [__main__] - 상세 페이지 스크레이퍼 완료: 사업주 직업능력개발훈련 지원규정
2025-09-19 23:13:58,968 - INFO - [__main__] - 상세 페이지 스크레이퍼 실행: https://www.law.go.kr/admRulInfoP.do?admRulSeq=2100000233848
2025-09-19 23:13:59,703 - INFO - [scripts.adrule.logic.scraper] - 페이지로 이동 중: https://www.law.go.kr/admRulInfoP.do?admRulSeq=2100000233848
2025-09-19 23:14:00,340 - INFO - [scripts.adrule.logic.scraper] - 로딩 마스크가 나타나기를 기다리는 중...
2025-09-19 23:14:00,374 - INFO - [scripts.adrule.logic.scraper] - 로딩 마스크가 사라지기를 기다리는 중...
2025-09-19 23:14:01,164 - INFO - [scripts.adrule.logic.scraper] - 페이지 최종 렌더링을 잠시 대기합니다...
2025-09-19 23:14:02,171 - INFO - [scripts.adrule.logic.scraper] - 페이지 HTML 컨텐츠를 가져오는 중...
2025-09-19 23:14:02,190 - INFO - [scripts.adrule.logic.scraper] - 데이터 파싱 중...
2025-09-19 23:14:02,268 - INFO - [scripts.adrule.logic.scraper] - 유형 1: 정형화된 법령 구조 감지
2025-09-19 23:14:02,295 - INFO - [scripts.adrule.logic.scraper] - 데이터 1건을 '/Users/woong/Roeum/roeum-crawler/data/raw/adrule/1492000/사전지정운용방법의 승인 요건 및 가입자에 대한 정보제공 사항에 대한 고시_document.jsonl' 파일로 성공적으로 저장했습니다.
2025-09-19 23:14:02,297 - INFO - [scripts.adrule.logic.scraper] - 데이터 6건을 '/Users/woong/Roeum/roeum-crawler/data/raw/adrule/1492000/사전지정운용방법의 승인 요건 및 가입자에 대한 정보제공 사항에 대한 고시_chunks.jsonl' 파일로 성공적으로 저장했습니다.
2025-09-19 23:14:02,370 - INFO - [__main__] - 상세 페이지 스크레이퍼 완료: 사전지정운용방법의 승인 요건 및 가입자에 대한 정보제공 사항에 대한 고시
2025-09-19 23:14:04,902 - INFO - [__main__] - 상세 페이지 스크레이퍼 실행: https://www.law.go.kr/admRulInfoP.do?admRulSeq=2100000035852
2025-09-19 23:14:05,833 - INFO - [scripts.adrule.logic.scraper] - 페이지로 이동 중: https://www.law.go.kr/admRulInfoP.do?admRulSeq=2100000035852
2025-09-19 23:14:06,437 - INFO - [scripts.adrule.logic.scraper] - 로딩 마스크가 나타나기를 기다리는 중...
2025-09-19 23:14:06,488 - INFO - [scripts.adrule.logic.scraper] - 로딩 마스크가 사라지기를 기다리는 중...
2025-09-19 23:14:06,522 - INFO - [scripts.adrule.logic.scraper] - 페이지 최종 렌더링을 잠시 대기합니다...
2025-09-19 23:14:07,555 - INFO - [scripts.adrule.logic.scraper] - 페이지 HTML 컨텐츠를 가져오는 중...
2025-09-19 23:14:07,605 - INFO - [scripts.adrule.logic.scraper] - 데이터 파싱 중...
2025-09-19 23:14:07,692 - INFO - [scripts.adrule.logic.scraper] - 유형 2: 텍스트 기반 비정형 구조 감지
2025-09-19 23:14:07,708 - INFO - [scripts.adrule.logic.scraper] - 데이터 1건을 '/Users/woong/Roeum/roeum-crawler/data/raw/adrule/1492000/사회적기업 육성을 위한 보조금의 교부 및 관리에 관한 사무위임규정_document.jsonl' 파일로 성공적으로 저장했습니다.
2025-09-19 23:14:07,709 - INFO - [scripts.adrule.logic.scraper] - 데이터 3건을 '/Users/woong/Roeum/roeum-crawler/data/raw/adrule/1492000/사회적기업 육성을 위한 보조금의 교부 및 관리에 관한 사무위임규정_chunks.jsonl' 파일로 성공적으로 저장했습니다.
2025-09-19 23:14:07,767 - INFO - [__main__] - 상세 페이지 스크레이퍼 완료: 사회적기업 육성을 위한 보조금의 교부 및 관리에 관한 사무위임규정
2025-09-19 23:14:09,823 - INFO - [__main__] - 상세 페이지 스크레이퍼 실행: https://www.law.go.kr/admRulInfoP.do?admRulSeq=2100000035854
2025-09-19 23:14:10,425 - INFO - [scripts.adrule.logic.scraper] - 페이지로 이동 중: https://www.law.go.kr/admRulInfoP.do?admRulSeq=2100000035854
2025-09-19 23:14:11,157 - INFO - [scripts.adrule.logic.scraper] - 로딩 마스크가 나타나기를 기다리는 중...
2025-09-19 23:14:11,190 - INFO - [scripts.adrule.logic.scraper] - 로딩 마스크가 사라지기를 기다리는 중...
2025-09-19 23:14:11,380 - INFO - [scripts.adrule.logic.scraper] - 페이지 최종 렌더링을 잠시 대기합니다...
2025-09-19 23:14:12,385 - INFO - [scripts.adrule.logic.scraper] - 페이지 HTML 컨텐츠를 가져오는 중...
2025-09-19 23:14:12,405 - INFO - [scripts.adrule.logic.scraper] - 데이터 파싱 중...
2025-09-19 23:14:12,484 - INFO - [scripts.adrule.logic.scraper] - 유형 1: 정형화된 법령 구조 감지
2025-09-19 23:14:12,491 - INFO - [scripts.adrule.logic.scraper] - 데이터 1건을 '/Users/woong/Roeum/roeum-crawler/data/raw/adrule/1492000/사회적기업 재정지원대상이 되는 상법상 회사의 범위_document.jsonl' 파일로 성공적으로 저장했습니다.
2025-09-19 23:14:12,491 - INFO - [scripts.adrule.logic.scraper] - 데이터 2건을 '/Users/woong/Roeum/roeum-crawler/data/raw/adrule/1492000/사회적기업 재정지원대상이 되는 상법상 회사의 범위_chunks.jsonl' 파일로 성공적으로 저장했습니다.
2025-09-19 23:14:12,538 - INFO - [__main__] - 상세 페이지 스크레이퍼 완료: 사회적기업 재정지원대상이 되는 상법상 회사의 범위
2025-09-19 23:14:14,390 - INFO - [__main__] - 상세 페이지 스크레이퍼 실행: https://www.law.go.kr/admRulInfoP.do?admRulSeq=2000000067904
2025-09-19 23:14:14,975 - INFO - [scripts.adrule.logic.scraper] - 페이지로 이동 중: https://www.law.go.kr/admRulInfoP.do?admRulSeq=2000000067904
2025-09-19 23:14:15,651 - INFO - [scripts.adrule.logic.scraper] - 로딩 마스크가 나타나기를 기다리는 중...
2025-09-19 23:14:15,741 - INFO - [scripts.adrule.logic.scraper] - 로딩 마스크가 사라지기를 기다리는 중...
2025-09-19 23:14:15,935 - INFO - [scripts.adrule.logic.scraper] - 페이지 최종 렌더링을 잠시 대기합니다...
2025-09-19 23:14:16,940 - INFO - [scripts.adrule.logic.scraper] - 페이지 HTML 컨텐츠를 가져오는 중...
2025-09-19 23:14:16,958 - INFO - [scripts.adrule.logic.scraper] - 데이터 파싱 중...
2025-09-19 23:14:17,004 - INFO - [scripts.adrule.logic.scraper] - 유형 2: 텍스트 기반 비정형 구조 감지
2025-09-19 23:14:17,009 - INFO - [scripts.adrule.logic.scraper] - 데이터 1건을 '/Users/woong/Roeum/roeum-crawler/data/raw/adrule/1492000/산업기사응시자격 인정 및 기능사필기시험 면제 등에 관한 고시_document.jsonl' 파일로 성공적으로 저장했습니다.
2025-09-19 23:14:17,009 - INFO - [scripts.adrule.logic.scraper] - 데이터 1건을 '/Users/woong/Roeum/roeum-crawler/data/raw/adrule/1492000/산업기사응시자격 인정 및 기능사필기시험 면제 등에 관한 고시_chunks.jsonl' 파일로 성공적으로 저장했습니다.
2025-09-19 23:14:17,056 - INFO - [__main__] - 상세 페이지 스크레이퍼 완료: 산업기사응시자격 인정 및 기능사필기시험 면제 등에 관한 고시
2025-09-19 23:14:18,885 - INFO - [__main__] - 상세 페이지 스크레이퍼 실행: https://www.law.go.kr/admRulInfoP.do?admRulSeq=2100000209275
2025-09-19 23:14:19,498 - INFO - [scripts.adrule.logic.scraper] - 페이지로 이동 중: https://www.law.go.kr/admRulInfoP.do?admRulSeq=2100000209275
2025-09-19 23:14:20,154 - INFO - [scripts.adrule.logic.scraper] - 로딩 마스크가 나타나기를 기다리는 중...
2025-09-19 23:14:20,192 - INFO - [scripts.adrule.logic.scraper] - 로딩 마스크가 사라지기를 기다리는 중...
2025-09-19 23:14:20,375 - INFO - [scripts.adrule.logic.scraper] - 페이지 최종 렌더링을 잠시 대기합니다...
2025-09-19 23:14:21,381 - INFO - [scripts.adrule.logic.scraper] - 페이지 HTML 컨텐츠를 가져오는 중...
2025-09-19 23:14:21,403 - INFO - [scripts.adrule.logic.scraper] - 데이터 파싱 중...
2025-09-19 23:14:21,497 - INFO - [scripts.adrule.logic.scraper] - 유형 1: 정형화된 법령 구조 감지
2025-09-19 23:14:21,618 - INFO - [scripts.adrule.logic.scraper] - 데이터 1건을 '/Users/woong/Roeum/roeum-crawler/data/raw/adrule/1492000/산업기사 응시자격 인정 및 기능사 필기시험 면제 등에 관한 규정_document.jsonl' 파일로 성공적으로 저장했습니다.
2025-09-19 23:14:21,619 - INFO - [scripts.adrule.logic.scraper] - 데이터 18건을 '/Users/woong/Roeum/roeum-crawler/data/raw/adrule/1492000/산업기사 응시자격 인정 및 기능사 필기시험 면제 등에 관한 규정_chunks.jsonl' 파일로 성공적으로 저장했습니다.
2025-09-19 23:14:21,676 - INFO - [__main__] - 상세 페이지 스크레이퍼 완료: 산업기사 응시자격 인정 및 기능사 필기시험 면제 등에 관한 규정
2025-09-19 23:14:23,606 - INFO - [__main__] - 상세 페이지 스크레이퍼 실행: https://www.law.go.kr/admRulInfoP.do?admRulSeq=2100000185794
2025-09-19 23:14:24,146 - INFO - [scripts.adrule.logic.scraper] - 페이지로 이동 중: https://www.law.go.kr/admRulInfoP.do?admRulSeq=2100000185794
2025-09-19 23:14:24,762 - INFO - [scripts.adrule.logic.scraper] - 로딩 마스크가 나타나기를 기다리는 중...
2025-09-19 23:14:24,789 - INFO - [scripts.adrule.logic.scraper] - 로딩 마스크가 사라지기를 기다리는 중...
2025-09-19 23:14:24,828 - INFO - [scripts.adrule.logic.scraper] - 페이지 최종 렌더링을 잠시 대기합니다...
2025-09-19 23:14:25,833 - INFO - [scripts.adrule.logic.scraper] - 페이지 HTML 컨텐츠를 가져오는 중...
2025-09-19 23:14:25,841 - INFO - [scripts.adrule.logic.scraper] - 데이터 파싱 중...
2025-09-19 23:14:25,905 - INFO - [scripts.adrule.logic.scraper] - 유형 1: 정형화된 법령 구조 감지
2025-09-19 23:14:25,913 - INFO - [scripts.adrule.logic.scraper] - 데이터 1건을 '/Users/woong/Roeum/roeum-crawler/data/raw/adrule/1492000/산업보건의 관리규정_document.jsonl' 파일로 성공적으로 저장했습니다.
2025-09-19 23:14:25,914 - INFO - [scripts.adrule.logic.scraper] - 데이터 5건을 '/Users/woong/Roeum/roeum-crawler/data/raw/adrule/1492000/산업보건의 관리규정_chunks.jsonl' 파일로 성공적으로 저장했습니다.
2025-09-19 23:14:25,940 - INFO - [__main__] - 상세 페이지 스크레이퍼 완료: 산업보건의 관리규정
2025-09-19 23:14:27,754 - INFO - [__main__] - 상세 페이지 스크레이퍼 실행: https://www.law.go.kr/admRulInfoP.do?admRulSeq=2100000225740
2025-09-19 23:14:28,288 - INFO - [scripts.adrule.logic.scraper] - 페이지로 이동 중: https://www.law.go.kr/admRulInfoP.do?admRulSeq=2100000225740
2025-09-19 23:14:28,906 - INFO - [scripts.adrule.logic.scraper] - 로딩 마스크가 나타나기를 기다리는 중...
2025-09-19 23:14:28,932 - INFO - [scripts.adrule.logic.scraper] - 로딩 마스크가 사라지기를 기다리는 중...
2025-09-19 23:14:29,118 - INFO - [scripts.adrule.logic.scraper] - 페이지 최종 렌더링을 잠시 대기합니다...
2025-09-19 23:14:30,121 - INFO - [scripts.adrule.logic.scraper] - 페이지 HTML 컨텐츠를 가져오는 중...
2025-09-19 23:14:30,128 - INFO - [scripts.adrule.logic.scraper] - 데이터 파싱 중...
2025-09-19 23:14:30,174 - INFO - [scripts.adrule.logic.scraper] - 유형 1: 정형화된 법령 구조 감지
2025-09-19 23:14:30,181 - INFO - [scripts.adrule.logic.scraper] - 데이터 1건을 '/Users/woong/Roeum/roeum-crawler/data/raw/adrule/1492000/산업안전보건 강조기간 설정에 관한 규정_document.jsonl' 파일로 성공적으로 저장했습니다.
2025-09-19 23:14:30,182 - INFO - [scripts.adrule.logic.scraper] - 데이터 5건을 '/Users/woong/Roeum/roeum-crawler/data/raw/adrule/1492000/산업안전보건 강조기간 설정에 관한 규정_chunks.jsonl' 파일로 성공적으로 저장했습니다.
2025-09-19 23:14:30,208 - INFO - [__main__] - 상세 페이지 스크레이퍼 완료: 산업안전보건 강조기간 설정에 관한 규정
2025-09-19 23:14:31,925 - INFO - [__main__] - 상세 페이지 스크레이퍼 실행: https://www.law.go.kr/admRulInfoP.do?admRulSeq=2100000197188
2025-09-19 23:14:32,536 - INFO - [scripts.adrule.logic.scraper] - 페이지로 이동 중: https://www.law.go.kr/admRulInfoP.do?admRulSeq=2100000197188
2025-09-19 23:14:33,083 - INFO - [scripts.adrule.logic.scraper] - 로딩 마스크가 나타나기를 기다리는 중...
2025-09-19 23:14:33,102 - INFO - [scripts.adrule.logic.scraper] - 로딩 마스크가 사라지기를 기다리는 중...
2025-09-19 23:14:33,196 - INFO - [scripts.adrule.logic.scraper] - 페이지 최종 렌더링을 잠시 대기합니다...
2025-09-19 23:14:34,197 - INFO - [scripts.adrule.logic.scraper] - 페이지 HTML 컨텐츠를 가져오는 중...
2025-09-19 23:14:34,202 - INFO - [scripts.adrule.logic.scraper] - 데이터 파싱 중...
2025-09-19 23:14:34,238 - INFO - [scripts.adrule.logic.scraper] - 유형 2: 텍스트 기반 비정형 구조 감지
2025-09-19 23:14:34,247 - INFO - [scripts.adrule.logic.scraper] - 데이터 1건을 '/Users/woong/Roeum/roeum-crawler/data/raw/adrule/1492000/산업안전보건업무 수수료_document.jsonl' 파일로 성공적으로 저장했습니다.
2025-09-19 23:14:34,247 - INFO - [scripts.adrule.logic.scraper] - 데이터 1건을 '/Users/woong/Roeum/roeum-crawler/data/raw/adrule/1492000/산업안전보건업무 수수료_chunks.jsonl' 파일로 성공적으로 저장했습니다.
2025-09-19 23:14:34,270 - INFO - [__main__] - 상세 페이지 스크레이퍼 완료: 산업안전보건업무 수수료
2025-09-19 23:14:35,790 - INFO - [__main__] - 상세 페이지 스크레이퍼 실행: https://www.law.go.kr/admRulInfoP.do?admRulSeq=2100000237054
2025-09-19 23:14:36,126 - INFO - [scripts.adrule.logic.scraper] - 페이지로 이동 중: https://www.law.go.kr/admRulInfoP.do?admRulSeq=2100000237054
2025-09-19 23:14:36,715 - INFO - [scripts.adrule.logic.scraper] - 로딩 마스크가 나타나기를 기다리는 중...
2025-09-19 23:14:36,734 - INFO - [scripts.adrule.logic.scraper] - 로딩 마스크가 사라지기를 기다리는 중...
2025-09-19 23:14:37,020 - INFO - [scripts.adrule.logic.scraper] - 페이지 최종 렌더링을 잠시 대기합니다...
2025-09-19 23:14:38,023 - INFO - [scripts.adrule.logic.scraper] - 페이지 HTML 컨텐츠를 가져오는 중...
2025-09-19 23:14:38,029 - INFO - [scripts.adrule.logic.scraper] - 데이터 파싱 중...
2025-09-19 23:14:38,082 - INFO - [scripts.adrule.logic.scraper] - 유형 1: 정형화된 법령 구조 감지
2025-09-19 23:14:38,129 - INFO - [scripts.adrule.logic.scraper] - 데이터 1건을 '/Users/woong/Roeum/roeum-crawler/data/raw/adrule/1492000/산업안전·보건표준제정위원회 규정_document.jsonl' 파일로 성공적으로 저장했습니다.
2025-09-19 23:14:38,129 - INFO - [scripts.adrule.logic.scraper] - 데이터 18건을 '/Users/woong/Roeum/roeum-crawler/data/raw/adrule/1492000/산업안전·보건표준제정위원회 규정_chunks.jsonl' 파일로 성공적으로 저장했습니다.
2025-09-19 23:14:38,154 - INFO - [__main__] - 상세 페이지 스크레이퍼 완료: 산업안전·보건표준제정위원회 규정
2025-09-19 23:14:39,672 - INFO - [__main__] - 상세 페이지 스크레이퍼 실행: https://www.law.go.kr/admRulInfoP.do?admRulSeq=2100000185856
2025-09-19 23:14:40,015 - INFO - [scripts.adrule.logic.scraper] - 페이지로 이동 중: https://www.law.go.kr/admRulInfoP.do?admRulSeq=2100000185856
2025-09-19 23:14:40,628 - INFO - [scripts.adrule.logic.scraper] - 로딩 마스크가 나타나기를 기다리는 중...
2025-09-19 23:14:40,647 - INFO - [scripts.adrule.logic.scraper] - 로딩 마스크가 사라지기를 기다리는 중...
2025-09-19 23:14:40,726 - INFO - [scripts.adrule.logic.scraper] - 페이지 최종 렌더링을 잠시 대기합니다...
2025-09-19 23:14:41,729 - INFO - [scripts.adrule.logic.scraper] - 페이지 HTML 컨텐츠를 가져오는 중...
2025-09-19 23:14:41,746 - INFO - [scripts.adrule.logic.scraper] - 데이터 파싱 중...
2025-09-19 23:14:41,800 - INFO - [scripts.adrule.logic.scraper] - 유형 1: 정형화된 법령 구조 감지
2025-09-19 23:14:41,813 - INFO - [scripts.adrule.logic.scraper] - 데이터 1건을 '/Users/woong/Roeum/roeum-crawler/data/raw/adrule/1492000/산업안전지도사 및 산업보건지도사 시험위원회 구성·운영 등에 관한 규정_document.jsonl' 파일로 성공적으로 저장했습니다.
2025-09-19 23:14:41,814 - INFO - [scripts.adrule.logic.scraper] - 데이터 11건을 '/Users/woong/Roeum/roeum-crawler/data/raw/adrule/1492000/산업안전지도사 및 산업보건지도사 시험위원회 구성·운영 등에 관한 규정_chunks.jsonl' 파일로 성공적으로 저장했습니다.
2025-09-19 23:14:41,835 - INFO - [__main__] - 상세 페이지 스크레이퍼 완료: 산업안전지도사 및 산업보건지도사 시험위원회 구성·운영 등에 관한 규정
2025-09-19 23:14:43,373 - INFO - [__main__] - 상세 페이지 스크레이퍼 실행: https://www.law.go.kr/admRulInfoP.do?admRulSeq=2100000185854
2025-09-19 23:14:43,691 - INFO - [scripts.adrule.logic.scraper] - 페이지로 이동 중: https://www.law.go.kr/admRulInfoP.do?admRulSeq=2100000185854
2025-09-19 23:14:44,316 - INFO - [scripts.adrule.logic.scraper] - 로딩 마스크가 나타나기를 기다리는 중...
2025-09-19 23:14:44,334 - INFO - [scripts.adrule.logic.scraper] - 로딩 마스크가 사라지기를 기다리는 중...
2025-09-19 23:14:44,414 - INFO - [scripts.adrule.logic.scraper] - 페이지 최종 렌더링을 잠시 대기합니다...
2025-09-19 23:14:45,417 - INFO - [scripts.adrule.logic.scraper] - 페이지 HTML 컨텐츠를 가져오는 중...
2025-09-19 23:14:45,429 - INFO - [scripts.adrule.logic.scraper] - 데이터 파싱 중...
2025-09-19 23:14:45,468 - INFO - [scripts.adrule.logic.scraper] - 유형 1: 정형화된 법령 구조 감지
2025-09-19 23:14:45,474 - INFO - [scripts.adrule.logic.scraper] - 데이터 1건을 '/Users/woong/Roeum/roeum-crawler/data/raw/adrule/1492000/산업안전지도사 및 산업보건지도사 지도 실적으로 인정할 수 있는 기관·단체에 관한 고시_document.jsonl' 파일로 성공적으로 저장했습니다.
2025-09-19 23:14:45,475 - INFO - [scripts.adrule.logic.scraper] - 데이터 3건을 '/Users/woong/Roeum/roeum-crawler/data/raw/adrule/1492000/산업안전지도사 및 산업보건지도사 지도 실적으로 인정할 수 있는 기관·단체에 관한 고시_chunks.jsonl' 파일로 성공적으로 저장했습니다.
2025-09-19 23:14:45,517 - INFO - [__main__] - 상세 페이지 스크레이퍼 완료: 산업안전지도사 및 산업보건지도사 지도 실적으로 인정할 수 있는 기관·단체에 관한 고시
2025-09-19 23:14:47,091 - INFO - [__main__] - 상세 페이지 스크레이퍼 실행: https://www.law.go.kr/admRulInfoP.do?admRulSeq=2100000229728
2025-09-19 23:14:47,458 - INFO - [scripts.adrule.logic.scraper] - 페이지로 이동 중: https://www.law.go.kr/admRulInfoP.do?admRulSeq=2100000229728
2025-09-19 23:14:48,059 - INFO - [scripts.adrule.logic.scraper] - 로딩 마스크가 나타나기를 기다리는 중...
2025-09-19 23:14:48,078 - INFO - [scripts.adrule.logic.scraper] - 로딩 마스크가 사라지기를 기다리는 중...
2025-09-19 23:14:48,157 - INFO - [scripts.adrule.logic.scraper] - 페이지 최종 렌더링을 잠시 대기합니다...
2025-09-19 23:14:49,160 - INFO - [scripts.adrule.logic.scraper] - 페이지 HTML 컨텐츠를 가져오는 중...
2025-09-19 23:14:49,165 - INFO - [scripts.adrule.logic.scraper] - 데이터 파싱 중...
2025-09-19 23:14:49,201 - INFO - [scripts.adrule.logic.scraper] - 유형 1: 정형화된 법령 구조 감지
2025-09-19 23:14:49,208 - INFO - [scripts.adrule.logic.scraper] - 데이터 1건을 '/Users/woong/Roeum/roeum-crawler/data/raw/adrule/1492000/산업재해보상 및 진폐예방 관계 법령에 따른 행정처분 및 과태료의 가중처분에 관한 세부 지침_document.jsonl' 파일로 성공적으로 저장했습니다.
2025-09-19 23:14:49,208 - INFO - [scripts.adrule.logic.scraper] - 데이터 3건을 '/Users/woong/Roeum/roeum-crawler/data/raw/adrule/1492000/산업재해보상 및 진폐예방 관계 법령에 따른 행정처분 및 과태료의 가중처분에 관한 세부 지침_chunks.jsonl' 파일로 성공적으로 저장했습니다.
2025-09-19 23:14:49,248 - INFO - [__main__] - 상세 페이지 스크레이퍼 완료: 산업재해보상 및 진폐예방 관계 법령에 따른 행정처분 및 과태료의 가중처분에 관한 세부 지침
2025-09-19 23:14:50,757 - INFO - [__main__] - 상세 페이지 스크레이퍼 실행: https://www.law.go.kr/admRulInfoP.do?admRulSeq=2100000196479
2025-09-19 23:14:51,092 - INFO - [scripts.adrule.logic.scraper] - 페이지로 이동 중: https://www.law.go.kr/admRulInfoP.do?admRulSeq=2100000196479
2025-09-19 23:14:51,685 - INFO - [scripts.adrule.logic.scraper] - 로딩 마스크가 나타나기를 기다리는 중...
2025-09-19 23:14:51,707 - INFO - [scripts.adrule.logic.scraper] - 로딩 마스크가 사라지기를 기다리는 중...
2025-09-19 23:14:51,795 - INFO - [scripts.adrule.logic.scraper] - 페이지 최종 렌더링을 잠시 대기합니다...
2025-09-19 23:14:52,798 - INFO - [scripts.adrule.logic.scraper] - 페이지 HTML 컨텐츠를 가져오는 중...
2025-09-19 23:14:52,809 - INFO - [scripts.adrule.logic.scraper] - 데이터 파싱 중...
2025-09-19 23:14:52,837 - INFO - [scripts.adrule.logic.scraper] - 유형 2: 텍스트 기반 비정형 구조 감지
2025-09-19 23:14:52,843 - INFO - [scripts.adrule.logic.scraper] - 데이터 1건을 '/Users/woong/Roeum/roeum-crawler/data/raw/adrule/1492000/산업재해보상보험법에 따른 간병급여 지급기준_document.jsonl' 파일로 성공적으로 저장했습니다.
2025-09-19 23:14:52,843 - INFO - [scripts.adrule.logic.scraper] - 데이터 2건을 '/Users/woong/Roeum/roeum-crawler/data/raw/adrule/1492000/산업재해보상보험법에 따른 간병급여 지급기준_chunks.jsonl' 파일로 성공적으로 저장했습니다.
2025-09-19 23:14:52,876 - INFO - [__main__] - 상세 페이지 스크레이퍼 완료: 산업재해보상보험법에 따른 간병급여 지급기준
2025-09-19 23:14:55,241 - INFO - [__main__] - 상세 페이지 스크레이퍼 실행: https://www.law.go.kr/admRulInfoP.do?admRulSeq=2100000196478
2025-09-19 23:14:55,946 - INFO - [scripts.adrule.logic.scraper] - 페이지로 이동 중: https://www.law.go.kr/admRulInfoP.do?admRulSeq=2100000196478
2025-09-19 23:14:56,576 - INFO - [scripts.adrule.logic.scraper] - 로딩 마스크가 나타나기를 기다리는 중...
2025-09-19 23:14:56,603 - INFO - [scripts.adrule.logic.scraper] - 로딩 마스크가 사라지기를 기다리는 중...
2025-09-19 23:14:56,791 - INFO - [scripts.adrule.logic.scraper] - 페이지 최종 렌더링을 잠시 대기합니다...
2025-09-19 23:14:57,798 - INFO - [scripts.adrule.logic.scraper] - 페이지 HTML 컨텐츠를 가져오는 중...
2025-09-19 23:14:57,811 - INFO - [scripts.adrule.logic.scraper] - 데이터 파싱 중...
2025-09-19 23:14:57,872 - INFO - [scripts.adrule.logic.scraper] - 유형 2: 텍스트 기반 비정형 구조 감지
2025-09-19 23:14:57,881 - INFO - [scripts.adrule.logic.scraper] - 데이터 1건을 '/Users/woong/Roeum/roeum-crawler/data/raw/adrule/1492000/산업재해보상보험법에 따른 간병료 지급기준_document.jsonl' 파일로 성공적으로 저장했습니다.
2025-09-19 23:14:57,882 - INFO - [scripts.adrule.logic.scraper] - 데이터 2건을 '/Users/woong/Roeum/roeum-crawler/data/raw/adrule/1492000/산업재해보상보험법에 따른 간병료 지급기준_chunks.jsonl' 파일로 성공적으로 저장했습니다.
2025-09-19 23:14:57,918 - INFO - [__main__] - 상세 페이지 스크레이퍼 완료: 산업재해보상보험법에 따른 간병료 지급기준
2025-09-19 23:14:59,458 - INFO - [__main__] - 상세 페이지 스크레이퍼 실행: https://www.law.go.kr/admRulInfoP.do?admRulSeq=2100000217763
2025-09-19 23:14:59,904 - INFO - [scripts.adrule.logic.scraper] - 페이지로 이동 중: https://www.law.go.kr/admRulInfoP.do?admRulSeq=2100000217763
2025-09-19 23:15:00,598 - INFO - [scripts.adrule.logic.scraper] - 로딩 마스크가 나타나기를 기다리는 중...
2025-09-19 23:15:00,636 - INFO - [scripts.adrule.logic.scraper] - 로딩 마스크가 사라지기를 기다리는 중...
2025-09-19 23:15:00,718 - INFO - [scripts.adrule.logic.scraper] - 페이지 최종 렌더링을 잠시 대기합니다...
2025-09-19 23:15:01,725 - INFO - [scripts.adrule.logic.scraper] - 페이지 HTML 컨텐츠를 가져오는 중...
2025-09-19 23:15:01,740 - INFO - [scripts.adrule.logic.scraper] - 데이터 파싱 중...
2025-09-19 23:15:01,806 - INFO - [scripts.adrule.logic.scraper] - 유형 1: 정형화된 법령 구조 감지
2025-09-19 23:15:01,859 - INFO - [scripts.adrule.logic.scraper] - 데이터 1건을 '/Users/woong/Roeum/roeum-crawler/data/raw/adrule/1492000/산업재해보상보험 요양급여 산정기준_document.jsonl' 파일로 성공적으로 저장했습니다.
2025-09-19 23:15:01,860 - INFO - [scripts.adrule.logic.scraper] - 데이터 10건을 '/Users/woong/Roeum/roeum-crawler/data/raw/adrule/1492000/산업재해보상보험 요양급여 산정기준_chunks.jsonl' 파일로 성공적으로 저장했습니다.
2025-09-19 23:15:01,893 - INFO - [__main__] - 상세 페이지 스크레이퍼 완료: 산업재해보상보험 요양급여 산정기준
2025-09-19 23:15:03,505 - INFO - [__main__] - 상세 페이지 스크레이퍼 실행: https://www.law.go.kr/admRulInfoP.do?admRulSeq=2100000255578
2025-09-19 23:15:03,891 - INFO - [scripts.adrule.logic.scraper] - 페이지로 이동 중: https://www.law.go.kr/admRulInfoP.do?admRulSeq=2100000255578
2025-09-19 23:15:04,538 - INFO - [scripts.adrule.logic.scraper] - 로딩 마스크가 나타나기를 기다리는 중...
2025-09-19 23:15:04,560 - INFO - [scripts.adrule.logic.scraper] - 로딩 마스크가 사라지기를 기다리는 중...
2025-09-19 23:15:04,858 - INFO - [scripts.adrule.logic.scraper] - 페이지 최종 렌더링을 잠시 대기합니다...
2025-09-19 23:15:05,868 - INFO - [scripts.adrule.logic.scraper] - 페이지 HTML 컨텐츠를 가져오는 중...
2025-09-19 23:15:05,942 - INFO - [scripts.adrule.logic.scraper] - 데이터 파싱 중...
2025-09-19 23:15:06,037 - INFO - [scripts.adrule.logic.scraper] - 유형 1: 정형화된 법령 구조 감지
2025-09-19 23:15:06,085 - INFO - [scripts.adrule.logic.scraper] - 데이터 1건을 '/Users/woong/Roeum/roeum-crawler/data/raw/adrule/1492000/산업재해예방시설자금 융자금 지원사업 및 클린사업장 조성지원사업 운영규정_document.jsonl' 파일로 성공적으로 저장했습니다.
2025-09-19 23:15:06,086 - INFO - [scripts.adrule.logic.scraper] - 데이터 53건을 '/Users/woong/Roeum/roeum-crawler/data/raw/adrule/1492000/산업재해예방시설자금 융자금 지원사업 및 클린사업장 조성지원사업 운영규정_chunks.jsonl' 파일로 성공적으로 저장했습니다.
2025-09-19 23:15:06,111 - INFO - [__main__] - 상세 페이지 스크레이퍼 완료: 산업재해예방시설자금 융자금 지원사업 및 클린사업장 조성지원사업 운영규정
2025-09-19 23:15:07,638 - INFO - [__main__] - 상세 페이지 스크레이퍼 실행: https://www.law.go.kr/admRulInfoP.do?admRulSeq=2100000211191
2025-09-19 23:15:07,996 - INFO - [scripts.adrule.logic.scraper] - 페이지로 이동 중: https://www.law.go.kr/admRulInfoP.do?admRulSeq=2100000211191
2025-09-19 23:15:08,633 - INFO - [scripts.adrule.logic.scraper] - 로딩 마스크가 나타나기를 기다리는 중...
2025-09-19 23:15:08,651 - INFO - [scripts.adrule.logic.scraper] - 로딩 마스크가 사라지기를 기다리는 중...
2025-09-19 23:15:08,832 - INFO - [scripts.adrule.logic.scraper] - 페이지 최종 렌더링을 잠시 대기합니다...
2025-09-19 23:15:09,834 - INFO - [scripts.adrule.logic.scraper] - 페이지 HTML 컨텐츠를 가져오는 중...
2025-09-19 23:15:09,847 - INFO - [scripts.adrule.logic.scraper] - 데이터 파싱 중...
2025-09-19 23:15:09,897 - INFO - [scripts.adrule.logic.scraper] - 유형 1: 정형화된 법령 구조 감지
2025-09-19 23:15:09,911 - INFO - [scripts.adrule.logic.scraper] - 데이터 1건을 '/Users/woong/Roeum/roeum-crawler/data/raw/adrule/1492000/산업재해통계업무처리규정_document.jsonl' 파일로 성공적으로 저장했습니다.
2025-09-19 23:15:09,911 - INFO - [scripts.adrule.logic.scraper] - 데이터 11건을 '/Users/woong/Roeum/roeum-crawler/data/raw/adrule/1492000/산업재해통계업무처리규정_chunks.jsonl' 파일로 성공적으로 저장했습니다.
2025-09-19 23:15:09,935 - INFO - [__main__] - 상세 페이지 스크레이퍼 완료: 산업재해통계업무처리규정
2025-09-19 23:15:11,517 - INFO - [__main__] - 상세 페이지 스크레이퍼 실행: https://www.law.go.kr/admRulInfoP.do?admRulSeq=2100000253172
2025-09-19 23:15:11,864 - INFO - [scripts.adrule.logic.scraper] - 페이지로 이동 중: https://www.law.go.kr/admRulInfoP.do?admRulSeq=2100000253172
2025-09-19 23:15:12,547 - INFO - [scripts.adrule.logic.scraper] - 로딩 마스크가 나타나기를 기다리는 중...
2025-09-19 23:15:12,565 - INFO - [scripts.adrule.logic.scraper] - 로딩 마스크가 사라지기를 기다리는 중...
2025-09-19 23:15:12,749 - INFO - [scripts.adrule.logic.scraper] - 페이지 최종 렌더링을 잠시 대기합니다...
2025-09-19 23:15:13,751 - INFO - [scripts.adrule.logic.scraper] - 페이지 HTML 컨텐츠를 가져오는 중...
2025-09-19 23:15:13,759 - INFO - [scripts.adrule.logic.scraper] - 데이터 파싱 중...
2025-09-19 23:15:13,789 - INFO - [scripts.adrule.logic.scraper] - 유형 1: 정형화된 법령 구조 감지
2025-09-19 23:15:13,800 - INFO - [scripts.adrule.logic.scraper] - 데이터 1건을 '/Users/woong/Roeum/roeum-crawler/data/raw/adrule/1492000/산업전환 고용안정 업무 전담기관의 지정 등에 관한 고시_document.jsonl' 파일로 성공적으로 저장했습니다.
2025-09-19 23:15:13,800 - INFO - [scripts.adrule.logic.scraper] - 데이터 6건을 '/Users/woong/Roeum/roeum-crawler/data/raw/adrule/1492000/산업전환 고용안정 업무 전담기관의 지정 등에 관한 고시_chunks.jsonl' 파일로 성공적으로 저장했습니다.
2025-09-19 23:15:13,825 - INFO - [__main__] - 상세 페이지 스크레이퍼 완료: 산업전환 고용안정 업무 전담기관의 지정 등에 관한 고시
2025-09-19 23:15:15,332 - INFO - [__main__] - 상세 페이지 스크레이퍼 실행: https://www.law.go.kr/admRulInfoP.do?admRulSeq=2100000251962
2025-09-19 23:15:15,658 - INFO - [scripts.adrule.logic.scraper] - 페이지로 이동 중: https://www.law.go.kr/admRulInfoP.do?admRulSeq=2100000251962
2025-09-19 23:15:16,271 - INFO - [scripts.adrule.logic.scraper] - 로딩 마스크가 나타나기를 기다리는 중...
2025-09-19 23:15:16,291 - INFO - [scripts.adrule.logic.scraper] - 로딩 마스크가 사라지기를 기다리는 중...
2025-09-19 23:15:16,475 - INFO - [scripts.adrule.logic.scraper] - 페이지 최종 렌더링을 잠시 대기합니다...
2025-09-19 23:15:17,478 - INFO - [scripts.adrule.logic.scraper] - 페이지 HTML 컨텐츠를 가져오는 중...
2025-09-19 23:15:17,488 - INFO - [scripts.adrule.logic.scraper] - 데이터 파싱 중...
2025-09-19 23:15:17,532 - INFO - [scripts.adrule.logic.scraper] - 유형 2: 텍스트 기반 비정형 구조 감지
2025-09-19 23:15:17,538 - INFO - [scripts.adrule.logic.scraper] - 데이터 1건을 '/Users/woong/Roeum/roeum-crawler/data/raw/adrule/1492000/산재보험관리기구지원금 지급기준 고시_document.jsonl' 파일로 성공적으로 저장했습니다.
2025-09-19 23:15:17,539 - INFO - [scripts.adrule.logic.scraper] - 데이터 2건을 '/Users/woong/Roeum/roeum-crawler/data/raw/adrule/1492000/산재보험관리기구지원금 지급기준 고시_chunks.jsonl' 파일로 성공적으로 저장했습니다.
2025-09-19 23:15:17,563 - INFO - [__main__] - 상세 페이지 스크레이퍼 완료: 산재보험관리기구지원금 지급기준 고시
2025-09-19 23:15:19,093 - INFO - [__main__] - 상세 페이지 스크레이퍼 실행: https://www.law.go.kr/admRulInfoP.do?admRulSeq=2100000177752
2025-09-19 23:15:19,444 - INFO - [scripts.adrule.logic.scraper] - 페이지로 이동 중: https://www.law.go.kr/admRulInfoP.do?admRulSeq=2100000177752
2025-09-19 23:15:20,106 - INFO - [scripts.adrule.logic.scraper] - 로딩 마스크가 나타나기를 기다리는 중...
2025-09-19 23:15:20,130 - INFO - [scripts.adrule.logic.scraper] - 로딩 마스크가 사라지기를 기다리는 중...
2025-09-19 23:15:20,332 - INFO - [scripts.adrule.logic.scraper] - 페이지 최종 렌더링을 잠시 대기합니다...
2025-09-19 23:15:21,339 - INFO - [scripts.adrule.logic.scraper] - 페이지 HTML 컨텐츠를 가져오는 중...
2025-09-19 23:15:21,348 - INFO - [scripts.adrule.logic.scraper] - 데이터 파싱 중...
2025-09-19 23:15:21,401 - INFO - [scripts.adrule.logic.scraper] - 유형 1: 정형화된 법령 구조 감지
2025-09-19 23:15:21,444 - INFO - [scripts.adrule.logic.scraper] - 데이터 1건을 '/Users/woong/Roeum/roeum-crawler/data/raw/adrule/1492000/산재예방요율제 운영에 관한 규정_document.jsonl' 파일로 성공적으로 저장했습니다.
2025-09-19 23:15:21,445 - INFO - [scripts.adrule.logic.scraper] - 데이터 17건을 '/Users/woong/Roeum/roeum-crawler/data/raw/adrule/1492000/산재예방요율제 운영에 관한 규정_chunks.jsonl' 파일로 성공적으로 저장했습니다.
2025-09-19 23:15:21,468 - INFO - [__main__] - 상세 페이지 스크레이퍼 완료: 산재예방요율제 운영에 관한 규정
2025-09-19 23:15:23,501 - INFO - [__main__] - 상세 페이지 스크레이퍼 실행: https://www.law.go.kr/admRulInfoP.do?admRulSeq=2100000208344
2025-09-19 23:15:24,179 - INFO - [scripts.adrule.logic.scraper] - 페이지로 이동 중: https://www.law.go.kr/admRulInfoP.do?admRulSeq=2100000208344
2025-09-19 23:15:25,250 - INFO - [scripts.adrule.logic.scraper] - 로딩 마스크가 나타나기를 기다리는 중...
2025-09-19 23:15:25,311 - INFO - [scripts.adrule.logic.scraper] - 로딩 마스크가 사라지기를 기다리는 중...
2025-09-19 23:15:25,439 - INFO - [scripts.adrule.logic.scraper] - 페이지 최종 렌더링을 잠시 대기합니다...
2025-09-19 23:15:26,458 - INFO - [scripts.adrule.logic.scraper] - 페이지 HTML 컨텐츠를 가져오는 중...
2025-09-19 23:15:26,508 - INFO - [scripts.adrule.logic.scraper] - 데이터 파싱 중...
2025-09-19 23:15:26,837 - INFO - [scripts.adrule.logic.scraper] - 유형 1: 정형화된 법령 구조 감지
2025-09-19 23:15:26,901 - INFO - [scripts.adrule.logic.scraper] - 데이터 1건을 '/Users/woong/Roeum/roeum-crawler/data/raw/adrule/1492000/석면조사 및 안전성 평가 등에 관한 고시_document.jsonl' 파일로 성공적으로 저장했습니다.
2025-09-19 23:15:26,902 - INFO - [scripts.adrule.logic.scraper] - 데이터 44건을 '/Users/woong/Roeum/roeum-crawler/data/raw/adrule/1492000/석면조사 및 안전성 평가 등에 관한 고시_chunks.jsonl' 파일로 성공적으로 저장했습니다.
2025-09-19 23:15:26,944 - INFO - [__main__] - 상세 페이지 스크레이퍼 완료: 석면조사 및 안전성 평가 등에 관한 고시
2025-09-19 23:15:28,601 - INFO - [__main__] - 상세 페이지 스크레이퍼 실행: https://www.law.go.kr/admRulInfoP.do?admRulSeq=2100000185797
2025-09-19 23:15:29,262 - INFO - [scripts.adrule.logic.scraper] - 페이지로 이동 중: https://www.law.go.kr/admRulInfoP.do?admRulSeq=2100000185797
2025-09-19 23:15:29,922 - INFO - [scripts.adrule.logic.scraper] - 로딩 마스크가 나타나기를 기다리는 중...
2025-09-19 23:15:29,944 - INFO - [scripts.adrule.logic.scraper] - 로딩 마스크가 사라지기를 기다리는 중...
2025-09-19 23:15:30,025 - INFO - [scripts.adrule.logic.scraper] - 페이지 최종 렌더링을 잠시 대기합니다...
2025-09-19 23:15:31,029 - INFO - [scripts.adrule.logic.scraper] - 페이지 HTML 컨텐츠를 가져오는 중...
2025-09-19 23:15:31,043 - INFO - [scripts.adrule.logic.scraper] - 데이터 파싱 중...
2025-09-19 23:15:31,146 - INFO - [scripts.adrule.logic.scraper] - 유형 1: 정형화된 법령 구조 감지
2025-09-19 23:15:31,158 - INFO - [scripts.adrule.logic.scraper] - 데이터 1건을 '/Users/woong/Roeum/roeum-crawler/data/raw/adrule/1492000/석면해체·제거업자 종사인력의 교육에 관한 규정_document.jsonl' 파일로 성공적으로 저장했습니다.
2025-09-19 23:15:31,158 - INFO - [scripts.adrule.logic.scraper] - 데이터 3건을 '/Users/woong/Roeum/roeum-crawler/data/raw/adrule/1492000/석면해체·제거업자 종사인력의 교육에 관한 규정_chunks.jsonl' 파일로 성공적으로 저장했습니다.
2025-09-19 23:15:31,290 - INFO - [__main__] - 상세 페이지 스크레이퍼 완료: 석면해체·제거업자 종사인력의 교육에 관한 규정
2025-09-19 23:15:32,910 - INFO - [__main__] - 상세 페이지 스크레이퍼 실행: https://www.law.go.kr/admRulInfoP.do?admRulSeq=2100000260938
2025-09-19 23:15:33,496 - INFO - [scripts.adrule.logic.scraper] - 페이지로 이동 중: https://www.law.go.kr/admRulInfoP.do?admRulSeq=2100000260938
2025-09-19 23:15:34,200 - INFO - [scripts.adrule.logic.scraper] - 로딩 마스크가 나타나기를 기다리는 중...
2025-09-19 23:15:34,245 - INFO - [scripts.adrule.logic.scraper] - 로딩 마스크가 사라지기를 기다리는 중...
2025-09-19 23:15:34,278 - INFO - [scripts.adrule.logic.scraper] - 페이지 최종 렌더링을 잠시 대기합니다...
2025-09-19 23:15:35,285 - INFO - [scripts.adrule.logic.scraper] - 페이지 HTML 컨텐츠를 가져오는 중...
2025-09-19 23:15:35,293 - INFO - [scripts.adrule.logic.scraper] - 데이터 파싱 중...
2025-09-19 23:15:35,344 - INFO - [scripts.adrule.logic.scraper] - 유형 2: 텍스트 기반 비정형 구조 감지
2025-09-19 23:15:35,355 - INFO - [scripts.adrule.logic.scraper] - 데이터 1건을 '/Users/woong/Roeum/roeum-crawler/data/raw/adrule/1492000/소득확인이 어려운 직종의 노무제공자에 대한 산재보험료 및 보험급여 산정의 기초가 되는 월 보수액 및 평균보수 등_document.jsonl' 파일로 성공적으로 저장했습니다.
2025-09-19 23:15:35,355 - INFO - [scripts.adrule.logic.scraper] - 데이터 2건을 '/Users/woong/Roeum/roeum-crawler/data/raw/adrule/1492000/소득확인이 어려운 직종의 노무제공자에 대한 산재보험료 및 보험급여 산정의 기초가 되는 월 보수액 및 평균보수 등_chunks.jsonl' 파일로 성공적으로 저장했습니다.
2025-09-19 23:15:35,391 - INFO - [__main__] - 상세 페이지 스크레이퍼 완료: 소득확인이 어려운 직종의 노무제공자에 대한 산재보험료 및 보험급여 산정의 기초가 되는 월 보수액 및 평균보수 등
2025-09-19 23:15:37,053 - INFO - [__main__] - 상세 페이지 스크레이퍼 실행: https://www.law.go.kr/admRulInfoP.do?admRulSeq=2100000261174
2025-09-19 23:15:37,532 - INFO - [scripts.adrule.logic.scraper] - 페이지로 이동 중: https://www.law.go.kr/admRulInfoP.do?admRulSeq=2100000261174
2025-09-19 23:15:38,112 - INFO - [scripts.adrule.logic.scraper] - 로딩 마스크가 나타나기를 기다리는 중...
2025-09-19 23:15:38,134 - INFO - [scripts.adrule.logic.scraper] - 로딩 마스크가 사라지기를 기다리는 중...
2025-09-19 23:15:38,215 - INFO - [scripts.adrule.logic.scraper] - 페이지 최종 렌더링을 잠시 대기합니다...
2025-09-19 23:15:39,217 - INFO - [scripts.adrule.logic.scraper] - 페이지 HTML 컨텐츠를 가져오는 중...
2025-09-19 23:15:39,231 - INFO - [scripts.adrule.logic.scraper] - 데이터 파싱 중...
2025-09-19 23:15:39,275 - INFO - [scripts.adrule.logic.scraper] - 유형 2: 텍스트 기반 비정형 구조 감지
2025-09-19 23:15:39,280 - INFO - [scripts.adrule.logic.scraper] - 데이터 1건을 '/Users/woong/Roeum/roeum-crawler/data/raw/adrule/1492000/소득확정이 어려운 직종의 노무제공자에 대한 고용보험료 산정의 기초가 되는 보수액 및 기초일액 고시_document.jsonl' 파일로 성공적으로 저장했습니다.
2025-09-19 23:15:39,280 - INFO - [scripts.adrule.logic.scraper] - 데이터 1건을 '/Users/woong/Roeum/roeum-crawler/data/raw/adrule/1492000/소득확정이 어려운 직종의 노무제공자에 대한 고용보험료 산정의 기초가 되는 보수액 및 기초일액 고시_chunks.jsonl' 파일로 성공적으로 저장했습니다.
2025-09-19 23:15:39,303 - INFO - [__main__] - 상세 페이지 스크레이퍼 완료: 소득확정이 어려운 직종의 노무제공자에 대한 고용보험료 산정의 기초가 되는 보수액 및 기초일액 고시
2025-09-19 23:15:40,819 - INFO - [__main__] - 상세 페이지 스크레이퍼 실행: https://www.law.go.kr/admRulInfoP.do?admRulSeq=2100000199679
2025-09-19 23:15:41,252 - INFO - [scripts.adrule.logic.scraper] - 페이지로 이동 중: https://www.law.go.kr/admRulInfoP.do?admRulSeq=2100000199679
2025-09-19 23:15:41,864 - INFO - [scripts.adrule.logic.scraper] - 로딩 마스크가 나타나기를 기다리는 중...
2025-09-19 23:15:41,881 - INFO - [scripts.adrule.logic.scraper] - 로딩 마스크가 사라지기를 기다리는 중...
2025-09-19 23:15:41,960 - INFO - [scripts.adrule.logic.scraper] - 페이지 최종 렌더링을 잠시 대기합니다...
2025-09-19 23:15:42,963 - INFO - [scripts.adrule.logic.scraper] - 페이지 HTML 컨텐츠를 가져오는 중...
2025-09-19 23:15:42,973 - INFO - [scripts.adrule.logic.scraper] - 데이터 파싱 중...
2025-09-19 23:15:43,006 - INFO - [scripts.adrule.logic.scraper] - 유형 1: 정형화된 법령 구조 감지
2025-09-19 23:15:43,013 - INFO - [scripts.adrule.logic.scraper] - 데이터 1건을 '/Users/woong/Roeum/roeum-crawler/data/raw/adrule/1492000/숙련기술 전수 선정 분야별 직종 고시_document.jsonl' 파일로 성공적으로 저장했습니다.
2025-09-19 23:15:43,013 - INFO - [scripts.adrule.logic.scraper] - 데이터 2건을 '/Users/woong/Roeum/roeum-crawler/data/raw/adrule/1492000/숙련기술 전수 선정 분야별 직종 고시_chunks.jsonl' 파일로 성공적으로 저장했습니다.
2025-09-19 23:15:43,040 - INFO - [__main__] - 상세 페이지 스크레이퍼 완료: 숙련기술 전수 선정 분야별 직종 고시
2025-09-19 23:15:44,585 - INFO - [__main__] - 상세 페이지 스크레이퍼 실행: https://www.law.go.kr/admRulInfoP.do?admRulSeq=2100000251924
2025-09-19 23:15:44,991 - INFO - [scripts.adrule.logic.scraper] - 페이지로 이동 중: https://www.law.go.kr/admRulInfoP.do?admRulSeq=2100000251924
2025-09-19 23:15:45,561 - INFO - [scripts.adrule.logic.scraper] - 로딩 마스크가 나타나기를 기다리는 중...
2025-09-19 23:15:45,589 - INFO - [scripts.adrule.logic.scraper] - 로딩 마스크가 사라지기를 기다리는 중...
2025-09-19 23:15:45,673 - INFO - [scripts.adrule.logic.scraper] - 페이지 최종 렌더링을 잠시 대기합니다...
2025-09-19 23:15:46,676 - INFO - [scripts.adrule.logic.scraper] - 페이지 HTML 컨텐츠를 가져오는 중...
2025-09-19 23:15:46,693 - INFO - [scripts.adrule.logic.scraper] - 데이터 파싱 중...
2025-09-19 23:15:46,754 - INFO - [scripts.adrule.logic.scraper] - 유형 1: 정형화된 법령 구조 감지
2025-09-19 23:15:46,797 - INFO - [scripts.adrule.logic.scraper] - 데이터 1건을 '/Users/woong/Roeum/roeum-crawler/data/raw/adrule/1492000/신규화학물질의 유해성·위험성 조사 등에 관한 고시_document.jsonl' 파일로 성공적으로 저장했습니다.
2025-09-19 23:15:46,797 - INFO - [scripts.adrule.logic.scraper] - 데이터 12건을 '/Users/woong/Roeum/roeum-crawler/data/raw/adrule/1492000/신규화학물질의 유해성·위험성 조사 등에 관한 고시_chunks.jsonl' 파일로 성공적으로 저장했습니다.
2025-09-19 23:15:46,820 - INFO - [__main__] - 상세 페이지 스크레이퍼 완료: 신규화학물질의 유해성·위험성 조사 등에 관한 고시
2025-09-19 23:15:48,516 - INFO - [__main__] - 상세 페이지 스크레이퍼 실행: https://www.law.go.kr/admRulInfoP.do?admRulSeq=2100000209209
2025-09-19 23:15:48,973 - INFO - [scripts.adrule.logic.scraper] - 페이지로 이동 중: https://www.law.go.kr/admRulInfoP.do?admRulSeq=2100000209209
2025-09-19 23:15:49,600 - INFO - [scripts.adrule.logic.scraper] - 로딩 마스크가 나타나기를 기다리는 중...
2025-09-19 23:15:49,624 - INFO - [scripts.adrule.logic.scraper] - 로딩 마스크가 사라지기를 기다리는 중...
2025-09-19 23:15:49,818 - INFO - [scripts.adrule.logic.scraper] - 페이지 최종 렌더링을 잠시 대기합니다...
2025-09-19 23:15:50,823 - INFO - [scripts.adrule.logic.scraper] - 페이지 HTML 컨텐츠를 가져오는 중...
2025-09-19 23:15:50,834 - INFO - [scripts.adrule.logic.scraper] - 데이터 파싱 중...
2025-09-19 23:15:50,901 - INFO - [scripts.adrule.logic.scraper] - 유형 1: 정형화된 법령 구조 감지
2025-09-19 23:15:50,927 - INFO - [scripts.adrule.logic.scraper] - 데이터 1건을 '/Users/woong/Roeum/roeum-crawler/data/raw/adrule/1492000/실업인정 및 재취업지원규정_document.jsonl' 파일로 성공적으로 저장했습니다.
2025-09-19 23:15:50,927 - INFO - [scripts.adrule.logic.scraper] - 데이터 24건을 '/Users/woong/Roeum/roeum-crawler/data/raw/adrule/1492000/실업인정 및 재취업지원규정_chunks.jsonl' 파일로 성공적으로 저장했습니다.
2025-09-19 23:15:50,948 - INFO - [__main__] - 상세 페이지 스크레이퍼 완료: 실업인정 및 재취업지원규정
2025-09-19 23:15:52,519 - INFO - [__main__] - 상세 페이지 스크레이퍼 실행: https://www.law.go.kr/admRulInfoP.do?admRulSeq=2100000156809
2025-09-19 23:15:52,927 - INFO - [scripts.adrule.logic.scraper] - 페이지로 이동 중: https://www.law.go.kr/admRulInfoP.do?admRulSeq=2100000156809
2025-09-19 23:15:53,580 - INFO - [scripts.adrule.logic.scraper] - 로딩 마스크가 나타나기를 기다리는 중...
2025-09-19 23:15:53,598 - INFO - [scripts.adrule.logic.scraper] - 로딩 마스크가 사라지기를 기다리는 중...
2025-09-19 23:15:53,778 - INFO - [scripts.adrule.logic.scraper] - 페이지 최종 렌더링을 잠시 대기합니다...
2025-09-19 23:15:54,780 - INFO - [scripts.adrule.logic.scraper] - 페이지 HTML 컨텐츠를 가져오는 중...
2025-09-19 23:15:54,790 - INFO - [scripts.adrule.logic.scraper] - 데이터 파싱 중...
2025-09-19 23:15:54,836 - INFO - [scripts.adrule.logic.scraper] - 유형 1: 정형화된 법령 구조 감지
2025-09-19 23:15:54,873 - INFO - [scripts.adrule.logic.scraper] - 데이터 1건을 '/Users/woong/Roeum/roeum-crawler/data/raw/adrule/1492000/실직자 창업지원사업 운영규정_document.jsonl' 파일로 성공적으로 저장했습니다.
2025-09-19 23:15:54,874 - INFO - [scripts.adrule.logic.scraper] - 데이터 27건을 '/Users/woong/Roeum/roeum-crawler/data/raw/adrule/1492000/실직자 창업지원사업 운영규정_chunks.jsonl' 파일로 성공적으로 저장했습니다.
2025-09-19 23:15:54,898 - INFO - [__main__] - 상세 페이지 스크레이퍼 완료: 실직자 창업지원사업 운영규정
2025-09-19 23:15:56,522 - INFO - [__main__] - 상세 페이지 스크레이퍼 실행: https://www.law.go.kr/admRulInfoP.do?admRulSeq=2100000228816
2025-09-19 23:15:56,993 - INFO - [scripts.adrule.logic.scraper] - 페이지로 이동 중: https://www.law.go.kr/admRulInfoP.do?admRulSeq=2100000228816
2025-09-19 23:15:57,637 - INFO - [scripts.adrule.logic.scraper] - 로딩 마스크가 나타나기를 기다리는 중...
2025-09-19 23:15:57,657 - INFO - [scripts.adrule.logic.scraper] - 로딩 마스크가 사라지기를 기다리는 중...
2025-09-19 23:15:57,864 - INFO - [scripts.adrule.logic.scraper] - 페이지 최종 렌더링을 잠시 대기합니다...
2025-09-19 23:15:58,866 - INFO - [scripts.adrule.logic.scraper] - 페이지 HTML 컨텐츠를 가져오는 중...
2025-09-19 23:15:58,874 - INFO - [scripts.adrule.logic.scraper] - 데이터 파싱 중...
2025-09-19 23:15:58,949 - INFO - [scripts.adrule.logic.scraper] - 유형 1: 정형화된 법령 구조 감지
2025-09-19 23:15:58,983 - INFO - [scripts.adrule.logic.scraper] - 데이터 1건을 '/Users/woong/Roeum/roeum-crawler/data/raw/adrule/1492000/안전검사 고시_document.jsonl' 파일로 성공적으로 저장했습니다.
2025-09-19 23:15:58,984 - INFO - [scripts.adrule.logic.scraper] - 데이터 29건을 '/Users/woong/Roeum/roeum-crawler/data/raw/adrule/1492000/안전검사 고시_chunks.jsonl' 파일로 성공적으로 저장했습니다.
2025-09-19 23:15:59,008 - INFO - [__main__] - 상세 페이지 스크레이퍼 완료: 안전검사 고시
2025-09-19 23:16:00,525 - INFO - [__main__] - 상세 페이지 스크레이퍼 실행: https://www.law.go.kr/admRulInfoP.do?admRulSeq=2100000232808
2025-09-19 23:16:00,930 - INFO - [scripts.adrule.logic.scraper] - 페이지로 이동 중: https://www.law.go.kr/admRulInfoP.do?admRulSeq=2100000232808
2025-09-19 23:16:01,605 - INFO - [scripts.adrule.logic.scraper] - 로딩 마스크가 나타나기를 기다리는 중...
2025-09-19 23:16:01,627 - INFO - [scripts.adrule.logic.scraper] - 로딩 마스크가 사라지기를 기다리는 중...
2025-09-19 23:16:01,820 - INFO - [scripts.adrule.logic.scraper] - 페이지 최종 렌더링을 잠시 대기합니다...
2025-09-19 23:16:02,824 - INFO - [scripts.adrule.logic.scraper] - 페이지 HTML 컨텐츠를 가져오는 중...
2025-09-19 23:16:02,844 - INFO - [scripts.adrule.logic.scraper] - 데이터 파싱 중...
2025-09-19 23:16:02,902 - INFO - [scripts.adrule.logic.scraper] - 유형 1: 정형화된 법령 구조 감지
2025-09-19 23:16:02,938 - INFO - [scripts.adrule.logic.scraper] - 데이터 1건을 '/Users/woong/Roeum/roeum-crawler/data/raw/adrule/1492000/안전검사 절차에 관한 고시_document.jsonl' 파일로 성공적으로 저장했습니다.
2025-09-19 23:16:02,938 - INFO - [scripts.adrule.logic.scraper] - 데이터 12건을 '/Users/woong/Roeum/roeum-crawler/data/raw/adrule/1492000/안전검사 절차에 관한 고시_chunks.jsonl' 파일로 성공적으로 저장했습니다.
2025-09-19 23:16:02,958 - INFO - [__main__] - 상세 페이지 스크레이퍼 완료: 안전검사 절차에 관한 고시
2025-09-19 23:16:04,525 - INFO - [__main__] - 상세 페이지 스크레이퍼 실행: https://www.law.go.kr/admRulInfoP.do?admRulSeq=2100000251782
2025-09-19 23:16:04,917 - INFO - [scripts.adrule.logic.scraper] - 페이지로 이동 중: https://www.law.go.kr/admRulInfoP.do?admRulSeq=2100000251782
2025-09-19 23:16:05,615 - INFO - [scripts.adrule.logic.scraper] - 로딩 마스크가 나타나기를 기다리는 중...
2025-09-19 23:16:05,639 - INFO - [scripts.adrule.logic.scraper] - 로딩 마스크가 사라지기를 기다리는 중...
2025-09-19 23:16:05,732 - INFO - [scripts.adrule.logic.scraper] - 페이지 최종 렌더링을 잠시 대기합니다...
2025-09-19 23:16:06,737 - INFO - [scripts.adrule.logic.scraper] - 페이지 HTML 컨텐츠를 가져오는 중...
2025-09-19 23:16:06,759 - INFO - [scripts.adrule.logic.scraper] - 데이터 파싱 중...
2025-09-19 23:16:06,842 - INFO - [scripts.adrule.logic.scraper] - 유형 1: 정형화된 법령 구조 감지
2025-09-19 23:16:06,922 - INFO - [scripts.adrule.logic.scraper] - 데이터 1건을 '/Users/woong/Roeum/roeum-crawler/data/raw/adrule/1492000/안전·보건관리전문기관 및 건설재해예방전문지도기관 관리규정_document.jsonl' 파일로 성공적으로 저장했습니다.
2025-09-19 23:16:06,922 - INFO - [scripts.adrule.logic.scraper] - 데이터 7건을 '/Users/woong/Roeum/roeum-crawler/data/raw/adrule/1492000/안전·보건관리전문기관 및 건설재해예방전문지도기관 관리규정_chunks.jsonl' 파일로 성공적으로 저장했습니다.
2025-09-19 23:16:06,954 - INFO - [__main__] - 상세 페이지 스크레이퍼 완료: 안전·보건관리전문기관 및 건설재해예방전문지도기관 관리규정
2025-09-19 23:16:09,029 - INFO - [__main__] - 상세 페이지 스크레이퍼 실행: https://www.law.go.kr/admRulInfoP.do?admRulSeq=2100000239446
2025-09-19 23:16:09,672 - INFO - [scripts.adrule.logic.scraper] - 페이지로 이동 중: https://www.law.go.kr/admRulInfoP.do?admRulSeq=2100000239446
2025-09-19 23:16:10,315 - INFO - [scripts.adrule.logic.scraper] - 로딩 마스크가 나타나기를 기다리는 중...
2025-09-19 23:16:10,340 - INFO - [scripts.adrule.logic.scraper] - 로딩 마스크가 사라지기를 기다리는 중...
2025-09-19 23:16:10,539 - INFO - [scripts.adrule.logic.scraper] - 페이지 최종 렌더링을 잠시 대기합니다...
2025-09-19 23:16:11,545 - INFO - [scripts.adrule.logic.scraper] - 페이지 HTML 컨텐츠를 가져오는 중...
2025-09-19 23:16:11,569 - INFO - [scripts.adrule.logic.scraper] - 데이터 파싱 중...
2025-09-19 23:16:11,728 - INFO - [scripts.adrule.logic.scraper] - 유형 1: 정형화된 법령 구조 감지
2025-09-19 23:16:11,926 - INFO - [scripts.adrule.logic.scraper] - 데이터 1건을 '/Users/woong/Roeum/roeum-crawler/data/raw/adrule/1492000/안전보건교육규정_document.jsonl' 파일로 성공적으로 저장했습니다.
2025-09-19 23:16:11,927 - INFO - [scripts.adrule.logic.scraper] - 데이터 76건을 '/Users/woong/Roeum/roeum-crawler/data/raw/adrule/1492000/안전보건교육규정_chunks.jsonl' 파일로 성공적으로 저장했습니다.
2025-09-19 23:16:11,978 - INFO - [__main__] - 상세 페이지 스크레이퍼 완료: 안전보건교육규정
2025-09-19 23:16:14,705 - INFO - [__main__] - 상세 페이지 스크레이퍼 실행: https://www.law.go.kr/admRulInfoP.do?admRulSeq=2100000235596
2025-09-19 23:16:15,606 - INFO - [scripts.adrule.logic.scraper] - 페이지로 이동 중: https://www.law.go.kr/admRulInfoP.do?admRulSeq=2100000235596
2025-09-19 23:16:16,318 - INFO - [scripts.adrule.logic.scraper] - 로딩 마스크가 나타나기를 기다리는 중...
2025-09-19 23:16:16,378 - INFO - [scripts.adrule.logic.scraper] - 로딩 마스크가 사라지기를 기다리는 중...
2025-09-19 23:16:16,404 - INFO - [scripts.adrule.logic.scraper] - 페이지 최종 렌더링을 잠시 대기합니다...
2025-09-19 23:16:17,416 - INFO - [scripts.adrule.logic.scraper] - 페이지 HTML 컨텐츠를 가져오는 중...
2025-09-19 23:16:17,529 - INFO - [scripts.adrule.logic.scraper] - 데이터 파싱 중...
2025-09-19 23:16:17,662 - INFO - [scripts.adrule.logic.scraper] - 유형 1: 정형화된 법령 구조 감지
2025-09-19 23:16:17,690 - INFO - [scripts.adrule.logic.scraper] - 데이터 1건을 '/Users/woong/Roeum/roeum-crawler/data/raw/adrule/1492000/안전·보건에 관한 업무 수행시간의 기준 고시_document.jsonl' 파일로 성공적으로 저장했습니다.
2025-09-19 23:16:17,691 - INFO - [scripts.adrule.logic.scraper] - 데이터 4건을 '/Users/woong/Roeum/roeum-crawler/data/raw/adrule/1492000/안전·보건에 관한 업무 수행시간의 기준 고시_chunks.jsonl' 파일로 성공적으로 저장했습니다.
2025-09-19 23:16:17,764 - INFO - [__main__] - 상세 페이지 스크레이퍼 완료: 안전·보건에 관한 업무 수행시간의 기준 고시
2025-09-19 23:16:21,109 - INFO - [__main__] - 상세 페이지 스크레이퍼 실행: https://www.law.go.kr/admRulInfoP.do?admRulSeq=2100000239412
2025-09-19 23:16:21,707 - INFO - [scripts.adrule.logic.scraper] - 페이지로 이동 중: https://www.law.go.kr/admRulInfoP.do?admRulSeq=2100000239412
2025-09-19 23:16:22,395 - INFO - [scripts.adrule.logic.scraper] - 로딩 마스크가 나타나기를 기다리는 중...
2025-09-19 23:16:23,514 - WARNING - [scripts.adrule.logic.scraper] - 로딩 마스크가 감지되지 않았습니다. 페이지 로드가 완료된 것으로 간주하고 계속 진행합니다.
2025-09-19 23:16:23,515 - INFO - [scripts.adrule.logic.scraper] - 페이지 최종 렌더링을 잠시 대기합니다...
2025-09-19 23:16:24,527 - INFO - [scripts.adrule.logic.scraper] - 페이지 HTML 컨텐츠를 가져오는 중...
2025-09-19 23:16:24,549 - INFO - [scripts.adrule.logic.scraper] - 데이터 파싱 중...
2025-09-19 23:16:24,619 - INFO - [scripts.adrule.logic.scraper] - 유형 1: 정형화된 법령 구조 감지
2025-09-19 23:16:24,710 - INFO - [scripts.adrule.logic.scraper] - 데이터 1건을 '/Users/woong/Roeum/roeum-crawler/data/raw/adrule/1492000/안전인증대상기계 등이 아닌 유해·위험기계등의 안전인증 규정_document.jsonl' 파일로 성공적으로 저장했습니다.
2025-09-19 23:16:24,711 - INFO - [scripts.adrule.logic.scraper] - 데이터 16건을 '/Users/woong/Roeum/roeum-crawler/data/raw/adrule/1492000/안전인증대상기계 등이 아닌 유해·위험기계등의 안전인증 규정_chunks.jsonl' 파일로 성공적으로 저장했습니다.
2025-09-19 23:16:24,766 - INFO - [__main__] - 상세 페이지 스크레이퍼 완료: 안전인증대상기계 등이 아닌 유해·위험기계등의 안전인증 규정
2025-09-19 23:16:26,931 - INFO - [__main__] - 상세 페이지 스크레이퍼 실행: https://www.law.go.kr/admRulInfoP.do?admRulSeq=2100000214148
2025-09-19 23:16:27,430 - INFO - [scripts.adrule.logic.scraper] - 페이지로 이동 중: https://www.law.go.kr/admRulInfoP.do?admRulSeq=2100000214148
2025-09-19 23:16:28,108 - INFO - [scripts.adrule.logic.scraper] - 로딩 마스크가 나타나기를 기다리는 중...
2025-09-19 23:16:28,154 - INFO - [scripts.adrule.logic.scraper] - 로딩 마스크가 사라지기를 기다리는 중...
2025-09-19 23:16:29,004 - INFO - [scripts.adrule.logic.scraper] - 페이지 최종 렌더링을 잠시 대기합니다...
2025-09-19 23:16:30,031 - INFO - [scripts.adrule.logic.scraper] - 페이지 HTML 컨텐츠를 가져오는 중...
2025-09-19 23:16:30,077 - INFO - [scripts.adrule.logic.scraper] - 데이터 파싱 중...
2025-09-19 23:16:30,452 - INFO - [scripts.adrule.logic.scraper] - 유형 1: 정형화된 법령 구조 감지
2025-09-19 23:16:30,522 - INFO - [scripts.adrule.logic.scraper] - 데이터 1건을 '/Users/woong/Roeum/roeum-crawler/data/raw/adrule/1492000/안전인증·자율안전확인신고의 절차에 관한 고시_document.jsonl' 파일로 성공적으로 저장했습니다.
2025-09-19 23:16:30,526 - INFO - [scripts.adrule.logic.scraper] - 데이터 30건을 '/Users/woong/Roeum/roeum-crawler/data/raw/adrule/1492000/안전인증·자율안전확인신고의 절차에 관한 고시_chunks.jsonl' 파일로 성공적으로 저장했습니다.
2025-09-19 23:16:30,589 - INFO - [__main__] - 상세 페이지 스크레이퍼 완료: 안전인증·자율안전확인신고의 절차에 관한 고시
2025-09-19 23:16:33,121 - INFO - [__main__] - 상세 페이지 스크레이퍼 실행: https://www.law.go.kr/admRulInfoP.do?admRulSeq=2100000218739
2025-09-19 23:16:33,928 - INFO - [scripts.adrule.logic.scraper] - 페이지로 이동 중: https://www.law.go.kr/admRulInfoP.do?admRulSeq=2100000218739
2025-09-19 23:16:34,632 - INFO - [scripts.adrule.logic.scraper] - 로딩 마스크가 나타나기를 기다리는 중...
2025-09-19 23:16:34,656 - INFO - [scripts.adrule.logic.scraper] - 로딩 마스크가 사라지기를 기다리는 중...
2025-09-19 23:16:34,752 - INFO - [scripts.adrule.logic.scraper] - 페이지 최종 렌더링을 잠시 대기합니다...
2025-09-19 23:16:35,756 - INFO - [scripts.adrule.logic.scraper] - 페이지 HTML 컨텐츠를 가져오는 중...
2025-09-19 23:16:35,782 - INFO - [scripts.adrule.logic.scraper] - 데이터 파싱 중...
2025-09-19 23:16:35,943 - INFO - [scripts.adrule.logic.scraper] - 유형 1: 정형화된 법령 구조 감지
2025-09-19 23:16:36,203 - INFO - [scripts.adrule.logic.scraper] - 데이터 1건을 '/Users/woong/Roeum/roeum-crawler/data/raw/adrule/1492000/업무위탁기관의 지정 등에 관한 고시_document.jsonl' 파일로 성공적으로 저장했습니다.
2025-09-19 23:16:36,204 - INFO - [scripts.adrule.logic.scraper] - 데이터 13건을 '/Users/woong/Roeum/roeum-crawler/data/raw/adrule/1492000/업무위탁기관의 지정 등에 관한 고시_chunks.jsonl' 파일로 성공적으로 저장했습니다.
2025-09-19 23:16:36,289 - INFO - [__main__] - 상세 페이지 스크레이퍼 완료: 업무위탁기관의 지정 등에 관한 고시
2025-09-19 23:16:38,250 - INFO - [__main__] - 상세 페이지 스크레이퍼 실행: https://www.law.go.kr/admRulInfoP.do?admRulSeq=2000000021910
2025-09-19 23:16:38,774 - INFO - [scripts.adrule.logic.scraper] - 페이지로 이동 중: https://www.law.go.kr/admRulInfoP.do?admRulSeq=2000000021910
2025-09-19 23:16:39,654 - INFO - [scripts.adrule.logic.scraper] - 로딩 마스크가 나타나기를 기다리는 중...
2025-09-19 23:16:39,682 - INFO - [scripts.adrule.logic.scraper] - 로딩 마스크가 사라지기를 기다리는 중...
2025-09-19 23:16:39,765 - INFO - [scripts.adrule.logic.scraper] - 페이지 최종 렌더링을 잠시 대기합니다...
2025-09-19 23:16:40,776 - INFO - [scripts.adrule.logic.scraper] - 페이지 HTML 컨텐츠를 가져오는 중...
2025-09-19 23:16:40,805 - INFO - [scripts.adrule.logic.scraper] - 데이터 파싱 중...
2025-09-19 23:16:40,877 - INFO - [scripts.adrule.logic.scraper] - 유형 1: 정형화된 법령 구조 감지
2025-09-19 23:16:40,890 - INFO - [scripts.adrule.logic.scraper] - 데이터 1건을 '/Users/woong/Roeum/roeum-crawler/data/raw/adrule/1492000/업무추진실적 평가규정_document.jsonl' 파일로 성공적으로 저장했습니다.
2025-09-19 23:16:40,891 - INFO - [scripts.adrule.logic.scraper] - 데이터 10건을 '/Users/woong/Roeum/roeum-crawler/data/raw/adrule/1492000/업무추진실적 평가규정_chunks.jsonl' 파일로 성공적으로 저장했습니다.
2025-09-19 23:16:40,939 - INFO - [__main__] - 상세 페이지 스크레이퍼 완료: 업무추진실적 평가규정
2025-09-19 23:16:42,534 - INFO - [__main__] - 상세 페이지 스크레이퍼 실행: https://www.law.go.kr/admRulInfoP.do?admRulSeq=2100000243806
2025-09-19 23:16:43,061 - INFO - [scripts.adrule.logic.scraper] - 페이지로 이동 중: https://www.law.go.kr/admRulInfoP.do?admRulSeq=2100000243806
2025-09-19 23:16:43,731 - INFO - [scripts.adrule.logic.scraper] - 로딩 마스크가 나타나기를 기다리는 중...
2025-09-19 23:16:43,769 - INFO - [scripts.adrule.logic.scraper] - 로딩 마스크가 사라지기를 기다리는 중...
2025-09-19 23:16:43,869 - INFO - [scripts.adrule.logic.scraper] - 페이지 최종 렌더링을 잠시 대기합니다...
2025-09-19 23:16:44,934 - INFO - [scripts.adrule.logic.scraper] - 페이지 HTML 컨텐츠를 가져오는 중...
2025-09-19 23:16:44,975 - INFO - [scripts.adrule.logic.scraper] - 데이터 파싱 중...
2025-09-19 23:16:45,021 - INFO - [scripts.adrule.logic.scraper] - 유형 2: 텍스트 기반 비정형 구조 감지
2025-09-19 23:16:45,032 - INFO - [scripts.adrule.logic.scraper] - 데이터 1건을 '/Users/woong/Roeum/roeum-crawler/data/raw/adrule/1492000/업종별 고용허가제 고용업무 대행기관_document.jsonl' 파일로 성공적으로 저장했습니다.
2025-09-19 23:16:45,033 - INFO - [scripts.adrule.logic.scraper] - 데이터 2건을 '/Users/woong/Roeum/roeum-crawler/data/raw/adrule/1492000/업종별 고용허가제 고용업무 대행기관_chunks.jsonl' 파일로 성공적으로 저장했습니다.
2025-09-19 23:16:45,110 - INFO - [__main__] - 상세 페이지 스크레이퍼 완료: 업종별 고용허가제 고용업무 대행기관
2025-09-19 23:16:47,448 - INFO - [__main__] - 상세 페이지 스크레이퍼 실행: https://www.law.go.kr/admRulInfoP.do?admRulSeq=2100000253014
2025-09-19 23:16:48,042 - INFO - [scripts.adrule.logic.scraper] - 페이지로 이동 중: https://www.law.go.kr/admRulInfoP.do?admRulSeq=2100000253014
2025-09-19 23:16:48,734 - INFO - [scripts.adrule.logic.scraper] - 로딩 마스크가 나타나기를 기다리는 중...
2025-09-19 23:16:48,783 - INFO - [scripts.adrule.logic.scraper] - 로딩 마스크가 사라지기를 기다리는 중...
2025-09-19 23:16:48,973 - INFO - [scripts.adrule.logic.scraper] - 페이지 최종 렌더링을 잠시 대기합니다...
2025-09-19 23:16:49,978 - INFO - [scripts.adrule.logic.scraper] - 페이지 HTML 컨텐츠를 가져오는 중...
2025-09-19 23:16:50,001 - INFO - [scripts.adrule.logic.scraper] - 데이터 파싱 중...
2025-09-19 23:16:50,084 - INFO - [scripts.adrule.logic.scraper] - 유형 1: 정형화된 법령 구조 감지
2025-09-19 23:16:50,134 - INFO - [scripts.adrule.logic.scraper] - 데이터 1건을 '/Users/woong/Roeum/roeum-crawler/data/raw/adrule/1492000/연계고용에 따른 부담금 감면기준_document.jsonl' 파일로 성공적으로 저장했습니다.
2025-09-19 23:16:50,134 - INFO - [scripts.adrule.logic.scraper] - 데이터 10건을 '/Users/woong/Roeum/roeum-crawler/data/raw/adrule/1492000/연계고용에 따른 부담금 감면기준_chunks.jsonl' 파일로 성공적으로 저장했습니다.
2025-09-19 23:16:50,161 - INFO - [__main__] - 상세 페이지 스크레이퍼 완료: 연계고용에 따른 부담금 감면기준
2025-09-19 23:16:51,917 - INFO - [__main__] - 상세 페이지 스크레이퍼 실행: https://www.law.go.kr/admRulInfoP.do?admRulSeq=2100000106753
2025-09-19 23:16:52,402 - INFO - [scripts.adrule.logic.scraper] - 페이지로 이동 중: https://www.law.go.kr/admRulInfoP.do?admRulSeq=2100000106753
2025-09-19 23:16:53,007 - INFO - [scripts.adrule.logic.scraper] - 로딩 마스크가 나타나기를 기다리는 중...
2025-09-19 23:16:53,030 - INFO - [scripts.adrule.logic.scraper] - 로딩 마스크가 사라지기를 기다리는 중...
2025-09-19 23:16:53,212 - INFO - [scripts.adrule.logic.scraper] - 페이지 최종 렌더링을 잠시 대기합니다...
2025-09-19 23:16:54,215 - INFO - [scripts.adrule.logic.scraper] - 페이지 HTML 컨텐츠를 가져오는 중...
2025-09-19 23:16:54,234 - INFO - [scripts.adrule.logic.scraper] - 데이터 파싱 중...
2025-09-19 23:16:54,326 - INFO - [scripts.adrule.logic.scraper] - 유형 1: 정형화된 법령 구조 감지
2025-09-19 23:16:54,350 - INFO - [scripts.adrule.logic.scraper] - 데이터 1건을 '/Users/woong/Roeum/roeum-crawler/data/raw/adrule/1492000/연예인 국외공급업무 처리지침_document.jsonl' 파일로 성공적으로 저장했습니다.
2025-09-19 23:16:54,352 - INFO - [scripts.adrule.logic.scraper] - 데이터 36건을 '/Users/woong/Roeum/roeum-crawler/data/raw/adrule/1492000/연예인 국외공급업무 처리지침_chunks.jsonl' 파일로 성공적으로 저장했습니다.
2025-09-19 23:16:54,384 - INFO - [__main__] - 상세 페이지 스크레이퍼 완료: 연예인 국외공급업무 처리지침
2025-09-19 23:16:55,996 - INFO - [__main__] - 상세 페이지 스크레이퍼 실행: https://www.law.go.kr/admRulInfoP.do?admRulSeq=2100000185801
2025-09-19 23:16:56,530 - INFO - [scripts.adrule.logic.scraper] - 페이지로 이동 중: https://www.law.go.kr/admRulInfoP.do?admRulSeq=2100000185801
2025-09-19 23:16:57,196 - INFO - [scripts.adrule.logic.scraper] - 로딩 마스크가 나타나기를 기다리는 중...
2025-09-19 23:16:57,220 - INFO - [scripts.adrule.logic.scraper] - 로딩 마스크가 사라지기를 기다리는 중...
2025-09-19 23:16:57,412 - INFO - [scripts.adrule.logic.scraper] - 페이지 최종 렌더링을 잠시 대기합니다...
2025-09-19 23:16:58,414 - INFO - [scripts.adrule.logic.scraper] - 페이지 HTML 컨텐츠를 가져오는 중...
2025-09-19 23:16:58,426 - INFO - [scripts.adrule.logic.scraper] - 데이터 파싱 중...
2025-09-19 23:16:58,477 - INFO - [scripts.adrule.logic.scraper] - 유형 1: 정형화된 법령 구조 감지
2025-09-19 23:16:58,519 - INFO - [scripts.adrule.logic.scraper] - 데이터 1건을 '/Users/woong/Roeum/roeum-crawler/data/raw/adrule/1492000/영상표시단말기(VDT) 취급근로자 작업관리지침_document.jsonl' 파일로 성공적으로 저장했습니다.
2025-09-19 23:16:58,520 - INFO - [scripts.adrule.logic.scraper] - 데이터 12건을 '/Users/woong/Roeum/roeum-crawler/data/raw/adrule/1492000/영상표시단말기(VDT) 취급근로자 작업관리지침_chunks.jsonl' 파일로 성공적으로 저장했습니다.
2025-09-19 23:16:58,542 - INFO - [__main__] - 상세 페이지 스크레이퍼 완료: 영상표시단말기(VDT) 취급근로자 작업관리지침
2025-09-19 23:17:00,393 - INFO - [__main__] - 상세 페이지 스크레이퍼 실행: https://www.law.go.kr/admRulInfoP.do?admRulSeq=2100000252110
2025-09-19 23:17:01,269 - INFO - [scripts.adrule.logic.scraper] - 페이지로 이동 중: https://www.law.go.kr/admRulInfoP.do?admRulSeq=2100000252110
2025-09-19 23:17:01,983 - INFO - [scripts.adrule.logic.scraper] - 로딩 마스크가 나타나기를 기다리는 중...
2025-09-19 23:17:02,024 - INFO - [scripts.adrule.logic.scraper] - 로딩 마스크가 사라지기를 기다리는 중...
2025-09-19 23:17:02,135 - INFO - [scripts.adrule.logic.scraper] - 페이지 최종 렌더링을 잠시 대기합니다...
2025-09-19 23:17:03,145 - INFO - [scripts.adrule.logic.scraper] - 페이지 HTML 컨텐츠를 가져오는 중...
2025-09-19 23:17:03,167 - INFO - [scripts.adrule.logic.scraper] - 데이터 파싱 중...
2025-09-19 23:17:03,300 - INFO - [scripts.adrule.logic.scraper] - 유형 2: 텍스트 기반 비정형 구조 감지
2025-09-19 23:17:03,308 - INFO - [scripts.adrule.logic.scraper] - 데이터 1건을 '/Users/woong/Roeum/roeum-crawler/data/raw/adrule/1492000/예술인 및 노무제공자에 대한 고용보험료의 상한액 고시_document.jsonl' 파일로 성공적으로 저장했습니다.
2025-09-19 23:17:03,309 - INFO - [scripts.adrule.logic.scraper] - 데이터 1건을 '/Users/woong/Roeum/roeum-crawler/data/raw/adrule/1492000/예술인 및 노무제공자에 대한 고용보험료의 상한액 고시_chunks.jsonl' 파일로 성공적으로 저장했습니다.
2025-09-19 23:17:03,351 - INFO - [__main__] - 상세 페이지 스크레이퍼 완료: 예술인 및 노무제공자에 대한 고용보험료의 상한액 고시
2025-09-19 23:17:05,237 - INFO - [__main__] - 상세 페이지 스크레이퍼 실행: https://www.law.go.kr/admRulInfoP.do?admRulSeq=2100000252104
2025-09-19 23:17:06,086 - INFO - [scripts.adrule.logic.scraper] - 페이지로 이동 중: https://www.law.go.kr/admRulInfoP.do?admRulSeq=2100000252104
2025-09-19 23:17:06,839 - INFO - [scripts.adrule.logic.scraper] - 로딩 마스크가 나타나기를 기다리는 중...
2025-09-19 23:17:07,848 - WARNING - [scripts.adrule.logic.scraper] - 로딩 마스크가 감지되지 않았습니다. 페이지 로드가 완료된 것으로 간주하고 계속 진행합니다.
2025-09-19 23:17:07,851 - INFO - [scripts.adrule.logic.scraper] - 페이지 최종 렌더링을 잠시 대기합니다...
2025-09-19 23:17:08,871 - INFO - [scripts.adrule.logic.scraper] - 페이지 HTML 컨텐츠를 가져오는 중...
2025-09-19 23:17:08,883 - INFO - [scripts.adrule.logic.scraper] - 데이터 파싱 중...
2025-09-19 23:17:08,928 - INFO - [scripts.adrule.logic.scraper] - 유형 2: 텍스트 기반 비정형 구조 감지
2025-09-19 23:17:08,932 - INFO - [scripts.adrule.logic.scraper] - 데이터 1건을 '/Users/woong/Roeum/roeum-crawler/data/raw/adrule/1492000/예술인의 기준보수 및 보수액에서 제외하는 필요경비 고시_document.jsonl' 파일로 성공적으로 저장했습니다.
2025-09-19 23:17:08,932 - INFO - [scripts.adrule.logic.scraper] - 데이터 1건을 '/Users/woong/Roeum/roeum-crawler/data/raw/adrule/1492000/예술인의 기준보수 및 보수액에서 제외하는 필요경비 고시_chunks.jsonl' 파일로 성공적으로 저장했습니다.
2025-09-19 23:17:08,965 - INFO - [__main__] - 상세 페이지 스크레이퍼 완료: 예술인의 기준보수 및 보수액에서 제외하는 필요경비 고시
2025-09-19 23:17:10,662 - INFO - [__main__] - 상세 페이지 스크레이퍼 실행: https://www.law.go.kr/admRulInfoP.do?admRulSeq=2100000251220
2025-09-19 23:17:11,048 - INFO - [scripts.adrule.logic.scraper] - 페이지로 이동 중: https://www.law.go.kr/admRulInfoP.do?admRulSeq=2100000251220
2025-09-19 23:17:11,694 - INFO - [scripts.adrule.logic.scraper] - 로딩 마스크가 나타나기를 기다리는 중...
2025-09-19 23:17:11,712 - INFO - [scripts.adrule.logic.scraper] - 로딩 마스크가 사라지기를 기다리는 중...
2025-09-19 23:17:11,793 - INFO - [scripts.adrule.logic.scraper] - 페이지 최종 렌더링을 잠시 대기합니다...
2025-09-19 23:17:12,795 - INFO - [scripts.adrule.logic.scraper] - 페이지 HTML 컨텐츠를 가져오는 중...
2025-09-19 23:17:12,802 - INFO - [scripts.adrule.logic.scraper] - 데이터 파싱 중...
2025-09-19 23:17:12,844 - INFO - [scripts.adrule.logic.scraper] - 유형 2: 텍스트 기반 비정형 구조 감지
2025-09-19 23:17:12,848 - INFO - [scripts.adrule.logic.scraper] - 데이터 1건을 '/Users/woong/Roeum/roeum-crawler/data/raw/adrule/1492000/예술인의 실업인정대상기간 중 발생한 1일 평균소득에서 제외하는 금액 고시_document.jsonl' 파일로 성공적으로 저장했습니다.
2025-09-19 23:17:12,848 - INFO - [scripts.adrule.logic.scraper] - 데이터 1건을 '/Users/woong/Roeum/roeum-crawler/data/raw/adrule/1492000/예술인의 실업인정대상기간 중 발생한 1일 평균소득에서 제외하는 금액 고시_chunks.jsonl' 파일로 성공적으로 저장했습니다.
2025-09-19 23:17:12,876 - INFO - [__main__] - 상세 페이지 스크레이퍼 완료: 예술인의 실업인정대상기간 중 발생한 1일 평균소득에서 제외하는 금액 고시
2025-09-19 23:17:14,541 - INFO - [__main__] - 상세 페이지 스크레이퍼 실행: https://www.law.go.kr/admRulInfoP.do?admRulSeq=2100000252722
2025-09-19 23:17:15,290 - INFO - [scripts.adrule.logic.scraper] - 페이지로 이동 중: https://www.law.go.kr/admRulInfoP.do?admRulSeq=2100000252722
2025-09-19 23:17:15,992 - INFO - [scripts.adrule.logic.scraper] - 로딩 마스크가 나타나기를 기다리는 중...
2025-09-19 23:17:16,070 - INFO - [scripts.adrule.logic.scraper] - 로딩 마스크가 사라지기를 기다리는 중...
2025-09-19 23:17:16,098 - INFO - [scripts.adrule.logic.scraper] - 페이지 최종 렌더링을 잠시 대기합니다...
2025-09-19 23:17:17,109 - INFO - [scripts.adrule.logic.scraper] - 페이지 HTML 컨텐츠를 가져오는 중...
2025-09-19 23:17:17,150 - INFO - [scripts.adrule.logic.scraper] - 데이터 파싱 중...
2025-09-19 23:17:17,225 - INFO - [scripts.adrule.logic.scraper] - 유형 2: 텍스트 기반 비정형 구조 감지
2025-09-19 23:17:17,231 - INFO - [scripts.adrule.logic.scraper] - 데이터 1건을 '/Users/woong/Roeum/roeum-crawler/data/raw/adrule/1492000/예술인의 출산전후급여등의 지급기간 중 소득허용금액에 관한 고시_document.jsonl' 파일로 성공적으로 저장했습니다.
2025-09-19 23:17:17,232 - INFO - [scripts.adrule.logic.scraper] - 데이터 2건을 '/Users/woong/Roeum/roeum-crawler/data/raw/adrule/1492000/예술인의 출산전후급여등의 지급기간 중 소득허용금액에 관한 고시_chunks.jsonl' 파일로 성공적으로 저장했습니다.
2025-09-19 23:17:17,288 - INFO - [__main__] - 상세 페이지 스크레이퍼 완료: 예술인의 출산전후급여등의 지급기간 중 소득허용금액에 관한 고시
2025-09-19 23:17:19,529 - INFO - [__main__] - 상세 페이지 스크레이퍼 실행: https://www.law.go.kr/admRulInfoP.do?admRulSeq=2100000254972
2025-09-19 23:17:19,954 - INFO - [scripts.adrule.logic.scraper] - 페이지로 이동 중: https://www.law.go.kr/admRulInfoP.do?admRulSeq=2100000254972
2025-09-19 23:17:20,606 - INFO - [scripts.adrule.logic.scraper] - 로딩 마스크가 나타나기를 기다리는 중...
2025-09-19 23:17:20,647 - INFO - [scripts.adrule.logic.scraper] - 로딩 마스크가 사라지기를 기다리는 중...
2025-09-19 23:17:20,796 - INFO - [scripts.adrule.logic.scraper] - 페이지 최종 렌더링을 잠시 대기합니다...
2025-09-19 23:17:21,800 - INFO - [scripts.adrule.logic.scraper] - 페이지 HTML 컨텐츠를 가져오는 중...
2025-09-19 23:17:21,806 - INFO - [scripts.adrule.logic.scraper] - 데이터 파싱 중...
2025-09-19 23:17:21,835 - INFO - [scripts.adrule.logic.scraper] - 유형 2: 텍스트 기반 비정형 구조 감지
2025-09-19 23:17:21,839 - INFO - [scripts.adrule.logic.scraper] - 데이터 1건을 '/Users/woong/Roeum/roeum-crawler/data/raw/adrule/1492000/예술인 출산전후급여등 상한액 및 하한액 고시_document.jsonl' 파일로 성공적으로 저장했습니다.
2025-09-19 23:17:21,839 - INFO - [scripts.adrule.logic.scraper] - 데이터 2건을 '/Users/woong/Roeum/roeum-crawler/data/raw/adrule/1492000/예술인 출산전후급여등 상한액 및 하한액 고시_chunks.jsonl' 파일로 성공적으로 저장했습니다.
2025-09-19 23:17:21,863 - INFO - [__main__] - 상세 페이지 스크레이퍼 완료: 예술인 출산전후급여등 상한액 및 하한액 고시
2025-09-19 23:17:23,772 - INFO - [__main__] - 상세 페이지 스크레이퍼 실행: https://www.law.go.kr/admRulInfoP.do?admRulSeq=2100000186054
2025-09-19 23:17:24,259 - INFO - [scripts.adrule.logic.scraper] - 페이지로 이동 중: https://www.law.go.kr/admRulInfoP.do?admRulSeq=2100000186054
2025-09-19 23:17:24,916 - INFO - [scripts.adrule.logic.scraper] - 로딩 마스크가 나타나기를 기다리는 중...
2025-09-19 23:17:24,963 - INFO - [scripts.adrule.logic.scraper] - 로딩 마스크가 사라지기를 기다리는 중...
2025-09-19 23:17:24,979 - INFO - [scripts.adrule.logic.scraper] - 페이지 최종 렌더링을 잠시 대기합니다...
2025-09-19 23:17:25,984 - INFO - [scripts.adrule.logic.scraper] - 페이지 HTML 컨텐츠를 가져오는 중...
2025-09-19 23:17:25,997 - INFO - [scripts.adrule.logic.scraper] - 데이터 파싱 중...
2025-09-19 23:17:26,052 - INFO - [scripts.adrule.logic.scraper] - 유형 1: 정형화된 법령 구조 감지
2025-09-19 23:17:26,060 - INFO - [scripts.adrule.logic.scraper] - 데이터 1건을 '/Users/woong/Roeum/roeum-crawler/data/raw/adrule/1492000/외국어로 작성하는 안전보건표지에 관한 규정_document.jsonl' 파일로 성공적으로 저장했습니다.
2025-09-19 23:17:26,061 - INFO - [scripts.adrule.logic.scraper] - 데이터 4건을 '/Users/woong/Roeum/roeum-crawler/data/raw/adrule/1492000/외국어로 작성하는 안전보건표지에 관한 규정_chunks.jsonl' 파일로 성공적으로 저장했습니다.
2025-09-19 23:17:26,097 - INFO - [__main__] - 상세 페이지 스크레이퍼 완료: 외국어로 작성하는 안전보건표지에 관한 규정
2025-09-19 23:17:28,120 - INFO - [__main__] - 상세 페이지 스크레이퍼 실행: https://www.law.go.kr/admRulInfoP.do?admRulSeq=2000000022678
2025-09-19 23:17:29,396 - INFO - [scripts.adrule.logic.scraper] - 페이지로 이동 중: https://www.law.go.kr/admRulInfoP.do?admRulSeq=2000000022678
2025-09-19 23:17:30,113 - INFO - [scripts.adrule.logic.scraper] - 로딩 마스크가 나타나기를 기다리는 중...
2025-09-19 23:17:31,271 - WARNING - [scripts.adrule.logic.scraper] - 로딩 마스크가 감지되지 않았습니다. 페이지 로드가 완료된 것으로 간주하고 계속 진행합니다.
2025-09-19 23:17:31,273 - INFO - [scripts.adrule.logic.scraper] - 페이지 최종 렌더링을 잠시 대기합니다...
2025-09-19 23:17:32,355 - INFO - [scripts.adrule.logic.scraper] - 페이지 HTML 컨텐츠를 가져오는 중...
2025-09-19 23:17:32,391 - INFO - [scripts.adrule.logic.scraper] - 데이터 파싱 중...
2025-09-19 23:17:32,486 - INFO - [scripts.adrule.logic.scraper] - 유형 2: 텍스트 기반 비정형 구조 감지
2025-09-19 23:17:32,497 - INFO - [scripts.adrule.logic.scraper] - 데이터 1건을 '/Users/woong/Roeum/roeum-crawler/data/raw/adrule/1492000/외국인근로자 관련 사업 비용지원 단체 등의 시설 장비 기준에 관한 고시_document.jsonl' 파일로 성공적으로 저장했습니다.
2025-09-19 23:17:32,497 - INFO - [scripts.adrule.logic.scraper] - 데이터 1건을 '/Users/woong/Roeum/roeum-crawler/data/raw/adrule/1492000/외국인근로자 관련 사업 비용지원 단체 등의 시설 장비 기준에 관한 고시_chunks.jsonl' 파일로 성공적으로 저장했습니다.
2025-09-19 23:17:32,566 - INFO - [__main__] - 상세 페이지 스크레이퍼 완료: 외국인근로자 관련 사업 비용지원 단체 등의 시설 장비 기준에 관한 고시
2025-09-19 23:17:35,446 - INFO - [__main__] - 상세 페이지 스크레이퍼 실행: https://www.law.go.kr/admRulInfoP.do?admRulSeq=2100000242146
2025-09-19 23:17:36,064 - INFO - [scripts.adrule.logic.scraper] - 페이지로 이동 중: https://www.law.go.kr/admRulInfoP.do?admRulSeq=2100000242146
2025-09-19 23:17:36,791 - INFO - [scripts.adrule.logic.scraper] - 로딩 마스크가 나타나기를 기다리는 중...
2025-09-19 23:17:36,830 - INFO - [scripts.adrule.logic.scraper] - 로딩 마스크가 사라지기를 기다리는 중...
2025-09-19 23:17:37,022 - INFO - [scripts.adrule.logic.scraper] - 페이지 최종 렌더링을 잠시 대기합니다...
2025-09-19 23:17:38,024 - INFO - [scripts.adrule.logic.scraper] - 페이지 HTML 컨텐츠를 가져오는 중...
2025-09-19 23:17:38,041 - INFO - [scripts.adrule.logic.scraper] - 데이터 파싱 중...
2025-09-19 23:17:38,091 - INFO - [scripts.adrule.logic.scraper] - 유형 1: 정형화된 법령 구조 감지
2025-09-19 23:17:38,141 - INFO - [scripts.adrule.logic.scraper] - 데이터 1건을 '/Users/woong/Roeum/roeum-crawler/data/raw/adrule/1492000/외국인근로자 권익보호협의회 운영규정_document.jsonl' 파일로 성공적으로 저장했습니다.
2025-09-19 23:17:38,141 - INFO - [scripts.adrule.logic.scraper] - 데이터 14건을 '/Users/woong/Roeum/roeum-crawler/data/raw/adrule/1492000/외국인근로자 권익보호협의회 운영규정_chunks.jsonl' 파일로 성공적으로 저장했습니다.
2025-09-19 23:17:38,178 - INFO - [__main__] - 상세 페이지 스크레이퍼 완료: 외국인근로자 권익보호협의회 운영규정
2025-09-19 23:17:39,952 - INFO - [__main__] - 상세 페이지 스크레이퍼 실행: https://www.law.go.kr/admRulInfoP.do?admRulSeq=2100000206852
2025-09-19 23:17:40,389 - INFO - [scripts.adrule.logic.scraper] - 페이지로 이동 중: https://www.law.go.kr/admRulInfoP.do?admRulSeq=2100000206852
2025-09-19 23:17:41,004 - INFO - [scripts.adrule.logic.scraper] - 로딩 마스크가 나타나기를 기다리는 중...
2025-09-19 23:17:41,027 - INFO - [scripts.adrule.logic.scraper] - 로딩 마스크가 사라지기를 기다리는 중...
2025-09-19 23:17:41,110 - INFO - [scripts.adrule.logic.scraper] - 페이지 최종 렌더링을 잠시 대기합니다...
2025-09-19 23:17:42,114 - INFO - [scripts.adrule.logic.scraper] - 페이지 HTML 컨텐츠를 가져오는 중...
2025-09-19 23:17:42,121 - INFO - [scripts.adrule.logic.scraper] - 데이터 파싱 중...
2025-09-19 23:17:42,151 - INFO - [scripts.adrule.logic.scraper] - 유형 2: 텍스트 기반 비정형 구조 감지
2025-09-19 23:17:42,156 - INFO - [scripts.adrule.logic.scraper] - 데이터 1건을 '/Users/woong/Roeum/roeum-crawler/data/raw/adrule/1492000/외국인근로자 기숙사 정보 제공에 관한 규정_document.jsonl' 파일로 성공적으로 저장했습니다.
2025-09-19 23:17:42,156 - INFO - [scripts.adrule.logic.scraper] - 데이터 2건을 '/Users/woong/Roeum/roeum-crawler/data/raw/adrule/1492000/외국인근로자 기숙사 정보 제공에 관한 규정_chunks.jsonl' 파일로 성공적으로 저장했습니다.
2025-09-19 23:17:42,194 - INFO - [__main__] - 상세 페이지 스크레이퍼 완료: 외국인근로자 기숙사 정보 제공에 관한 규정
2025-09-19 23:17:43,806 - INFO - [__main__] - 상세 페이지 스크레이퍼 실행: https://www.law.go.kr/admRulInfoP.do?admRulSeq=2200000022886
2025-09-19 23:17:44,189 - INFO - [scripts.adrule.logic.scraper] - 페이지로 이동 중: https://www.law.go.kr/admRulInfoP.do?admRulSeq=2200000022886
2025-09-19 23:17:44,763 - INFO - [scripts.adrule.logic.scraper] - 로딩 마스크가 나타나기를 기다리는 중...
2025-09-19 23:17:44,782 - INFO - [scripts.adrule.logic.scraper] - 로딩 마스크가 사라지기를 기다리는 중...
2025-09-19 23:17:44,862 - INFO - [scripts.adrule.logic.scraper] - 페이지 최종 렌더링을 잠시 대기합니다...
2025-09-19 23:17:45,871 - INFO - [scripts.adrule.logic.scraper] - 페이지 HTML 컨텐츠를 가져오는 중...
2025-09-19 23:17:45,885 - INFO - [scripts.adrule.logic.scraper] - 데이터 파싱 중...
2025-09-19 23:17:45,948 - INFO - [scripts.adrule.logic.scraper] - 유형 2: 텍스트 기반 비정형 구조 감지
2025-09-19 23:17:45,959 - INFO - [scripts.adrule.logic.scraper] - 데이터 1건을 '/Users/woong/Roeum/roeum-crawler/data/raw/adrule/1492000/외국인근로자상해보험의 보험금액고시_document.jsonl' 파일로 성공적으로 저장했습니다.
2025-09-19 23:17:45,970 - INFO - [scripts.adrule.logic.scraper] - 데이터 1건을 '/Users/woong/Roeum/roeum-crawler/data/raw/adrule/1492000/외국인근로자상해보험의 보험금액고시_chunks.jsonl' 파일로 성공적으로 저장했습니다.
2025-09-19 23:17:46,017 - INFO - [__main__] - 상세 페이지 스크레이퍼 완료: 외국인근로자상해보험의 보험금액고시
2025-09-19 23:17:48,026 - INFO - [__main__] - 상세 페이지 스크레이퍼 실행: https://www.law.go.kr/admRulInfoP.do?admRulSeq=2100000229788
2025-09-19 23:17:48,653 - INFO - [scripts.adrule.logic.scraper] - 페이지로 이동 중: https://www.law.go.kr/admRulInfoP.do?admRulSeq=2100000229788
2025-09-19 23:17:49,340 - INFO - [scripts.adrule.logic.scraper] - 로딩 마스크가 나타나기를 기다리는 중...
2025-09-19 23:17:49,372 - INFO - [scripts.adrule.logic.scraper] - 로딩 마스크가 사라지기를 기다리는 중...
2025-09-19 23:17:49,413 - INFO - [scripts.adrule.logic.scraper] - 페이지 최종 렌더링을 잠시 대기합니다...
2025-09-19 23:17:50,415 - INFO - [scripts.adrule.logic.scraper] - 페이지 HTML 컨텐츠를 가져오는 중...
2025-09-19 23:17:50,429 - INFO - [scripts.adrule.logic.scraper] - 데이터 파싱 중...
2025-09-19 23:17:50,466 - INFO - [scripts.adrule.logic.scraper] - 유형 1: 정형화된 법령 구조 감지
2025-09-19 23:17:50,473 - INFO - [scripts.adrule.logic.scraper] - 데이터 1건을 '/Users/woong/Roeum/roeum-crawler/data/raw/adrule/1492000/외국인근로자의 고용 등에 관한 법률에 따른 과태료의 가중처분에 관한 세부지침_document.jsonl' 파일로 성공적으로 저장했습니다.
2025-09-19 23:17:50,474 - INFO - [scripts.adrule.logic.scraper] - 데이터 3건을 '/Users/woong/Roeum/roeum-crawler/data/raw/adrule/1492000/외국인근로자의 고용 등에 관한 법률에 따른 과태료의 가중처분에 관한 세부지침_chunks.jsonl' 파일로 성공적으로 저장했습니다.
2025-09-19 23:17:50,506 - INFO - [__main__] - 상세 페이지 스크레이퍼 완료: 외국인근로자의 고용 등에 관한 법률에 따른 과태료의 가중처분에 관한 세부지침
2025-09-19 23:17:52,264 - INFO - [__main__] - 상세 페이지 스크레이퍼 실행: https://www.law.go.kr/admRulInfoP.do?admRulSeq=2100000199671
2025-09-19 23:17:52,700 - INFO - [scripts.adrule.logic.scraper] - 페이지로 이동 중: https://www.law.go.kr/admRulInfoP.do?admRulSeq=2100000199671
2025-09-19 23:17:53,368 - INFO - [scripts.adrule.logic.scraper] - 로딩 마스크가 나타나기를 기다리는 중...
2025-09-19 23:17:53,431 - INFO - [scripts.adrule.logic.scraper] - 로딩 마스크가 사라지기를 기다리는 중...
2025-09-19 23:17:53,622 - INFO - [scripts.adrule.logic.scraper] - 페이지 최종 렌더링을 잠시 대기합니다...
2025-09-19 23:17:54,625 - INFO - [scripts.adrule.logic.scraper] - 페이지 HTML 컨텐츠를 가져오는 중...
2025-09-19 23:17:54,642 - INFO - [scripts.adrule.logic.scraper] - 데이터 파싱 중...
2025-09-19 23:17:54,729 - INFO - [scripts.adrule.logic.scraper] - 유형 1: 정형화된 법령 구조 감지
2025-09-19 23:17:54,744 - INFO - [scripts.adrule.logic.scraper] - 데이터 1건을 '/Users/woong/Roeum/roeum-crawler/data/raw/adrule/1492000/외국인근로자의 책임이 아닌 사업장변경 사유_document.jsonl' 파일로 성공적으로 저장했습니다.
2025-09-19 23:17:54,744 - INFO - [scripts.adrule.logic.scraper] - 데이터 8건을 '/Users/woong/Roeum/roeum-crawler/data/raw/adrule/1492000/외국인근로자의 책임이 아닌 사업장변경 사유_chunks.jsonl' 파일로 성공적으로 저장했습니다.
2025-09-19 23:17:54,775 - INFO - [__main__] - 상세 페이지 스크레이퍼 완료: 외국인근로자의 책임이 아닌 사업장변경 사유
2025-09-19 23:17:56,449 - INFO - [__main__] - 상세 페이지 스크레이퍼 실행: https://www.law.go.kr/admRulInfoP.do?admRulSeq=2100000197515
2025-09-19 23:17:56,964 - INFO - [scripts.adrule.logic.scraper] - 페이지로 이동 중: https://www.law.go.kr/admRulInfoP.do?admRulSeq=2100000197515
2025-09-19 23:17:57,616 - INFO - [scripts.adrule.logic.scraper] - 로딩 마스크가 나타나기를 기다리는 중...
2025-09-19 23:17:57,635 - INFO - [scripts.adrule.logic.scraper] - 로딩 마스크가 사라지기를 기다리는 중...
2025-09-19 23:17:57,819 - INFO - [scripts.adrule.logic.scraper] - 페이지 최종 렌더링을 잠시 대기합니다...
2025-09-19 23:17:58,826 - INFO - [scripts.adrule.logic.scraper] - 페이지 HTML 컨텐츠를 가져오는 중...
2025-09-19 23:17:58,834 - INFO - [scripts.adrule.logic.scraper] - 데이터 파싱 중...
2025-09-19 23:17:58,871 - INFO - [scripts.adrule.logic.scraper] - 유형 2: 텍스트 기반 비정형 구조 감지
2025-09-19 23:17:58,875 - INFO - [scripts.adrule.logic.scraper] - 데이터 1건을 '/Users/woong/Roeum/roeum-crawler/data/raw/adrule/1492000/외국인근로자 임금지급 보증보험의 보증금액 고시_document.jsonl' 파일로 성공적으로 저장했습니다.
2025-09-19 23:17:58,876 - INFO - [scripts.adrule.logic.scraper] - 데이터 1건을 '/Users/woong/Roeum/roeum-crawler/data/raw/adrule/1492000/외국인근로자 임금지급 보증보험의 보증금액 고시_chunks.jsonl' 파일로 성공적으로 저장했습니다.
2025-09-19 23:17:58,903 - INFO - [__main__] - 상세 페이지 스크레이퍼 완료: 외국인근로자 임금지급 보증보험의 보증금액 고시
2025-09-19 23:18:00,678 - INFO - [__main__] - 상세 페이지 스크레이퍼 실행: https://www.law.go.kr/admRulInfoP.do?admRulSeq=2000000016711
2025-09-19 23:18:01,550 - INFO - [scripts.adrule.logic.scraper] - 페이지로 이동 중: https://www.law.go.kr/admRulInfoP.do?admRulSeq=2000000016711
2025-09-19 23:18:02,381 - INFO - [scripts.adrule.logic.scraper] - 로딩 마스크가 나타나기를 기다리는 중...
2025-09-19 23:18:02,498 - INFO - [scripts.adrule.logic.scraper] - 로딩 마스크가 사라지기를 기다리는 중...
2025-09-19 23:18:02,509 - INFO - [scripts.adrule.logic.scraper] - 페이지 최종 렌더링을 잠시 대기합니다...
2025-09-19 23:18:03,513 - INFO - [scripts.adrule.logic.scraper] - 페이지 HTML 컨텐츠를 가져오는 중...
2025-09-19 23:18:03,524 - INFO - [scripts.adrule.logic.scraper] - 데이터 파싱 중...
2025-09-19 23:18:03,569 - INFO - [scripts.adrule.logic.scraper] - 유형 2: 텍스트 기반 비정형 구조 감지
2025-09-19 23:18:03,574 - INFO - [scripts.adrule.logic.scraper] - 데이터 1건을 '/Users/woong/Roeum/roeum-crawler/data/raw/adrule/1492000/외국인근로자 출국만기보험 또는 신탁의 월적립금액 고시_document.jsonl' 파일로 성공적으로 저장했습니다.
2025-09-19 23:18:03,575 - INFO - [scripts.adrule.logic.scraper] - 데이터 1건을 '/Users/woong/Roeum/roeum-crawler/data/raw/adrule/1492000/외국인근로자 출국만기보험 또는 신탁의 월적립금액 고시_chunks.jsonl' 파일로 성공적으로 저장했습니다.
2025-09-19 23:18:03,613 - INFO - [__main__] - 상세 페이지 스크레이퍼 완료: 외국인근로자 출국만기보험 또는 신탁의 월적립금액 고시
2025-09-19 23:18:07,396 - INFO - [__main__] - 상세 페이지 스크레이퍼 실행: https://www.law.go.kr/admRulInfoP.do?admRulSeq=2100000245254
2025-09-19 23:18:08,613 - INFO - [scripts.adrule.logic.scraper] - 페이지로 이동 중: https://www.law.go.kr/admRulInfoP.do?admRulSeq=2100000245254
2025-09-19 23:18:09,671 - INFO - [scripts.adrule.logic.scraper] - 로딩 마스크가 나타나기를 기다리는 중...
2025-09-19 23:18:09,789 - INFO - [scripts.adrule.logic.scraper] - 로딩 마스크가 사라지기를 기다리는 중...
2025-09-19 23:18:10,689 - INFO - [scripts.adrule.logic.scraper] - 페이지 최종 렌더링을 잠시 대기합니다...
2025-09-19 23:18:11,721 - INFO - [scripts.adrule.logic.scraper] - 페이지 HTML 컨텐츠를 가져오는 중...
2025-09-19 23:18:11,761 - INFO - [scripts.adrule.logic.scraper] - 데이터 파싱 중...
2025-09-19 23:18:12,069 - INFO - [scripts.adrule.logic.scraper] - 유형 1: 정형화된 법령 구조 감지
2025-09-19 23:18:12,162 - INFO - [scripts.adrule.logic.scraper] - 데이터 1건을 '/Users/woong/Roeum/roeum-crawler/data/raw/adrule/1492000/외국인 취업교육기관 지정 및 운영에 관한 규정_document.jsonl' 파일로 성공적으로 저장했습니다.
2025-09-19 23:18:12,165 - INFO - [scripts.adrule.logic.scraper] - 데이터 20건을 '/Users/woong/Roeum/roeum-crawler/data/raw/adrule/1492000/외국인 취업교육기관 지정 및 운영에 관한 규정_chunks.jsonl' 파일로 성공적으로 저장했습니다.
2025-09-19 23:18:12,244 - INFO - [__main__] - 상세 페이지 스크레이퍼 완료: 외국인 취업교육기관 지정 및 운영에 관한 규정
2025-09-19 23:18:15,203 - INFO - [__main__] - 상세 페이지 스크레이퍼 실행: https://www.law.go.kr/admRulInfoP.do?admRulSeq=2100000186124
2025-09-19 23:18:16,001 - INFO - [scripts.adrule.logic.scraper] - 페이지로 이동 중: https://www.law.go.kr/admRulInfoP.do?admRulSeq=2100000186124
2025-09-19 23:18:16,674 - INFO - [scripts.adrule.logic.scraper] - 로딩 마스크가 나타나기를 기다리는 중...
2025-09-19 23:18:16,787 - INFO - [scripts.adrule.logic.scraper] - 로딩 마스크가 사라지기를 기다리는 중...
2025-09-19 23:18:16,920 - INFO - [scripts.adrule.logic.scraper] - 페이지 최종 렌더링을 잠시 대기합니다...
2025-09-19 23:18:17,934 - INFO - [scripts.adrule.logic.scraper] - 페이지 HTML 컨텐츠를 가져오는 중...
2025-09-19 23:18:17,994 - INFO - [scripts.adrule.logic.scraper] - 데이터 파싱 중...
2025-09-19 23:18:18,482 - INFO - [scripts.adrule.logic.scraper] - 유형 1: 정형화된 법령 구조 감지
2025-09-19 23:18:18,607 - INFO - [scripts.adrule.logic.scraper] - 데이터 1건을 '/Users/woong/Roeum/roeum-crawler/data/raw/adrule/1492000/운반하역 표준안전 작업지침_document.jsonl' 파일로 성공적으로 저장했습니다.
2025-09-19 23:18:18,609 - INFO - [scripts.adrule.logic.scraper] - 데이터 77건을 '/Users/woong/Roeum/roeum-crawler/data/raw/adrule/1492000/운반하역 표준안전 작업지침_chunks.jsonl' 파일로 성공적으로 저장했습니다.
2025-09-19 23:18:18,665 - INFO - [__main__] - 상세 페이지 스크레이퍼 완료: 운반하역 표준안전 작업지침
2025-09-19 23:18:21,034 - INFO - [__main__] - 상세 페이지 스크레이퍼 실행: https://www.law.go.kr/admRulInfoP.do?admRulSeq=2100000186080
2025-09-19 23:18:21,978 - INFO - [scripts.adrule.logic.scraper] - 페이지로 이동 중: https://www.law.go.kr/admRulInfoP.do?admRulSeq=2100000186080
2025-09-19 23:18:22,708 - INFO - [scripts.adrule.logic.scraper] - 로딩 마스크가 나타나기를 기다리는 중...
2025-09-19 23:18:23,734 - WARNING - [scripts.adrule.logic.scraper] - 로딩 마스크가 감지되지 않았습니다. 페이지 로드가 완료된 것으로 간주하고 계속 진행합니다.
2025-09-19 23:18:23,739 - INFO - [scripts.adrule.logic.scraper] - 페이지 최종 렌더링을 잠시 대기합니다...
2025-09-19 23:18:24,753 - INFO - [scripts.adrule.logic.scraper] - 페이지 HTML 컨텐츠를 가져오는 중...
2025-09-19 23:18:24,763 - INFO - [scripts.adrule.logic.scraper] - 데이터 파싱 중...
2025-09-19 23:18:24,841 - INFO - [scripts.adrule.logic.scraper] - 유형 1: 정형화된 법령 구조 감지
2025-09-19 23:18:24,923 - INFO - [scripts.adrule.logic.scraper] - 데이터 1건을 '/Users/woong/Roeum/roeum-crawler/data/raw/adrule/1492000/위험기계·기구 방호조치 기준_document.jsonl' 파일로 성공적으로 저장했습니다.
2025-09-19 23:18:24,923 - INFO - [scripts.adrule.logic.scraper] - 데이터 23건을 '/Users/woong/Roeum/roeum-crawler/data/raw/adrule/1492000/위험기계·기구 방호조치 기준_chunks.jsonl' 파일로 성공적으로 저장했습니다.
2025-09-19 23:18:24,975 - INFO - [__main__] - 상세 페이지 스크레이퍼 완료: 위험기계·기구 방호조치 기준
2025-09-19 23:18:26,959 - INFO - [__main__] - 상세 페이지 스크레이퍼 실행: https://www.law.go.kr/admRulInfoP.do?admRulSeq=2100000228814
2025-09-19 23:18:27,458 - INFO - [scripts.adrule.logic.scraper] - 페이지로 이동 중: https://www.law.go.kr/admRulInfoP.do?admRulSeq=2100000228814
2025-09-19 23:18:28,157 - INFO - [scripts.adrule.logic.scraper] - 로딩 마스크가 나타나기를 기다리는 중...
2025-09-19 23:18:28,202 - INFO - [scripts.adrule.logic.scraper] - 로딩 마스크가 사라지기를 기다리는 중...
2025-09-19 23:18:28,401 - INFO - [scripts.adrule.logic.scraper] - 페이지 최종 렌더링을 잠시 대기합니다...
2025-09-19 23:18:29,415 - INFO - [scripts.adrule.logic.scraper] - 페이지 HTML 컨텐츠를 가져오는 중...
2025-09-19 23:18:29,434 - INFO - [scripts.adrule.logic.scraper] - 데이터 파싱 중...
2025-09-19 23:18:29,542 - INFO - [scripts.adrule.logic.scraper] - 유형 1: 정형화된 법령 구조 감지
2025-09-19 23:18:29,574 - INFO - [scripts.adrule.logic.scraper] - 데이터 1건을 '/Users/woong/Roeum/roeum-crawler/data/raw/adrule/1492000/위험기계·기구 안전인증 고시_document.jsonl' 파일로 성공적으로 저장했습니다.
2025-09-19 23:18:29,575 - INFO - [scripts.adrule.logic.scraper] - 데이터 23건을 '/Users/woong/Roeum/roeum-crawler/data/raw/adrule/1492000/위험기계·기구 안전인증 고시_chunks.jsonl' 파일로 성공적으로 저장했습니다.
2025-09-19 23:18:29,612 - INFO - [__main__] - 상세 페이지 스크레이퍼 완료: 위험기계·기구 안전인증 고시
2025-09-19 23:18:31,792 - INFO - [__main__] - 상세 페이지 스크레이퍼 실행: https://www.law.go.kr/admRulInfoP.do?admRulSeq=2100000186079
2025-09-19 23:18:32,287 - INFO - [scripts.adrule.logic.scraper] - 페이지로 이동 중: https://www.law.go.kr/admRulInfoP.do?admRulSeq=2100000186079
2025-09-19 23:18:32,957 - INFO - [scripts.adrule.logic.scraper] - 로딩 마스크가 나타나기를 기다리는 중...
2025-09-19 23:18:32,983 - INFO - [scripts.adrule.logic.scraper] - 로딩 마스크가 사라지기를 기다리는 중...
2025-09-19 23:18:33,172 - INFO - [scripts.adrule.logic.scraper] - 페이지 최종 렌더링을 잠시 대기합니다...
2025-09-19 23:18:34,176 - INFO - [scripts.adrule.logic.scraper] - 페이지 HTML 컨텐츠를 가져오는 중...
2025-09-19 23:18:34,193 - INFO - [scripts.adrule.logic.scraper] - 데이터 파싱 중...
2025-09-19 23:18:34,315 - INFO - [scripts.adrule.logic.scraper] - 유형 1: 정형화된 법령 구조 감지
2025-09-19 23:18:34,347 - INFO - [scripts.adrule.logic.scraper] - 데이터 1건을 '/Users/woong/Roeum/roeum-crawler/data/raw/adrule/1492000/위험기계·기구 자율안전확인 고시_document.jsonl' 파일로 성공적으로 저장했습니다.
2025-09-19 23:18:34,348 - INFO - [scripts.adrule.logic.scraper] - 데이터 26건을 '/Users/woong/Roeum/roeum-crawler/data/raw/adrule/1492000/위험기계·기구 자율안전확인 고시_chunks.jsonl' 파일로 성공적으로 저장했습니다.
2025-09-19 23:18:34,398 - INFO - [__main__] - 상세 페이지 스크레이퍼 완료: 위험기계·기구 자율안전확인 고시
2025-09-19 23:18:36,306 - INFO - [__main__] - 상세 페이지 스크레이퍼 실행: https://www.law.go.kr/admRulInfoP.do?admRulSeq=2100000186090
2025-09-19 23:18:36,964 - INFO - [scripts.adrule.logic.scraper] - 페이지로 이동 중: https://www.law.go.kr/admRulInfoP.do?admRulSeq=2100000186090
2025-09-19 23:18:37,676 - INFO - [scripts.adrule.logic.scraper] - 로딩 마스크가 나타나기를 기다리는 중...
2025-09-19 23:18:37,711 - INFO - [scripts.adrule.logic.scraper] - 로딩 마스크가 사라지기를 기다리는 중...
2025-09-19 23:18:37,799 - INFO - [scripts.adrule.logic.scraper] - 페이지 최종 렌더링을 잠시 대기합니다...
2025-09-19 23:18:38,805 - INFO - [scripts.adrule.logic.scraper] - 페이지 HTML 컨텐츠를 가져오는 중...
2025-09-19 23:18:38,813 - INFO - [scripts.adrule.logic.scraper] - 데이터 파싱 중...
2025-09-19 23:18:38,864 - INFO - [scripts.adrule.logic.scraper] - 유형 2: 텍스트 기반 비정형 구조 감지
2025-09-19 23:18:38,870 - INFO - [scripts.adrule.logic.scraper] - 데이터 1건을 '/Users/woong/Roeum/roeum-crawler/data/raw/adrule/1492000/유해·위험방지계획서 자체심사 및 확인업체 지정대상 건설업체 고시_document.jsonl' 파일로 성공적으로 저장했습니다.
2025-09-19 23:18:38,871 - INFO - [scripts.adrule.logic.scraper] - 데이터 1건을 '/Users/woong/Roeum/roeum-crawler/data/raw/adrule/1492000/유해·위험방지계획서 자체심사 및 확인업체 지정대상 건설업체 고시_chunks.jsonl' 파일로 성공적으로 저장했습니다.
2025-09-19 23:18:38,896 - INFO - [__main__] - 상세 페이지 스크레이퍼 완료: 유해·위험방지계획서 자체심사 및 확인업체 지정대상 건설업체 고시
2025-09-19 23:18:40,454 - INFO - [__main__] - 상세 페이지 스크레이퍼 실행: https://www.law.go.kr/admRulInfoP.do?admRulSeq=2100000251754
2025-09-19 23:18:40,827 - INFO - [scripts.adrule.logic.scraper] - 페이지로 이동 중: https://www.law.go.kr/admRulInfoP.do?admRulSeq=2100000251754
2025-09-19 23:18:41,528 - INFO - [scripts.adrule.logic.scraper] - 로딩 마스크가 나타나기를 기다리는 중...
2025-09-19 23:18:41,556 - INFO - [scripts.adrule.logic.scraper] - 로딩 마스크가 사라지기를 기다리는 중...
2025-09-19 23:18:41,643 - INFO - [scripts.adrule.logic.scraper] - 페이지 최종 렌더링을 잠시 대기합니다...
2025-09-19 23:18:42,646 - INFO - [scripts.adrule.logic.scraper] - 페이지 HTML 컨텐츠를 가져오는 중...
2025-09-19 23:18:42,661 - INFO - [scripts.adrule.logic.scraper] - 데이터 파싱 중...
2025-09-19 23:18:42,703 - INFO - [scripts.adrule.logic.scraper] - 유형 1: 정형화된 법령 구조 감지
2025-09-19 23:18:42,711 - INFO - [scripts.adrule.logic.scraper] - 데이터 1건을 '/Users/woong/Roeum/roeum-crawler/data/raw/adrule/1492000/육아휴직 결원보충 활성화를 위한 고용노동부와 그 소속기관에 두는 별도정원 운영규정_document.jsonl' 파일로 성공적으로 저장했습니다.
2025-09-19 23:18:42,711 - INFO - [scripts.adrule.logic.scraper] - 데이터 2건을 '/Users/woong/Roeum/roeum-crawler/data/raw/adrule/1492000/육아휴직 결원보충 활성화를 위한 고용노동부와 그 소속기관에 두는 별도정원 운영규정_chunks.jsonl' 파일로 성공적으로 저장했습니다.
2025-09-19 23:18:42,734 - INFO - [__main__] - 상세 페이지 스크레이퍼 완료: 육아휴직 결원보충 활성화를 위한 고용노동부와 그 소속기관에 두는 별도정원 운영규정
2025-09-19 23:18:44,351 - INFO - [__main__] - 상세 페이지 스크레이퍼 실행: https://www.law.go.kr/admRulInfoP.do?admRulSeq=2100000217655
2025-09-19 23:18:44,765 - INFO - [scripts.adrule.logic.scraper] - 페이지로 이동 중: https://www.law.go.kr/admRulInfoP.do?admRulSeq=2100000217655
2025-09-19 23:18:45,359 - INFO - [scripts.adrule.logic.scraper] - 로딩 마스크가 나타나기를 기다리는 중...
2025-09-19 23:18:45,388 - INFO - [scripts.adrule.logic.scraper] - 로딩 마스크가 사라지기를 기다리는 중...
2025-09-19 23:18:45,476 - INFO - [scripts.adrule.logic.scraper] - 페이지 최종 렌더링을 잠시 대기합니다...
2025-09-19 23:18:46,494 - INFO - [scripts.adrule.logic.scraper] - 페이지 HTML 컨텐츠를 가져오는 중...
2025-09-19 23:18:46,526 - INFO - [scripts.adrule.logic.scraper] - 데이터 파싱 중...
2025-09-19 23:18:46,596 - INFO - [scripts.adrule.logic.scraper] - 유형 2: 텍스트 기반 비정형 구조 감지
2025-09-19 23:18:46,602 - INFO - [scripts.adrule.logic.scraper] - 데이터 1건을 '/Users/woong/Roeum/roeum-crawler/data/raw/adrule/1492000/이주비 고시_document.jsonl' 파일로 성공적으로 저장했습니다.
2025-09-19 23:18:46,603 - INFO - [scripts.adrule.logic.scraper] - 데이터 2건을 '/Users/woong/Roeum/roeum-crawler/data/raw/adrule/1492000/이주비 고시_chunks.jsonl' 파일로 성공적으로 저장했습니다.
2025-09-19 23:18:46,761 - INFO - [__main__] - 상세 페이지 스크레이퍼 완료: 이주비 고시
2025-09-19 23:18:49,862 - INFO - [__main__] - 상세 페이지 스크레이퍼 실행: https://www.law.go.kr/admRulInfoP.do?admRulSeq=2100000253438
2025-09-19 23:18:50,892 - INFO - [scripts.adrule.logic.scraper] - 페이지로 이동 중: https://www.law.go.kr/admRulInfoP.do?admRulSeq=2100000253438
2025-09-19 23:18:51,568 - INFO - [scripts.adrule.logic.scraper] - 로딩 마스크가 나타나기를 기다리는 중...
2025-09-19 23:18:51,610 - INFO - [scripts.adrule.logic.scraper] - 로딩 마스크가 사라지기를 기다리는 중...
2025-09-19 23:18:51,795 - INFO - [scripts.adrule.logic.scraper] - 페이지 최종 렌더링을 잠시 대기합니다...
2025-09-19 23:18:52,801 - INFO - [scripts.adrule.logic.scraper] - 페이지 HTML 컨텐츠를 가져오는 중...
2025-09-19 23:18:52,824 - INFO - [scripts.adrule.logic.scraper] - 데이터 파싱 중...
2025-09-19 23:18:52,963 - INFO - [scripts.adrule.logic.scraper] - 유형 1: 정형화된 법령 구조 감지
2025-09-19 23:18:53,015 - INFO - [scripts.adrule.logic.scraper] - 데이터 1건을 '/Users/woong/Roeum/roeum-crawler/data/raw/adrule/1492000/인적자원개발위원회의 구성 및 운영에 관한 규정_document.jsonl' 파일로 성공적으로 저장했습니다.
2025-09-19 23:18:53,016 - INFO - [scripts.adrule.logic.scraper] - 데이터 53건을 '/Users/woong/Roeum/roeum-crawler/data/raw/adrule/1492000/인적자원개발위원회의 구성 및 운영에 관한 규정_chunks.jsonl' 파일로 성공적으로 저장했습니다.
2025-09-19 23:18:53,048 - INFO - [__main__] - 상세 페이지 스크레이퍼 완료: 인적자원개발위원회의 구성 및 운영에 관한 규정
2025-09-19 23:18:54,957 - INFO - [__main__] - 상세 페이지 스크레이퍼 실행: https://www.law.go.kr/admRulInfoP.do?admRulSeq=2100000207741
2025-09-19 23:18:55,491 - INFO - [scripts.adrule.logic.scraper] - 페이지로 이동 중: https://www.law.go.kr/admRulInfoP.do?admRulSeq=2100000207741
2025-09-19 23:18:56,086 - INFO - [scripts.adrule.logic.scraper] - 로딩 마스크가 나타나기를 기다리는 중...
2025-09-19 23:18:56,107 - INFO - [scripts.adrule.logic.scraper] - 로딩 마스크가 사라지기를 기다리는 중...
2025-09-19 23:18:56,290 - INFO - [scripts.adrule.logic.scraper] - 페이지 최종 렌더링을 잠시 대기합니다...
2025-09-19 23:18:57,295 - INFO - [scripts.adrule.logic.scraper] - 페이지 HTML 컨텐츠를 가져오는 중...
2025-09-19 23:18:57,315 - INFO - [scripts.adrule.logic.scraper] - 데이터 파싱 중...
2025-09-19 23:18:57,430 - INFO - [scripts.adrule.logic.scraper] - 유형 1: 정형화된 법령 구조 감지
2025-09-19 23:18:57,491 - INFO - [scripts.adrule.logic.scraper] - 데이터 1건을 '/Users/woong/Roeum/roeum-crawler/data/raw/adrule/1492000/일자리 안정자금 사업 운영 규정_document.jsonl' 파일로 성공적으로 저장했습니다.
2025-09-19 23:18:57,492 - INFO - [scripts.adrule.logic.scraper] - 데이터 28건을 '/Users/woong/Roeum/roeum-crawler/data/raw/adrule/1492000/일자리 안정자금 사업 운영 규정_chunks.jsonl' 파일로 성공적으로 저장했습니다.
2025-09-19 23:18:57,594 - INFO - [__main__] - 상세 페이지 스크레이퍼 완료: 일자리 안정자금 사업 운영 규정
2025-09-19 23:18:59,261 - INFO - [__main__] - 상세 페이지 스크레이퍼 실행: https://www.law.go.kr/admRulInfoP.do?admRulSeq=2100000254852
2025-09-19 23:18:59,625 - INFO - [scripts.adrule.logic.scraper] - 페이지로 이동 중: https://www.law.go.kr/admRulInfoP.do?admRulSeq=2100000254852
2025-09-19 23:19:00,240 - INFO - [scripts.adrule.logic.scraper] - 로딩 마스크가 나타나기를 기다리는 중...
2025-09-19 23:19:00,261 - INFO - [scripts.adrule.logic.scraper] - 로딩 마스크가 사라지기를 기다리는 중...
2025-09-19 23:19:00,342 - INFO - [scripts.adrule.logic.scraper] - 페이지 최종 렌더링을 잠시 대기합니다...
2025-09-19 23:19:01,363 - INFO - [scripts.adrule.logic.scraper] - 페이지 HTML 컨텐츠를 가져오는 중...
2025-09-19 23:19:01,389 - INFO - [scripts.adrule.logic.scraper] - 데이터 파싱 중...
2025-09-19 23:19:01,480 - INFO - [scripts.adrule.logic.scraper] - 유형 1: 정형화된 법령 구조 감지
2025-09-19 23:19:01,493 - INFO - [scripts.adrule.logic.scraper] - 데이터 1건을 '/Users/woong/Roeum/roeum-crawler/data/raw/adrule/1492000/일학습병행 외부평가 응시 및 자격증 발급수수료_document.jsonl' 파일로 성공적으로 저장했습니다.
2025-09-19 23:19:01,495 - INFO - [scripts.adrule.logic.scraper] - 데이터 3건을 '/Users/woong/Roeum/roeum-crawler/data/raw/adrule/1492000/일학습병행 외부평가 응시 및 자격증 발급수수료_chunks.jsonl' 파일로 성공적으로 저장했습니다.
2025-09-19 23:19:01,537 - INFO - [__main__] - 상세 페이지 스크레이퍼 완료: 일학습병행 외부평가 응시 및 자격증 발급수수료
2025-09-19 23:19:03,803 - INFO - [__main__] - 상세 페이지 스크레이퍼 실행: https://www.law.go.kr/admRulInfoP.do?admRulSeq=2100000253600
2025-09-19 23:19:04,482 - INFO - [scripts.adrule.logic.scraper] - 페이지로 이동 중: https://www.law.go.kr/admRulInfoP.do?admRulSeq=2100000253600
2025-09-19 23:19:05,198 - INFO - [scripts.adrule.logic.scraper] - 로딩 마스크가 나타나기를 기다리는 중...
2025-09-19 23:19:05,228 - INFO - [scripts.adrule.logic.scraper] - 로딩 마스크가 사라지기를 기다리는 중...
2025-09-19 23:19:05,465 - INFO - [scripts.adrule.logic.scraper] - 페이지 최종 렌더링을 잠시 대기합니다...
2025-09-19 23:19:06,469 - INFO - [scripts.adrule.logic.scraper] - 페이지 HTML 컨텐츠를 가져오는 중...
2025-09-19 23:19:06,484 - INFO - [scripts.adrule.logic.scraper] - 데이터 파싱 중...
2025-09-19 23:19:06,605 - INFO - [scripts.adrule.logic.scraper] - 유형 1: 정형화된 법령 구조 감지
2025-09-19 23:19:06,650 - INFO - [scripts.adrule.logic.scraper] - 데이터 1건을 '/Users/woong/Roeum/roeum-crawler/data/raw/adrule/1492000/일학습병행 운영규정_document.jsonl' 파일로 성공적으로 저장했습니다.
2025-09-19 23:19:06,651 - INFO - [scripts.adrule.logic.scraper] - 데이터 43건을 '/Users/woong/Roeum/roeum-crawler/data/raw/adrule/1492000/일학습병행 운영규정_chunks.jsonl' 파일로 성공적으로 저장했습니다.
2025-09-19 23:19:06,678 - INFO - [__main__] - 상세 페이지 스크레이퍼 완료: 일학습병행 운영규정
2025-09-19 23:19:08,682 - INFO - [__main__] - 상세 페이지 스크레이퍼 실행: https://www.law.go.kr/admRulInfoP.do?admRulSeq=2100000261282
2025-09-19 23:19:09,438 - INFO - [scripts.adrule.logic.scraper] - 페이지로 이동 중: https://www.law.go.kr/admRulInfoP.do?admRulSeq=2100000261282
2025-09-19 23:19:10,135 - INFO - [scripts.adrule.logic.scraper] - 로딩 마스크가 나타나기를 기다리는 중...
2025-09-19 23:19:10,178 - INFO - [scripts.adrule.logic.scraper] - 로딩 마스크가 사라지기를 기다리는 중...
2025-09-19 23:19:10,365 - INFO - [scripts.adrule.logic.scraper] - 페이지 최종 렌더링을 잠시 대기합니다...
2025-09-19 23:19:11,367 - INFO - [scripts.adrule.logic.scraper] - 페이지 HTML 컨텐츠를 가져오는 중...
2025-09-19 23:19:11,378 - INFO - [scripts.adrule.logic.scraper] - 데이터 파싱 중...
2025-09-19 23:19:11,422 - INFO - [scripts.adrule.logic.scraper] - 유형 1: 정형화된 법령 구조 감지
2025-09-19 23:19:11,437 - INFO - [scripts.adrule.logic.scraper] - 데이터 1건을 '/Users/woong/Roeum/roeum-crawler/data/raw/adrule/1492000/일학습병행 직종 및 직종별 교육훈련기준_document.jsonl' 파일로 성공적으로 저장했습니다.
2025-09-19 23:19:11,437 - INFO - [scripts.adrule.logic.scraper] - 데이터 3건을 '/Users/woong/Roeum/roeum-crawler/data/raw/adrule/1492000/일학습병행 직종 및 직종별 교육훈련기준_chunks.jsonl' 파일로 성공적으로 저장했습니다.
2025-09-19 23:19:11,479 - INFO - [__main__] - 상세 페이지 스크레이퍼 완료: 일학습병행 직종 및 직종별 교육훈련기준
2025-09-19 23:19:13,142 - INFO - [__main__] - 상세 페이지 스크레이퍼 실행: https://www.law.go.kr/admRulInfoP.do?admRulSeq=2100000262668
2025-09-19 23:19:13,566 - INFO - [scripts.adrule.logic.scraper] - 페이지로 이동 중: https://www.law.go.kr/admRulInfoP.do?admRulSeq=2100000262668
2025-09-19 23:19:14,196 - INFO - [scripts.adrule.logic.scraper] - 로딩 마스크가 나타나기를 기다리는 중...
2025-09-19 23:19:14,216 - INFO - [scripts.adrule.logic.scraper] - 로딩 마스크가 사라지기를 기다리는 중...
2025-09-19 23:19:14,399 - INFO - [scripts.adrule.logic.scraper] - 페이지 최종 렌더링을 잠시 대기합니다...
2025-09-19 23:19:15,400 - INFO - [scripts.adrule.logic.scraper] - 페이지 HTML 컨텐츠를 가져오는 중...
2025-09-19 23:19:15,408 - INFO - [scripts.adrule.logic.scraper] - 데이터 파싱 중...
2025-09-19 23:19:15,447 - INFO - [scripts.adrule.logic.scraper] - 유형 1: 정형화된 법령 구조 감지
2025-09-19 23:19:15,488 - INFO - [scripts.adrule.logic.scraper] - 데이터 1건을 '/Users/woong/Roeum/roeum-crawler/data/raw/adrule/1492000/임금등 체불 근로자 생계비 융자사업 고시_document.jsonl' 파일로 성공적으로 저장했습니다.
2025-09-19 23:19:15,488 - INFO - [scripts.adrule.logic.scraper] - 데이터 11건을 '/Users/woong/Roeum/roeum-crawler/data/raw/adrule/1492000/임금등 체불 근로자 생계비 융자사업 고시_chunks.jsonl' 파일로 성공적으로 저장했습니다.
2025-09-19 23:19:15,516 - INFO - [__main__] - 상세 페이지 스크레이퍼 완료: 임금등 체불 근로자 생계비 융자사업 고시
2025-09-19 23:19:17,602 - INFO - [__main__] - 상세 페이지 스크레이퍼 실행: https://www.law.go.kr/admRulInfoP.do?admRulSeq=2100000217768
2025-09-19 23:19:18,312 - INFO - [scripts.adrule.logic.scraper] - 페이지로 이동 중: https://www.law.go.kr/admRulInfoP.do?admRulSeq=2100000217768
2025-09-19 23:19:19,200 - INFO - [scripts.adrule.logic.scraper] - 로딩 마스크가 나타나기를 기다리는 중...
2025-09-19 23:19:19,332 - INFO - [scripts.adrule.logic.scraper] - 로딩 마스크가 사라지기를 기다리는 중...
2025-09-19 23:19:19,371 - INFO - [scripts.adrule.logic.scraper] - 페이지 최종 렌더링을 잠시 대기합니다...
2025-09-19 23:19:20,376 - INFO - [scripts.adrule.logic.scraper] - 페이지 HTML 컨텐츠를 가져오는 중...
2025-09-19 23:19:20,390 - INFO - [scripts.adrule.logic.scraper] - 데이터 파싱 중...
2025-09-19 23:19:20,449 - INFO - [scripts.adrule.logic.scraper] - 유형 2: 텍스트 기반 비정형 구조 감지
2025-09-19 23:19:20,457 - INFO - [scripts.adrule.logic.scraper] - 데이터 1건을 '/Users/woong/Roeum/roeum-crawler/data/raw/adrule/1492000/임금채권보장기금 사업주 부담금비율_document.jsonl' 파일로 성공적으로 저장했습니다.
2025-09-19 23:19:20,458 - INFO - [scripts.adrule.logic.scraper] - 데이터 1건을 '/Users/woong/Roeum/roeum-crawler/data/raw/adrule/1492000/임금채권보장기금 사업주 부담금비율_chunks.jsonl' 파일로 성공적으로 저장했습니다.
2025-09-19 23:19:20,507 - INFO - [__main__] - 상세 페이지 스크레이퍼 완료: 임금채권보장기금 사업주 부담금비율
2025-09-19 23:19:22,419 - INFO - [__main__] - 상세 페이지 스크레이퍼 실행: https://www.law.go.kr/admRulInfoP.do?admRulSeq=2100000133011
2025-09-19 23:19:22,851 - INFO - [scripts.adrule.logic.scraper] - 페이지로 이동 중: https://www.law.go.kr/admRulInfoP.do?admRulSeq=2100000133011
2025-09-19 23:19:23,530 - INFO - [scripts.adrule.logic.scraper] - 로딩 마스크가 나타나기를 기다리는 중...
2025-09-19 23:19:23,579 - INFO - [scripts.adrule.logic.scraper] - 로딩 마스크가 사라지기를 기다리는 중...
2025-09-19 23:19:23,687 - INFO - [scripts.adrule.logic.scraper] - 페이지 최종 렌더링을 잠시 대기합니다...
2025-09-19 23:19:24,694 - INFO - [scripts.adrule.logic.scraper] - 페이지 HTML 컨텐츠를 가져오는 중...
2025-09-19 23:19:24,713 - INFO - [scripts.adrule.logic.scraper] - 데이터 파싱 중...
2025-09-19 23:19:24,773 - INFO - [scripts.adrule.logic.scraper] - 유형 2: 텍스트 기반 비정형 구조 감지
2025-09-19 23:19:24,782 - INFO - [scripts.adrule.logic.scraper] - 데이터 1건을 '/Users/woong/Roeum/roeum-crawler/data/raw/adrule/1492000/임금채권보장제도 사업주부담금 경감기준_document.jsonl' 파일로 성공적으로 저장했습니다.
2025-09-19 23:19:24,783 - INFO - [scripts.adrule.logic.scraper] - 데이터 1건을 '/Users/woong/Roeum/roeum-crawler/data/raw/adrule/1492000/임금채권보장제도 사업주부담금 경감기준_chunks.jsonl' 파일로 성공적으로 저장했습니다.
2025-09-19 23:19:24,838 - INFO - [__main__] - 상세 페이지 스크레이퍼 완료: 임금채권보장제도 사업주부담금 경감기준
2025-09-19 23:19:27,403 - INFO - [__main__] - 상세 페이지 스크레이퍼 실행: https://www.law.go.kr/admRulInfoP.do?admRulSeq=2100000015166
2025-09-19 23:19:27,938 - INFO - [scripts.adrule.logic.scraper] - 페이지로 이동 중: https://www.law.go.kr/admRulInfoP.do?admRulSeq=2100000015166
2025-09-19 23:19:28,549 - INFO - [scripts.adrule.logic.scraper] - 로딩 마스크가 나타나기를 기다리는 중...
2025-09-19 23:19:28,575 - INFO - [scripts.adrule.logic.scraper] - 로딩 마스크가 사라지기를 기다리는 중...
2025-09-19 23:19:28,659 - INFO - [scripts.adrule.logic.scraper] - 페이지 최종 렌더링을 잠시 대기합니다...
2025-09-19 23:19:29,663 - INFO - [scripts.adrule.logic.scraper] - 페이지 HTML 컨텐츠를 가져오는 중...
2025-09-19 23:19:29,673 - INFO - [scripts.adrule.logic.scraper] - 데이터 파싱 중...
2025-09-19 23:19:29,755 - INFO - [scripts.adrule.logic.scraper] - 유형 1: 정형화된 법령 구조 감지
2025-09-19 23:19:29,788 - INFO - [scripts.adrule.logic.scraper] - 데이터 1건을 '/Users/woong/Roeum/roeum-crawler/data/raw/adrule/1492000/임금체불사업주 명단 공개 및 체불자료 제공 관련 업무 처리 규정_document.jsonl' 파일로 성공적으로 저장했습니다.
2025-09-19 23:19:29,789 - INFO - [scripts.adrule.logic.scraper] - 데이터 11건을 '/Users/woong/Roeum/roeum-crawler/data/raw/adrule/1492000/임금체불사업주 명단 공개 및 체불자료 제공 관련 업무 처리 규정_chunks.jsonl' 파일로 성공적으로 저장했습니다.
2025-09-19 23:19:29,844 - INFO - [__main__] - 상세 페이지 스크레이퍼 완료: 임금체불사업주 명단 공개 및 체불자료 제공 관련 업무 처리 규정
2025-09-19 23:19:31,631 - INFO - [__main__] - 상세 페이지 스크레이퍼 실행: https://www.law.go.kr/admRulInfoP.do?admRulSeq=2100000188698
2025-09-19 23:19:32,255 - INFO - [scripts.adrule.logic.scraper] - 페이지로 이동 중: https://www.law.go.kr/admRulInfoP.do?admRulSeq=2100000188698
2025-09-19 23:19:33,002 - INFO - [scripts.adrule.logic.scraper] - 로딩 마스크가 나타나기를 기다리는 중...
2025-09-19 23:19:33,085 - INFO - [scripts.adrule.logic.scraper] - 로딩 마스크가 사라지기를 기다리는 중...
2025-09-19 23:19:33,214 - INFO - [scripts.adrule.logic.scraper] - 페이지 최종 렌더링을 잠시 대기합니다...
2025-09-19 23:19:34,228 - INFO - [scripts.adrule.logic.scraper] - 페이지 HTML 컨텐츠를 가져오는 중...
2025-09-19 23:19:34,242 - INFO - [scripts.adrule.logic.scraper] - 데이터 파싱 중...
2025-09-19 23:19:34,317 - INFO - [scripts.adrule.logic.scraper] - 유형 1: 정형화된 법령 구조 감지
2025-09-19 23:19:34,385 - INFO - [scripts.adrule.logic.scraper] - 데이터 1건을 '/Users/woong/Roeum/roeum-crawler/data/raw/adrule/1492000/임금피크제 지원금액등 고시_document.jsonl' 파일로 성공적으로 저장했습니다.
2025-09-19 23:19:34,387 - INFO - [scripts.adrule.logic.scraper] - 데이터 8건을 '/Users/woong/Roeum/roeum-crawler/data/raw/adrule/1492000/임금피크제 지원금액등 고시_chunks.jsonl' 파일로 성공적으로 저장했습니다.
2025-09-19 23:19:34,453 - INFO - [__main__] - 상세 페이지 스크레이퍼 완료: 임금피크제 지원금액등 고시
2025-09-19 23:19:36,570 - INFO - [__main__] - 상세 페이지 스크레이퍼 실행: https://www.law.go.kr/admRulInfoP.do?admRulSeq=2100000217964
2025-09-19 23:19:37,013 - INFO - [scripts.adrule.logic.scraper] - 페이지로 이동 중: https://www.law.go.kr/admRulInfoP.do?admRulSeq=2100000217964
2025-09-19 23:19:37,727 - INFO - [scripts.adrule.logic.scraper] - 로딩 마스크가 나타나기를 기다리는 중...
2025-09-19 23:19:37,757 - INFO - [scripts.adrule.logic.scraper] - 로딩 마스크가 사라지기를 기다리는 중...
2025-09-19 23:19:37,842 - INFO - [scripts.adrule.logic.scraper] - 페이지 최종 렌더링을 잠시 대기합니다...
2025-09-19 23:19:38,846 - INFO - [scripts.adrule.logic.scraper] - 페이지 HTML 컨텐츠를 가져오는 중...
2025-09-19 23:19:38,854 - INFO - [scripts.adrule.logic.scraper] - 데이터 파싱 중...
2025-09-19 23:19:38,885 - INFO - [scripts.adrule.logic.scraper] - 유형 2: 텍스트 기반 비정형 구조 감지
2025-09-19 23:19:38,889 - INFO - [scripts.adrule.logic.scraper] - 데이터 1건을 '/Users/woong/Roeum/roeum-crawler/data/raw/adrule/1492000/자영업자의 고용보험료 산정의 기초가 되는 보수액_document.jsonl' 파일로 성공적으로 저장했습니다.
2025-09-19 23:19:38,889 - INFO - [scripts.adrule.logic.scraper] - 데이터 1건을 '/Users/woong/Roeum/roeum-crawler/data/raw/adrule/1492000/자영업자의 고용보험료 산정의 기초가 되는 보수액_chunks.jsonl' 파일로 성공적으로 저장했습니다.
2025-09-19 23:19:38,918 - INFO - [__main__] - 상세 페이지 스크레이퍼 완료: 자영업자의 고용보험료 산정의 기초가 되는 보수액
2025-09-19 23:19:40,629 - INFO - [__main__] - 상세 페이지 스크레이퍼 실행: https://www.law.go.kr/admRulInfoP.do?admRulSeq=2100000243740
2025-09-19 23:19:41,121 - INFO - [scripts.adrule.logic.scraper] - 페이지로 이동 중: https://www.law.go.kr/admRulInfoP.do?admRulSeq=2100000243740
2025-09-19 23:19:41,703 - INFO - [scripts.adrule.logic.scraper] - 로딩 마스크가 나타나기를 기다리는 중...
2025-09-19 23:19:41,726 - INFO - [scripts.adrule.logic.scraper] - 로딩 마스크가 사라지기를 기다리는 중...
2025-09-19 23:19:41,806 - INFO - [scripts.adrule.logic.scraper] - 페이지 최종 렌더링을 잠시 대기합니다...
2025-09-19 23:19:42,808 - INFO - [scripts.adrule.logic.scraper] - 페이지 HTML 컨텐츠를 가져오는 중...
2025-09-19 23:19:42,815 - INFO - [scripts.adrule.logic.scraper] - 데이터 파싱 중...
2025-09-19 23:19:42,861 - INFO - [scripts.adrule.logic.scraper] - 유형 2: 텍스트 기반 비정형 구조 감지
2025-09-19 23:19:42,866 - INFO - [scripts.adrule.logic.scraper] - 데이터 1건을 '/Users/woong/Roeum/roeum-crawler/data/raw/adrule/1492000/자활급여 수급자가 종사하는 사업_document.jsonl' 파일로 성공적으로 저장했습니다.
2025-09-19 23:19:42,867 - INFO - [scripts.adrule.logic.scraper] - 데이터 2건을 '/Users/woong/Roeum/roeum-crawler/data/raw/adrule/1492000/자활급여 수급자가 종사하는 사업_chunks.jsonl' 파일로 성공적으로 저장했습니다.
2025-09-19 23:19:42,901 - INFO - [__main__] - 상세 페이지 스크레이퍼 완료: 자활급여 수급자가 종사하는 사업
2025-09-19 23:19:44,484 - INFO - [__main__] - 상세 페이지 스크레이퍼 실행: https://www.law.go.kr/admRulInfoP.do?admRulSeq=2100000231342
2025-09-19 23:19:44,903 - INFO - [scripts.adrule.logic.scraper] - 페이지로 이동 중: https://www.law.go.kr/admRulInfoP.do?admRulSeq=2100000231342
2025-09-19 23:19:45,514 - INFO - [scripts.adrule.logic.scraper] - 로딩 마스크가 나타나기를 기다리는 중...
2025-09-19 23:19:45,537 - INFO - [scripts.adrule.logic.scraper] - 로딩 마스크가 사라지기를 기다리는 중...
2025-09-19 23:19:45,619 - INFO - [scripts.adrule.logic.scraper] - 페이지 최종 렌더링을 잠시 대기합니다...
2025-09-19 23:19:46,630 - INFO - [scripts.adrule.logic.scraper] - 페이지 HTML 컨텐츠를 가져오는 중...
2025-09-19 23:19:46,642 - INFO - [scripts.adrule.logic.scraper] - 데이터 파싱 중...
2025-09-19 23:19:46,715 - INFO - [scripts.adrule.logic.scraper] - 유형 1: 정형화된 법령 구조 감지
2025-09-19 23:19:46,736 - INFO - [scripts.adrule.logic.scraper] - 데이터 1건을 '/Users/woong/Roeum/roeum-crawler/data/raw/adrule/1492000/자회사 운영실태 평가위원회 운영규정_document.jsonl' 파일로 성공적으로 저장했습니다.
2025-09-19 23:19:46,737 - INFO - [scripts.adrule.logic.scraper] - 데이터 8건을 '/Users/woong/Roeum/roeum-crawler/data/raw/adrule/1492000/자회사 운영실태 평가위원회 운영규정_chunks.jsonl' 파일로 성공적으로 저장했습니다.
2025-09-19 23:19:46,780 - INFO - [__main__] - 상세 페이지 스크레이퍼 완료: 자회사 운영실태 평가위원회 운영규정
2025-09-19 23:19:48,726 - INFO - [__main__] - 상세 페이지 스크레이퍼 실행: https://www.law.go.kr/admRulInfoP.do?admRulSeq=2100000207828
2025-09-19 23:19:49,268 - INFO - [scripts.adrule.logic.scraper] - 페이지로 이동 중: https://www.law.go.kr/admRulInfoP.do?admRulSeq=2100000207828
2025-09-19 23:19:49,952 - INFO - [scripts.adrule.logic.scraper] - 로딩 마스크가 나타나기를 기다리는 중...
2025-09-19 23:19:49,987 - INFO - [scripts.adrule.logic.scraper] - 로딩 마스크가 사라지기를 기다리는 중...
2025-09-19 23:19:50,800 - INFO - [scripts.adrule.logic.scraper] - 페이지 최종 렌더링을 잠시 대기합니다...
2025-09-19 23:19:51,809 - INFO - [scripts.adrule.logic.scraper] - 페이지 HTML 컨텐츠를 가져오는 중...
2025-09-19 23:19:51,823 - INFO - [scripts.adrule.logic.scraper] - 데이터 파싱 중...
2025-09-19 23:19:51,882 - INFO - [scripts.adrule.logic.scraper] - 유형 2: 텍스트 기반 비정형 구조 감지
2025-09-19 23:19:51,904 - INFO - [scripts.adrule.logic.scraper] - 데이터 1건을 '/Users/woong/Roeum/roeum-crawler/data/raw/adrule/1492000/작업장 공기질 한국산업표준(KS)_document.jsonl' 파일로 성공적으로 저장했습니다.
2025-09-19 23:19:51,904 - INFO - [scripts.adrule.logic.scraper] - 데이터 1건을 '/Users/woong/Roeum/roeum-crawler/data/raw/adrule/1492000/작업장 공기질 한국산업표준(KS)_chunks.jsonl' 파일로 성공적으로 저장했습니다.
2025-09-19 23:19:51,945 - INFO - [__main__] - 상세 페이지 스크레이퍼 완료: 작업장 공기질 한국산업표준(KS)
2025-09-19 23:19:53,767 - INFO - [__main__] - 상세 페이지 스크레이퍼 실행: https://www.law.go.kr/admRulInfoP.do?admRulSeq=2100000186111
2025-09-19 23:19:54,279 - INFO - [scripts.adrule.logic.scraper] - 페이지로 이동 중: https://www.law.go.kr/admRulInfoP.do?admRulSeq=2100000186111
2025-09-19 23:19:54,925 - INFO - [scripts.adrule.logic.scraper] - 로딩 마스크가 나타나기를 기다리는 중...
2025-09-19 23:19:54,949 - INFO - [scripts.adrule.logic.scraper] - 로딩 마스크가 사라지기를 기다리는 중...
2025-09-19 23:19:55,141 - INFO - [scripts.adrule.logic.scraper] - 페이지 최종 렌더링을 잠시 대기합니다...
2025-09-19 23:19:56,145 - INFO - [scripts.adrule.logic.scraper] - 페이지 HTML 컨텐츠를 가져오는 중...
2025-09-19 23:19:56,165 - INFO - [scripts.adrule.logic.scraper] - 데이터 파싱 중...
2025-09-19 23:19:56,286 - INFO - [scripts.adrule.logic.scraper] - 유형 1: 정형화된 법령 구조 감지
2025-09-19 23:19:56,356 - INFO - [scripts.adrule.logic.scraper] - 데이터 1건을 '/Users/woong/Roeum/roeum-crawler/data/raw/adrule/1492000/작업환경측정 및 정도관리 등에 관한 고시_document.jsonl' 파일로 성공적으로 저장했습니다.
2025-09-19 23:19:56,357 - INFO - [scripts.adrule.logic.scraper] - 데이터 95건을 '/Users/woong/Roeum/roeum-crawler/data/raw/adrule/1492000/작업환경측정 및 정도관리 등에 관한 고시_chunks.jsonl' 파일로 성공적으로 저장했습니다.
2025-09-19 23:19:56,386 - INFO - [__main__] - 상세 페이지 스크레이퍼 완료: 작업환경측정 및 정도관리 등에 관한 고시
2025-09-19 23:19:58,220 - INFO - [__main__] - 상세 페이지 스크레이퍼 실행: https://www.law.go.kr/admRulInfoP.do?admRulSeq=2100000251932
2025-09-19 23:19:58,859 - INFO - [scripts.adrule.logic.scraper] - 페이지로 이동 중: https://www.law.go.kr/admRulInfoP.do?admRulSeq=2100000251932
2025-09-19 23:19:59,473 - INFO - [scripts.adrule.logic.scraper] - 로딩 마스크가 나타나기를 기다리는 중...
2025-09-19 23:19:59,505 - INFO - [scripts.adrule.logic.scraper] - 로딩 마스크가 사라지기를 기다리는 중...
2025-09-19 23:19:59,586 - INFO - [scripts.adrule.logic.scraper] - 페이지 최종 렌더링을 잠시 대기합니다...
2025-09-19 23:20:00,589 - INFO - [scripts.adrule.logic.scraper] - 페이지 HTML 컨텐츠를 가져오는 중...
2025-09-19 23:20:00,601 - INFO - [scripts.adrule.logic.scraper] - 데이터 파싱 중...
2025-09-19 23:20:00,635 - INFO - [scripts.adrule.logic.scraper] - 유형 2: 텍스트 기반 비정형 구조 감지
2025-09-19 23:20:00,638 - INFO - [scripts.adrule.logic.scraper] - 데이터 1건을 '/Users/woong/Roeum/roeum-crawler/data/raw/adrule/1492000/장례비 최고·최저 금액_document.jsonl' 파일로 성공적으로 저장했습니다.
2025-09-19 23:20:00,639 - INFO - [scripts.adrule.logic.scraper] - 데이터 2건을 '/Users/woong/Roeum/roeum-crawler/data/raw/adrule/1492000/장례비 최고·최저 금액_chunks.jsonl' 파일로 성공적으로 저장했습니다.
2025-09-19 23:20:00,663 - INFO - [__main__] - 상세 페이지 스크레이퍼 완료: 장례비 최고·최저 금액
2025-09-19 23:20:03,107 - INFO - [__main__] - 상세 페이지 스크레이퍼 실행: https://www.law.go.kr/admRulInfoP.do?admRulSeq=2100000253012
2025-09-19 23:20:04,030 - INFO - [scripts.adrule.logic.scraper] - 페이지로 이동 중: https://www.law.go.kr/admRulInfoP.do?admRulSeq=2100000253012
2025-09-19 23:20:04,709 - INFO - [scripts.adrule.logic.scraper] - 로딩 마스크가 나타나기를 기다리는 중...
2025-09-19 23:20:04,759 - INFO - [scripts.adrule.logic.scraper] - 로딩 마스크가 사라지기를 기다리는 중...
2025-09-19 23:20:04,810 - INFO - [scripts.adrule.logic.scraper] - 페이지 최종 렌더링을 잠시 대기합니다...
2025-09-19 23:20:05,822 - INFO - [scripts.adrule.logic.scraper] - 페이지 HTML 컨텐츠를 가져오는 중...
2025-09-19 23:20:05,834 - INFO - [scripts.adrule.logic.scraper] - 데이터 파싱 중...
2025-09-19 23:20:05,880 - INFO - [scripts.adrule.logic.scraper] - 유형 2: 텍스트 기반 비정형 구조 감지
2025-09-19 23:20:05,885 - INFO - [scripts.adrule.logic.scraper] - 데이터 1건을 '/Users/woong/Roeum/roeum-crawler/data/raw/adrule/1492000/장애인 고용부담금의 부담기초액_document.jsonl' 파일로 성공적으로 저장했습니다.
2025-09-19 23:20:05,885 - INFO - [scripts.adrule.logic.scraper] - 데이터 1건을 '/Users/woong/Roeum/roeum-crawler/data/raw/adrule/1492000/장애인 고용부담금의 부담기초액_chunks.jsonl' 파일로 성공적으로 저장했습니다.
2025-09-19 23:20:05,941 - INFO - [__main__] - 상세 페이지 스크레이퍼 완료: 장애인 고용부담금의 부담기초액
2025-09-19 23:20:07,774 - INFO - [__main__] - 상세 페이지 스크레이퍼 실행: https://www.law.go.kr/admRulInfoP.do?admRulSeq=2100000239722
2025-09-19 23:20:08,209 - INFO - [scripts.adrule.logic.scraper] - 페이지로 이동 중: https://www.law.go.kr/admRulInfoP.do?admRulSeq=2100000239722
2025-09-19 23:20:08,842 - INFO - [scripts.adrule.logic.scraper] - 로딩 마스크가 나타나기를 기다리는 중...
2025-09-19 23:20:08,890 - INFO - [scripts.adrule.logic.scraper] - 로딩 마스크가 사라지기를 기다리는 중...
2025-09-19 23:20:08,957 - INFO - [scripts.adrule.logic.scraper] - 페이지 최종 렌더링을 잠시 대기합니다...
2025-09-19 23:20:09,963 - INFO - [scripts.adrule.logic.scraper] - 페이지 HTML 컨텐츠를 가져오는 중...
2025-09-19 23:20:09,989 - INFO - [scripts.adrule.logic.scraper] - 데이터 파싱 중...
2025-09-19 23:20:10,071 - INFO - [scripts.adrule.logic.scraper] - 유형 1: 정형화된 법령 구조 감지
2025-09-19 23:20:10,333 - INFO - [scripts.adrule.logic.scraper] - 데이터 1건을 '/Users/woong/Roeum/roeum-crawler/data/raw/adrule/1492000/장애인 고용의무 불이행 명단공표제도 운영규정_document.jsonl' 파일로 성공적으로 저장했습니다.
2025-09-19 23:20:10,334 - INFO - [scripts.adrule.logic.scraper] - 데이터 14건을 '/Users/woong/Roeum/roeum-crawler/data/raw/adrule/1492000/장애인 고용의무 불이행 명단공표제도 운영규정_chunks.jsonl' 파일로 성공적으로 저장했습니다.
2025-09-19 23:20:10,370 - INFO - [__main__] - 상세 페이지 스크레이퍼 완료: 장애인 고용의무 불이행 명단공표제도 운영규정
2025-09-19 23:20:12,357 - INFO - [__main__] - 상세 페이지 스크레이퍼 실행: https://www.law.go.kr/admRulInfoP.do?admRulSeq=2100000260378
2025-09-19 23:20:13,208 - INFO - [scripts.adrule.logic.scraper] - 페이지로 이동 중: https://www.law.go.kr/admRulInfoP.do?admRulSeq=2100000260378
2025-09-19 23:20:13,903 - INFO - [scripts.adrule.logic.scraper] - 로딩 마스크가 나타나기를 기다리는 중...
2025-09-19 23:20:13,961 - INFO - [scripts.adrule.logic.scraper] - 로딩 마스크가 사라지기를 기다리는 중...
2025-09-19 23:20:14,055 - INFO - [scripts.adrule.logic.scraper] - 페이지 최종 렌더링을 잠시 대기합니다...
2025-09-19 23:20:15,061 - INFO - [scripts.adrule.logic.scraper] - 페이지 HTML 컨텐츠를 가져오는 중...
2025-09-19 23:20:15,096 - INFO - [scripts.adrule.logic.scraper] - 데이터 파싱 중...
2025-09-19 23:20:15,173 - INFO - [scripts.adrule.logic.scraper] - 유형 1: 정형화된 법령 구조 감지
2025-09-19 23:20:15,200 - INFO - [scripts.adrule.logic.scraper] - 데이터 1건을 '/Users/woong/Roeum/roeum-crawler/data/raw/adrule/1492000/장애인고용장려금 지급기준_document.jsonl' 파일로 성공적으로 저장했습니다.
2025-09-19 23:20:15,201 - INFO - [scripts.adrule.logic.scraper] - 데이터 7건을 '/Users/woong/Roeum/roeum-crawler/data/raw/adrule/1492000/장애인고용장려금 지급기준_chunks.jsonl' 파일로 성공적으로 저장했습니다.
2025-09-19 23:20:15,246 - INFO - [__main__] - 상세 페이지 스크레이퍼 완료: 장애인고용장려금 지급기준
2025-09-19 23:20:17,424 - INFO - [__main__] - 상세 페이지 스크레이퍼 실행: https://www.law.go.kr/admRulInfoP.do?admRulSeq=2100000229968
2025-09-19 23:20:18,351 - INFO - [scripts.adrule.logic.scraper] - 페이지로 이동 중: https://www.law.go.kr/admRulInfoP.do?admRulSeq=2100000229968
2025-09-19 23:20:19,136 - INFO - [scripts.adrule.logic.scraper] - 로딩 마스크가 나타나기를 기다리는 중...
2025-09-19 23:20:19,220 - INFO - [scripts.adrule.logic.scraper] - 로딩 마스크가 사라지기를 기다리는 중...
2025-09-19 23:20:19,320 - INFO - [scripts.adrule.logic.scraper] - 페이지 최종 렌더링을 잠시 대기합니다...
2025-09-19 23:20:20,325 - INFO - [scripts.adrule.logic.scraper] - 페이지 HTML 컨텐츠를 가져오는 중...
2025-09-19 23:20:20,345 - INFO - [scripts.adrule.logic.scraper] - 데이터 파싱 중...
2025-09-19 23:20:20,526 - INFO - [scripts.adrule.logic.scraper] - 유형 1: 정형화된 법령 구조 감지
2025-09-19 23:20:20,567 - INFO - [scripts.adrule.logic.scraper] - 데이터 1건을 '/Users/woong/Roeum/roeum-crawler/data/raw/adrule/1492000/장애인고용촉진 및 직업재활법에 따른 과태료의 가중처분에 관한 세부 지침_document.jsonl' 파일로 성공적으로 저장했습니다.
2025-09-19 23:20:20,572 - INFO - [scripts.adrule.logic.scraper] - 데이터 3건을 '/Users/woong/Roeum/roeum-crawler/data/raw/adrule/1492000/장애인고용촉진 및 직업재활법에 따른 과태료의 가중처분에 관한 세부 지침_chunks.jsonl' 파일로 성공적으로 저장했습니다.
2025-09-19 23:20:20,710 - INFO - [__main__] - 상세 페이지 스크레이퍼 완료: 장애인고용촉진 및 직업재활법에 따른 과태료의 가중처분에 관한 세부 지침
2025-09-19 23:20:25,708 - INFO - [__main__] - 상세 페이지 스크레이퍼 실행: https://www.law.go.kr/admRulInfoP.do?admRulSeq=2100000198809
2025-09-19 23:20:28,033 - INFO - [scripts.adrule.logic.scraper] - 페이지로 이동 중: https://www.law.go.kr/admRulInfoP.do?admRulSeq=2100000198809
2025-09-19 23:20:29,177 - INFO - [scripts.adrule.logic.scraper] - 로딩 마스크가 나타나기를 기다리는 중...
2025-09-19 23:20:30,206 - WARNING - [scripts.adrule.logic.scraper] - 로딩 마스크가 감지되지 않았습니다. 페이지 로드가 완료된 것으로 간주하고 계속 진행합니다.
2025-09-19 23:20:30,209 - INFO - [scripts.adrule.logic.scraper] - 페이지 최종 렌더링을 잠시 대기합니다...
2025-09-19 23:20:31,248 - INFO - [scripts.adrule.logic.scraper] - 페이지 HTML 컨텐츠를 가져오는 중...
2025-09-19 23:20:31,317 - INFO - [scripts.adrule.logic.scraper] - 데이터 파싱 중...
2025-09-19 23:20:31,432 - INFO - [scripts.adrule.logic.scraper] - 유형 1: 정형화된 법령 구조 감지
2025-09-19 23:20:31,446 - INFO - [scripts.adrule.logic.scraper] - 데이터 1건을 '/Users/woong/Roeum/roeum-crawler/data/raw/adrule/1492000/장애인 기능경기 대회 등 운영에 관한 규정_document.jsonl' 파일로 성공적으로 저장했습니다.
2025-09-19 23:20:31,483 - INFO - [scripts.adrule.logic.scraper] - 데이터 12건을 '/Users/woong/Roeum/roeum-crawler/data/raw/adrule/1492000/장애인 기능경기 대회 등 운영에 관한 규정_chunks.jsonl' 파일로 성공적으로 저장했습니다.
2025-09-19 23:20:31,544 - INFO - [__main__] - 상세 페이지 스크레이퍼 완료: 장애인 기능경기 대회 등 운영에 관한 규정
2025-09-19 23:20:33,872 - INFO - [__main__] - 상세 페이지 스크레이퍼 실행: https://www.law.go.kr/admRulInfoP.do?admRulSeq=2100000218079
2025-09-19 23:20:34,453 - INFO - [scripts.adrule.logic.scraper] - 페이지로 이동 중: https://www.law.go.kr/admRulInfoP.do?admRulSeq=2100000218079
2025-09-19 23:20:35,160 - INFO - [scripts.adrule.logic.scraper] - 로딩 마스크가 나타나기를 기다리는 중...
2025-09-19 23:20:35,185 - INFO - [scripts.adrule.logic.scraper] - 로딩 마스크가 사라지기를 기다리는 중...
2025-09-19 23:20:35,536 - INFO - [scripts.adrule.logic.scraper] - 페이지 최종 렌더링을 잠시 대기합니다...
2025-09-19 23:20:36,541 - INFO - [scripts.adrule.logic.scraper] - 페이지 HTML 컨텐츠를 가져오는 중...
2025-09-19 23:20:36,571 - INFO - [scripts.adrule.logic.scraper] - 데이터 파싱 중...
2025-09-19 23:20:36,706 - INFO - [scripts.adrule.logic.scraper] - 유형 1: 정형화된 법령 구조 감지
2025-09-19 23:20:36,754 - INFO - [scripts.adrule.logic.scraper] - 데이터 1건을 '/Users/woong/Roeum/roeum-crawler/data/raw/adrule/1492000/장애인 직업능력개발훈련 지원규정_document.jsonl' 파일로 성공적으로 저장했습니다.
2025-09-19 23:20:36,754 - INFO - [scripts.adrule.logic.scraper] - 데이터 41건을 '/Users/woong/Roeum/roeum-crawler/data/raw/adrule/1492000/장애인 직업능력개발훈련 지원규정_chunks.jsonl' 파일로 성공적으로 저장했습니다.
2025-09-19 23:20:36,806 - INFO - [__main__] - 상세 페이지 스크레이퍼 완료: 장애인 직업능력개발훈련 지원규정
2025-09-19 23:20:40,731 - INFO - [__main__] - 상세 페이지 스크레이퍼 실행: https://www.law.go.kr/admRulInfoP.do?admRulSeq=2100000208765
2025-09-19 23:20:42,463 - INFO - [scripts.adrule.logic.scraper] - 페이지로 이동 중: https://www.law.go.kr/admRulInfoP.do?admRulSeq=2100000208765
2025-09-19 23:20:43,153 - INFO - [scripts.adrule.logic.scraper] - 로딩 마스크가 나타나기를 기다리는 중...
2025-09-19 23:20:43,207 - INFO - [scripts.adrule.logic.scraper] - 로딩 마스크가 사라지기를 기다리는 중...
2025-09-19 23:20:43,313 - INFO - [scripts.adrule.logic.scraper] - 페이지 최종 렌더링을 잠시 대기합니다...
2025-09-19 23:20:44,325 - INFO - [scripts.adrule.logic.scraper] - 페이지 HTML 컨텐츠를 가져오는 중...
2025-09-19 23:20:44,361 - INFO - [scripts.adrule.logic.scraper] - 데이터 파싱 중...
2025-09-19 23:20:44,519 - INFO - [scripts.adrule.logic.scraper] - 유형 1: 정형화된 법령 구조 감지
2025-09-19 23:20:44,562 - INFO - [scripts.adrule.logic.scraper] - 데이터 1건을 '/Users/woong/Roeum/roeum-crawler/data/raw/adrule/1492000/장애인 취업지원 업무처리 규정_document.jsonl' 파일로 성공적으로 저장했습니다.
2025-09-19 23:20:44,564 - INFO - [scripts.adrule.logic.scraper] - 데이터 21건을 '/Users/woong/Roeum/roeum-crawler/data/raw/adrule/1492000/장애인 취업지원 업무처리 규정_chunks.jsonl' 파일로 성공적으로 저장했습니다.
2025-09-19 23:20:44,611 - INFO - [__main__] - 상세 페이지 스크레이퍼 완료: 장애인 취업지원 업무처리 규정
2025-09-19 23:20:46,853 - INFO - [__main__] - 상세 페이지 스크레이퍼 실행: https://www.law.go.kr/admRulInfoP.do?admRulSeq=2100000255588
2025-09-19 23:20:47,728 - INFO - [scripts.adrule.logic.scraper] - 페이지로 이동 중: https://www.law.go.kr/admRulInfoP.do?admRulSeq=2100000255588
2025-09-19 23:20:48,438 - INFO - [scripts.adrule.logic.scraper] - 로딩 마스크가 나타나기를 기다리는 중...
2025-09-19 23:20:48,476 - INFO - [scripts.adrule.logic.scraper] - 로딩 마스크가 사라지기를 기다리는 중...
2025-09-19 23:20:48,580 - INFO - [scripts.adrule.logic.scraper] - 페이지 최종 렌더링을 잠시 대기합니다...
2025-09-19 23:20:49,583 - INFO - [scripts.adrule.logic.scraper] - 페이지 HTML 컨텐츠를 가져오는 중...
2025-09-19 23:20:49,593 - INFO - [scripts.adrule.logic.scraper] - 데이터 파싱 중...
2025-09-19 23:20:49,645 - INFO - [scripts.adrule.logic.scraper] - 유형 1: 정형화된 법령 구조 감지
2025-09-19 23:20:49,731 - INFO - [scripts.adrule.logic.scraper] - 데이터 1건을 '/Users/woong/Roeum/roeum-crawler/data/raw/adrule/1492000/장애인 표준사업장에 대한 지원규정_document.jsonl' 파일로 성공적으로 저장했습니다.
2025-09-19 23:20:49,732 - INFO - [scripts.adrule.logic.scraper] - 데이터 13건을 '/Users/woong/Roeum/roeum-crawler/data/raw/adrule/1492000/장애인 표준사업장에 대한 지원규정_chunks.jsonl' 파일로 성공적으로 저장했습니다.
2025-09-19 23:20:49,760 - INFO - [__main__] - 상세 페이지 스크레이퍼 완료: 장애인 표준사업장에 대한 지원규정
2025-09-19 23:20:51,479 - INFO - [__main__] - 상세 페이지 스크레이퍼 실행: https://www.law.go.kr/admRulInfoP.do?admRulSeq=2100000180819
2025-09-19 23:20:51,921 - INFO - [scripts.adrule.logic.scraper] - 페이지로 이동 중: https://www.law.go.kr/admRulInfoP.do?admRulSeq=2100000180819
2025-09-19 23:20:52,556 - INFO - [scripts.adrule.logic.scraper] - 로딩 마스크가 나타나기를 기다리는 중...
2025-09-19 23:20:52,587 - INFO - [scripts.adrule.logic.scraper] - 로딩 마스크가 사라지기를 기다리는 중...
2025-09-19 23:20:52,667 - INFO - [scripts.adrule.logic.scraper] - 페이지 최종 렌더링을 잠시 대기합니다...
2025-09-19 23:20:53,671 - INFO - [scripts.adrule.logic.scraper] - 페이지 HTML 컨텐츠를 가져오는 중...
2025-09-19 23:20:53,681 - INFO - [scripts.adrule.logic.scraper] - 데이터 파싱 중...
2025-09-19 23:20:53,718 - INFO - [scripts.adrule.logic.scraper] - 유형 2: 텍스트 기반 비정형 구조 감지
2025-09-19 23:20:53,722 - INFO - [scripts.adrule.logic.scraper] - 데이터 1건을 '/Users/woong/Roeum/roeum-crawler/data/raw/adrule/1492000/재량근로의 대상 업무_document.jsonl' 파일로 성공적으로 저장했습니다.
2025-09-19 23:20:53,723 - INFO - [scripts.adrule.logic.scraper] - 데이터 2건을 '/Users/woong/Roeum/roeum-crawler/data/raw/adrule/1492000/재량근로의 대상 업무_chunks.jsonl' 파일로 성공적으로 저장했습니다.
2025-09-19 23:20:53,773 - INFO - [__main__] - 상세 페이지 스크레이퍼 완료: 재량근로의 대상 업무
2025-09-19 23:20:55,956 - INFO - [__main__] - 상세 페이지 스크레이퍼 실행: https://www.law.go.kr/admRulInfoP.do?admRulSeq=2100000186125
2025-09-19 23:20:56,739 - INFO - [scripts.adrule.logic.scraper] - 페이지로 이동 중: https://www.law.go.kr/admRulInfoP.do?admRulSeq=2100000186125
2025-09-19 23:20:57,494 - INFO - [scripts.adrule.logic.scraper] - 로딩 마스크가 나타나기를 기다리는 중...
2025-09-19 23:20:57,527 - INFO - [scripts.adrule.logic.scraper] - 로딩 마스크가 사라지기를 기다리는 중...
2025-09-19 23:20:57,744 - INFO - [scripts.adrule.logic.scraper] - 페이지 최종 렌더링을 잠시 대기합니다...
2025-09-19 23:20:58,751 - INFO - [scripts.adrule.logic.scraper] - 페이지 HTML 컨텐츠를 가져오는 중...
2025-09-19 23:20:58,771 - INFO - [scripts.adrule.logic.scraper] - 데이터 파싱 중...
2025-09-19 23:20:58,901 - INFO - [scripts.adrule.logic.scraper] - 유형 1: 정형화된 법령 구조 감지
2025-09-19 23:20:58,938 - INFO - [scripts.adrule.logic.scraper] - 데이터 1건을 '/Users/woong/Roeum/roeum-crawler/data/raw/adrule/1492000/저압산업용기계기구의 부속전기설비의 전기재해 예방을 위한 기술상의 지침_document.jsonl' 파일로 성공적으로 저장했습니다.
2025-09-19 23:20:58,939 - INFO - [scripts.adrule.logic.scraper] - 데이터 44건을 '/Users/woong/Roeum/roeum-crawler/data/raw/adrule/1492000/저압산업용기계기구의 부속전기설비의 전기재해 예방을 위한 기술상의 지침_chunks.jsonl' 파일로 성공적으로 저장했습니다.
2025-09-19 23:20:58,980 - INFO - [__main__] - 상세 페이지 스크레이퍼 완료: 저압산업용기계기구의 부속전기설비의 전기재해 예방을 위한 기술상의 지침
2025-09-19 23:21:00,635 - INFO - [__main__] - 상세 페이지 스크레이퍼 실행: https://www.law.go.kr/admRulInfoP.do?admRulSeq=2100000216224
2025-09-19 23:21:01,458 - INFO - [scripts.adrule.logic.scraper] - 페이지로 이동 중: https://www.law.go.kr/admRulInfoP.do?admRulSeq=2100000216224
2025-09-19 23:21:02,170 - INFO - [scripts.adrule.logic.scraper] - 로딩 마스크가 나타나기를 기다리는 중...
2025-09-19 23:21:02,214 - INFO - [scripts.adrule.logic.scraper] - 로딩 마스크가 사라지기를 기다리는 중...
2025-09-19 23:21:02,261 - INFO - [scripts.adrule.logic.scraper] - 페이지 최종 렌더링을 잠시 대기합니다...
2025-09-19 23:21:03,264 - INFO - [scripts.adrule.logic.scraper] - 페이지 HTML 컨텐츠를 가져오는 중...
2025-09-19 23:21:03,279 - INFO - [scripts.adrule.logic.scraper] - 데이터 파싱 중...
2025-09-19 23:21:03,327 - INFO - [scripts.adrule.logic.scraper] - 유형 1: 정형화된 법령 구조 감지
2025-09-19 23:21:03,333 - INFO - [scripts.adrule.logic.scraper] - 데이터 1건을 '/Users/woong/Roeum/roeum-crawler/data/raw/adrule/1492000/적립금운용위원회 구성에 관한 고시_document.jsonl' 파일로 성공적으로 저장했습니다.
2025-09-19 23:21:03,333 - INFO - [scripts.adrule.logic.scraper] - 데이터 3건을 '/Users/woong/Roeum/roeum-crawler/data/raw/adrule/1492000/적립금운용위원회 구성에 관한 고시_chunks.jsonl' 파일로 성공적으로 저장했습니다.
2025-09-19 23:21:03,379 - INFO - [__main__] - 상세 페이지 스크레이퍼 완료: 적립금운용위원회 구성에 관한 고시
2025-09-19 23:21:05,106 - INFO - [__main__] - 상세 페이지 스크레이퍼 실행: https://www.law.go.kr/admRulInfoP.do?admRulSeq=2100000251928
2025-09-19 23:21:05,524 - INFO - [scripts.adrule.logic.scraper] - 페이지로 이동 중: https://www.law.go.kr/admRulInfoP.do?admRulSeq=2100000251928
2025-09-19 23:21:06,194 - INFO - [scripts.adrule.logic.scraper] - 로딩 마스크가 나타나기를 기다리는 중...
2025-09-19 23:21:06,222 - INFO - [scripts.adrule.logic.scraper] - 로딩 마스크가 사라지기를 기다리는 중...
2025-09-19 23:21:07,016 - INFO - [scripts.adrule.logic.scraper] - 페이지 최종 렌더링을 잠시 대기합니다...
2025-09-19 23:21:08,020 - INFO - [scripts.adrule.logic.scraper] - 페이지 HTML 컨텐츠를 가져오는 중...
2025-09-19 23:21:08,031 - INFO - [scripts.adrule.logic.scraper] - 데이터 파싱 중...
2025-09-19 23:21:08,081 - INFO - [scripts.adrule.logic.scraper] - 유형 2: 텍스트 기반 비정형 구조 감지
2025-09-19 23:21:08,087 - INFO - [scripts.adrule.logic.scraper] - 데이터 1건을 '/Users/woong/Roeum/roeum-crawler/data/raw/adrule/1492000/전체 근로자의 임금 평균액의 증감률 및 소비자물가변동률_document.jsonl' 파일로 성공적으로 저장했습니다.
2025-09-19 23:21:08,088 - INFO - [scripts.adrule.logic.scraper] - 데이터 2건을 '/Users/woong/Roeum/roeum-crawler/data/raw/adrule/1492000/전체 근로자의 임금 평균액의 증감률 및 소비자물가변동률_chunks.jsonl' 파일로 성공적으로 저장했습니다.
2025-09-19 23:21:08,113 - INFO - [__main__] - 상세 페이지 스크레이퍼 완료: 전체 근로자의 임금 평균액의 증감률 및 소비자물가변동률
2025-09-19 23:21:10,094 - INFO - [__main__] - 상세 페이지 스크레이퍼 실행: https://www.law.go.kr/admRulInfoP.do?admRulSeq=2100000186063
2025-09-19 23:21:10,565 - INFO - [scripts.adrule.logic.scraper] - 페이지로 이동 중: https://www.law.go.kr/admRulInfoP.do?admRulSeq=2100000186063
2025-09-19 23:21:11,263 - INFO - [scripts.adrule.logic.scraper] - 로딩 마스크가 나타나기를 기다리는 중...
2025-09-19 23:21:11,329 - INFO - [scripts.adrule.logic.scraper] - 로딩 마스크가 사라지기를 기다리는 중...
2025-09-19 23:21:11,436 - INFO - [scripts.adrule.logic.scraper] - 페이지 최종 렌더링을 잠시 대기합니다...
2025-09-19 23:21:12,445 - INFO - [scripts.adrule.logic.scraper] - 페이지 HTML 컨텐츠를 가져오는 중...
2025-09-19 23:21:12,455 - INFO - [scripts.adrule.logic.scraper] - 데이터 파싱 중...
2025-09-19 23:21:12,508 - INFO - [scripts.adrule.logic.scraper] - 유형 1: 정형화된 법령 구조 감지
2025-09-19 23:21:12,558 - INFO - [scripts.adrule.logic.scraper] - 데이터 1건을 '/Users/woong/Roeum/roeum-crawler/data/raw/adrule/1492000/정전기재해 예방을 위한 기술상의 지침_document.jsonl' 파일로 성공적으로 저장했습니다.
2025-09-19 23:21:12,559 - INFO - [scripts.adrule.logic.scraper] - 데이터 14건을 '/Users/woong/Roeum/roeum-crawler/data/raw/adrule/1492000/정전기재해 예방을 위한 기술상의 지침_chunks.jsonl' 파일로 성공적으로 저장했습니다.
2025-09-19 23:21:12,591 - INFO - [__main__] - 상세 페이지 스크레이퍼 완료: 정전기재해 예방을 위한 기술상의 지침
2025-09-19 23:21:14,388 - INFO - [__main__] - 상세 페이지 스크레이퍼 실행: https://www.law.go.kr/admRulInfoP.do?admRulSeq=2100000186126
2025-09-19 23:21:14,958 - INFO - [scripts.adrule.logic.scraper] - 페이지로 이동 중: https://www.law.go.kr/admRulInfoP.do?admRulSeq=2100000186126
2025-09-19 23:21:16,079 - INFO - [scripts.adrule.logic.scraper] - 로딩 마스크가 나타나기를 기다리는 중...
2025-09-19 23:21:16,112 - INFO - [scripts.adrule.logic.scraper] - 로딩 마스크가 사라지기를 기다리는 중...
2025-09-19 23:21:16,308 - INFO - [scripts.adrule.logic.scraper] - 페이지 최종 렌더링을 잠시 대기합니다...
2025-09-19 23:21:17,312 - INFO - [scripts.adrule.logic.scraper] - 페이지 HTML 컨텐츠를 가져오는 중...
2025-09-19 23:21:17,326 - INFO - [scripts.adrule.logic.scraper] - 데이터 파싱 중...
2025-09-19 23:21:17,433 - INFO - [scripts.adrule.logic.scraper] - 유형 1: 정형화된 법령 구조 감지
2025-09-19 23:21:17,482 - INFO - [scripts.adrule.logic.scraper] - 데이터 1건을 '/Users/woong/Roeum/roeum-crawler/data/raw/adrule/1492000/제1차 금속산업 안전작업지침_document.jsonl' 파일로 성공적으로 저장했습니다.
2025-09-19 23:21:17,484 - INFO - [scripts.adrule.logic.scraper] - 데이터 77건을 '/Users/woong/Roeum/roeum-crawler/data/raw/adrule/1492000/제1차 금속산업 안전작업지침_chunks.jsonl' 파일로 성공적으로 저장했습니다.
2025-09-19 23:21:17,518 - INFO - [__main__] - 상세 페이지 스크레이퍼 완료: 제1차 금속산업 안전작업지침
2025-09-19 23:21:19,364 - INFO - [__main__] - 상세 페이지 스크레이퍼 실행: https://www.law.go.kr/admRulInfoP.do?admRulSeq=2100000230218
2025-09-19 23:21:19,803 - INFO - [scripts.adrule.logic.scraper] - 페이지로 이동 중: https://www.law.go.kr/admRulInfoP.do?admRulSeq=2100000230218
2025-09-19 23:21:20,565 - INFO - [scripts.adrule.logic.scraper] - 로딩 마스크가 나타나기를 기다리는 중...
2025-09-19 23:21:20,595 - INFO - [scripts.adrule.logic.scraper] - 로딩 마스크가 사라지기를 기다리는 중...
2025-09-19 23:21:20,801 - INFO - [scripts.adrule.logic.scraper] - 페이지 최종 렌더링을 잠시 대기합니다...
2025-09-19 23:21:21,802 - INFO - [scripts.adrule.logic.scraper] - 페이지 HTML 컨텐츠를 가져오는 중...
2025-09-19 23:21:21,811 - INFO - [scripts.adrule.logic.scraper] - 데이터 파싱 중...
2025-09-19 23:21:21,884 - INFO - [scripts.adrule.logic.scraper] - 유형 1: 정형화된 법령 구조 감지
2025-09-19 23:21:21,906 - INFO - [scripts.adrule.logic.scraper] - 데이터 1건을 '/Users/woong/Roeum/roeum-crawler/data/raw/adrule/1492000/제조업 등 유해·위험방지계획서 제출·심사·확인에 관한 고시_document.jsonl' 파일로 성공적으로 저장했습니다.
2025-09-19 23:21:21,907 - INFO - [scripts.adrule.logic.scraper] - 데이터 15건을 '/Users/woong/Roeum/roeum-crawler/data/raw/adrule/1492000/제조업 등 유해·위험방지계획서 제출·심사·확인에 관한 고시_chunks.jsonl' 파일로 성공적으로 저장했습니다.
2025-09-19 23:21:21,931 - INFO - [__main__] - 상세 페이지 스크레이퍼 완료: 제조업 등 유해·위험방지계획서 제출·심사·확인에 관한 고시
2025-09-19 23:21:23,514 - INFO - [__main__] - 상세 페이지 스크레이퍼 실행: https://www.law.go.kr/admRulInfoP.do?admRulSeq=2100000251270
2025-09-19 23:21:23,885 - INFO - [scripts.adrule.logic.scraper] - 페이지로 이동 중: https://www.law.go.kr/admRulInfoP.do?admRulSeq=2100000251270
2025-09-19 23:21:24,523 - INFO - [scripts.adrule.logic.scraper] - 로딩 마스크가 나타나기를 기다리는 중...
2025-09-19 23:21:24,563 - INFO - [scripts.adrule.logic.scraper] - 로딩 마스크가 사라지기를 기다리는 중...
2025-09-19 23:21:24,657 - INFO - [scripts.adrule.logic.scraper] - 페이지 최종 렌더링을 잠시 대기합니다...
2025-09-19 23:21:25,671 - INFO - [scripts.adrule.logic.scraper] - 페이지 HTML 컨텐츠를 가져오는 중...
2025-09-19 23:21:25,703 - INFO - [scripts.adrule.logic.scraper] - 데이터 파싱 중...
2025-09-19 23:21:25,786 - INFO - [scripts.adrule.logic.scraper] - 유형 2: 텍스트 기반 비정형 구조 감지
2025-09-19 23:21:25,795 - INFO - [scripts.adrule.logic.scraper] - 데이터 1건을 '/Users/woong/Roeum/roeum-crawler/data/raw/adrule/1492000/조기재취업 수당 지급제외 대상에 해당하는 임금액 고시_document.jsonl' 파일로 성공적으로 저장했습니다.
2025-09-19 23:21:25,799 - INFO - [scripts.adrule.logic.scraper] - 데이터 1건을 '/Users/woong/Roeum/roeum-crawler/data/raw/adrule/1492000/조기재취업 수당 지급제외 대상에 해당하는 임금액 고시_chunks.jsonl' 파일로 성공적으로 저장했습니다.
2025-09-19 23:21:25,877 - INFO - [__main__] - 상세 페이지 스크레이퍼 완료: 조기재취업 수당 지급제외 대상에 해당하는 임금액 고시
2025-09-19 23:21:28,190 - INFO - [__main__] - 상세 페이지 스크레이퍼 실행: https://www.law.go.kr/admRulInfoP.do?admRulSeq=2100000081374
2025-09-19 23:21:28,818 - INFO - [scripts.adrule.logic.scraper] - 페이지로 이동 중: https://www.law.go.kr/admRulInfoP.do?admRulSeq=2100000081374
2025-09-19 23:21:29,472 - INFO - [scripts.adrule.logic.scraper] - 로딩 마스크가 나타나기를 기다리는 중...
2025-09-19 23:21:30,491 - WARNING - [scripts.adrule.logic.scraper] - 로딩 마스크가 감지되지 않았습니다. 페이지 로드가 완료된 것으로 간주하고 계속 진행합니다.
2025-09-19 23:21:30,491 - INFO - [scripts.adrule.logic.scraper] - 페이지 최종 렌더링을 잠시 대기합니다...
2025-09-19 23:21:31,508 - INFO - [scripts.adrule.logic.scraper] - 페이지 HTML 컨텐츠를 가져오는 중...
2025-09-19 23:21:31,534 - INFO - [scripts.adrule.logic.scraper] - 데이터 파싱 중...
2025-09-19 23:21:31,589 - INFO - [scripts.adrule.logic.scraper] - 유형 2: 텍스트 기반 비정형 구조 감지
2025-09-19 23:21:31,594 - INFO - [scripts.adrule.logic.scraper] - 데이터 1건을 '/Users/woong/Roeum/roeum-crawler/data/raw/adrule/1492000/주로 하나의 사업자로부터 업무를 의뢰받아 퀵서비스 또는 대리운전업무를 하는 사람의 기준(퀵서비스기사 및 대리운전기사의 전속성 기준)_document.jsonl' 파일로 성공적으로 저장했습니다.
2025-09-19 23:21:31,594 - INFO - [scripts.adrule.logic.scraper] - 데이터 3건을 '/Users/woong/Roeum/roeum-crawler/data/raw/adrule/1492000/주로 하나의 사업자로부터 업무를 의뢰받아 퀵서비스 또는 대리운전업무를 하는 사람의 기준(퀵서비스기사 및 대리운전기사의 전속성 기준)_chunks.jsonl' 파일로 성공적으로 저장했습니다.
2025-09-19 23:21:31,645 - INFO - [__main__] - 상세 페이지 스크레이퍼 완료: 주로 하나의 사업자로부터 업무를 의뢰받아 퀵서비스 또는 대리운전업무를 하는 사람의 기준(퀵서비스기사 및 대리운전기사의 전속성 기준)
2025-09-19 23:21:33,622 - INFO - [__main__] - 상세 페이지 스크레이퍼 실행: https://www.law.go.kr/admRulInfoP.do?admRulSeq=2100000112608
2025-09-19 23:21:34,063 - INFO - [scripts.adrule.logic.scraper] - 페이지로 이동 중: https://www.law.go.kr/admRulInfoP.do?admRulSeq=2100000112608
2025-09-19 23:21:34,671 - INFO - [scripts.adrule.logic.scraper] - 로딩 마스크가 나타나기를 기다리는 중...
2025-09-19 23:21:34,708 - INFO - [scripts.adrule.logic.scraper] - 로딩 마스크가 사라지기를 기다리는 중...
2025-09-19 23:21:34,794 - INFO - [scripts.adrule.logic.scraper] - 페이지 최종 렌더링을 잠시 대기합니다...
2025-09-19 23:21:35,801 - INFO - [scripts.adrule.logic.scraper] - 페이지 HTML 컨텐츠를 가져오는 중...
2025-09-19 23:21:35,823 - INFO - [scripts.adrule.logic.scraper] - 데이터 파싱 중...
2025-09-19 23:21:35,878 - INFO - [scripts.adrule.logic.scraper] - 유형 2: 텍스트 기반 비정형 구조 감지
2025-09-19 23:21:35,885 - INFO - [scripts.adrule.logic.scraper] - 데이터 1건을 '/Users/woong/Roeum/roeum-crawler/data/raw/adrule/1492000/준고령자·고령자 우선고용직종_document.jsonl' 파일로 성공적으로 저장했습니다.
2025-09-19 23:21:35,885 - INFO - [scripts.adrule.logic.scraper] - 데이터 1건을 '/Users/woong/Roeum/roeum-crawler/data/raw/adrule/1492000/준고령자·고령자 우선고용직종_chunks.jsonl' 파일로 성공적으로 저장했습니다.
2025-09-19 23:21:35,930 - INFO - [__main__] - 상세 페이지 스크레이퍼 완료: 준고령자·고령자 우선고용직종
2025-09-19 23:21:37,769 - INFO - [__main__] - 상세 페이지 스크레이퍼 실행: https://www.law.go.kr/admRulInfoP.do?admRulSeq=2100000222646
2025-09-19 23:21:38,354 - INFO - [scripts.adrule.logic.scraper] - 페이지로 이동 중: https://www.law.go.kr/admRulInfoP.do?admRulSeq=2100000222646
2025-09-19 23:21:38,951 - INFO - [scripts.adrule.logic.scraper] - 로딩 마스크가 나타나기를 기다리는 중...
2025-09-19 23:21:38,971 - INFO - [scripts.adrule.logic.scraper] - 로딩 마스크가 사라지기를 기다리는 중...
2025-09-19 23:21:39,051 - INFO - [scripts.adrule.logic.scraper] - 페이지 최종 렌더링을 잠시 대기합니다...
2025-09-19 23:21:40,061 - INFO - [scripts.adrule.logic.scraper] - 페이지 HTML 컨텐츠를 가져오는 중...
2025-09-19 23:21:40,118 - INFO - [scripts.adrule.logic.scraper] - 데이터 파싱 중...
2025-09-19 23:21:40,217 - INFO - [scripts.adrule.logic.scraper] - 유형 1: 정형화된 법령 구조 감지
2025-09-19 23:21:40,292 - INFO - [scripts.adrule.logic.scraper] - 데이터 1건을 '/Users/woong/Roeum/roeum-crawler/data/raw/adrule/1492000/중대산업사고 예방센터 운영규정_document.jsonl' 파일로 성공적으로 저장했습니다.
2025-09-19 23:21:40,293 - INFO - [scripts.adrule.logic.scraper] - 데이터 13건을 '/Users/woong/Roeum/roeum-crawler/data/raw/adrule/1492000/중대산업사고 예방센터 운영규정_chunks.jsonl' 파일로 성공적으로 저장했습니다.
2025-09-19 23:21:40,337 - INFO - [__main__] - 상세 페이지 스크레이퍼 완료: 중대산업사고 예방센터 운영규정
2025-09-19 23:21:42,271 - INFO - [__main__] - 상세 페이지 스크레이퍼 실행: https://www.law.go.kr/admRulInfoP.do?admRulSeq=2100000208762
2025-09-19 23:21:42,940 - INFO - [scripts.adrule.logic.scraper] - 페이지로 이동 중: https://www.law.go.kr/admRulInfoP.do?admRulSeq=2100000208762
2025-09-19 23:21:43,634 - INFO - [scripts.adrule.logic.scraper] - 로딩 마스크가 나타나기를 기다리는 중...
2025-09-19 23:21:43,682 - INFO - [scripts.adrule.logic.scraper] - 로딩 마스크가 사라지기를 기다리는 중...
2025-09-19 23:21:43,746 - INFO - [scripts.adrule.logic.scraper] - 페이지 최종 렌더링을 잠시 대기합니다...
2025-09-19 23:21:44,752 - INFO - [scripts.adrule.logic.scraper] - 페이지 HTML 컨텐츠를 가져오는 중...
2025-09-19 23:21:44,763 - INFO - [scripts.adrule.logic.scraper] - 데이터 파싱 중...
2025-09-19 23:21:44,810 - INFO - [scripts.adrule.logic.scraper] - 유형 1: 정형화된 법령 구조 감지
2025-09-19 23:21:44,866 - INFO - [scripts.adrule.logic.scraper] - 데이터 1건을 '/Users/woong/Roeum/roeum-crawler/data/raw/adrule/1492000/중대산업재해 수사심의위원회 및 자문단의 구성·운영에 관한 규칙_document.jsonl' 파일로 성공적으로 저장했습니다.
2025-09-19 23:21:44,866 - INFO - [scripts.adrule.logic.scraper] - 데이터 20건을 '/Users/woong/Roeum/roeum-crawler/data/raw/adrule/1492000/중대산업재해 수사심의위원회 및 자문단의 구성·운영에 관한 규칙_chunks.jsonl' 파일로 성공적으로 저장했습니다.
2025-09-19 23:21:44,903 - INFO - [__main__] - 상세 페이지 스크레이퍼 완료: 중대산업재해 수사심의위원회 및 자문단의 구성·운영에 관한 규칙
2025-09-19 23:21:46,705 - INFO - [__main__] - 상세 페이지 스크레이퍼 실행: https://www.law.go.kr/admRulInfoP.do?admRulSeq=2200000107259
2025-09-19 23:21:47,184 - INFO - [scripts.adrule.logic.scraper] - 페이지로 이동 중: https://www.law.go.kr/admRulInfoP.do?admRulSeq=2200000107259
2025-09-19 23:21:47,882 - INFO - [scripts.adrule.logic.scraper] - 로딩 마스크가 나타나기를 기다리는 중...
2025-09-19 23:21:47,918 - INFO - [scripts.adrule.logic.scraper] - 로딩 마스크가 사라지기를 기다리는 중...
2025-09-19 23:21:48,108 - INFO - [scripts.adrule.logic.scraper] - 페이지 최종 렌더링을 잠시 대기합니다...
2025-09-19 23:21:49,114 - INFO - [scripts.adrule.logic.scraper] - 페이지 HTML 컨텐츠를 가져오는 중...
2025-09-19 23:21:49,139 - INFO - [scripts.adrule.logic.scraper] - 데이터 파싱 중...
2025-09-19 23:21:49,228 - INFO - [scripts.adrule.logic.scraper] - 유형 1: 정형화된 법령 구조 감지
2025-09-19 23:21:49,240 - INFO - [scripts.adrule.logic.scraper] - 데이터 1건을 '/Users/woong/Roeum/roeum-crawler/data/raw/adrule/1492000/중대재해 감축 로드맵 이행 추진단의 설치 및 운영에 관한 규정_document.jsonl' 파일로 성공적으로 저장했습니다.
2025-09-19 23:21:49,241 - INFO - [scripts.adrule.logic.scraper] - 데이터 10건을 '/Users/woong/Roeum/roeum-crawler/data/raw/adrule/1492000/중대재해 감축 로드맵 이행 추진단의 설치 및 운영에 관한 규정_chunks.jsonl' 파일로 성공적으로 저장했습니다.
2025-09-19 23:21:49,274 - INFO - [__main__] - 상세 페이지 스크레이퍼 완료: 중대재해 감축 로드맵 이행 추진단의 설치 및 운영에 관한 규정
2025-09-19 23:21:50,921 - INFO - [__main__] - 상세 페이지 스크레이퍼 실행: https://www.law.go.kr/admRulInfoP.do?admRulSeq=2100000261426
2025-09-19 23:21:51,397 - INFO - [scripts.adrule.logic.scraper] - 페이지로 이동 중: https://www.law.go.kr/admRulInfoP.do?admRulSeq=2100000261426
2025-09-19 23:21:52,000 - INFO - [scripts.adrule.logic.scraper] - 로딩 마스크가 나타나기를 기다리는 중...
2025-09-19 23:21:52,023 - INFO - [scripts.adrule.logic.scraper] - 로딩 마스크가 사라지기를 기다리는 중...
2025-09-19 23:21:52,103 - INFO - [scripts.adrule.logic.scraper] - 페이지 최종 렌더링을 잠시 대기합니다...
2025-09-19 23:21:53,106 - INFO - [scripts.adrule.logic.scraper] - 페이지 HTML 컨텐츠를 가져오는 중...
2025-09-19 23:21:53,114 - INFO - [scripts.adrule.logic.scraper] - 데이터 파싱 중...
2025-09-19 23:21:53,169 - INFO - [scripts.adrule.logic.scraper] - 유형 1: 정형화된 법령 구조 감지
2025-09-19 23:21:53,192 - INFO - [scripts.adrule.logic.scraper] - 데이터 1건을 '/Users/woong/Roeum/roeum-crawler/data/raw/adrule/1492000/중복된 장애의 합산 판정 기준 및 중증장애인 확인 고시_document.jsonl' 파일로 성공적으로 저장했습니다.
2025-09-19 23:21:53,200 - INFO - [scripts.adrule.logic.scraper] - 데이터 7건을 '/Users/woong/Roeum/roeum-crawler/data/raw/adrule/1492000/중복된 장애의 합산 판정 기준 및 중증장애인 확인 고시_chunks.jsonl' 파일로 성공적으로 저장했습니다.
2025-09-19 23:21:53,234 - INFO - [__main__] - 상세 페이지 스크레이퍼 완료: 중복된 장애의 합산 판정 기준 및 중증장애인 확인 고시
2025-09-19 23:21:54,791 - INFO - [__main__] - 상세 페이지 스크레이퍼 실행: https://www.law.go.kr/admRulInfoP.do?admRulSeq=2100000251894
2025-09-19 23:21:55,413 - INFO - [scripts.adrule.logic.scraper] - 페이지로 이동 중: https://www.law.go.kr/admRulInfoP.do?admRulSeq=2100000251894
2025-09-19 23:21:56,049 - INFO - [scripts.adrule.logic.scraper] - 로딩 마스크가 나타나기를 기다리는 중...
2025-09-19 23:21:56,093 - INFO - [scripts.adrule.logic.scraper] - 로딩 마스크가 사라지기를 기다리는 중...
2025-09-19 23:21:56,113 - INFO - [scripts.adrule.logic.scraper] - 페이지 최종 렌더링을 잠시 대기합니다...
2025-09-19 23:21:57,134 - INFO - [scripts.adrule.logic.scraper] - 페이지 HTML 컨텐츠를 가져오는 중...
2025-09-19 23:21:57,144 - INFO - [scripts.adrule.logic.scraper] - 데이터 파싱 중...
2025-09-19 23:21:57,185 - INFO - [scripts.adrule.logic.scraper] - 유형 2: 텍스트 기반 비정형 구조 감지
2025-09-19 23:21:57,191 - INFO - [scripts.adrule.logic.scraper] - 데이터 1건을 '/Users/woong/Roeum/roeum-crawler/data/raw/adrule/1492000/중·소기업 사업주에 대한 산재보험료 및 보험급여 산정의 기초가 되는 보수액 및 평균임금_document.jsonl' 파일로 성공적으로 저장했습니다.
2025-09-19 23:21:57,192 - INFO - [scripts.adrule.logic.scraper] - 데이터 1건을 '/Users/woong/Roeum/roeum-crawler/data/raw/adrule/1492000/중·소기업 사업주에 대한 산재보험료 및 보험급여 산정의 기초가 되는 보수액 및 평균임금_chunks.jsonl' 파일로 성공적으로 저장했습니다.
2025-09-19 23:21:57,232 - INFO - [__main__] - 상세 페이지 스크레이퍼 완료: 중·소기업 사업주에 대한 산재보험료 및 보험급여 산정의 기초가 되는 보수액 및 평균임금
2025-09-19 23:21:59,187 - INFO - [__main__] - 상세 페이지 스크레이퍼 실행: https://www.law.go.kr/admRulInfoP.do?admRulSeq=2100000236562
2025-09-19 23:21:59,819 - INFO - [scripts.adrule.logic.scraper] - 페이지로 이동 중: https://www.law.go.kr/admRulInfoP.do?admRulSeq=2100000236562
2025-09-19 23:22:00,502 - INFO - [scripts.adrule.logic.scraper] - 로딩 마스크가 나타나기를 기다리는 중...
2025-09-19 23:22:00,532 - INFO - [scripts.adrule.logic.scraper] - 로딩 마스크가 사라지기를 기다리는 중...
2025-09-19 23:22:00,713 - INFO - [scripts.adrule.logic.scraper] - 페이지 최종 렌더링을 잠시 대기합니다...
2025-09-19 23:22:01,719 - INFO - [scripts.adrule.logic.scraper] - 페이지 HTML 컨텐츠를 가져오는 중...
2025-09-19 23:22:01,754 - INFO - [scripts.adrule.logic.scraper] - 데이터 파싱 중...
2025-09-19 23:22:01,854 - INFO - [scripts.adrule.logic.scraper] - 유형 1: 정형화된 법령 구조 감지
2025-09-19 23:22:01,955 - INFO - [scripts.adrule.logic.scraper] - 데이터 1건을 '/Users/woong/Roeum/roeum-crawler/data/raw/adrule/1492000/중소기업 직업능력개발 지원사업 실시규정_document.jsonl' 파일로 성공적으로 저장했습니다.
2025-09-19 23:22:01,956 - INFO - [scripts.adrule.logic.scraper] - 데이터 12건을 '/Users/woong/Roeum/roeum-crawler/data/raw/adrule/1492000/중소기업 직업능력개발 지원사업 실시규정_chunks.jsonl' 파일로 성공적으로 저장했습니다.
2025-09-19 23:22:02,020 - INFO - [__main__] - 상세 페이지 스크레이퍼 완료: 중소기업 직업능력개발 지원사업 실시규정
2025-09-19 23:22:03,788 - INFO - [__main__] - 상세 페이지 스크레이퍼 실행: https://www.law.go.kr/admRulInfoP.do?admRulSeq=2100000252388
2025-09-19 23:22:04,356 - INFO - [scripts.adrule.logic.scraper] - 페이지로 이동 중: https://www.law.go.kr/admRulInfoP.do?admRulSeq=2100000252388
2025-09-19 23:22:05,011 - INFO - [scripts.adrule.logic.scraper] - 로딩 마스크가 나타나기를 기다리는 중...
2025-09-19 23:22:05,034 - INFO - [scripts.adrule.logic.scraper] - 로딩 마스크가 사라지기를 기다리는 중...
2025-09-19 23:22:05,828 - INFO - [scripts.adrule.logic.scraper] - 페이지 최종 렌더링을 잠시 대기합니다...
2025-09-19 23:22:06,835 - INFO - [scripts.adrule.logic.scraper] - 페이지 HTML 컨텐츠를 가져오는 중...
2025-09-19 23:22:06,858 - INFO - [scripts.adrule.logic.scraper] - 데이터 파싱 중...
2025-09-19 23:22:06,918 - INFO - [scripts.adrule.logic.scraper] - 유형 1: 정형화된 법령 구조 감지
2025-09-19 23:22:06,937 - INFO - [scripts.adrule.logic.scraper] - 데이터 1건을 '/Users/woong/Roeum/roeum-crawler/data/raw/adrule/1492000/중소기업퇴직연금기금제도 지원 등에 관한 고시_document.jsonl' 파일로 성공적으로 저장했습니다.
2025-09-19 23:22:06,937 - INFO - [scripts.adrule.logic.scraper] - 데이터 8건을 '/Users/woong/Roeum/roeum-crawler/data/raw/adrule/1492000/중소기업퇴직연금기금제도 지원 등에 관한 고시_chunks.jsonl' 파일로 성공적으로 저장했습니다.
2025-09-19 23:22:07,029 - INFO - [__main__] - 상세 페이지 스크레이퍼 완료: 중소기업퇴직연금기금제도 지원 등에 관한 고시
2025-09-19 23:22:08,731 - INFO - [__main__] - 상세 페이지 스크레이퍼 실행: https://www.law.go.kr/admRulInfoP.do?admRulSeq=2100000257486
2025-09-19 23:22:09,165 - INFO - [scripts.adrule.logic.scraper] - 페이지로 이동 중: https://www.law.go.kr/admRulInfoP.do?admRulSeq=2100000257486
2025-09-19 23:22:09,769 - INFO - [scripts.adrule.logic.scraper] - 로딩 마스크가 나타나기를 기다리는 중...
2025-09-19 23:22:09,789 - INFO - [scripts.adrule.logic.scraper] - 로딩 마스크가 사라지기를 기다리는 중...
2025-09-19 23:22:09,994 - INFO - [scripts.adrule.logic.scraper] - 페이지 최종 렌더링을 잠시 대기합니다...
2025-09-19 23:22:11,001 - INFO - [scripts.adrule.logic.scraper] - 페이지 HTML 컨텐츠를 가져오는 중...
2025-09-19 23:22:11,021 - INFO - [scripts.adrule.logic.scraper] - 데이터 파싱 중...
2025-09-19 23:22:11,165 - INFO - [scripts.adrule.logic.scraper] - 유형 1: 정형화된 법령 구조 감지
2025-09-19 23:22:11,257 - INFO - [scripts.adrule.logic.scraper] - 데이터 1건을 '/Users/woong/Roeum/roeum-crawler/data/raw/adrule/1492000/지역실업자직업훈련 실시규정_document.jsonl' 파일로 성공적으로 저장했습니다.
2025-09-19 23:22:11,258 - INFO - [scripts.adrule.logic.scraper] - 데이터 31건을 '/Users/woong/Roeum/roeum-crawler/data/raw/adrule/1492000/지역실업자직업훈련 실시규정_chunks.jsonl' 파일로 성공적으로 저장했습니다.
2025-09-19 23:22:11,361 - INFO - [__main__] - 상세 페이지 스크레이퍼 완료: 지역실업자직업훈련 실시규정
2025-09-19 23:22:13,271 - INFO - [__main__] - 상세 페이지 스크레이퍼 실행: https://www.law.go.kr/admRulInfoP.do?admRulSeq=2100000217805
2025-09-19 23:22:13,855 - INFO - [scripts.adrule.logic.scraper] - 페이지로 이동 중: https://www.law.go.kr/admRulInfoP.do?admRulSeq=2100000217805
2025-09-19 23:22:14,587 - INFO - [scripts.adrule.logic.scraper] - 로딩 마스크가 나타나기를 기다리는 중...
2025-09-19 23:22:14,657 - INFO - [scripts.adrule.logic.scraper] - 로딩 마스크가 사라지기를 기다리는 중...
2025-09-19 23:22:14,748 - INFO - [scripts.adrule.logic.scraper] - 페이지 최종 렌더링을 잠시 대기합니다...
2025-09-19 23:22:15,756 - INFO - [scripts.adrule.logic.scraper] - 페이지 HTML 컨텐츠를 가져오는 중...
2025-09-19 23:22:15,762 - INFO - [scripts.adrule.logic.scraper] - 데이터 파싱 중...
2025-09-19 23:22:15,792 - INFO - [scripts.adrule.logic.scraper] - 유형 2: 텍스트 기반 비정형 구조 감지
2025-09-19 23:22:15,798 - INFO - [scripts.adrule.logic.scraper] - 데이터 1건을 '/Users/woong/Roeum/roeum-crawler/data/raw/adrule/1492000/지원금 등의 상호조정 비율_document.jsonl' 파일로 성공적으로 저장했습니다.
2025-09-19 23:22:15,798 - INFO - [scripts.adrule.logic.scraper] - 데이터 1건을 '/Users/woong/Roeum/roeum-crawler/data/raw/adrule/1492000/지원금 등의 상호조정 비율_chunks.jsonl' 파일로 성공적으로 저장했습니다.
2025-09-19 23:22:15,824 - INFO - [__main__] - 상세 페이지 스크레이퍼 완료: 지원금 등의 상호조정 비율
2025-09-19 23:22:17,578 - INFO - [__main__] - 상세 페이지 스크레이퍼 실행: https://www.law.go.kr/admRulInfoP.do?admRulSeq=2100000209206
2025-09-19 23:22:18,056 - INFO - [scripts.adrule.logic.scraper] - 페이지로 이동 중: https://www.law.go.kr/admRulInfoP.do?admRulSeq=2100000209206
2025-09-19 23:22:18,720 - INFO - [scripts.adrule.logic.scraper] - 로딩 마스크가 나타나기를 기다리는 중...
2025-09-19 23:22:18,756 - INFO - [scripts.adrule.logic.scraper] - 로딩 마스크가 사라지기를 기다리는 중...
2025-09-19 23:22:18,943 - INFO - [scripts.adrule.logic.scraper] - 페이지 최종 렌더링을 잠시 대기합니다...
2025-09-19 23:22:19,950 - INFO - [scripts.adrule.logic.scraper] - 페이지 HTML 컨텐츠를 가져오는 중...
2025-09-19 23:22:19,972 - INFO - [scripts.adrule.logic.scraper] - 데이터 파싱 중...
2025-09-19 23:22:20,039 - INFO - [scripts.adrule.logic.scraper] - 유형 1: 정형화된 법령 구조 감지
2025-09-19 23:22:20,069 - INFO - [scripts.adrule.logic.scraper] - 데이터 1건을 '/Users/woong/Roeum/roeum-crawler/data/raw/adrule/1492000/지정직업훈련시설의 인력, 시설·장비 요건 등에 관한 규정_document.jsonl' 파일로 성공적으로 저장했습니다.
2025-09-19 23:22:20,070 - INFO - [scripts.adrule.logic.scraper] - 데이터 8건을 '/Users/woong/Roeum/roeum-crawler/data/raw/adrule/1492000/지정직업훈련시설의 인력, 시설·장비 요건 등에 관한 규정_chunks.jsonl' 파일로 성공적으로 저장했습니다.
2025-09-19 23:22:20,126 - INFO - [__main__] - 상세 페이지 스크레이퍼 완료: 지정직업훈련시설의 인력, 시설·장비 요건 등에 관한 규정
2025-09-19 23:22:21,960 - INFO - [__main__] - 상세 페이지 스크레이퍼 실행: https://www.law.go.kr/admRulInfoP.do?admRulSeq=2100000209211
2025-09-19 23:22:22,392 - INFO - [scripts.adrule.logic.scraper] - 페이지로 이동 중: https://www.law.go.kr/admRulInfoP.do?admRulSeq=2100000209211
2025-09-19 23:22:23,041 - INFO - [scripts.adrule.logic.scraper] - 로딩 마스크가 나타나기를 기다리는 중...
2025-09-19 23:22:23,064 - INFO - [scripts.adrule.logic.scraper] - 로딩 마스크가 사라지기를 기다리는 중...
2025-09-19 23:22:23,249 - INFO - [scripts.adrule.logic.scraper] - 페이지 최종 렌더링을 잠시 대기합니다...
2025-09-19 23:22:24,251 - INFO - [scripts.adrule.logic.scraper] - 페이지 HTML 컨텐츠를 가져오는 중...
2025-09-19 23:22:24,257 - INFO - [scripts.adrule.logic.scraper] - 데이터 파싱 중...
2025-09-19 23:22:24,302 - INFO - [scripts.adrule.logic.scraper] - 유형 2: 텍스트 기반 비정형 구조 감지
2025-09-19 23:22:24,314 - INFO - [scripts.adrule.logic.scraper] - 데이터 1건을 '/Users/woong/Roeum/roeum-crawler/data/raw/adrule/1492000/직업능력개발수당 고시_document.jsonl' 파일로 성공적으로 저장했습니다.
2025-09-19 23:22:24,316 - INFO - [scripts.adrule.logic.scraper] - 데이터 2건을 '/Users/woong/Roeum/roeum-crawler/data/raw/adrule/1492000/직업능력개발수당 고시_chunks.jsonl' 파일로 성공적으로 저장했습니다.
2025-09-19 23:22:24,347 - INFO - [__main__] - 상세 페이지 스크레이퍼 완료: 직업능력개발수당 고시
2025-09-19 23:22:26,006 - INFO - [__main__] - 상세 페이지 스크레이퍼 실행: https://www.law.go.kr/admRulInfoP.do?admRulSeq=2100000235674
2025-09-19 23:22:26,504 - INFO - [scripts.adrule.logic.scraper] - 페이지로 이동 중: https://www.law.go.kr/admRulInfoP.do?admRulSeq=2100000235674
2025-09-19 23:22:27,236 - INFO - [scripts.adrule.logic.scraper] - 로딩 마스크가 나타나기를 기다리는 중...
2025-09-19 23:22:27,288 - INFO - [scripts.adrule.logic.scraper] - 로딩 마스크가 사라지기를 기다리는 중...
2025-09-19 23:22:27,394 - INFO - [scripts.adrule.logic.scraper] - 페이지 최종 렌더링을 잠시 대기합니다...
2025-09-19 23:22:28,404 - INFO - [scripts.adrule.logic.scraper] - 페이지 HTML 컨텐츠를 가져오는 중...
2025-09-19 23:22:28,433 - INFO - [scripts.adrule.logic.scraper] - 데이터 파싱 중...
2025-09-19 23:22:28,560 - INFO - [scripts.adrule.logic.scraper] - 유형 1: 정형화된 법령 구조 감지
2025-09-19 23:22:28,681 - INFO - [scripts.adrule.logic.scraper] - 데이터 1건을 '/Users/woong/Roeum/roeum-crawler/data/raw/adrule/1492000/직업능력개발훈련 교·강사의 보수교육에 관한 운영규정_document.jsonl' 파일로 성공적으로 저장했습니다.
2025-09-19 23:22:28,684 - INFO - [scripts.adrule.logic.scraper] - 데이터 14건을 '/Users/woong/Roeum/roeum-crawler/data/raw/adrule/1492000/직업능력개발훈련 교·강사의 보수교육에 관한 운영규정_chunks.jsonl' 파일로 성공적으로 저장했습니다.
2025-09-19 23:22:28,750 - INFO - [__main__] - 상세 페이지 스크레이퍼 완료: 직업능력개발훈련 교·강사의 보수교육에 관한 운영규정
2025-09-19 23:22:30,815 - INFO - [__main__] - 상세 페이지 스크레이퍼 실행: https://www.law.go.kr/admRulInfoP.do?admRulSeq=2100000209217
2025-09-19 23:22:31,315 - INFO - [scripts.adrule.logic.scraper] - 페이지로 이동 중: https://www.law.go.kr/admRulInfoP.do?admRulSeq=2100000209217
2025-09-19 23:22:31,999 - INFO - [scripts.adrule.logic.scraper] - 로딩 마스크가 나타나기를 기다리는 중...
2025-09-19 23:22:32,029 - INFO - [scripts.adrule.logic.scraper] - 로딩 마스크가 사라지기를 기다리는 중...
2025-09-19 23:22:32,220 - INFO - [scripts.adrule.logic.scraper] - 페이지 최종 렌더링을 잠시 대기합니다...
2025-09-19 23:22:33,223 - INFO - [scripts.adrule.logic.scraper] - 페이지 HTML 컨텐츠를 가져오는 중...
2025-09-19 23:22:33,230 - INFO - [scripts.adrule.logic.scraper] - 데이터 파싱 중...
2025-09-19 23:22:33,259 - INFO - [scripts.adrule.logic.scraper] - 유형 2: 텍스트 기반 비정형 구조 감지
2025-09-19 23:22:33,264 - INFO - [scripts.adrule.logic.scraper] - 데이터 1건을 '/Users/woong/Roeum/roeum-crawler/data/raw/adrule/1492000/직업능력개발훈련교사의 양성을 위한 훈련시설 또는 훈련과정을 설치·운영할 수 있는 법인·단체_document.jsonl' 파일로 성공적으로 저장했습니다.
2025-09-19 23:22:33,264 - INFO - [scripts.adrule.logic.scraper] - 데이터 1건을 '/Users/woong/Roeum/roeum-crawler/data/raw/adrule/1492000/직업능력개발훈련교사의 양성을 위한 훈련시설 또는 훈련과정을 설치·운영할 수 있는 법인·단체_chunks.jsonl' 파일로 성공적으로 저장했습니다.
2025-09-19 23:22:33,289 - INFO - [__main__] - 상세 페이지 스크레이퍼 완료: 직업능력개발훈련교사의 양성을 위한 훈련시설 또는 훈련과정을 설치·운영할 수 있는 법인·단체
2025-09-19 23:22:35,324 - INFO - [__main__] - 상세 페이지 스크레이퍼 실행: https://www.law.go.kr/admRulInfoP.do?admRulSeq=2100000256802
2025-09-19 23:22:35,826 - INFO - [scripts.adrule.logic.scraper] - 페이지로 이동 중: https://www.law.go.kr/admRulInfoP.do?admRulSeq=2100000256802
2025-09-19 23:22:36,462 - INFO - [scripts.adrule.logic.scraper] - 로딩 마스크가 나타나기를 기다리는 중...
2025-09-19 23:22:36,496 - INFO - [scripts.adrule.logic.scraper] - 로딩 마스크가 사라지기를 기다리는 중...
2025-09-19 23:22:36,681 - INFO - [scripts.adrule.logic.scraper] - 페이지 최종 렌더링을 잠시 대기합니다...
2025-09-19 23:22:37,688 - INFO - [scripts.adrule.logic.scraper] - 페이지 HTML 컨텐츠를 가져오는 중...
2025-09-19 23:22:37,701 - INFO - [scripts.adrule.logic.scraper] - 데이터 파싱 중...
2025-09-19 23:22:37,752 - INFO - [scripts.adrule.logic.scraper] - 유형 1: 정형화된 법령 구조 감지
2025-09-19 23:22:37,819 - INFO - [scripts.adrule.logic.scraper] - 데이터 1건을 '/Users/woong/Roeum/roeum-crawler/data/raw/adrule/1492000/직업능력개발훈련교사 자격기준_document.jsonl' 파일로 성공적으로 저장했습니다.
2025-09-19 23:22:37,819 - INFO - [scripts.adrule.logic.scraper] - 데이터 11건을 '/Users/woong/Roeum/roeum-crawler/data/raw/adrule/1492000/직업능력개발훈련교사 자격기준_chunks.jsonl' 파일로 성공적으로 저장했습니다.
2025-09-19 23:22:37,858 - INFO - [__main__] - 상세 페이지 스크레이퍼 완료: 직업능력개발훈련교사 자격기준
2025-09-19 23:22:39,411 - INFO - [__main__] - 상세 페이지 스크레이퍼 실행: https://www.law.go.kr/admRulInfoP.do?admRulSeq=2100000209226
2025-09-19 23:22:39,830 - INFO - [scripts.adrule.logic.scraper] - 페이지로 이동 중: https://www.law.go.kr/admRulInfoP.do?admRulSeq=2100000209226
2025-09-19 23:22:40,983 - INFO - [scripts.adrule.logic.scraper] - 로딩 마스크가 나타나기를 기다리는 중...
2025-09-19 23:22:41,041 - INFO - [scripts.adrule.logic.scraper] - 로딩 마스크가 사라지기를 기다리는 중...
2025-09-19 23:22:41,147 - INFO - [scripts.adrule.logic.scraper] - 페이지 최종 렌더링을 잠시 대기합니다...
2025-09-19 23:22:42,156 - INFO - [scripts.adrule.logic.scraper] - 페이지 HTML 컨텐츠를 가져오는 중...
2025-09-19 23:22:42,170 - INFO - [scripts.adrule.logic.scraper] - 데이터 파싱 중...
2025-09-19 23:22:42,226 - INFO - [scripts.adrule.logic.scraper] - 유형 1: 정형화된 법령 구조 감지
2025-09-19 23:22:42,286 - INFO - [scripts.adrule.logic.scraper] - 데이터 1건을 '/Users/woong/Roeum/roeum-crawler/data/raw/adrule/1492000/직업능력개발 훈련기관 지도·감독에 관한 규정_document.jsonl' 파일로 성공적으로 저장했습니다.
2025-09-19 23:22:42,287 - INFO - [scripts.adrule.logic.scraper] - 데이터 17건을 '/Users/woong/Roeum/roeum-crawler/data/raw/adrule/1492000/직업능력개발 훈련기관 지도·감독에 관한 규정_chunks.jsonl' 파일로 성공적으로 저장했습니다.
2025-09-19 23:22:42,320 - INFO - [__main__] - 상세 페이지 스크레이퍼 완료: 직업능력개발 훈련기관 지도·감독에 관한 규정
2025-09-19 23:22:44,632 - INFO - [__main__] - 상세 페이지 스크레이퍼 실행: https://www.law.go.kr/admRulInfoP.do?admRulSeq=2100000209224
2025-09-19 23:22:45,222 - INFO - [scripts.adrule.logic.scraper] - 페이지로 이동 중: https://www.law.go.kr/admRulInfoP.do?admRulSeq=2100000209224
2025-09-19 23:22:45,877 - INFO - [scripts.adrule.logic.scraper] - 로딩 마스크가 나타나기를 기다리는 중...
2025-09-19 23:22:45,912 - INFO - [scripts.adrule.logic.scraper] - 로딩 마스크가 사라지기를 기다리는 중...
2025-09-19 23:22:45,999 - INFO - [scripts.adrule.logic.scraper] - 페이지 최종 렌더링을 잠시 대기합니다...
2025-09-19 23:22:47,004 - INFO - [scripts.adrule.logic.scraper] - 페이지 HTML 컨텐츠를 가져오는 중...
2025-09-19 23:22:47,032 - INFO - [scripts.adrule.logic.scraper] - 데이터 파싱 중...
2025-09-19 23:22:47,159 - INFO - [scripts.adrule.logic.scraper] - 유형 1: 정형화된 법령 구조 감지
2025-09-19 23:22:47,186 - INFO - [scripts.adrule.logic.scraper] - 데이터 1건을 '/Users/woong/Roeum/roeum-crawler/data/raw/adrule/1492000/직업능력개발훈련 모니터링에 관한 규정_document.jsonl' 파일로 성공적으로 저장했습니다.
2025-09-19 23:22:47,187 - INFO - [scripts.adrule.logic.scraper] - 데이터 13건을 '/Users/woong/Roeum/roeum-crawler/data/raw/adrule/1492000/직업능력개발훈련 모니터링에 관한 규정_chunks.jsonl' 파일로 성공적으로 저장했습니다.
2025-09-19 23:22:47,227 - INFO - [__main__] - 상세 페이지 스크레이퍼 완료: 직업능력개발훈련 모니터링에 관한 규정
2025-09-19 23:22:49,039 - INFO - [__main__] - 상세 페이지 스크레이퍼 실행: https://www.law.go.kr/admRulInfoP.do?admRulSeq=2100000256800
2025-09-19 23:22:49,559 - INFO - [scripts.adrule.logic.scraper] - 페이지로 이동 중: https://www.law.go.kr/admRulInfoP.do?admRulSeq=2100000256800
2025-09-19 23:22:50,151 - INFO - [scripts.adrule.logic.scraper] - 로딩 마스크가 나타나기를 기다리는 중...
2025-09-19 23:22:50,172 - INFO - [scripts.adrule.logic.scraper] - 로딩 마스크가 사라지기를 기다리는 중...
2025-09-19 23:22:50,255 - INFO - [scripts.adrule.logic.scraper] - 페이지 최종 렌더링을 잠시 대기합니다...
2025-09-19 23:22:51,271 - INFO - [scripts.adrule.logic.scraper] - 페이지 HTML 컨텐츠를 가져오는 중...
2025-09-19 23:22:51,298 - INFO - [scripts.adrule.logic.scraper] - 데이터 파싱 중...
2025-09-19 23:22:51,372 - INFO - [scripts.adrule.logic.scraper] - 유형 2: 텍스트 기반 비정형 구조 감지
2025-09-19 23:22:51,379 - INFO - [scripts.adrule.logic.scraper] - 데이터 1건을 '/Users/woong/Roeum/roeum-crawler/data/raw/adrule/1492000/직업능력개발훈련의 직종별 훈련기준_document.jsonl' 파일로 성공적으로 저장했습니다.
2025-09-19 23:22:51,380 - INFO - [scripts.adrule.logic.scraper] - 데이터 2건을 '/Users/woong/Roeum/roeum-crawler/data/raw/adrule/1492000/직업능력개발훈련의 직종별 훈련기준_chunks.jsonl' 파일로 성공적으로 저장했습니다.
2025-09-19 23:22:51,421 - INFO - [__main__] - 상세 페이지 스크레이퍼 완료: 직업능력개발훈련의 직종별 훈련기준
2025-09-19 23:22:53,112 - INFO - [__main__] - 상세 페이지 스크레이퍼 실행: https://www.law.go.kr/admRulInfoP.do?admRulSeq=2100000217140
2025-09-19 23:22:53,564 - INFO - [scripts.adrule.logic.scraper] - 페이지로 이동 중: https://www.law.go.kr/admRulInfoP.do?admRulSeq=2100000217140
2025-09-19 23:22:54,205 - INFO - [scripts.adrule.logic.scraper] - 로딩 마스크가 나타나기를 기다리는 중...
2025-09-19 23:22:54,232 - INFO - [scripts.adrule.logic.scraper] - 로딩 마스크가 사라지기를 기다리는 중...
2025-09-19 23:22:54,422 - INFO - [scripts.adrule.logic.scraper] - 페이지 최종 렌더링을 잠시 대기합니다...
2025-09-19 23:22:55,425 - INFO - [scripts.adrule.logic.scraper] - 페이지 HTML 컨텐츠를 가져오는 중...
2025-09-19 23:22:55,445 - INFO - [scripts.adrule.logic.scraper] - 데이터 파싱 중...
2025-09-19 23:22:55,542 - INFO - [scripts.adrule.logic.scraper] - 유형 1: 정형화된 법령 구조 감지
2025-09-19 23:22:55,574 - INFO - [scripts.adrule.logic.scraper] - 데이터 1건을 '/Users/woong/Roeum/roeum-crawler/data/raw/adrule/1492000/직업능력개발훈련 품질관리에 관한 규정_document.jsonl' 파일로 성공적으로 저장했습니다.
2025-09-19 23:22:55,576 - INFO - [scripts.adrule.logic.scraper] - 데이터 42건을 '/Users/woong/Roeum/roeum-crawler/data/raw/adrule/1492000/직업능력개발훈련 품질관리에 관한 규정_chunks.jsonl' 파일로 성공적으로 저장했습니다.
2025-09-19 23:22:55,602 - INFO - [__main__] - 상세 페이지 스크레이퍼 완료: 직업능력개발훈련 품질관리에 관한 규정
2025-09-19 23:22:57,587 - INFO - [__main__] - 상세 페이지 스크레이퍼 실행: https://www.law.go.kr/admRulInfoP.do?admRulSeq=2100000229744
2025-09-19 23:22:58,147 - INFO - [scripts.adrule.logic.scraper] - 페이지로 이동 중: https://www.law.go.kr/admRulInfoP.do?admRulSeq=2100000229744
2025-09-19 23:22:59,011 - INFO - [scripts.adrule.logic.scraper] - 로딩 마스크가 나타나기를 기다리는 중...
2025-09-19 23:22:59,058 - INFO - [scripts.adrule.logic.scraper] - 로딩 마스크가 사라지기를 기다리는 중...
2025-09-19 23:22:59,156 - INFO - [scripts.adrule.logic.scraper] - 페이지 최종 렌더링을 잠시 대기합니다...
2025-09-19 23:23:00,161 - INFO - [scripts.adrule.logic.scraper] - 페이지 HTML 컨텐츠를 가져오는 중...
2025-09-19 23:23:00,202 - INFO - [scripts.adrule.logic.scraper] - 데이터 파싱 중...
2025-09-19 23:23:00,319 - INFO - [scripts.adrule.logic.scraper] - 유형 1: 정형화된 법령 구조 감지
2025-09-19 23:23:00,351 - INFO - [scripts.adrule.logic.scraper] - 데이터 1건을 '/Users/woong/Roeum/roeum-crawler/data/raw/adrule/1492000/직업능력정책 관련 법령에 따른 과태료의 가중처분에 관한 세부 지침_document.jsonl' 파일로 성공적으로 저장했습니다.
2025-09-19 23:23:00,352 - INFO - [scripts.adrule.logic.scraper] - 데이터 3건을 '/Users/woong/Roeum/roeum-crawler/data/raw/adrule/1492000/직업능력정책 관련 법령에 따른 과태료의 가중처분에 관한 세부 지침_chunks.jsonl' 파일로 성공적으로 저장했습니다.
2025-09-19 23:23:00,446 - INFO - [__main__] - 상세 페이지 스크레이퍼 완료: 직업능력정책 관련 법령에 따른 과태료의 가중처분에 관한 세부 지침
2025-09-19 23:23:02,704 - INFO - [__main__] - 상세 페이지 스크레이퍼 실행: https://www.law.go.kr/admRulInfoP.do?admRulSeq=2100000222712
2025-09-19 23:23:03,243 - INFO - [scripts.adrule.logic.scraper] - 페이지로 이동 중: https://www.law.go.kr/admRulInfoP.do?admRulSeq=2100000222712
2025-09-19 23:23:03,889 - INFO - [scripts.adrule.logic.scraper] - 로딩 마스크가 나타나기를 기다리는 중...
2025-09-19 23:23:03,915 - INFO - [scripts.adrule.logic.scraper] - 로딩 마스크가 사라지기를 기다리는 중...
2025-09-19 23:23:04,142 - INFO - [scripts.adrule.logic.scraper] - 페이지 최종 렌더링을 잠시 대기합니다...
2025-09-19 23:23:05,147 - INFO - [scripts.adrule.logic.scraper] - 페이지 HTML 컨텐츠를 가져오는 중...
2025-09-19 23:23:05,177 - INFO - [scripts.adrule.logic.scraper] - 데이터 파싱 중...
2025-09-19 23:23:05,391 - INFO - [scripts.adrule.logic.scraper] - 유형 1: 정형화된 법령 구조 감지
2025-09-19 23:23:05,427 - INFO - [scripts.adrule.logic.scraper] - 데이터 1건을 '/Users/woong/Roeum/roeum-crawler/data/raw/adrule/1492000/직업상담원 운영규정_document.jsonl' 파일로 성공적으로 저장했습니다.
2025-09-19 23:23:05,427 - INFO - [scripts.adrule.logic.scraper] - 데이터 29건을 '/Users/woong/Roeum/roeum-crawler/data/raw/adrule/1492000/직업상담원 운영규정_chunks.jsonl' 파일로 성공적으로 저장했습니다.
2025-09-19 23:23:05,458 - INFO - [__main__] - 상세 페이지 스크레이퍼 완료: 직업상담원 운영규정
2025-09-19 23:23:07,316 - INFO - [__main__] - 상세 페이지 스크레이퍼 실행: https://www.law.go.kr/admRulInfoP.do?admRulSeq=2100000037800
2025-09-19 23:23:07,961 - INFO - [scripts.adrule.logic.scraper] - 페이지로 이동 중: https://www.law.go.kr/admRulInfoP.do?admRulSeq=2100000037800
2025-09-19 23:23:08,708 - INFO - [scripts.adrule.logic.scraper] - 로딩 마스크가 나타나기를 기다리는 중...
2025-09-19 23:23:08,790 - INFO - [scripts.adrule.logic.scraper] - 로딩 마스크가 사라지기를 기다리는 중...
2025-09-19 23:23:08,799 - INFO - [scripts.adrule.logic.scraper] - 페이지 최종 렌더링을 잠시 대기합니다...
2025-09-19 23:23:09,802 - INFO - [scripts.adrule.logic.scraper] - 페이지 HTML 컨텐츠를 가져오는 중...
2025-09-19 23:23:09,820 - INFO - [scripts.adrule.logic.scraper] - 데이터 파싱 중...
2025-09-19 23:23:09,883 - INFO - [scripts.adrule.logic.scraper] - 유형 1: 정형화된 법령 구조 감지
2025-09-19 23:23:09,896 - INFO - [scripts.adrule.logic.scraper] - 데이터 1건을 '/Users/woong/Roeum/roeum-crawler/data/raw/adrule/1492000/직업소개 등 사업자협회의 공제사업에 관한 규정_document.jsonl' 파일로 성공적으로 저장했습니다.
2025-09-19 23:23:09,896 - INFO - [scripts.adrule.logic.scraper] - 데이터 7건을 '/Users/woong/Roeum/roeum-crawler/data/raw/adrule/1492000/직업소개 등 사업자협회의 공제사업에 관한 규정_chunks.jsonl' 파일로 성공적으로 저장했습니다.
2025-09-19 23:23:09,929 - INFO - [__main__] - 상세 페이지 스크레이퍼 완료: 직업소개 등 사업자협회의 공제사업에 관한 규정
2025-09-19 23:23:11,680 - INFO - [__main__] - 상세 페이지 스크레이퍼 실행: https://www.law.go.kr/admRulInfoP.do?admRulSeq=2100000209200
2025-09-19 23:23:12,282 - INFO - [scripts.adrule.logic.scraper] - 페이지로 이동 중: https://www.law.go.kr/admRulInfoP.do?admRulSeq=2100000209200
2025-09-19 23:23:13,002 - INFO - [scripts.adrule.logic.scraper] - 로딩 마스크가 나타나기를 기다리는 중...
2025-09-19 23:23:13,050 - INFO - [scripts.adrule.logic.scraper] - 로딩 마스크가 사라지기를 기다리는 중...
2025-09-19 23:23:13,211 - INFO - [scripts.adrule.logic.scraper] - 페이지 최종 렌더링을 잠시 대기합니다...
2025-09-19 23:23:14,223 - INFO - [scripts.adrule.logic.scraper] - 페이지 HTML 컨텐츠를 가져오는 중...
2025-09-19 23:23:14,246 - INFO - [scripts.adrule.logic.scraper] - 데이터 파싱 중...
2025-09-19 23:23:14,400 - INFO - [scripts.adrule.logic.scraper] - 유형 1: 정형화된 법령 구조 감지
2025-09-19 23:23:14,511 - INFO - [scripts.adrule.logic.scraper] - 데이터 1건을 '/Users/woong/Roeum/roeum-crawler/data/raw/adrule/1492000/직업소개 등 업무 처리 규정_document.jsonl' 파일로 성공적으로 저장했습니다.
2025-09-19 23:23:14,512 - INFO - [scripts.adrule.logic.scraper] - 데이터 21건을 '/Users/woong/Roeum/roeum-crawler/data/raw/adrule/1492000/직업소개 등 업무 처리 규정_chunks.jsonl' 파일로 성공적으로 저장했습니다.
2025-09-19 23:23:14,565 - INFO - [__main__] - 상세 페이지 스크레이퍼 완료: 직업소개 등 업무 처리 규정
2025-09-19 23:23:16,838 - INFO - [__main__] - 상세 페이지 스크레이퍼 실행: https://www.law.go.kr/admRulInfoP.do?admRulSeq=2100000209240
2025-09-19 23:23:17,281 - INFO - [scripts.adrule.logic.scraper] - 페이지로 이동 중: https://www.law.go.kr/admRulInfoP.do?admRulSeq=2100000209240
2025-09-19 23:23:17,932 - INFO - [scripts.adrule.logic.scraper] - 로딩 마스크가 나타나기를 기다리는 중...
2025-09-19 23:23:17,971 - INFO - [scripts.adrule.logic.scraper] - 로딩 마스크가 사라지기를 기다리는 중...
2025-09-19 23:23:18,053 - INFO - [scripts.adrule.logic.scraper] - 페이지 최종 렌더링을 잠시 대기합니다...
2025-09-19 23:23:19,056 - INFO - [scripts.adrule.logic.scraper] - 페이지 HTML 컨텐츠를 가져오는 중...
2025-09-19 23:23:19,077 - INFO - [scripts.adrule.logic.scraper] - 데이터 파싱 중...
2025-09-19 23:23:19,138 - INFO - [scripts.adrule.logic.scraper] - 유형 2: 텍스트 기반 비정형 구조 감지
2025-09-19 23:23:19,149 - INFO - [scripts.adrule.logic.scraper] - 데이터 1건을 '/Users/woong/Roeum/roeum-crawler/data/raw/adrule/1492000/직업재활급여 상한금액_document.jsonl' 파일로 성공적으로 저장했습니다.
2025-09-19 23:23:19,149 - INFO - [scripts.adrule.logic.scraper] - 데이터 2건을 '/Users/woong/Roeum/roeum-crawler/data/raw/adrule/1492000/직업재활급여 상한금액_chunks.jsonl' 파일로 성공적으로 저장했습니다.
2025-09-19 23:23:19,204 - INFO - [__main__] - 상세 페이지 스크레이퍼 완료: 직업재활급여 상한금액
2025-09-19 23:23:21,093 - INFO - [__main__] - 상세 페이지 스크레이퍼 실행: https://www.law.go.kr/admRulInfoP.do?admRulSeq=2000000011376
2025-09-19 23:23:21,670 - INFO - [scripts.adrule.logic.scraper] - 페이지로 이동 중: https://www.law.go.kr/admRulInfoP.do?admRulSeq=2000000011376
2025-09-19 23:23:22,587 - INFO - [scripts.adrule.logic.scraper] - 로딩 마스크가 나타나기를 기다리는 중...
2025-09-19 23:23:22,613 - INFO - [scripts.adrule.logic.scraper] - 로딩 마스크가 사라지기를 기다리는 중...
2025-09-19 23:23:22,799 - INFO - [scripts.adrule.logic.scraper] - 페이지 최종 렌더링을 잠시 대기합니다...
2025-09-19 23:23:23,803 - INFO - [scripts.adrule.logic.scraper] - 페이지 HTML 컨텐츠를 가져오는 중...
2025-09-19 23:23:23,832 - INFO - [scripts.adrule.logic.scraper] - 데이터 파싱 중...
2025-09-19 23:23:23,883 - INFO - [scripts.adrule.logic.scraper] - 유형 1: 정형화된 법령 구조 감지
2025-09-19 23:23:23,897 - INFO - [scripts.adrule.logic.scraper] - 데이터 1건을 '/Users/woong/Roeum/roeum-crawler/data/raw/adrule/1492000/직업적성검사업무처리규정_document.jsonl' 파일로 성공적으로 저장했습니다.
2025-09-19 23:23:23,898 - INFO - [scripts.adrule.logic.scraper] - 데이터 13건을 '/Users/woong/Roeum/roeum-crawler/data/raw/adrule/1492000/직업적성검사업무처리규정_chunks.jsonl' 파일로 성공적으로 저장했습니다.
2025-09-19 23:23:23,940 - INFO - [__main__] - 상세 페이지 스크레이퍼 완료: 직업적성검사업무처리규정
2025-09-19 23:23:25,515 - INFO - [__main__] - 상세 페이지 스크레이퍼 실행: https://www.law.go.kr/admRulInfoP.do?admRulSeq=2100000169910
2025-09-19 23:23:26,032 - INFO - [scripts.adrule.logic.scraper] - 페이지로 이동 중: https://www.law.go.kr/admRulInfoP.do?admRulSeq=2100000169910
2025-09-19 23:23:26,722 - INFO - [scripts.adrule.logic.scraper] - 로딩 마스크가 나타나기를 기다리는 중...
2025-09-19 23:23:26,749 - INFO - [scripts.adrule.logic.scraper] - 로딩 마스크가 사라지기를 기다리는 중...
2025-09-19 23:23:26,949 - INFO - [scripts.adrule.logic.scraper] - 페이지 최종 렌더링을 잠시 대기합니다...
2025-09-19 23:23:27,960 - INFO - [scripts.adrule.logic.scraper] - 페이지 HTML 컨텐츠를 가져오는 중...
2025-09-19 23:23:27,982 - INFO - [scripts.adrule.logic.scraper] - 데이터 파싱 중...
2025-09-19 23:23:28,053 - INFO - [scripts.adrule.logic.scraper] - 유형 1: 정형화된 법령 구조 감지
2025-09-19 23:23:28,074 - INFO - [scripts.adrule.logic.scraper] - 데이터 1건을 '/Users/woong/Roeum/roeum-crawler/data/raw/adrule/1492000/직업정보제공사업 신고업무 처리 규정_document.jsonl' 파일로 성공적으로 저장했습니다.
2025-09-19 23:23:28,075 - INFO - [scripts.adrule.logic.scraper] - 데이터 7건을 '/Users/woong/Roeum/roeum-crawler/data/raw/adrule/1492000/직업정보제공사업 신고업무 처리 규정_chunks.jsonl' 파일로 성공적으로 저장했습니다.
2025-09-19 23:23:28,112 - INFO - [__main__] - 상세 페이지 스크레이퍼 완료: 직업정보제공사업 신고업무 처리 규정
2025-09-19 23:23:30,102 - INFO - [__main__] - 상세 페이지 스크레이퍼 실행: https://www.law.go.kr/admRulInfoP.do?admRulSeq=2200000022888
2025-09-19 23:23:30,720 - INFO - [scripts.adrule.logic.scraper] - 페이지로 이동 중: https://www.law.go.kr/admRulInfoP.do?admRulSeq=2200000022888
2025-09-19 23:23:31,397 - INFO - [scripts.adrule.logic.scraper] - 로딩 마스크가 나타나기를 기다리는 중...
2025-09-19 23:23:31,461 - INFO - [scripts.adrule.logic.scraper] - 로딩 마스크가 사라지기를 기다리는 중...
2025-09-19 23:23:31,488 - INFO - [scripts.adrule.logic.scraper] - 페이지 최종 렌더링을 잠시 대기합니다...
2025-09-19 23:23:32,492 - INFO - [scripts.adrule.logic.scraper] - 페이지 HTML 컨텐츠를 가져오는 중...
2025-09-19 23:23:32,504 - INFO - [scripts.adrule.logic.scraper] - 데이터 파싱 중...
2025-09-19 23:23:32,555 - INFO - [scripts.adrule.logic.scraper] - 유형 1: 정형화된 법령 구조 감지
2025-09-19 23:23:32,573 - INFO - [scripts.adrule.logic.scraper] - 데이터 1건을 '/Users/woong/Roeum/roeum-crawler/data/raw/adrule/1492000/직업지도관 운영 규정_document.jsonl' 파일로 성공적으로 저장했습니다.
2025-09-19 23:23:32,573 - INFO - [scripts.adrule.logic.scraper] - 데이터 13건을 '/Users/woong/Roeum/roeum-crawler/data/raw/adrule/1492000/직업지도관 운영 규정_chunks.jsonl' 파일로 성공적으로 저장했습니다.
2025-09-19 23:23:32,607 - INFO - [__main__] - 상세 페이지 스크레이퍼 완료: 직업지도관 운영 규정
2025-09-19 23:23:34,353 - INFO - [__main__] - 상세 페이지 스크레이퍼 실행: https://www.law.go.kr/admRulInfoP.do?admRulSeq=2100000217653
2025-09-19 23:23:35,106 - INFO - [scripts.adrule.logic.scraper] - 페이지로 이동 중: https://www.law.go.kr/admRulInfoP.do?admRulSeq=2100000217653
2025-09-19 23:23:35,999 - INFO - [scripts.adrule.logic.scraper] - 로딩 마스크가 나타나기를 기다리는 중...
2025-09-19 23:23:36,051 - INFO - [scripts.adrule.logic.scraper] - 로딩 마스크가 사라지기를 기다리는 중...
2025-09-19 23:23:36,141 - INFO - [scripts.adrule.logic.scraper] - 페이지 최종 렌더링을 잠시 대기합니다...
2025-09-19 23:23:37,147 - INFO - [scripts.adrule.logic.scraper] - 페이지 HTML 컨텐츠를 가져오는 중...
2025-09-19 23:23:37,169 - INFO - [scripts.adrule.logic.scraper] - 데이터 파싱 중...
2025-09-19 23:23:37,228 - INFO - [scripts.adrule.logic.scraper] - 유형 2: 텍스트 기반 비정형 구조 감지
2025-09-19 23:23:37,233 - INFO - [scripts.adrule.logic.scraper] - 데이터 1건을 '/Users/woong/Roeum/roeum-crawler/data/raw/adrule/1492000/직업훈련개발 훈련 거부에 따른 구직급여 지급 정지기간 고시_document.jsonl' 파일로 성공적으로 저장했습니다.
2025-09-19 23:23:37,233 - INFO - [scripts.adrule.logic.scraper] - 데이터 2건을 '/Users/woong/Roeum/roeum-crawler/data/raw/adrule/1492000/직업훈련개발 훈련 거부에 따른 구직급여 지급 정지기간 고시_chunks.jsonl' 파일로 성공적으로 저장했습니다.
2025-09-19 23:23:37,279 - INFO - [__main__] - 상세 페이지 스크레이퍼 완료: 직업훈련개발 훈련 거부에 따른 구직급여 지급 정지기간 고시
2025-09-19 23:23:39,048 - INFO - [__main__] - 상세 페이지 스크레이퍼 실행: https://www.law.go.kr/admRulInfoP.do?admRulSeq=2100000243350
2025-09-19 23:23:39,688 - INFO - [scripts.adrule.logic.scraper] - 페이지로 이동 중: https://www.law.go.kr/admRulInfoP.do?admRulSeq=2100000243350
2025-09-19 23:23:40,406 - INFO - [scripts.adrule.logic.scraper] - 로딩 마스크가 나타나기를 기다리는 중...
2025-09-19 23:23:40,435 - INFO - [scripts.adrule.logic.scraper] - 로딩 마스크가 사라지기를 기다리는 중...
2025-09-19 23:23:40,662 - INFO - [scripts.adrule.logic.scraper] - 페이지 최종 렌더링을 잠시 대기합니다...
2025-09-19 23:23:41,663 - INFO - [scripts.adrule.logic.scraper] - 페이지 HTML 컨텐츠를 가져오는 중...
2025-09-19 23:23:41,672 - INFO - [scripts.adrule.logic.scraper] - 데이터 파싱 중...
2025-09-19 23:23:41,760 - INFO - [scripts.adrule.logic.scraper] - 유형 1: 정형화된 법령 구조 감지
2025-09-19 23:23:41,787 - INFO - [scripts.adrule.logic.scraper] - 데이터 1건을 '/Users/woong/Roeum/roeum-crawler/data/raw/adrule/1492000/직업훈련 생계비 대부 규정_document.jsonl' 파일로 성공적으로 저장했습니다.
2025-09-19 23:23:41,788 - INFO - [scripts.adrule.logic.scraper] - 데이터 20건을 '/Users/woong/Roeum/roeum-crawler/data/raw/adrule/1492000/직업훈련 생계비 대부 규정_chunks.jsonl' 파일로 성공적으로 저장했습니다.
2025-09-19 23:23:41,813 - INFO - [__main__] - 상세 페이지 스크레이퍼 완료: 직업훈련 생계비 대부 규정
2025-09-19 23:23:43,432 - INFO - [__main__] - 상세 페이지 스크레이퍼 실행: https://www.law.go.kr/admRulInfoP.do?admRulSeq=2100000252780
2025-09-19 23:23:43,891 - INFO - [scripts.adrule.logic.scraper] - 페이지로 이동 중: https://www.law.go.kr/admRulInfoP.do?admRulSeq=2100000252780
2025-09-19 23:23:44,657 - INFO - [scripts.adrule.logic.scraper] - 로딩 마스크가 나타나기를 기다리는 중...
2025-09-19 23:23:44,729 - INFO - [scripts.adrule.logic.scraper] - 로딩 마스크가 사라지기를 기다리는 중...
2025-09-19 23:23:44,830 - INFO - [scripts.adrule.logic.scraper] - 페이지 최종 렌더링을 잠시 대기합니다...
2025-09-19 23:23:45,840 - INFO - [scripts.adrule.logic.scraper] - 페이지 HTML 컨텐츠를 가져오는 중...
2025-09-19 23:23:45,853 - INFO - [scripts.adrule.logic.scraper] - 데이터 파싱 중...
2025-09-19 23:23:45,912 - INFO - [scripts.adrule.logic.scraper] - 유형 1: 정형화된 법령 구조 감지
2025-09-19 23:23:45,972 - INFO - [scripts.adrule.logic.scraper] - 데이터 1건을 '/Users/woong/Roeum/roeum-crawler/data/raw/adrule/1492000/직장 내 장애인 인식개선 교육 규정_document.jsonl' 파일로 성공적으로 저장했습니다.
2025-09-19 23:23:45,973 - INFO - [scripts.adrule.logic.scraper] - 데이터 25건을 '/Users/woong/Roeum/roeum-crawler/data/raw/adrule/1492000/직장 내 장애인 인식개선 교육 규정_chunks.jsonl' 파일로 성공적으로 저장했습니다.
2025-09-19 23:23:46,005 - INFO - [__main__] - 상세 페이지 스크레이퍼 완료: 직장 내 장애인 인식개선 교육 규정
2025-09-19 23:23:47,950 - INFO - [__main__] - 상세 페이지 스크레이퍼 실행: https://www.law.go.kr/admRulInfoP.do?admRulSeq=2100000264056
2025-09-19 23:23:48,554 - INFO - [scripts.adrule.logic.scraper] - 페이지로 이동 중: https://www.law.go.kr/admRulInfoP.do?admRulSeq=2100000264056
2025-09-19 23:23:49,232 - INFO - [scripts.adrule.logic.scraper] - 로딩 마스크가 나타나기를 기다리는 중...
2025-09-19 23:23:49,265 - INFO - [scripts.adrule.logic.scraper] - 로딩 마스크가 사라지기를 기다리는 중...
2025-09-19 23:23:50,070 - INFO - [scripts.adrule.logic.scraper] - 페이지 최종 렌더링을 잠시 대기합니다...
2025-09-19 23:23:51,077 - INFO - [scripts.adrule.logic.scraper] - 페이지 HTML 컨텐츠를 가져오는 중...
2025-09-19 23:23:51,104 - INFO - [scripts.adrule.logic.scraper] - 데이터 파싱 중...
2025-09-19 23:23:51,266 - INFO - [scripts.adrule.logic.scraper] - 유형 1: 정형화된 법령 구조 감지
2025-09-19 23:23:51,389 - INFO - [scripts.adrule.logic.scraper] - 데이터 1건을 '/Users/woong/Roeum/roeum-crawler/data/raw/adrule/1492000/직장어린이집 등 설치·운영 규정_document.jsonl' 파일로 성공적으로 저장했습니다.
2025-09-19 23:23:51,390 - INFO - [scripts.adrule.logic.scraper] - 데이터 80건을 '/Users/woong/Roeum/roeum-crawler/data/raw/adrule/1492000/직장어린이집 등 설치·운영 규정_chunks.jsonl' 파일로 성공적으로 저장했습니다.
2025-09-19 23:23:51,440 - INFO - [__main__] - 상세 페이지 스크레이퍼 완료: 직장어린이집 등 설치·운영 규정
2025-09-19 23:23:53,202 - INFO - [__main__] - 상세 페이지 스크레이퍼 실행: https://www.law.go.kr/admRulInfoP.do?admRulSeq=2100000264060
2025-09-19 23:23:53,667 - INFO - [scripts.adrule.logic.scraper] - 페이지로 이동 중: https://www.law.go.kr/admRulInfoP.do?admRulSeq=2100000264060
2025-09-19 23:23:54,402 - INFO - [scripts.adrule.logic.scraper] - 로딩 마스크가 나타나기를 기다리는 중...
2025-09-19 23:23:54,448 - INFO - [scripts.adrule.logic.scraper] - 로딩 마스크가 사라지기를 기다리는 중...
2025-09-19 23:23:54,547 - INFO - [scripts.adrule.logic.scraper] - 페이지 최종 렌더링을 잠시 대기합니다...
2025-09-19 23:23:55,557 - INFO - [scripts.adrule.logic.scraper] - 페이지 HTML 컨텐츠를 가져오는 중...
2025-09-19 23:23:55,571 - INFO - [scripts.adrule.logic.scraper] - 데이터 파싱 중...
2025-09-19 23:23:55,624 - INFO - [scripts.adrule.logic.scraper] - 유형 2: 텍스트 기반 비정형 구조 감지
2025-09-19 23:23:55,635 - INFO - [scripts.adrule.logic.scraper] - 데이터 1건을 '/Users/woong/Roeum/roeum-crawler/data/raw/adrule/1492000/직장어린이집 보육교사 등 인건비 및 우선지원 대상기업 운영비 지원에 관한 규정_document.jsonl' 파일로 성공적으로 저장했습니다.
2025-09-19 23:23:55,636 - INFO - [scripts.adrule.logic.scraper] - 데이터 1건을 '/Users/woong/Roeum/roeum-crawler/data/raw/adrule/1492000/직장어린이집 보육교사 등 인건비 및 우선지원 대상기업 운영비 지원에 관한 규정_chunks.jsonl' 파일로 성공적으로 저장했습니다.
2025-09-19 23:23:55,686 - INFO - [__main__] - 상세 페이지 스크레이퍼 완료: 직장어린이집 보육교사 등 인건비 및 우선지원 대상기업 운영비 지원에 관한 규정
2025-09-19 23:23:57,335 - INFO - [__main__] - 상세 페이지 스크레이퍼 실행: https://www.law.go.kr/admRulInfoP.do?admRulSeq=2000000021546
2025-09-19 23:23:57,923 - INFO - [scripts.adrule.logic.scraper] - 페이지로 이동 중: https://www.law.go.kr/admRulInfoP.do?admRulSeq=2000000021546
2025-09-19 23:23:58,633 - INFO - [scripts.adrule.logic.scraper] - 로딩 마스크가 나타나기를 기다리는 중...
2025-09-19 23:23:58,672 - INFO - [scripts.adrule.logic.scraper] - 로딩 마스크가 사라지기를 기다리는 중...
2025-09-19 23:23:58,707 - INFO - [scripts.adrule.logic.scraper] - 페이지 최종 렌더링을 잠시 대기합니다...
2025-09-19 23:23:59,712 - INFO - [scripts.adrule.logic.scraper] - 페이지 HTML 컨텐츠를 가져오는 중...
2025-09-19 23:23:59,730 - INFO - [scripts.adrule.logic.scraper] - 데이터 파싱 중...
2025-09-19 23:23:59,841 - INFO - [scripts.adrule.logic.scraper] - 유형 2: 텍스트 기반 비정형 구조 감지
2025-09-19 23:23:59,850 - INFO - [scripts.adrule.logic.scraper] - 데이터 1건을 '/Users/woong/Roeum/roeum-crawler/data/raw/adrule/1492000/진단수당_document.jsonl' 파일로 성공적으로 저장했습니다.
2025-09-19 23:23:59,851 - INFO - [scripts.adrule.logic.scraper] - 데이터 1건을 '/Users/woong/Roeum/roeum-crawler/data/raw/adrule/1492000/진단수당_chunks.jsonl' 파일로 성공적으로 저장했습니다.
2025-09-19 23:23:59,920 - INFO - [__main__] - 상세 페이지 스크레이퍼 완료: 진단수당
2025-09-19 23:24:02,279 - INFO - [__main__] - 상세 페이지 스크레이퍼 실행: https://www.law.go.kr/admRulInfoP.do?admRulSeq=2100000243786
2025-09-19 23:24:02,907 - INFO - [scripts.adrule.logic.scraper] - 페이지로 이동 중: https://www.law.go.kr/admRulInfoP.do?admRulSeq=2100000243786
2025-09-19 23:24:03,652 - INFO - [scripts.adrule.logic.scraper] - 로딩 마스크가 나타나기를 기다리는 중...
2025-09-19 23:24:03,689 - INFO - [scripts.adrule.logic.scraper] - 로딩 마스크가 사라지기를 기다리는 중...
2025-09-19 23:24:03,800 - INFO - [scripts.adrule.logic.scraper] - 페이지 최종 렌더링을 잠시 대기합니다...
2025-09-19 23:24:04,820 - INFO - [scripts.adrule.logic.scraper] - 페이지 HTML 컨텐츠를 가져오는 중...
2025-09-19 23:24:04,851 - INFO - [scripts.adrule.logic.scraper] - 데이터 파싱 중...
2025-09-19 23:24:05,022 - INFO - [scripts.adrule.logic.scraper] - 유형 1: 정형화된 법령 구조 감지
2025-09-19 23:24:05,061 - INFO - [scripts.adrule.logic.scraper] - 데이터 1건을 '/Users/woong/Roeum/roeum-crawler/data/raw/adrule/1492000/진폐건강진단 실시 및 관리규정_document.jsonl' 파일로 성공적으로 저장했습니다.
2025-09-19 23:24:05,062 - INFO - [scripts.adrule.logic.scraper] - 데이터 30건을 '/Users/woong/Roeum/roeum-crawler/data/raw/adrule/1492000/진폐건강진단 실시 및 관리규정_chunks.jsonl' 파일로 성공적으로 저장했습니다.
2025-09-19 23:24:05,100 - INFO - [__main__] - 상세 페이지 스크레이퍼 완료: 진폐건강진단 실시 및 관리규정
2025-09-19 23:24:06,716 - INFO - [__main__] - 상세 페이지 스크레이퍼 실행: https://www.law.go.kr/admRulInfoP.do?admRulSeq=2100000251898
2025-09-19 23:24:07,215 - INFO - [scripts.adrule.logic.scraper] - 페이지로 이동 중: https://www.law.go.kr/admRulInfoP.do?admRulSeq=2100000251898
2025-09-19 23:24:07,948 - INFO - [scripts.adrule.logic.scraper] - 로딩 마스크가 나타나기를 기다리는 중...
2025-09-19 23:24:07,971 - INFO - [scripts.adrule.logic.scraper] - 로딩 마스크가 사라지기를 기다리는 중...
2025-09-19 23:24:08,054 - INFO - [scripts.adrule.logic.scraper] - 페이지 최종 렌더링을 잠시 대기합니다...
2025-09-19 23:24:09,058 - INFO - [scripts.adrule.logic.scraper] - 페이지 HTML 컨텐츠를 가져오는 중...
2025-09-19 23:24:09,063 - INFO - [scripts.adrule.logic.scraper] - 데이터 파싱 중...
2025-09-19 23:24:09,090 - INFO - [scripts.adrule.logic.scraper] - 유형 2: 텍스트 기반 비정형 구조 감지
2025-09-19 23:24:09,094 - INFO - [scripts.adrule.logic.scraper] - 데이터 1건을 '/Users/woong/Roeum/roeum-crawler/data/raw/adrule/1492000/진폐고시임금_document.jsonl' 파일로 성공적으로 저장했습니다.
2025-09-19 23:24:09,094 - INFO - [scripts.adrule.logic.scraper] - 데이터 2건을 '/Users/woong/Roeum/roeum-crawler/data/raw/adrule/1492000/진폐고시임금_chunks.jsonl' 파일로 성공적으로 저장했습니다.
2025-09-19 23:24:09,116 - INFO - [__main__] - 상세 페이지 스크레이퍼 완료: 진폐고시임금
2025-09-19 23:24:10,706 - INFO - [__main__] - 상세 페이지 스크레이퍼 실행: https://www.law.go.kr/admRulInfoP.do?admRulSeq=2100000054851
2025-09-19 23:24:11,057 - INFO - [scripts.adrule.logic.scraper] - 페이지로 이동 중: https://www.law.go.kr/admRulInfoP.do?admRulSeq=2100000054851
2025-09-19 23:24:11,689 - INFO - [scripts.adrule.logic.scraper] - 로딩 마스크가 나타나기를 기다리는 중...
2025-09-19 23:24:11,711 - INFO - [scripts.adrule.logic.scraper] - 로딩 마스크가 사라지기를 기다리는 중...
2025-09-19 23:24:11,795 - INFO - [scripts.adrule.logic.scraper] - 페이지 최종 렌더링을 잠시 대기합니다...
2025-09-19 23:24:12,797 - INFO - [scripts.adrule.logic.scraper] - 페이지 HTML 컨텐츠를 가져오는 중...
2025-09-19 23:24:12,806 - INFO - [scripts.adrule.logic.scraper] - 데이터 파싱 중...
2025-09-19 23:24:12,848 - INFO - [scripts.adrule.logic.scraper] - 유형 1: 정형화된 법령 구조 감지
2025-09-19 23:24:12,857 - INFO - [scripts.adrule.logic.scraper] - 데이터 1건을 '/Users/woong/Roeum/roeum-crawler/data/raw/adrule/1492000/진폐업무 처리규정_document.jsonl' 파일로 성공적으로 저장했습니다.
2025-09-19 23:24:12,858 - INFO - [scripts.adrule.logic.scraper] - 데이터 7건을 '/Users/woong/Roeum/roeum-crawler/data/raw/adrule/1492000/진폐업무 처리규정_chunks.jsonl' 파일로 성공적으로 저장했습니다.
2025-09-19 23:24:12,890 - INFO - [__main__] - 상세 페이지 스크레이퍼 완료: 진폐업무 처리규정
2025-09-19 23:24:14,776 - INFO - [__main__] - 상세 페이지 스크레이퍼 실행: https://www.law.go.kr/admRulInfoP.do?admRulSeq=2100000182170
2025-09-19 23:24:15,530 - INFO - [scripts.adrule.logic.scraper] - 페이지로 이동 중: https://www.law.go.kr/admRulInfoP.do?admRulSeq=2100000182170
2025-09-19 23:24:16,219 - INFO - [scripts.adrule.logic.scraper] - 로딩 마스크가 나타나기를 기다리는 중...
2025-09-19 23:24:16,261 - INFO - [scripts.adrule.logic.scraper] - 로딩 마스크가 사라지기를 기다리는 중...
2025-09-19 23:24:16,346 - INFO - [scripts.adrule.logic.scraper] - 페이지 최종 렌더링을 잠시 대기합니다...
2025-09-19 23:24:17,351 - INFO - [scripts.adrule.logic.scraper] - 페이지 HTML 컨텐츠를 가져오는 중...
2025-09-19 23:24:17,379 - INFO - [scripts.adrule.logic.scraper] - 데이터 파싱 중...
2025-09-19 23:24:17,533 - INFO - [scripts.adrule.logic.scraper] - 유형 1: 정형화된 법령 구조 감지
2025-09-19 23:24:17,665 - INFO - [scripts.adrule.logic.scraper] - 데이터 1건을 '/Users/woong/Roeum/roeum-crawler/data/raw/adrule/1492000/채용절차 공정화 관련 신고사무 처리지침_document.jsonl' 파일로 성공적으로 저장했습니다.
2025-09-19 23:24:17,665 - INFO - [scripts.adrule.logic.scraper] - 데이터 12건을 '/Users/woong/Roeum/roeum-crawler/data/raw/adrule/1492000/채용절차 공정화 관련 신고사무 처리지침_chunks.jsonl' 파일로 성공적으로 저장했습니다.
2025-09-19 23:24:17,731 - INFO - [__main__] - 상세 페이지 스크레이퍼 완료: 채용절차 공정화 관련 신고사무 처리지침
2025-09-19 23:24:19,650 - INFO - [__main__] - 상세 페이지 스크레이퍼 실행: https://www.law.go.kr/admRulInfoP.do?admRulSeq=2100000229974
2025-09-19 23:24:20,547 - INFO - [scripts.adrule.logic.scraper] - 페이지로 이동 중: https://www.law.go.kr/admRulInfoP.do?admRulSeq=2100000229974
2025-09-19 23:24:21,402 - INFO - [scripts.adrule.logic.scraper] - 로딩 마스크가 나타나기를 기다리는 중...
2025-09-19 23:24:21,486 - INFO - [scripts.adrule.logic.scraper] - 로딩 마스크가 사라지기를 기다리는 중...
2025-09-19 23:24:21,518 - INFO - [scripts.adrule.logic.scraper] - 페이지 최종 렌더링을 잠시 대기합니다...
2025-09-19 23:24:22,522 - INFO - [scripts.adrule.logic.scraper] - 페이지 HTML 컨텐츠를 가져오는 중...
2025-09-19 23:24:22,537 - INFO - [scripts.adrule.logic.scraper] - 데이터 파싱 중...
2025-09-19 23:24:22,581 - INFO - [scripts.adrule.logic.scraper] - 유형 1: 정형화된 법령 구조 감지
2025-09-19 23:24:22,588 - INFO - [scripts.adrule.logic.scraper] - 데이터 1건을 '/Users/woong/Roeum/roeum-crawler/data/raw/adrule/1492000/채용절차의 공정화에 관한 법률에 따른 과태료의 가중처분에 관한 세부 지침_document.jsonl' 파일로 성공적으로 저장했습니다.
2025-09-19 23:24:22,589 - INFO - [scripts.adrule.logic.scraper] - 데이터 3건을 '/Users/woong/Roeum/roeum-crawler/data/raw/adrule/1492000/채용절차의 공정화에 관한 법률에 따른 과태료의 가중처분에 관한 세부 지침_chunks.jsonl' 파일로 성공적으로 저장했습니다.
2025-09-19 23:24:22,628 - INFO - [__main__] - 상세 페이지 스크레이퍼 완료: 채용절차의 공정화에 관한 법률에 따른 과태료의 가중처분에 관한 세부 지침
2025-09-19 23:24:24,536 - INFO - [__main__] - 상세 페이지 스크레이퍼 실행: https://www.law.go.kr/admRulInfoP.do?admRulSeq=2100000186061
2025-09-19 23:24:25,051 - INFO - [scripts.adrule.logic.scraper] - 페이지로 이동 중: https://www.law.go.kr/admRulInfoP.do?admRulSeq=2100000186061
2025-09-19 23:24:25,802 - INFO - [scripts.adrule.logic.scraper] - 로딩 마스크가 나타나기를 기다리는 중...
2025-09-19 23:24:25,832 - INFO - [scripts.adrule.logic.scraper] - 로딩 마스크가 사라지기를 기다리는 중...
2025-09-19 23:24:26,023 - INFO - [scripts.adrule.logic.scraper] - 페이지 최종 렌더링을 잠시 대기합니다...
2025-09-19 23:24:27,026 - INFO - [scripts.adrule.logic.scraper] - 페이지 HTML 컨텐츠를 가져오는 중...
2025-09-19 23:24:27,036 - INFO - [scripts.adrule.logic.scraper] - 데이터 파싱 중...
2025-09-19 23:24:27,076 - INFO - [scripts.adrule.logic.scraper] - 유형 1: 정형화된 법령 구조 감지
2025-09-19 23:24:27,117 - INFO - [scripts.adrule.logic.scraper] - 데이터 1건을 '/Users/woong/Roeum/roeum-crawler/data/raw/adrule/1492000/철강업에 있어서 수증기 폭발 및 고열물 접촉위험 방지를 위한 기술상의 지침_document.jsonl' 파일로 성공적으로 저장했습니다.
2025-09-19 23:24:27,117 - INFO - [scripts.adrule.logic.scraper] - 데이터 9건을 '/Users/woong/Roeum/roeum-crawler/data/raw/adrule/1492000/철강업에 있어서 수증기 폭발 및 고열물 접촉위험 방지를 위한 기술상의 지침_chunks.jsonl' 파일로 성공적으로 저장했습니다.
2025-09-19 23:24:27,148 - INFO - [__main__] - 상세 페이지 스크레이퍼 완료: 철강업에 있어서 수증기 폭발 및 고열물 접촉위험 방지를 위한 기술상의 지침
2025-09-19 23:24:29,159 - INFO - [__main__] - 상세 페이지 스크레이퍼 실행: https://www.law.go.kr/admRulInfoP.do?admRulSeq=2100000186037
2025-09-19 23:24:30,061 - INFO - [scripts.adrule.logic.scraper] - 페이지로 이동 중: https://www.law.go.kr/admRulInfoP.do?admRulSeq=2100000186037
2025-09-19 23:24:30,877 - INFO - [scripts.adrule.logic.scraper] - 로딩 마스크가 나타나기를 기다리는 중...
2025-09-19 23:24:30,944 - INFO - [scripts.adrule.logic.scraper] - 로딩 마스크가 사라지기를 기다리는 중...
2025-09-19 23:24:31,164 - INFO - [scripts.adrule.logic.scraper] - 페이지 최종 렌더링을 잠시 대기합니다...
2025-09-19 23:24:32,170 - INFO - [scripts.adrule.logic.scraper] - 페이지 HTML 컨텐츠를 가져오는 중...
2025-09-19 23:24:32,216 - INFO - [scripts.adrule.logic.scraper] - 데이터 파싱 중...
2025-09-19 23:24:32,462 - INFO - [scripts.adrule.logic.scraper] - 유형 1: 정형화된 법령 구조 감지
2025-09-19 23:24:32,580 - INFO - [scripts.adrule.logic.scraper] - 데이터 1건을 '/Users/woong/Roeum/roeum-crawler/data/raw/adrule/1492000/철골공사표준안전작업지침_document.jsonl' 파일로 성공적으로 저장했습니다.
2025-09-19 23:24:32,581 - INFO - [scripts.adrule.logic.scraper] - 데이터 17건을 '/Users/woong/Roeum/roeum-crawler/data/raw/adrule/1492000/철골공사표준안전작업지침_chunks.jsonl' 파일로 성공적으로 저장했습니다.
2025-09-19 23:24:32,626 - INFO - [__main__] - 상세 페이지 스크레이퍼 완료: 철골공사표준안전작업지침
2025-09-19 23:24:34,424 - INFO - [__main__] - 상세 페이지 스크레이퍼 실행: https://www.law.go.kr/admRulInfoP.do?admRulSeq=2100000229714
2025-09-19 23:24:34,910 - INFO - [scripts.adrule.logic.scraper] - 페이지로 이동 중: https://www.law.go.kr/admRulInfoP.do?admRulSeq=2100000229714
2025-09-19 23:24:35,640 - INFO - [scripts.adrule.logic.scraper] - 로딩 마스크가 나타나기를 기다리는 중...
2025-09-19 23:24:35,669 - INFO - [scripts.adrule.logic.scraper] - 로딩 마스크가 사라지기를 기다리는 중...
2025-09-19 23:24:35,748 - INFO - [scripts.adrule.logic.scraper] - 페이지 최종 렌더링을 잠시 대기합니다...
2025-09-19 23:24:36,752 - INFO - [scripts.adrule.logic.scraper] - 페이지 HTML 컨텐츠를 가져오는 중...
2025-09-19 23:24:36,774 - INFO - [scripts.adrule.logic.scraper] - 데이터 파싱 중...
2025-09-19 23:24:36,867 - INFO - [scripts.adrule.logic.scraper] - 유형 1: 정형화된 법령 구조 감지
2025-09-19 23:24:36,888 - INFO - [scripts.adrule.logic.scraper] - 데이터 1건을 '/Users/woong/Roeum/roeum-crawler/data/raw/adrule/1492000/「청년고용촉진 특별법」에 따른 과태료의 가중처분에 관한 세부 지침_document.jsonl' 파일로 성공적으로 저장했습니다.
2025-09-19 23:24:36,889 - INFO - [scripts.adrule.logic.scraper] - 데이터 3건을 '/Users/woong/Roeum/roeum-crawler/data/raw/adrule/1492000/「청년고용촉진 특별법」에 따른 과태료의 가중처분에 관한 세부 지침_chunks.jsonl' 파일로 성공적으로 저장했습니다.
2025-09-19 23:24:36,949 - INFO - [__main__] - 상세 페이지 스크레이퍼 완료: 「청년고용촉진 특별법」에 따른 과태료의 가중처분에 관한 세부 지침
2025-09-19 23:24:38,634 - INFO - [__main__] - 상세 페이지 스크레이퍼 실행: https://www.law.go.kr/admRulInfoP.do?admRulSeq=2100000055373
2025-09-19 23:24:39,115 - INFO - [scripts.adrule.logic.scraper] - 페이지로 이동 중: https://www.law.go.kr/admRulInfoP.do?admRulSeq=2100000055373
2025-09-19 23:24:39,860 - INFO - [scripts.adrule.logic.scraper] - 로딩 마스크가 나타나기를 기다리는 중...
2025-09-19 23:24:39,885 - INFO - [scripts.adrule.logic.scraper] - 로딩 마스크가 사라지기를 기다리는 중...
2025-09-19 23:24:40,072 - INFO - [scripts.adrule.logic.scraper] - 페이지 최종 렌더링을 잠시 대기합니다...
2025-09-19 23:24:41,076 - INFO - [scripts.adrule.logic.scraper] - 페이지 HTML 컨텐츠를 가져오는 중...
2025-09-19 23:24:41,087 - INFO - [scripts.adrule.logic.scraper] - 데이터 파싱 중...
2025-09-19 23:24:41,134 - INFO - [scripts.adrule.logic.scraper] - 유형 1: 정형화된 법령 구조 감지
2025-09-19 23:24:41,147 - INFO - [scripts.adrule.logic.scraper] - 데이터 1건을 '/Users/woong/Roeum/roeum-crawler/data/raw/adrule/1492000/청년고용촉진특별위원회 운영규정_document.jsonl' 파일로 성공적으로 저장했습니다.
2025-09-19 23:24:41,147 - INFO - [scripts.adrule.logic.scraper] - 데이터 11건을 '/Users/woong/Roeum/roeum-crawler/data/raw/adrule/1492000/청년고용촉진특별위원회 운영규정_chunks.jsonl' 파일로 성공적으로 저장했습니다.
2025-09-19 23:24:41,177 - INFO - [__main__] - 상세 페이지 스크레이퍼 완료: 청년고용촉진특별위원회 운영규정
2025-09-19 23:24:42,732 - INFO - [__main__] - 상세 페이지 스크레이퍼 실행: https://www.law.go.kr/admRulInfoP.do?admRulSeq=2100000209269
2025-09-19 23:24:43,069 - INFO - [scripts.adrule.logic.scraper] - 페이지로 이동 중: https://www.law.go.kr/admRulInfoP.do?admRulSeq=2100000209269
2025-09-19 23:24:43,769 - INFO - [scripts.adrule.logic.scraper] - 로딩 마스크가 나타나기를 기다리는 중...
2025-09-19 23:24:43,824 - INFO - [scripts.adrule.logic.scraper] - 로딩 마스크가 사라지기를 기다리는 중...
2025-09-19 23:24:44,015 - INFO - [scripts.adrule.logic.scraper] - 페이지 최종 렌더링을 잠시 대기합니다...
2025-09-19 23:24:45,027 - INFO - [scripts.adrule.logic.scraper] - 페이지 HTML 컨텐츠를 가져오는 중...
2025-09-19 23:24:45,050 - INFO - [scripts.adrule.logic.scraper] - 데이터 파싱 중...
2025-09-19 23:24:45,124 - INFO - [scripts.adrule.logic.scraper] - 유형 1: 정형화된 법령 구조 감지
2025-09-19 23:24:45,144 - INFO - [scripts.adrule.logic.scraper] - 데이터 1건을 '/Users/woong/Roeum/roeum-crawler/data/raw/adrule/1492000/청년취업아카데미 운영 규정_document.jsonl' 파일로 성공적으로 저장했습니다.
2025-09-19 23:24:45,144 - INFO - [scripts.adrule.logic.scraper] - 데이터 6건을 '/Users/woong/Roeum/roeum-crawler/data/raw/adrule/1492000/청년취업아카데미 운영 규정_chunks.jsonl' 파일로 성공적으로 저장했습니다.
2025-09-19 23:24:45,191 - INFO - [__main__] - 상세 페이지 스크레이퍼 완료: 청년취업아카데미 운영 규정
2025-09-19 23:24:47,683 - INFO - [__main__] - 상세 페이지 스크레이퍼 실행: https://www.law.go.kr/admRulInfoP.do?admRulSeq=2100000259936
2025-09-19 23:24:48,492 - INFO - [scripts.adrule.logic.scraper] - 페이지로 이동 중: https://www.law.go.kr/admRulInfoP.do?admRulSeq=2100000259936
2025-09-19 23:24:49,177 - INFO - [scripts.adrule.logic.scraper] - 로딩 마스크가 나타나기를 기다리는 중...
2025-09-19 23:24:49,205 - INFO - [scripts.adrule.logic.scraper] - 로딩 마스크가 사라지기를 기다리는 중...
2025-09-19 23:24:49,390 - INFO - [scripts.adrule.logic.scraper] - 페이지 최종 렌더링을 잠시 대기합니다...
2025-09-19 23:24:50,394 - INFO - [scripts.adrule.logic.scraper] - 페이지 HTML 컨텐츠를 가져오는 중...
2025-09-19 23:24:50,418 - INFO - [scripts.adrule.logic.scraper] - 데이터 파싱 중...
2025-09-19 23:24:50,524 - INFO - [scripts.adrule.logic.scraper] - 유형 1: 정형화된 법령 구조 감지
2025-09-19 23:24:50,604 - INFO - [scripts.adrule.logic.scraper] - 데이터 1건을 '/Users/woong/Roeum/roeum-crawler/data/raw/adrule/1492000/청사 임대차 계약에 관한 규정_document.jsonl' 파일로 성공적으로 저장했습니다.
2025-09-19 23:24:50,605 - INFO - [scripts.adrule.logic.scraper] - 데이터 12건을 '/Users/woong/Roeum/roeum-crawler/data/raw/adrule/1492000/청사 임대차 계약에 관한 규정_chunks.jsonl' 파일로 성공적으로 저장했습니다.
2025-09-19 23:24:50,650 - INFO - [__main__] - 상세 페이지 스크레이퍼 완료: 청사 임대차 계약에 관한 규정
2025-09-19 23:24:52,543 - INFO - [__main__] - 상세 페이지 스크레이퍼 실행: https://www.law.go.kr/admRulInfoP.do?admRulSeq=2100000223830
2025-09-19 23:24:53,276 - INFO - [scripts.adrule.logic.scraper] - 페이지로 이동 중: https://www.law.go.kr/admRulInfoP.do?admRulSeq=2100000223830
2025-09-19 23:24:54,009 - INFO - [scripts.adrule.logic.scraper] - 로딩 마스크가 나타나기를 기다리는 중...
2025-09-19 23:24:54,080 - INFO - [scripts.adrule.logic.scraper] - 로딩 마스크가 사라지기를 기다리는 중...
2025-09-19 23:24:54,093 - INFO - [scripts.adrule.logic.scraper] - 페이지 최종 렌더링을 잠시 대기합니다...
2025-09-19 23:24:55,098 - INFO - [scripts.adrule.logic.scraper] - 페이지 HTML 컨텐츠를 가져오는 중...
2025-09-19 23:24:55,109 - INFO - [scripts.adrule.logic.scraper] - 데이터 파싱 중...
2025-09-19 23:24:55,147 - INFO - [scripts.adrule.logic.scraper] - 유형 2: 텍스트 기반 비정형 구조 감지
2025-09-19 23:24:55,153 - INFO - [scripts.adrule.logic.scraper] - 데이터 1건을 '/Users/woong/Roeum/roeum-crawler/data/raw/adrule/1492000/체불 임금등 대지급금 관련업무 지원대상이 되는 퇴직한 근로자의 퇴직 전 월평균보수액_document.jsonl' 파일로 성공적으로 저장했습니다.
2025-09-19 23:24:55,153 - INFO - [scripts.adrule.logic.scraper] - 데이터 2건을 '/Users/woong/Roeum/roeum-crawler/data/raw/adrule/1492000/체불 임금등 대지급금 관련업무 지원대상이 되는 퇴직한 근로자의 퇴직 전 월평균보수액_chunks.jsonl' 파일로 성공적으로 저장했습니다.
2025-09-19 23:24:55,184 - INFO - [__main__] - 상세 페이지 스크레이퍼 완료: 체불 임금등 대지급금 관련업무 지원대상이 되는 퇴직한 근로자의 퇴직 전 월평균보수액
2025-09-19 23:24:57,081 - INFO - [__main__] - 상세 페이지 스크레이퍼 실행: https://www.law.go.kr/admRulInfoP.do?admRulSeq=2100000205348
2025-09-19 23:24:57,526 - INFO - [scripts.adrule.logic.scraper] - 페이지로 이동 중: https://www.law.go.kr/admRulInfoP.do?admRulSeq=2100000205348
2025-09-19 23:24:58,243 - INFO - [scripts.adrule.logic.scraper] - 로딩 마스크가 나타나기를 기다리는 중...
2025-09-19 23:24:58,320 - INFO - [scripts.adrule.logic.scraper] - 로딩 마스크가 사라지기를 기다리는 중...
2025-09-19 23:24:58,325 - INFO - [scripts.adrule.logic.scraper] - 페이지 최종 렌더링을 잠시 대기합니다...
2025-09-19 23:24:59,335 - INFO - [scripts.adrule.logic.scraper] - 페이지 HTML 컨텐츠를 가져오는 중...
2025-09-19 23:24:59,359 - INFO - [scripts.adrule.logic.scraper] - 데이터 파싱 중...
2025-09-19 23:24:59,433 - INFO - [scripts.adrule.logic.scraper] - 유형 2: 텍스트 기반 비정형 구조 감지
2025-09-19 23:24:59,446 - INFO - [scripts.adrule.logic.scraper] - 데이터 1건을 '/Users/woong/Roeum/roeum-crawler/data/raw/adrule/1492000/체불 임금등 대지급금 상한액 고시_document.jsonl' 파일로 성공적으로 저장했습니다.
2025-09-19 23:24:59,446 - INFO - [scripts.adrule.logic.scraper] - 데이터 2건을 '/Users/woong/Roeum/roeum-crawler/data/raw/adrule/1492000/체불 임금등 대지급금 상한액 고시_chunks.jsonl' 파일로 성공적으로 저장했습니다.
2025-09-19 23:24:59,513 - INFO - [__main__] - 상세 페이지 스크레이퍼 완료: 체불 임금등 대지급금 상한액 고시
2025-09-19 23:25:02,244 - INFO - [__main__] - 상세 페이지 스크레이퍼 실행: https://www.law.go.kr/admRulInfoP.do?admRulSeq=2100000205344
2025-09-19 23:25:03,201 - INFO - [scripts.adrule.logic.scraper] - 페이지로 이동 중: https://www.law.go.kr/admRulInfoP.do?admRulSeq=2100000205344
2025-09-19 23:25:03,899 - INFO - [scripts.adrule.logic.scraper] - 로딩 마스크가 나타나기를 기다리는 중...
2025-09-19 23:25:03,941 - INFO - [scripts.adrule.logic.scraper] - 로딩 마스크가 사라지기를 기다리는 중...
2025-09-19 23:25:04,028 - INFO - [scripts.adrule.logic.scraper] - 페이지 최종 렌더링을 잠시 대기합니다...
2025-09-19 23:25:05,054 - INFO - [scripts.adrule.logic.scraper] - 페이지 HTML 컨텐츠를 가져오는 중...
2025-09-19 23:25:05,092 - INFO - [scripts.adrule.logic.scraper] - 데이터 파싱 중...
2025-09-19 23:25:05,376 - INFO - [scripts.adrule.logic.scraper] - 유형 2: 텍스트 기반 비정형 구조 감지
2025-09-19 23:25:05,386 - INFO - [scripts.adrule.logic.scraper] - 데이터 1건을 '/Users/woong/Roeum/roeum-crawler/data/raw/adrule/1492000/체불 임금등 대지급금 지급대상이 되는 재직 근로자의 임금액 기준_document.jsonl' 파일로 성공적으로 저장했습니다.
2025-09-19 23:25:05,388 - INFO - [scripts.adrule.logic.scraper] - 데이터 2건을 '/Users/woong/Roeum/roeum-crawler/data/raw/adrule/1492000/체불 임금등 대지급금 지급대상이 되는 재직 근로자의 임금액 기준_chunks.jsonl' 파일로 성공적으로 저장했습니다.
2025-09-19 23:25:05,434 - INFO - [__main__] - 상세 페이지 스크레이퍼 완료: 체불 임금등 대지급금 지급대상이 되는 재직 근로자의 임금액 기준
2025-09-19 23:25:07,729 - INFO - [__main__] - 상세 페이지 스크레이퍼 실행: https://www.law.go.kr/admRulInfoP.do?admRulSeq=2100000251930
2025-09-19 23:25:08,351 - INFO - [scripts.adrule.logic.scraper] - 페이지로 이동 중: https://www.law.go.kr/admRulInfoP.do?admRulSeq=2100000251930
2025-09-19 23:25:09,640 - INFO - [scripts.adrule.logic.scraper] - 로딩 마스크가 나타나기를 기다리는 중...
2025-09-19 23:25:10,681 - WARNING - [scripts.adrule.logic.scraper] - 로딩 마스크가 감지되지 않았습니다. 페이지 로드가 완료된 것으로 간주하고 계속 진행합니다.
2025-09-19 23:25:10,690 - INFO - [scripts.adrule.logic.scraper] - 페이지 최종 렌더링을 잠시 대기합니다...
2025-09-19 23:25:11,717 - INFO - [scripts.adrule.logic.scraper] - 페이지 HTML 컨텐츠를 가져오는 중...
2025-09-19 23:25:11,732 - INFO - [scripts.adrule.logic.scraper] - 데이터 파싱 중...
2025-09-19 23:25:11,780 - INFO - [scripts.adrule.logic.scraper] - 유형 2: 텍스트 기반 비정형 구조 감지
2025-09-19 23:25:11,785 - INFO - [scripts.adrule.logic.scraper] - 데이터 1건을 '/Users/woong/Roeum/roeum-crawler/data/raw/adrule/1492000/최고·최저 보상기준 금액_document.jsonl' 파일로 성공적으로 저장했습니다.
2025-09-19 23:25:11,786 - INFO - [scripts.adrule.logic.scraper] - 데이터 2건을 '/Users/woong/Roeum/roeum-crawler/data/raw/adrule/1492000/최고·최저 보상기준 금액_chunks.jsonl' 파일로 성공적으로 저장했습니다.
2025-09-19 23:25:11,828 - INFO - [__main__] - 상세 페이지 스크레이퍼 완료: 최고·최저 보상기준 금액
2025-09-19 23:25:13,591 - INFO - [__main__] - 상세 페이지 스크레이퍼 실행: https://www.law.go.kr/admRulInfoP.do?admRulSeq=2100000118064
2025-09-19 23:25:14,458 - INFO - [scripts.adrule.logic.scraper] - 페이지로 이동 중: https://www.law.go.kr/admRulInfoP.do?admRulSeq=2100000118064
2025-09-19 23:25:15,444 - INFO - [scripts.adrule.logic.scraper] - 로딩 마스크가 나타나기를 기다리는 중...
2025-09-19 23:25:16,458 - WARNING - [scripts.adrule.logic.scraper] - 로딩 마스크가 감지되지 않았습니다. 페이지 로드가 완료된 것으로 간주하고 계속 진행합니다.
2025-09-19 23:25:16,459 - INFO - [scripts.adrule.logic.scraper] - 페이지 최종 렌더링을 잠시 대기합니다...
2025-09-19 23:25:17,474 - INFO - [scripts.adrule.logic.scraper] - 페이지 HTML 컨텐츠를 가져오는 중...
2025-09-19 23:25:17,513 - INFO - [scripts.adrule.logic.scraper] - 데이터 파싱 중...
2025-09-19 23:25:17,603 - INFO - [scripts.adrule.logic.scraper] - 유형 2: 텍스트 기반 비정형 구조 감지
2025-09-19 23:25:17,618 - INFO - [scripts.adrule.logic.scraper] - 데이터 1건을 '/Users/woong/Roeum/roeum-crawler/data/raw/adrule/1492000/최저임금법 제5조에 따른 단순노무직종 근로자 지정 고시_document.jsonl' 파일로 성공적으로 저장했습니다.
2025-09-19 23:25:17,619 - INFO - [scripts.adrule.logic.scraper] - 데이터 1건을 '/Users/woong/Roeum/roeum-crawler/data/raw/adrule/1492000/최저임금법 제5조에 따른 단순노무직종 근로자 지정 고시_chunks.jsonl' 파일로 성공적으로 저장했습니다.
2025-09-19 23:25:17,683 - INFO - [__main__] - 상세 페이지 스크레이퍼 완료: 최저임금법 제5조에 따른 단순노무직종 근로자 지정 고시
2025-09-19 23:25:19,934 - INFO - [__main__] - 상세 페이지 스크레이퍼 실행: https://www.law.go.kr/admRulInfoP.do?admRulSeq=2100000177212
2025-09-19 23:25:20,510 - INFO - [scripts.adrule.logic.scraper] - 페이지로 이동 중: https://www.law.go.kr/admRulInfoP.do?admRulSeq=2100000177212
2025-09-19 23:25:21,139 - INFO - [scripts.adrule.logic.scraper] - 로딩 마스크가 나타나기를 기다리는 중...
2025-09-19 23:25:21,172 - INFO - [scripts.adrule.logic.scraper] - 로딩 마스크가 사라지기를 기다리는 중...
2025-09-19 23:25:21,258 - INFO - [scripts.adrule.logic.scraper] - 페이지 최종 렌더링을 잠시 대기합니다...
2025-09-19 23:25:22,261 - INFO - [scripts.adrule.logic.scraper] - 페이지 HTML 컨텐츠를 가져오는 중...
2025-09-19 23:25:22,270 - INFO - [scripts.adrule.logic.scraper] - 데이터 파싱 중...
2025-09-19 23:25:22,321 - INFO - [scripts.adrule.logic.scraper] - 유형 2: 텍스트 기반 비정형 구조 감지
2025-09-19 23:25:22,326 - INFO - [scripts.adrule.logic.scraper] - 데이터 1건을 '/Users/woong/Roeum/roeum-crawler/data/raw/adrule/1492000/최저임금위원회 사용자위원을 추천할 수 있는 단체 지정_document.jsonl' 파일로 성공적으로 저장했습니다.
2025-09-19 23:25:22,327 - INFO - [scripts.adrule.logic.scraper] - 데이터 1건을 '/Users/woong/Roeum/roeum-crawler/data/raw/adrule/1492000/최저임금위원회 사용자위원을 추천할 수 있는 단체 지정_chunks.jsonl' 파일로 성공적으로 저장했습니다.
2025-09-19 23:25:22,375 - INFO - [__main__] - 상세 페이지 스크레이퍼 완료: 최저임금위원회 사용자위원을 추천할 수 있는 단체 지정
2025-09-19 23:25:24,295 - INFO - [__main__] - 상세 페이지 스크레이퍼 실행: https://www.law.go.kr/admRulInfoP.do?admRulSeq=2100000186039
2025-09-19 23:25:24,823 - INFO - [scripts.adrule.logic.scraper] - 페이지로 이동 중: https://www.law.go.kr/admRulInfoP.do?admRulSeq=2100000186039
2025-09-19 23:25:25,471 - INFO - [scripts.adrule.logic.scraper] - 로딩 마스크가 나타나기를 기다리는 중...
2025-09-19 23:25:25,496 - INFO - [scripts.adrule.logic.scraper] - 로딩 마스크가 사라지기를 기다리는 중...
2025-09-19 23:25:25,609 - INFO - [scripts.adrule.logic.scraper] - 페이지 최종 렌더링을 잠시 대기합니다...
2025-09-19 23:25:26,612 - INFO - [scripts.adrule.logic.scraper] - 페이지 HTML 컨텐츠를 가져오는 중...
2025-09-19 23:25:26,638 - INFO - [scripts.adrule.logic.scraper] - 데이터 파싱 중...
2025-09-19 23:25:26,775 - INFO - [scripts.adrule.logic.scraper] - 유형 1: 정형화된 법령 구조 감지
2025-09-19 23:25:26,811 - INFO - [scripts.adrule.logic.scraper] - 데이터 1건을 '/Users/woong/Roeum/roeum-crawler/data/raw/adrule/1492000/추락재해방지표준안전작업지침_document.jsonl' 파일로 성공적으로 저장했습니다.
2025-09-19 23:25:26,811 - INFO - [scripts.adrule.logic.scraper] - 데이터 36건을 '/Users/woong/Roeum/roeum-crawler/data/raw/adrule/1492000/추락재해방지표준안전작업지침_chunks.jsonl' 파일로 성공적으로 저장했습니다.
2025-09-19 23:25:26,857 - INFO - [__main__] - 상세 페이지 스크레이퍼 완료: 추락재해방지표준안전작업지침
2025-09-19 23:25:28,622 - INFO - [__main__] - 상세 페이지 스크레이퍼 실행: https://www.law.go.kr/admRulInfoP.do?admRulSeq=2100000254970
2025-09-19 23:25:29,156 - INFO - [scripts.adrule.logic.scraper] - 페이지로 이동 중: https://www.law.go.kr/admRulInfoP.do?admRulSeq=2100000254970
2025-09-19 23:25:29,799 - INFO - [scripts.adrule.logic.scraper] - 로딩 마스크가 나타나기를 기다리는 중...
2025-09-19 23:25:29,837 - INFO - [scripts.adrule.logic.scraper] - 로딩 마스크가 사라지기를 기다리는 중...
2025-09-19 23:25:29,918 - INFO - [scripts.adrule.logic.scraper] - 페이지 최종 렌더링을 잠시 대기합니다...
2025-09-19 23:25:30,922 - INFO - [scripts.adrule.logic.scraper] - 페이지 HTML 컨텐츠를 가져오는 중...
2025-09-19 23:25:30,934 - INFO - [scripts.adrule.logic.scraper] - 데이터 파싱 중...
2025-09-19 23:25:30,973 - INFO - [scripts.adrule.logic.scraper] - 유형 2: 텍스트 기반 비정형 구조 감지
2025-09-19 23:25:30,978 - INFO - [scripts.adrule.logic.scraper] - 데이터 1건을 '/Users/woong/Roeum/roeum-crawler/data/raw/adrule/1492000/출산전후휴가 급여등 상한액 고시_document.jsonl' 파일로 성공적으로 저장했습니다.
2025-09-19 23:25:30,978 - INFO - [scripts.adrule.logic.scraper] - 데이터 4건을 '/Users/woong/Roeum/roeum-crawler/data/raw/adrule/1492000/출산전후휴가 급여등 상한액 고시_chunks.jsonl' 파일로 성공적으로 저장했습니다.
2025-09-19 23:25:31,015 - INFO - [__main__] - 상세 페이지 스크레이퍼 완료: 출산전후휴가 급여등 상한액 고시
2025-09-19 23:25:33,915 - INFO - [__main__] - 상세 페이지 스크레이퍼 실행: https://www.law.go.kr/admRulInfoP.do?admRulSeq=2000000021030
2025-09-19 23:25:35,092 - INFO - [scripts.adrule.logic.scraper] - 페이지로 이동 중: https://www.law.go.kr/admRulInfoP.do?admRulSeq=2000000021030
2025-09-19 23:25:35,869 - INFO - [scripts.adrule.logic.scraper] - 로딩 마스크가 나타나기를 기다리는 중...
2025-09-19 23:25:35,945 - INFO - [scripts.adrule.logic.scraper] - 로딩 마스크가 사라지기를 기다리는 중...
2025-09-19 23:25:36,110 - INFO - [scripts.adrule.logic.scraper] - 페이지 최종 렌더링을 잠시 대기합니다...
2025-09-19 23:25:37,120 - INFO - [scripts.adrule.logic.scraper] - 페이지 HTML 컨텐츠를 가져오는 중...
2025-09-19 23:25:37,133 - INFO - [scripts.adrule.logic.scraper] - 데이터 파싱 중...
2025-09-19 23:25:37,181 - INFO - [scripts.adrule.logic.scraper] - 유형 2: 텍스트 기반 비정형 구조 감지
2025-09-19 23:25:37,189 - INFO - [scripts.adrule.logic.scraper] - 데이터 1건을 '/Users/woong/Roeum/roeum-crawler/data/raw/adrule/1492000/취업규칙 심사요령_document.jsonl' 파일로 성공적으로 저장했습니다.
2025-09-19 23:25:37,189 - INFO - [scripts.adrule.logic.scraper] - 데이터 1건을 '/Users/woong/Roeum/roeum-crawler/data/raw/adrule/1492000/취업규칙 심사요령_chunks.jsonl' 파일로 성공적으로 저장했습니다.
2025-09-19 23:25:37,249 - INFO - [__main__] - 상세 페이지 스크레이퍼 완료: 취업규칙 심사요령
2025-09-19 23:25:39,183 - INFO - [__main__] - 상세 페이지 스크레이퍼 실행: https://www.law.go.kr/admRulInfoP.do?admRulSeq=2100000186041
2025-09-19 23:25:40,236 - INFO - [scripts.adrule.logic.scraper] - 페이지로 이동 중: https://www.law.go.kr/admRulInfoP.do?admRulSeq=2100000186041
2025-09-19 23:25:40,904 - INFO - [scripts.adrule.logic.scraper] - 로딩 마스크가 나타나기를 기다리는 중...
2025-09-19 23:25:40,961 - INFO - [scripts.adrule.logic.scraper] - 로딩 마스크가 사라지기를 기다리는 중...
2025-09-19 23:25:41,017 - INFO - [scripts.adrule.logic.scraper] - 페이지 최종 렌더링을 잠시 대기합니다...
2025-09-19 23:25:42,044 - INFO - [scripts.adrule.logic.scraper] - 페이지 HTML 컨텐츠를 가져오는 중...
2025-09-19 23:25:42,290 - INFO - [scripts.adrule.logic.scraper] - 데이터 파싱 중...
2025-09-19 23:25:42,425 - INFO - [scripts.adrule.logic.scraper] - 유형 1: 정형화된 법령 구조 감지
2025-09-19 23:25:42,535 - INFO - [scripts.adrule.logic.scraper] - 데이터 1건을 '/Users/woong/Roeum/roeum-crawler/data/raw/adrule/1492000/콘크리트공사표준안전작업지침_document.jsonl' 파일로 성공적으로 저장했습니다.
2025-09-19 23:25:42,536 - INFO - [scripts.adrule.logic.scraper] - 데이터 16건을 '/Users/woong/Roeum/roeum-crawler/data/raw/adrule/1492000/콘크리트공사표준안전작업지침_chunks.jsonl' 파일로 성공적으로 저장했습니다.
2025-09-19 23:25:42,591 - INFO - [__main__] - 상세 페이지 스크레이퍼 완료: 콘크리트공사표준안전작업지침
2025-09-19 23:25:44,605 - INFO - [__main__] - 상세 페이지 스크레이퍼 실행: https://www.law.go.kr/admRulInfoP.do?admRulSeq=2100000234734
2025-09-19 23:25:45,190 - INFO - [scripts.adrule.logic.scraper] - 페이지로 이동 중: https://www.law.go.kr/admRulInfoP.do?admRulSeq=2100000234734
2025-09-19 23:25:45,853 - INFO - [scripts.adrule.logic.scraper] - 로딩 마스크가 나타나기를 기다리는 중...
2025-09-19 23:25:45,968 - INFO - [scripts.adrule.logic.scraper] - 로딩 마스크가 사라지기를 기다리는 중...
2025-09-19 23:25:45,980 - INFO - [scripts.adrule.logic.scraper] - 페이지 최종 렌더링을 잠시 대기합니다...
2025-09-19 23:25:46,989 - INFO - [scripts.adrule.logic.scraper] - 페이지 HTML 컨텐츠를 가져오는 중...
2025-09-19 23:25:47,055 - INFO - [scripts.adrule.logic.scraper] - 데이터 파싱 중...
2025-09-19 23:25:47,174 - INFO - [scripts.adrule.logic.scraper] - 유형 2: 텍스트 기반 비정형 구조 감지
2025-09-19 23:25:47,315 - INFO - [scripts.adrule.logic.scraper] - 데이터 1건을 '/Users/woong/Roeum/roeum-crawler/data/raw/adrule/1492000/택시운송업 특별고용지원 업종 지정 고시_document.jsonl' 파일로 성공적으로 저장했습니다.
2025-09-19 23:25:47,317 - INFO - [scripts.adrule.logic.scraper] - 데이터 1건을 '/Users/woong/Roeum/roeum-crawler/data/raw/adrule/1492000/택시운송업 특별고용지원 업종 지정 고시_chunks.jsonl' 파일로 성공적으로 저장했습니다.
2025-09-19 23:25:47,367 - INFO - [__main__] - 상세 페이지 스크레이퍼 완료: 택시운송업 특별고용지원 업종 지정 고시
2025-09-19 23:25:49,621 - INFO - [__main__] - 상세 페이지 스크레이퍼 실행: https://www.law.go.kr/admRulInfoP.do?admRulSeq=2100000226004
2025-09-19 23:25:50,305 - INFO - [scripts.adrule.logic.scraper] - 페이지로 이동 중: https://www.law.go.kr/admRulInfoP.do?admRulSeq=2100000226004
2025-09-19 23:25:50,912 - INFO - [scripts.adrule.logic.scraper] - 로딩 마스크가 나타나기를 기다리는 중...
2025-09-19 23:25:50,937 - INFO - [scripts.adrule.logic.scraper] - 로딩 마스크가 사라지기를 기다리는 중...
2025-09-19 23:25:51,161 - INFO - [scripts.adrule.logic.scraper] - 페이지 최종 렌더링을 잠시 대기합니다...
2025-09-19 23:25:52,171 - INFO - [scripts.adrule.logic.scraper] - 페이지 HTML 컨텐츠를 가져오는 중...
2025-09-19 23:25:52,223 - INFO - [scripts.adrule.logic.scraper] - 데이터 파싱 중...
2025-09-19 23:25:52,485 - INFO - [scripts.adrule.logic.scraper] - 유형 1: 정형화된 법령 구조 감지
2025-09-19 23:25:52,537 - INFO - [scripts.adrule.logic.scraper] - 데이터 1건을 '/Users/woong/Roeum/roeum-crawler/data/raw/adrule/1492000/터널공사 표준안전 작업지침-NATM공법_document.jsonl' 파일로 성공적으로 저장했습니다.
2025-09-19 23:25:52,541 - INFO - [scripts.adrule.logic.scraper] - 데이터 41건을 '/Users/woong/Roeum/roeum-crawler/data/raw/adrule/1492000/터널공사 표준안전 작업지침-NATM공법_chunks.jsonl' 파일로 성공적으로 저장했습니다.
2025-09-19 23:25:52,644 - INFO - [__main__] - 상세 페이지 스크레이퍼 완료: 터널공사 표준안전 작업지침-NATM공법
2025-09-19 23:25:54,457 - INFO - [__main__] - 상세 페이지 스크레이퍼 실행: https://www.law.go.kr/admRulInfoP.do?admRulSeq=2100000108863
2025-09-19 23:25:54,967 - INFO - [scripts.adrule.logic.scraper] - 페이지로 이동 중: https://www.law.go.kr/admRulInfoP.do?admRulSeq=2100000108863
2025-09-19 23:25:55,585 - INFO - [scripts.adrule.logic.scraper] - 로딩 마스크가 나타나기를 기다리는 중...
2025-09-19 23:25:55,608 - INFO - [scripts.adrule.logic.scraper] - 로딩 마스크가 사라지기를 기다리는 중...
2025-09-19 23:25:55,689 - INFO - [scripts.adrule.logic.scraper] - 페이지 최종 렌더링을 잠시 대기합니다...
2025-09-19 23:25:56,691 - INFO - [scripts.adrule.logic.scraper] - 페이지 HTML 컨텐츠를 가져오는 중...
2025-09-19 23:25:56,704 - INFO - [scripts.adrule.logic.scraper] - 데이터 파싱 중...
2025-09-19 23:25:56,745 - INFO - [scripts.adrule.logic.scraper] - 유형 2: 텍스트 기반 비정형 구조 감지
2025-09-19 23:25:56,762 - INFO - [scripts.adrule.logic.scraper] - 데이터 1건을 '/Users/woong/Roeum/roeum-crawler/data/raw/adrule/1492000/통상근로계수_document.jsonl' 파일로 성공적으로 저장했습니다.
2025-09-19 23:25:56,771 - INFO - [scripts.adrule.logic.scraper] - 데이터 2건을 '/Users/woong/Roeum/roeum-crawler/data/raw/adrule/1492000/통상근로계수_chunks.jsonl' 파일로 성공적으로 저장했습니다.
2025-09-19 23:25:56,826 - INFO - [__main__] - 상세 페이지 스크레이퍼 완료: 통상근로계수
2025-09-19 23:25:58,516 - INFO - [__main__] - 상세 페이지 스크레이퍼 실행: https://www.law.go.kr/admRulInfoP.do?admRulSeq=2000000021031
2025-09-19 23:25:58,922 - INFO - [scripts.adrule.logic.scraper] - 페이지로 이동 중: https://www.law.go.kr/admRulInfoP.do?admRulSeq=2000000021031
2025-09-19 23:25:59,581 - INFO - [scripts.adrule.logic.scraper] - 로딩 마스크가 나타나기를 기다리는 중...
2025-09-19 23:25:59,612 - INFO - [scripts.adrule.logic.scraper] - 로딩 마스크가 사라지기를 기다리는 중...
2025-09-19 23:25:59,692 - INFO - [scripts.adrule.logic.scraper] - 페이지 최종 렌더링을 잠시 대기합니다...
2025-09-19 23:26:00,694 - INFO - [scripts.adrule.logic.scraper] - 페이지 HTML 컨텐츠를 가져오는 중...
2025-09-19 23:26:00,702 - INFO - [scripts.adrule.logic.scraper] - 데이터 파싱 중...
2025-09-19 23:26:00,765 - INFO - [scripts.adrule.logic.scraper] - 유형 1: 정형화된 법령 구조 감지
2025-09-19 23:26:00,779 - INFO - [scripts.adrule.logic.scraper] - 데이터 1건을 '/Users/woong/Roeum/roeum-crawler/data/raw/adrule/1492000/통상임금 산정지침_document.jsonl' 파일로 성공적으로 저장했습니다.
2025-09-19 23:26:00,780 - INFO - [scripts.adrule.logic.scraper] - 데이터 8건을 '/Users/woong/Roeum/roeum-crawler/data/raw/adrule/1492000/통상임금 산정지침_chunks.jsonl' 파일로 성공적으로 저장했습니다.
2025-09-19 23:26:00,828 - INFO - [__main__] - 상세 페이지 스크레이퍼 완료: 통상임금 산정지침
2025-09-19 23:26:02,810 - INFO - [__main__] - 상세 페이지 스크레이퍼 실행: https://www.law.go.kr/admRulInfoP.do?admRulSeq=2100000238156
2025-09-19 23:26:03,429 - INFO - [scripts.adrule.logic.scraper] - 페이지로 이동 중: https://www.law.go.kr/admRulInfoP.do?admRulSeq=2100000238156
2025-09-19 23:26:04,167 - INFO - [scripts.adrule.logic.scraper] - 로딩 마스크가 나타나기를 기다리는 중...
2025-09-19 23:26:04,203 - INFO - [scripts.adrule.logic.scraper] - 로딩 마스크가 사라지기를 기다리는 중...
2025-09-19 23:26:04,298 - INFO - [scripts.adrule.logic.scraper] - 페이지 최종 렌더링을 잠시 대기합니다...
2025-09-19 23:26:05,306 - INFO - [scripts.adrule.logic.scraper] - 페이지 HTML 컨텐츠를 가져오는 중...
2025-09-19 23:26:05,335 - INFO - [scripts.adrule.logic.scraper] - 데이터 파싱 중...
2025-09-19 23:26:05,538 - INFO - [scripts.adrule.logic.scraper] - 유형 1: 정형화된 법령 구조 감지
2025-09-19 23:26:05,682 - INFO - [scripts.adrule.logic.scraper] - 데이터 1건을 '/Users/woong/Roeum/roeum-crawler/data/raw/adrule/1492000/퇴직연금사업자 평가에 관한 고시_document.jsonl' 파일로 성공적으로 저장했습니다.
2025-09-19 23:26:05,684 - INFO - [scripts.adrule.logic.scraper] - 데이터 18건을 '/Users/woong/Roeum/roeum-crawler/data/raw/adrule/1492000/퇴직연금사업자 평가에 관한 고시_chunks.jsonl' 파일로 성공적으로 저장했습니다.
2025-09-19 23:26:05,755 - INFO - [__main__] - 상세 페이지 스크레이퍼 완료: 퇴직연금사업자 평가에 관한 고시
2025-09-19 23:26:07,725 - INFO - [__main__] - 상세 페이지 스크레이퍼 실행: https://www.law.go.kr/admRulInfoP.do?admRulSeq=2100000232620
2025-09-19 23:26:08,216 - INFO - [scripts.adrule.logic.scraper] - 페이지로 이동 중: https://www.law.go.kr/admRulInfoP.do?admRulSeq=2100000232620
2025-09-19 23:26:08,902 - INFO - [scripts.adrule.logic.scraper] - 로딩 마스크가 나타나기를 기다리는 중...
2025-09-19 23:26:08,935 - INFO - [scripts.adrule.logic.scraper] - 로딩 마스크가 사라지기를 기다리는 중...
2025-09-19 23:26:09,117 - INFO - [scripts.adrule.logic.scraper] - 페이지 최종 렌더링을 잠시 대기합니다...
2025-09-19 23:26:10,120 - INFO - [scripts.adrule.logic.scraper] - 페이지 HTML 컨텐츠를 가져오는 중...
2025-09-19 23:26:10,133 - INFO - [scripts.adrule.logic.scraper] - 데이터 파싱 중...
2025-09-19 23:26:10,193 - INFO - [scripts.adrule.logic.scraper] - 유형 1: 정형화된 법령 구조 감지
2025-09-19 23:26:10,206 - INFO - [scripts.adrule.logic.scraper] - 데이터 1건을 '/Users/woong/Roeum/roeum-crawler/data/raw/adrule/1492000/퇴직연금 수수료 부과에 관한 고시_document.jsonl' 파일로 성공적으로 저장했습니다.
2025-09-19 23:26:10,206 - INFO - [scripts.adrule.logic.scraper] - 데이터 7건을 '/Users/woong/Roeum/roeum-crawler/data/raw/adrule/1492000/퇴직연금 수수료 부과에 관한 고시_chunks.jsonl' 파일로 성공적으로 저장했습니다.
2025-09-19 23:26:10,237 - INFO - [__main__] - 상세 페이지 스크레이퍼 완료: 퇴직연금 수수료 부과에 관한 고시
2025-09-19 23:26:11,809 - INFO - [__main__] - 상세 페이지 스크레이퍼 실행: https://www.law.go.kr/admRulInfoP.do?admRulSeq=2100000252850
2025-09-19 23:26:12,220 - INFO - [scripts.adrule.logic.scraper] - 페이지로 이동 중: https://www.law.go.kr/admRulInfoP.do?admRulSeq=2100000252850
2025-09-19 23:26:12,878 - INFO - [scripts.adrule.logic.scraper] - 로딩 마스크가 나타나기를 기다리는 중...
2025-09-19 23:26:12,904 - INFO - [scripts.adrule.logic.scraper] - 로딩 마스크가 사라지기를 기다리는 중...
2025-09-19 23:26:13,196 - INFO - [scripts.adrule.logic.scraper] - 페이지 최종 렌더링을 잠시 대기합니다...
2025-09-19 23:26:14,198 - INFO - [scripts.adrule.logic.scraper] - 페이지 HTML 컨텐츠를 가져오는 중...
2025-09-19 23:26:14,208 - INFO - [scripts.adrule.logic.scraper] - 데이터 파싱 중...
2025-09-19 23:26:14,279 - INFO - [scripts.adrule.logic.scraper] - 유형 1: 정형화된 법령 구조 감지
2025-09-19 23:26:14,314 - INFO - [scripts.adrule.logic.scraper] - 데이터 1건을 '/Users/woong/Roeum/roeum-crawler/data/raw/adrule/1492000/퇴직연금제도 모집인의 교육 등에 관한 규정_document.jsonl' 파일로 성공적으로 저장했습니다.
2025-09-19 23:26:14,315 - INFO - [scripts.adrule.logic.scraper] - 데이터 38건을 '/Users/woong/Roeum/roeum-crawler/data/raw/adrule/1492000/퇴직연금제도 모집인의 교육 등에 관한 규정_chunks.jsonl' 파일로 성공적으로 저장했습니다.
2025-09-19 23:26:14,338 - INFO - [__main__] - 상세 페이지 스크레이퍼 완료: 퇴직연금제도 모집인의 교육 등에 관한 규정
2025-09-19 23:26:15,867 - INFO - [__main__] - 상세 페이지 스크레이퍼 실행: https://www.law.go.kr/admRulInfoP.do?admRulSeq=2100000185374
2025-09-19 23:26:16,353 - INFO - [scripts.adrule.logic.scraper] - 페이지로 이동 중: https://www.law.go.kr/admRulInfoP.do?admRulSeq=2100000185374
2025-09-19 23:26:17,052 - INFO - [scripts.adrule.logic.scraper] - 로딩 마스크가 나타나기를 기다리는 중...
2025-09-19 23:26:17,122 - INFO - [scripts.adrule.logic.scraper] - 로딩 마스크가 사라지기를 기다리는 중...
2025-09-19 23:26:17,225 - INFO - [scripts.adrule.logic.scraper] - 페이지 최종 렌더링을 잠시 대기합니다...
2025-09-19 23:26:18,232 - INFO - [scripts.adrule.logic.scraper] - 페이지 HTML 컨텐츠를 가져오는 중...
2025-09-19 23:26:18,252 - INFO - [scripts.adrule.logic.scraper] - 데이터 파싱 중...
2025-09-19 23:26:18,377 - INFO - [scripts.adrule.logic.scraper] - 유형 1: 정형화된 법령 구조 감지
2025-09-19 23:26:18,550 - INFO - [scripts.adrule.logic.scraper] - 데이터 1건을 '/Users/woong/Roeum/roeum-crawler/data/raw/adrule/1492000/퇴직연금제도 모집인의 등록 등에 관한 규정_document.jsonl' 파일로 성공적으로 저장했습니다.
2025-09-19 23:26:18,551 - INFO - [scripts.adrule.logic.scraper] - 데이터 16건을 '/Users/woong/Roeum/roeum-crawler/data/raw/adrule/1492000/퇴직연금제도 모집인의 등록 등에 관한 규정_chunks.jsonl' 파일로 성공적으로 저장했습니다.
2025-09-19 23:26:18,598 - INFO - [__main__] - 상세 페이지 스크레이퍼 완료: 퇴직연금제도 모집인의 등록 등에 관한 규정
2025-09-19 23:26:20,911 - INFO - [__main__] - 상세 페이지 스크레이퍼 실행: https://www.law.go.kr/admRulInfoP.do?admRulSeq=2100000195808
2025-09-19 23:26:21,512 - INFO - [scripts.adrule.logic.scraper] - 페이지로 이동 중: https://www.law.go.kr/admRulInfoP.do?admRulSeq=2100000195808
2025-09-19 23:26:22,166 - INFO - [scripts.adrule.logic.scraper] - 로딩 마스크가 나타나기를 기다리는 중...
2025-09-19 23:26:22,198 - INFO - [scripts.adrule.logic.scraper] - 로딩 마스크가 사라지기를 기다리는 중...
2025-09-19 23:26:22,309 - INFO - [scripts.adrule.logic.scraper] - 페이지 최종 렌더링을 잠시 대기합니다...
2025-09-19 23:26:23,317 - INFO - [scripts.adrule.logic.scraper] - 페이지 HTML 컨텐츠를 가져오는 중...
2025-09-19 23:26:23,334 - INFO - [scripts.adrule.logic.scraper] - 데이터 파싱 중...
2025-09-19 23:26:23,415 - INFO - [scripts.adrule.logic.scraper] - 유형 2: 텍스트 기반 비정형 구조 감지
2025-09-19 23:26:23,425 - INFO - [scripts.adrule.logic.scraper] - 데이터 1건을 '/Users/woong/Roeum/roeum-crawler/data/raw/adrule/1492000/퇴직연금제도 수급권의 담보제공 및 퇴직금 중간정산의 사유와 요건, 담보 한도 등에 관한 고시_document.jsonl' 파일로 성공적으로 저장했습니다.
2025-09-19 23:26:23,425 - INFO - [scripts.adrule.logic.scraper] - 데이터 4건을 '/Users/woong/Roeum/roeum-crawler/data/raw/adrule/1492000/퇴직연금제도 수급권의 담보제공 및 퇴직금 중간정산의 사유와 요건, 담보 한도 등에 관한 고시_chunks.jsonl' 파일로 성공적으로 저장했습니다.
2025-09-19 23:26:23,465 - INFO - [__main__] - 상세 페이지 스크레이퍼 완료: 퇴직연금제도 수급권의 담보제공 및 퇴직금 중간정산의 사유와 요건, 담보 한도 등에 관한 고시
2025-09-19 23:26:25,427 - INFO - [__main__] - 상세 페이지 스크레이퍼 실행: https://www.law.go.kr/admRulInfoP.do?admRulSeq=2100000115838
2025-09-19 23:26:26,062 - INFO - [scripts.adrule.logic.scraper] - 페이지로 이동 중: https://www.law.go.kr/admRulInfoP.do?admRulSeq=2100000115838
2025-09-19 23:26:26,648 - INFO - [scripts.adrule.logic.scraper] - 로딩 마스크가 나타나기를 기다리는 중...
2025-09-19 23:26:26,673 - INFO - [scripts.adrule.logic.scraper] - 로딩 마스크가 사라지기를 기다리는 중...
2025-09-19 23:26:26,754 - INFO - [scripts.adrule.logic.scraper] - 페이지 최종 렌더링을 잠시 대기합니다...
2025-09-19 23:26:27,757 - INFO - [scripts.adrule.logic.scraper] - 페이지 HTML 컨텐츠를 가져오는 중...
2025-09-19 23:26:27,770 - INFO - [scripts.adrule.logic.scraper] - 데이터 파싱 중...
2025-09-19 23:26:27,803 - INFO - [scripts.adrule.logic.scraper] - 유형 2: 텍스트 기반 비정형 구조 감지
2025-09-19 23:26:27,809 - INFO - [scripts.adrule.logic.scraper] - 데이터 1건을 '/Users/woong/Roeum/roeum-crawler/data/raw/adrule/1492000/퇴직연금제도에 관한 전문성이 있다고 인정하는 자_document.jsonl' 파일로 성공적으로 저장했습니다.
2025-09-19 23:26:27,809 - INFO - [scripts.adrule.logic.scraper] - 데이터 2건을 '/Users/woong/Roeum/roeum-crawler/data/raw/adrule/1492000/퇴직연금제도에 관한 전문성이 있다고 인정하는 자_chunks.jsonl' 파일로 성공적으로 저장했습니다.
2025-09-19 23:26:27,843 - INFO - [__main__] - 상세 페이지 스크레이퍼 완료: 퇴직연금제도에 관한 전문성이 있다고 인정하는 자
2025-09-19 23:26:29,386 - INFO - [__main__] - 상세 페이지 스크레이퍼 실행: https://www.law.go.kr/admRulInfoP.do?admRulSeq=2100000251042
2025-09-19 23:26:29,755 - INFO - [scripts.adrule.logic.scraper] - 페이지로 이동 중: https://www.law.go.kr/admRulInfoP.do?admRulSeq=2100000251042
2025-09-19 23:26:30,381 - INFO - [scripts.adrule.logic.scraper] - 로딩 마스크가 나타나기를 기다리는 중...
2025-09-19 23:26:30,403 - INFO - [scripts.adrule.logic.scraper] - 로딩 마스크가 사라지기를 기다리는 중...
2025-09-19 23:26:30,585 - INFO - [scripts.adrule.logic.scraper] - 페이지 최종 렌더링을 잠시 대기합니다...
2025-09-19 23:26:31,587 - INFO - [scripts.adrule.logic.scraper] - 페이지 HTML 컨텐츠를 가져오는 중...
2025-09-19 23:26:31,599 - INFO - [scripts.adrule.logic.scraper] - 데이터 파싱 중...
2025-09-19 23:26:31,650 - INFO - [scripts.adrule.logic.scraper] - 유형 1: 정형화된 법령 구조 감지
2025-09-19 23:26:31,662 - INFO - [scripts.adrule.logic.scraper] - 데이터 1건을 '/Users/woong/Roeum/roeum-crawler/data/raw/adrule/1492000/퇴직연금제도 취급실적 제출주기와 제출서식에 관한 규정_document.jsonl' 파일로 성공적으로 저장했습니다.
2025-09-19 23:26:31,663 - INFO - [scripts.adrule.logic.scraper] - 데이터 4건을 '/Users/woong/Roeum/roeum-crawler/data/raw/adrule/1492000/퇴직연금제도 취급실적 제출주기와 제출서식에 관한 규정_chunks.jsonl' 파일로 성공적으로 저장했습니다.
2025-09-19 23:26:31,703 - INFO - [__main__] - 상세 페이지 스크레이퍼 완료: 퇴직연금제도 취급실적 제출주기와 제출서식에 관한 규정
2025-09-19 23:26:34,419 - INFO - [__main__] - 상세 페이지 스크레이퍼 실행: https://www.law.go.kr/admRulInfoP.do?admRulSeq=2100000031705
2025-09-19 23:26:35,068 - INFO - [scripts.adrule.logic.scraper] - 페이지로 이동 중: https://www.law.go.kr/admRulInfoP.do?admRulSeq=2100000031705
2025-09-19 23:26:35,739 - INFO - [scripts.adrule.logic.scraper] - 로딩 마스크가 나타나기를 기다리는 중...
2025-09-19 23:26:35,781 - INFO - [scripts.adrule.logic.scraper] - 로딩 마스크가 사라지기를 기다리는 중...
2025-09-19 23:26:36,587 - INFO - [scripts.adrule.logic.scraper] - 페이지 최종 렌더링을 잠시 대기합니다...
2025-09-19 23:26:37,596 - INFO - [scripts.adrule.logic.scraper] - 페이지 HTML 컨텐츠를 가져오는 중...
2025-09-19 23:26:37,614 - INFO - [scripts.adrule.logic.scraper] - 데이터 파싱 중...
2025-09-19 23:26:37,666 - INFO - [scripts.adrule.logic.scraper] - 유형 2: 텍스트 기반 비정형 구조 감지
2025-09-19 23:26:37,681 - INFO - [scripts.adrule.logic.scraper] - 데이터 1건을 '/Users/woong/Roeum/roeum-crawler/data/raw/adrule/1492000/퇴직의 효력발생시기_document.jsonl' 파일로 성공적으로 저장했습니다.
2025-09-19 23:26:37,682 - INFO - [scripts.adrule.logic.scraper] - 데이터 2건을 '/Users/woong/Roeum/roeum-crawler/data/raw/adrule/1492000/퇴직의 효력발생시기_chunks.jsonl' 파일로 성공적으로 저장했습니다.
2025-09-19 23:26:37,729 - INFO - [__main__] - 상세 페이지 스크레이퍼 완료: 퇴직의 효력발생시기
2025-09-19 23:26:39,384 - INFO - [__main__] - 상세 페이지 스크레이퍼 실행: https://www.law.go.kr/admRulInfoP.do?admRulSeq=2100000240458
2025-09-19 23:26:39,820 - INFO - [scripts.adrule.logic.scraper] - 페이지로 이동 중: https://www.law.go.kr/admRulInfoP.do?admRulSeq=2100000240458
2025-09-19 23:26:40,615 - INFO - [scripts.adrule.logic.scraper] - 로딩 마스크가 나타나기를 기다리는 중...
2025-09-19 23:26:40,658 - INFO - [scripts.adrule.logic.scraper] - 로딩 마스크가 사라지기를 기다리는 중...
2025-09-19 23:26:40,721 - INFO - [scripts.adrule.logic.scraper] - 페이지 최종 렌더링을 잠시 대기합니다...
2025-09-19 23:26:41,727 - INFO - [scripts.adrule.logic.scraper] - 페이지 HTML 컨텐츠를 가져오는 중...
2025-09-19 23:26:41,733 - INFO - [scripts.adrule.logic.scraper] - 데이터 파싱 중...
2025-09-19 23:26:41,771 - INFO - [scripts.adrule.logic.scraper] - 유형 1: 정형화된 법령 구조 감지
2025-09-19 23:26:41,784 - INFO - [scripts.adrule.logic.scraper] - 데이터 1건을 '/Users/woong/Roeum/roeum-crawler/data/raw/adrule/1492000/특별고용지원 업종의 지정기준 등에 관한 고시_document.jsonl' 파일로 성공적으로 저장했습니다.
2025-09-19 23:26:41,785 - INFO - [scripts.adrule.logic.scraper] - 데이터 9건을 '/Users/woong/Roeum/roeum-crawler/data/raw/adrule/1492000/특별고용지원 업종의 지정기준 등에 관한 고시_chunks.jsonl' 파일로 성공적으로 저장했습니다.
2025-09-19 23:26:41,810 - INFO - [__main__] - 상세 페이지 스크레이퍼 완료: 특별고용지원 업종의 지정기준 등에 관한 고시
2025-09-19 23:26:43,469 - INFO - [__main__] - 상세 페이지 스크레이퍼 실행: https://www.law.go.kr/admRulInfoP.do?admRulSeq=2100000257476
2025-09-19 23:26:43,880 - INFO - [scripts.adrule.logic.scraper] - 페이지로 이동 중: https://www.law.go.kr/admRulInfoP.do?admRulSeq=2100000257476
2025-09-19 23:26:44,548 - INFO - [scripts.adrule.logic.scraper] - 로딩 마스크가 나타나기를 기다리는 중...
2025-09-19 23:26:44,566 - INFO - [scripts.adrule.logic.scraper] - 로딩 마스크가 사라지기를 기다리는 중...
2025-09-19 23:26:44,749 - INFO - [scripts.adrule.logic.scraper] - 페이지 최종 렌더링을 잠시 대기합니다...
2025-09-19 23:26:45,752 - INFO - [scripts.adrule.logic.scraper] - 페이지 HTML 컨텐츠를 가져오는 중...
2025-09-19 23:26:45,759 - INFO - [scripts.adrule.logic.scraper] - 데이터 파싱 중...
2025-09-19 23:26:45,800 - INFO - [scripts.adrule.logic.scraper] - 유형 2: 텍스트 기반 비정형 구조 감지
2025-09-19 23:26:45,805 - INFO - [scripts.adrule.logic.scraper] - 데이터 1건을 '/Users/woong/Roeum/roeum-crawler/data/raw/adrule/1492000/특별연장근로 건강보호조치_document.jsonl' 파일로 성공적으로 저장했습니다.
2025-09-19 23:26:45,805 - INFO - [scripts.adrule.logic.scraper] - 데이터 2건을 '/Users/woong/Roeum/roeum-crawler/data/raw/adrule/1492000/특별연장근로 건강보호조치_chunks.jsonl' 파일로 성공적으로 저장했습니다.
2025-09-19 23:26:45,832 - INFO - [__main__] - 상세 페이지 스크레이퍼 완료: 특별연장근로 건강보호조치
2025-09-19 23:26:47,508 - INFO - [__main__] - 상세 페이지 스크레이퍼 실행: https://www.law.go.kr/admRulInfoP.do?admRulSeq=2100000186108
2025-09-19 23:26:48,379 - INFO - [scripts.adrule.logic.scraper] - 페이지로 이동 중: https://www.law.go.kr/admRulInfoP.do?admRulSeq=2100000186108
2025-09-19 23:26:49,033 - INFO - [scripts.adrule.logic.scraper] - 로딩 마스크가 나타나기를 기다리는 중...
2025-09-19 23:26:49,080 - INFO - [scripts.adrule.logic.scraper] - 로딩 마스크가 사라지기를 기다리는 중...
2025-09-19 23:26:49,186 - INFO - [scripts.adrule.logic.scraper] - 페이지 최종 렌더링을 잠시 대기합니다...
2025-09-19 23:26:50,191 - INFO - [scripts.adrule.logic.scraper] - 페이지 HTML 컨텐츠를 가져오는 중...
2025-09-19 23:26:50,229 - INFO - [scripts.adrule.logic.scraper] - 데이터 파싱 중...
2025-09-19 23:26:50,409 - INFO - [scripts.adrule.logic.scraper] - 유형 1: 정형화된 법령 구조 감지
2025-09-19 23:26:50,462 - INFO - [scripts.adrule.logic.scraper] - 데이터 1건을 '/Users/woong/Roeum/roeum-crawler/data/raw/adrule/1492000/특수건강진단기관의 정도관리에 관한 고시_document.jsonl' 파일로 성공적으로 저장했습니다.
2025-09-19 23:26:50,464 - INFO - [scripts.adrule.logic.scraper] - 데이터 38건을 '/Users/woong/Roeum/roeum-crawler/data/raw/adrule/1492000/특수건강진단기관의 정도관리에 관한 고시_chunks.jsonl' 파일로 성공적으로 저장했습니다.
2025-09-19 23:26:50,508 - INFO - [__main__] - 상세 페이지 스크레이퍼 완료: 특수건강진단기관의 정도관리에 관한 고시
2025-09-19 23:26:52,258 - INFO - [__main__] - 상세 페이지 스크레이퍼 실행: https://www.law.go.kr/admRulInfoP.do?admRulSeq=2100000212836
2025-09-19 23:26:53,025 - INFO - [scripts.adrule.logic.scraper] - 페이지로 이동 중: https://www.law.go.kr/admRulInfoP.do?admRulSeq=2100000212836
2025-09-19 23:26:53,720 - INFO - [scripts.adrule.logic.scraper] - 로딩 마스크가 나타나기를 기다리는 중...
2025-09-19 23:26:53,787 - INFO - [scripts.adrule.logic.scraper] - 로딩 마스크가 사라지기를 기다리는 중...
2025-09-19 23:26:54,083 - INFO - [scripts.adrule.logic.scraper] - 페이지 최종 렌더링을 잠시 대기합니다...
2025-09-19 23:26:55,089 - INFO - [scripts.adrule.logic.scraper] - 페이지 HTML 컨텐츠를 가져오는 중...
2025-09-19 23:26:55,106 - INFO - [scripts.adrule.logic.scraper] - 데이터 파싱 중...
2025-09-19 23:26:55,156 - INFO - [scripts.adrule.logic.scraper] - 유형 2: 텍스트 기반 비정형 구조 감지
2025-09-19 23:26:55,164 - INFO - [scripts.adrule.logic.scraper] - 데이터 1건을 '/Users/woong/Roeum/roeum-crawler/data/raw/adrule/1492000/특수형태근로종사자에 대한 산재보험료 및 보험급여 산정의 기초가 되는 보수액 및 평균임금_document.jsonl' 파일로 성공적으로 저장했습니다.
2025-09-19 23:26:55,164 - INFO - [scripts.adrule.logic.scraper] - 데이터 2건을 '/Users/woong/Roeum/roeum-crawler/data/raw/adrule/1492000/특수형태근로종사자에 대한 산재보험료 및 보험급여 산정의 기초가 되는 보수액 및 평균임금_chunks.jsonl' 파일로 성공적으로 저장했습니다.
2025-09-19 23:26:55,213 - INFO - [__main__] - 상세 페이지 스크레이퍼 완료: 특수형태근로종사자에 대한 산재보험료 및 보험급여 산정의 기초가 되는 보수액 및 평균임금
2025-09-19 23:26:57,004 - INFO - [__main__] - 상세 페이지 스크레이퍼 실행: https://www.law.go.kr/admRulInfoP.do?admRulSeq=2100000029603
2025-09-19 23:26:57,544 - INFO - [scripts.adrule.logic.scraper] - 페이지로 이동 중: https://www.law.go.kr/admRulInfoP.do?admRulSeq=2100000029603
2025-09-19 23:26:58,197 - INFO - [scripts.adrule.logic.scraper] - 로딩 마스크가 나타나기를 기다리는 중...
2025-09-19 23:26:58,224 - INFO - [scripts.adrule.logic.scraper] - 로딩 마스크가 사라지기를 기다리는 중...
2025-09-19 23:26:58,413 - INFO - [scripts.adrule.logic.scraper] - 페이지 최종 렌더링을 잠시 대기합니다...
2025-09-19 23:26:59,420 - INFO - [scripts.adrule.logic.scraper] - 페이지 HTML 컨텐츠를 가져오는 중...
2025-09-19 23:26:59,427 - INFO - [scripts.adrule.logic.scraper] - 데이터 파싱 중...
2025-09-19 23:26:59,487 - INFO - [scripts.adrule.logic.scraper] - 유형 2: 텍스트 기반 비정형 구조 감지
2025-09-19 23:26:59,493 - INFO - [scripts.adrule.logic.scraper] - 데이터 1건을 '/Users/woong/Roeum/roeum-crawler/data/raw/adrule/1492000/평균임금 산정상의 상여금 취급요령_document.jsonl' 파일로 성공적으로 저장했습니다.
2025-09-19 23:26:59,494 - INFO - [scripts.adrule.logic.scraper] - 데이터 2건을 '/Users/woong/Roeum/roeum-crawler/data/raw/adrule/1492000/평균임금 산정상의 상여금 취급요령_chunks.jsonl' 파일로 성공적으로 저장했습니다.
2025-09-19 23:26:59,542 - INFO - [__main__] - 상세 페이지 스크레이퍼 완료: 평균임금 산정상의 상여금 취급요령
2025-09-19 23:27:01,347 - INFO - [__main__] - 상세 페이지 스크레이퍼 실행: https://www.law.go.kr/admRulInfoP.do?admRulSeq=2100000029605
2025-09-19 23:27:02,015 - INFO - [scripts.adrule.logic.scraper] - 페이지로 이동 중: https://www.law.go.kr/admRulInfoP.do?admRulSeq=2100000029605
2025-09-19 23:27:02,701 - INFO - [scripts.adrule.logic.scraper] - 로딩 마스크가 나타나기를 기다리는 중...
2025-09-19 23:27:02,732 - INFO - [scripts.adrule.logic.scraper] - 로딩 마스크가 사라지기를 기다리는 중...
2025-09-19 23:27:02,916 - INFO - [scripts.adrule.logic.scraper] - 페이지 최종 렌더링을 잠시 대기합니다...
2025-09-19 23:27:03,925 - INFO - [scripts.adrule.logic.scraper] - 페이지 HTML 컨텐츠를 가져오는 중...
2025-09-19 23:27:03,955 - INFO - [scripts.adrule.logic.scraper] - 데이터 파싱 중...
2025-09-19 23:27:04,044 - INFO - [scripts.adrule.logic.scraper] - 유형 1: 정형화된 법령 구조 감지
2025-09-19 23:27:04,059 - INFO - [scripts.adrule.logic.scraper] - 데이터 1건을 '/Users/woong/Roeum/roeum-crawler/data/raw/adrule/1492000/평균임금산정 특례 고시_document.jsonl' 파일로 성공적으로 저장했습니다.
2025-09-19 23:27:04,060 - INFO - [scripts.adrule.logic.scraper] - 데이터 6건을 '/Users/woong/Roeum/roeum-crawler/data/raw/adrule/1492000/평균임금산정 특례 고시_chunks.jsonl' 파일로 성공적으로 저장했습니다.
2025-09-19 23:27:04,122 - INFO - [__main__] - 상세 페이지 스크레이퍼 완료: 평균임금산정 특례 고시
2025-09-19 23:27:05,930 - INFO - [__main__] - 상세 페이지 스크레이퍼 실행: https://www.law.go.kr/admRulInfoP.do?admRulSeq=2100000252062
2025-09-19 23:27:06,402 - INFO - [scripts.adrule.logic.scraper] - 페이지로 이동 중: https://www.law.go.kr/admRulInfoP.do?admRulSeq=2100000252062
2025-09-19 23:27:07,047 - INFO - [scripts.adrule.logic.scraper] - 로딩 마스크가 나타나기를 기다리는 중...
2025-09-19 23:27:07,073 - INFO - [scripts.adrule.logic.scraper] - 로딩 마스크가 사라지기를 기다리는 중...
2025-09-19 23:27:07,157 - INFO - [scripts.adrule.logic.scraper] - 페이지 최종 렌더링을 잠시 대기합니다...
2025-09-19 23:27:08,162 - INFO - [scripts.adrule.logic.scraper] - 페이지 HTML 컨텐츠를 가져오는 중...
2025-09-19 23:27:08,184 - INFO - [scripts.adrule.logic.scraper] - 데이터 파싱 중...
2025-09-19 23:27:08,272 - INFO - [scripts.adrule.logic.scraper] - 유형 2: 텍스트 기반 비정형 구조 감지
2025-09-19 23:27:08,280 - INFO - [scripts.adrule.logic.scraper] - 데이터 1건을 '/Users/woong/Roeum/roeum-crawler/data/raw/adrule/1492000/플랫폼 사업자 보험사무이행지원금 산정기준_document.jsonl' 파일로 성공적으로 저장했습니다.
2025-09-19 23:27:08,280 - INFO - [scripts.adrule.logic.scraper] - 데이터 2건을 '/Users/woong/Roeum/roeum-crawler/data/raw/adrule/1492000/플랫폼 사업자 보험사무이행지원금 산정기준_chunks.jsonl' 파일로 성공적으로 저장했습니다.
2025-09-19 23:27:08,322 - INFO - [__main__] - 상세 페이지 스크레이퍼 완료: 플랫폼 사업자 보험사무이행지원금 산정기준
2025-09-19 23:27:10,081 - INFO - [__main__] - 상세 페이지 스크레이퍼 실행: https://www.law.go.kr/admRulInfoP.do?admRulSeq=2100000252360
2025-09-19 23:27:10,490 - INFO - [scripts.adrule.logic.scraper] - 페이지로 이동 중: https://www.law.go.kr/admRulInfoP.do?admRulSeq=2100000252360
2025-09-19 23:27:11,274 - INFO - [scripts.adrule.logic.scraper] - 로딩 마스크가 나타나기를 기다리는 중...
2025-09-19 23:27:11,304 - INFO - [scripts.adrule.logic.scraper] - 로딩 마스크가 사라지기를 기다리는 중...
2025-09-19 23:27:11,490 - INFO - [scripts.adrule.logic.scraper] - 페이지 최종 렌더링을 잠시 대기합니다...
2025-09-19 23:27:12,494 - INFO - [scripts.adrule.logic.scraper] - 페이지 HTML 컨텐츠를 가져오는 중...
2025-09-19 23:27:12,500 - INFO - [scripts.adrule.logic.scraper] - 데이터 파싱 중...
2025-09-19 23:27:12,533 - INFO - [scripts.adrule.logic.scraper] - 유형 2: 텍스트 기반 비정형 구조 감지
2025-09-19 23:27:12,536 - INFO - [scripts.adrule.logic.scraper] - 데이터 1건을 '/Users/woong/Roeum/roeum-crawler/data/raw/adrule/1492000/학생연구자에 대한 산재보험료 및 보험급여 산정의 기초가 되는 보수액 및 평균임금_document.jsonl' 파일로 성공적으로 저장했습니다.
2025-09-19 23:27:12,537 - INFO - [scripts.adrule.logic.scraper] - 데이터 1건을 '/Users/woong/Roeum/roeum-crawler/data/raw/adrule/1492000/학생연구자에 대한 산재보험료 및 보험급여 산정의 기초가 되는 보수액 및 평균임금_chunks.jsonl' 파일로 성공적으로 저장했습니다.
2025-09-19 23:27:12,557 - INFO - [__main__] - 상세 페이지 스크레이퍼 완료: 학생연구자에 대한 산재보험료 및 보험급여 산정의 기초가 되는 보수액 및 평균임금
2025-09-19 23:27:14,132 - INFO - [__main__] - 상세 페이지 스크레이퍼 실행: https://www.law.go.kr/admRulInfoP.do?admRulSeq=2100000250880
2025-09-19 23:27:14,509 - INFO - [scripts.adrule.logic.scraper] - 페이지로 이동 중: https://www.law.go.kr/admRulInfoP.do?admRulSeq=2100000250880
2025-09-19 23:27:15,343 - INFO - [scripts.adrule.logic.scraper] - 로딩 마스크가 나타나기를 기다리는 중...
2025-09-19 23:27:15,361 - INFO - [scripts.adrule.logic.scraper] - 로딩 마스크가 사라지기를 기다리는 중...
2025-09-19 23:27:15,442 - INFO - [scripts.adrule.logic.scraper] - 페이지 최종 렌더링을 잠시 대기합니다...
2025-09-19 23:27:16,445 - INFO - [scripts.adrule.logic.scraper] - 페이지 HTML 컨텐츠를 가져오는 중...
2025-09-19 23:27:16,452 - INFO - [scripts.adrule.logic.scraper] - 데이터 파싱 중...
2025-09-19 23:27:16,491 - INFO - [scripts.adrule.logic.scraper] - 유형 2: 텍스트 기반 비정형 구조 감지
2025-09-19 23:27:16,496 - INFO - [scripts.adrule.logic.scraper] - 데이터 1건을 '/Users/woong/Roeum/roeum-crawler/data/raw/adrule/1492000/한국고용직업분류_document.jsonl' 파일로 성공적으로 저장했습니다.
2025-09-19 23:27:16,497 - INFO - [scripts.adrule.logic.scraper] - 데이터 1건을 '/Users/woong/Roeum/roeum-crawler/data/raw/adrule/1492000/한국고용직업분류_chunks.jsonl' 파일로 성공적으로 저장했습니다.
2025-09-19 23:27:16,521 - INFO - [__main__] - 상세 페이지 스크레이퍼 완료: 한국고용직업분류
2025-09-19 23:27:18,219 - INFO - [__main__] - 상세 페이지 스크레이퍼 실행: https://www.law.go.kr/admRulInfoP.do?admRulSeq=2100000175124
2025-09-19 23:27:18,992 - INFO - [scripts.adrule.logic.scraper] - 페이지로 이동 중: https://www.law.go.kr/admRulInfoP.do?admRulSeq=2100000175124
2025-09-19 23:27:19,623 - INFO - [scripts.adrule.logic.scraper] - 로딩 마스크가 나타나기를 기다리는 중...
2025-09-19 23:27:19,669 - INFO - [scripts.adrule.logic.scraper] - 로딩 마스크가 사라지기를 기다리는 중...
2025-09-19 23:27:19,706 - INFO - [scripts.adrule.logic.scraper] - 페이지 최종 렌더링을 잠시 대기합니다...
2025-09-19 23:27:20,711 - INFO - [scripts.adrule.logic.scraper] - 페이지 HTML 컨텐츠를 가져오는 중...
2025-09-19 23:27:20,730 - INFO - [scripts.adrule.logic.scraper] - 데이터 파싱 중...
2025-09-19 23:27:20,787 - INFO - [scripts.adrule.logic.scraper] - 유형 2: 텍스트 기반 비정형 구조 감지
2025-09-19 23:27:20,794 - INFO - [scripts.adrule.logic.scraper] - 데이터 1건을 '/Users/woong/Roeum/roeum-crawler/data/raw/adrule/1492000/한국폴리텍대학 대구·구미·진주캠퍼스 임대형 민간투자사업 시설사업기본계획 고시_document.jsonl' 파일로 성공적으로 저장했습니다.
2025-09-19 23:27:20,794 - INFO - [scripts.adrule.logic.scraper] - 데이터 1건을 '/Users/woong/Roeum/roeum-crawler/data/raw/adrule/1492000/한국폴리텍대학 대구·구미·진주캠퍼스 임대형 민간투자사업 시설사업기본계획 고시_chunks.jsonl' 파일로 성공적으로 저장했습니다.
2025-09-19 23:27:20,845 - INFO - [__main__] - 상세 페이지 스크레이퍼 완료: 한국폴리텍대학 대구·구미·진주캠퍼스 임대형 민간투자사업 시설사업기본계획 고시
2025-09-19 23:27:22,588 - INFO - [__main__] - 상세 페이지 스크레이퍼 실행: https://www.law.go.kr/admRulInfoP.do?admRulSeq=2100000176058
2025-09-19 23:27:23,038 - INFO - [scripts.adrule.logic.scraper] - 페이지로 이동 중: https://www.law.go.kr/admRulInfoP.do?admRulSeq=2100000176058
2025-09-19 23:27:23,720 - INFO - [scripts.adrule.logic.scraper] - 로딩 마스크가 나타나기를 기다리는 중...
2025-09-19 23:27:23,747 - INFO - [scripts.adrule.logic.scraper] - 로딩 마스크가 사라지기를 기다리는 중...
2025-09-19 23:27:23,935 - INFO - [scripts.adrule.logic.scraper] - 페이지 최종 렌더링을 잠시 대기합니다...
2025-09-19 23:27:24,938 - INFO - [scripts.adrule.logic.scraper] - 페이지 HTML 컨텐츠를 가져오는 중...
2025-09-19 23:27:24,943 - INFO - [scripts.adrule.logic.scraper] - 데이터 파싱 중...
2025-09-19 23:27:24,972 - INFO - [scripts.adrule.logic.scraper] - 유형 2: 텍스트 기반 비정형 구조 감지
2025-09-19 23:27:24,976 - INFO - [scripts.adrule.logic.scraper] - 데이터 1건을 '/Users/woong/Roeum/roeum-crawler/data/raw/adrule/1492000/한국폴리텍대학 창원2캠퍼스·영주캠퍼스 공학관 및 기숙사 증·개축 임대형 민간투자사업_document.jsonl' 파일로 성공적으로 저장했습니다.
2025-09-19 23:27:24,977 - INFO - [scripts.adrule.logic.scraper] - 데이터 1건을 '/Users/woong/Roeum/roeum-crawler/data/raw/adrule/1492000/한국폴리텍대학 창원2캠퍼스·영주캠퍼스 공학관 및 기숙사 증·개축 임대형 민간투자사업_chunks.jsonl' 파일로 성공적으로 저장했습니다.
2025-09-19 23:27:25,001 - INFO - [__main__] - 상세 페이지 스크레이퍼 완료: 한국폴리텍대학 창원2캠퍼스·영주캠퍼스 공학관 및 기숙사 증·개축 임대형 민간투자사업
2025-09-19 23:27:26,812 - INFO - [__main__] - 상세 페이지 스크레이퍼 실행: https://www.law.go.kr/admRulInfoP.do?admRulSeq=2100000109529
2025-09-19 23:27:27,394 - INFO - [scripts.adrule.logic.scraper] - 페이지로 이동 중: https://www.law.go.kr/admRulInfoP.do?admRulSeq=2100000109529
2025-09-19 23:27:28,079 - INFO - [scripts.adrule.logic.scraper] - 로딩 마스크가 나타나기를 기다리는 중...
2025-09-19 23:27:28,110 - INFO - [scripts.adrule.logic.scraper] - 로딩 마스크가 사라지기를 기다리는 중...
2025-09-19 23:27:28,203 - INFO - [scripts.adrule.logic.scraper] - 페이지 최종 렌더링을 잠시 대기합니다...
2025-09-19 23:27:29,206 - INFO - [scripts.adrule.logic.scraper] - 페이지 HTML 컨텐츠를 가져오는 중...
2025-09-19 23:27:29,215 - INFO - [scripts.adrule.logic.scraper] - 데이터 파싱 중...
2025-09-19 23:27:29,263 - INFO - [scripts.adrule.logic.scraper] - 유형 2: 텍스트 기반 비정형 구조 감지
2025-09-19 23:27:29,271 - INFO - [scripts.adrule.logic.scraper] - 데이터 1건을 '/Users/woong/Roeum/roeum-crawler/data/raw/adrule/1492000/한국폴리텍대학 청주캠퍼스·아산캠퍼스 임대형 민간투자사업 시설사업기본계획 고시_document.jsonl' 파일로 성공적으로 저장했습니다.
2025-09-19 23:27:29,271 - INFO - [scripts.adrule.logic.scraper] - 데이터 1건을 '/Users/woong/Roeum/roeum-crawler/data/raw/adrule/1492000/한국폴리텍대학 청주캠퍼스·아산캠퍼스 임대형 민간투자사업 시설사업기본계획 고시_chunks.jsonl' 파일로 성공적으로 저장했습니다.
2025-09-19 23:27:29,299 - INFO - [__main__] - 상세 페이지 스크레이퍼 완료: 한국폴리텍대학 청주캠퍼스·아산캠퍼스 임대형 민간투자사업 시설사업기본계획 고시
2025-09-19 23:27:30,902 - INFO - [__main__] - 상세 페이지 스크레이퍼 실행: https://www.law.go.kr/admRulInfoP.do?admRulSeq=2000000017591
2025-09-19 23:27:31,289 - INFO - [scripts.adrule.logic.scraper] - 페이지로 이동 중: https://www.law.go.kr/admRulInfoP.do?admRulSeq=2000000017591
2025-09-19 23:27:31,907 - INFO - [scripts.adrule.logic.scraper] - 로딩 마스크가 나타나기를 기다리는 중...
2025-09-19 23:27:31,926 - INFO - [scripts.adrule.logic.scraper] - 로딩 마스크가 사라지기를 기다리는 중...
2025-09-19 23:27:32,109 - INFO - [scripts.adrule.logic.scraper] - 페이지 최종 렌더링을 잠시 대기합니다...
2025-09-19 23:27:33,117 - INFO - [scripts.adrule.logic.scraper] - 페이지 HTML 컨텐츠를 가져오는 중...
2025-09-19 23:27:33,137 - INFO - [scripts.adrule.logic.scraper] - 데이터 파싱 중...
2025-09-19 23:27:33,221 - INFO - [scripts.adrule.logic.scraper] - 유형 1: 정형화된 법령 구조 감지
2025-09-19 23:27:33,288 - INFO - [scripts.adrule.logic.scraper] - 데이터 1건을 '/Users/woong/Roeum/roeum-crawler/data/raw/adrule/1492000/한미 자유무역협정의 노동(제19장)에 대한 진정처리 등에 관한 지침_document.jsonl' 파일로 성공적으로 저장했습니다.
2025-09-19 23:27:33,289 - INFO - [scripts.adrule.logic.scraper] - 데이터 16건을 '/Users/woong/Roeum/roeum-crawler/data/raw/adrule/1492000/한미 자유무역협정의 노동(제19장)에 대한 진정처리 등에 관한 지침_chunks.jsonl' 파일로 성공적으로 저장했습니다.
2025-09-19 23:27:33,330 - INFO - [__main__] - 상세 페이지 스크레이퍼 완료: 한미 자유무역협정의 노동(제19장)에 대한 진정처리 등에 관한 지침
2025-09-19 23:27:35,275 - INFO - [__main__] - 상세 페이지 스크레이퍼 실행: https://www.law.go.kr/admRulInfoP.do?admRulSeq=2100000009216
2025-09-19 23:27:36,064 - INFO - [scripts.adrule.logic.scraper] - 페이지로 이동 중: https://www.law.go.kr/admRulInfoP.do?admRulSeq=2100000009216
2025-09-19 23:27:37,153 - INFO - [scripts.adrule.logic.scraper] - 로딩 마스크가 나타나기를 기다리는 중...
2025-09-19 23:27:37,192 - INFO - [scripts.adrule.logic.scraper] - 로딩 마스크가 사라지기를 기다리는 중...
2025-09-19 23:27:37,276 - INFO - [scripts.adrule.logic.scraper] - 페이지 최종 렌더링을 잠시 대기합니다...
2025-09-19 23:27:38,279 - INFO - [scripts.adrule.logic.scraper] - 페이지 HTML 컨텐츠를 가져오는 중...
2025-09-19 23:27:38,299 - INFO - [scripts.adrule.logic.scraper] - 데이터 파싱 중...
2025-09-19 23:27:38,381 - INFO - [scripts.adrule.logic.scraper] - 유형 1: 정형화된 법령 구조 감지
2025-09-19 23:27:38,447 - INFO - [scripts.adrule.logic.scraper] - 데이터 1건을 '/Users/woong/Roeum/roeum-crawler/data/raw/adrule/1492000/한·캐나다 자유무역협정의 노동(제18장)에 대한 진정처리 등에 관한 지침_document.jsonl' 파일로 성공적으로 저장했습니다.
2025-09-19 23:27:38,448 - INFO - [scripts.adrule.logic.scraper] - 데이터 16건을 '/Users/woong/Roeum/roeum-crawler/data/raw/adrule/1492000/한·캐나다 자유무역협정의 노동(제18장)에 대한 진정처리 등에 관한 지침_chunks.jsonl' 파일로 성공적으로 저장했습니다.
2025-09-19 23:27:38,491 - INFO - [__main__] - 상세 페이지 스크레이퍼 완료: 한·캐나다 자유무역협정의 노동(제18장)에 대한 진정처리 등에 관한 지침
2025-09-19 23:27:40,180 - INFO - [__main__] - 상세 페이지 스크레이퍼 실행: https://www.law.go.kr/admRulInfoP.do?admRulSeq=2100000186047
2025-09-19 23:27:40,603 - INFO - [scripts.adrule.logic.scraper] - 페이지로 이동 중: https://www.law.go.kr/admRulInfoP.do?admRulSeq=2100000186047
2025-09-19 23:27:41,258 - INFO - [scripts.adrule.logic.scraper] - 로딩 마스크가 나타나기를 기다리는 중...
2025-09-19 23:27:41,288 - INFO - [scripts.adrule.logic.scraper] - 로딩 마스크가 사라지기를 기다리는 중...
2025-09-19 23:27:41,476 - INFO - [scripts.adrule.logic.scraper] - 페이지 최종 렌더링을 잠시 대기합니다...
2025-09-19 23:27:42,478 - INFO - [scripts.adrule.logic.scraper] - 페이지 HTML 컨텐츠를 가져오는 중...
2025-09-19 23:27:42,487 - INFO - [scripts.adrule.logic.scraper] - 데이터 파싱 중...
2025-09-19 23:27:42,555 - INFO - [scripts.adrule.logic.scraper] - 유형 1: 정형화된 법령 구조 감지
2025-09-19 23:27:42,627 - INFO - [scripts.adrule.logic.scraper] - 데이터 1건을 '/Users/woong/Roeum/roeum-crawler/data/raw/adrule/1492000/해체공사표준안전작업지침_document.jsonl' 파일로 성공적으로 저장했습니다.
2025-09-19 23:27:42,629 - INFO - [scripts.adrule.logic.scraper] - 데이터 26건을 '/Users/woong/Roeum/roeum-crawler/data/raw/adrule/1492000/해체공사표준안전작업지침_chunks.jsonl' 파일로 성공적으로 저장했습니다.
2025-09-19 23:27:42,674 - INFO - [__main__] - 상세 페이지 스크레이퍼 완료: 해체공사표준안전작업지침
2025-09-19 23:27:44,432 - INFO - [__main__] - 상세 페이지 스크레이퍼 실행: https://www.law.go.kr/admRulInfoP.do?admRulSeq=2100000234610
2025-09-19 23:27:44,868 - INFO - [scripts.adrule.logic.scraper] - 페이지로 이동 중: https://www.law.go.kr/admRulInfoP.do?admRulSeq=2100000234610
2025-09-19 23:27:45,511 - INFO - [scripts.adrule.logic.scraper] - 로딩 마스크가 나타나기를 기다리는 중...
2025-09-19 23:27:45,533 - INFO - [scripts.adrule.logic.scraper] - 로딩 마스크가 사라지기를 기다리는 중...
2025-09-19 23:27:45,716 - INFO - [scripts.adrule.logic.scraper] - 페이지 최종 렌더링을 잠시 대기합니다...
2025-09-19 23:27:46,731 - INFO - [scripts.adrule.logic.scraper] - 페이지 HTML 컨텐츠를 가져오는 중...
2025-09-19 23:27:46,754 - INFO - [scripts.adrule.logic.scraper] - 데이터 파싱 중...
2025-09-19 23:27:46,827 - INFO - [scripts.adrule.logic.scraper] - 유형 1: 정형화된 법령 구조 감지
2025-09-19 23:27:46,839 - INFO - [scripts.adrule.logic.scraper] - 데이터 1건을 '/Users/woong/Roeum/roeum-crawler/data/raw/adrule/1492000/행정정보공동이용망을 통한 고용민원사무 처리 운영 규정_document.jsonl' 파일로 성공적으로 저장했습니다.
2025-09-19 23:27:46,840 - INFO - [scripts.adrule.logic.scraper] - 데이터 5건을 '/Users/woong/Roeum/roeum-crawler/data/raw/adrule/1492000/행정정보공동이용망을 통한 고용민원사무 처리 운영 규정_chunks.jsonl' 파일로 성공적으로 저장했습니다.
2025-09-19 23:27:46,881 - INFO - [__main__] - 상세 페이지 스크레이퍼 완료: 행정정보공동이용망을 통한 고용민원사무 처리 운영 규정
2025-09-19 23:27:48,911 - INFO - [__main__] - 상세 페이지 스크레이퍼 실행: https://www.law.go.kr/admRulInfoP.do?admRulSeq=2100000235080
2025-09-19 23:27:49,735 - INFO - [scripts.adrule.logic.scraper] - 페이지로 이동 중: https://www.law.go.kr/admRulInfoP.do?admRulSeq=2100000235080
2025-09-19 23:27:50,518 - INFO - [scripts.adrule.logic.scraper] - 로딩 마스크가 나타나기를 기다리는 중...
2025-09-19 23:27:50,585 - INFO - [scripts.adrule.logic.scraper] - 로딩 마스크가 사라지기를 기다리는 중...
2025-09-19 23:27:50,784 - INFO - [scripts.adrule.logic.scraper] - 페이지 최종 렌더링을 잠시 대기합니다...
2025-09-19 23:27:51,791 - INFO - [scripts.adrule.logic.scraper] - 페이지 HTML 컨텐츠를 가져오는 중...
2025-09-19 23:27:51,815 - INFO - [scripts.adrule.logic.scraper] - 데이터 파싱 중...
2025-09-19 23:27:52,150 - INFO - [scripts.adrule.logic.scraper] - 유형 1: 정형화된 법령 구조 감지
2025-09-19 23:27:52,396 - INFO - [scripts.adrule.logic.scraper] - 데이터 1건을 '/Users/woong/Roeum/roeum-crawler/data/raw/adrule/1492000/현장 실무인재 양성을 위한 직업능력개발훈련 운영규정_document.jsonl' 파일로 성공적으로 저장했습니다.
2025-09-19 23:27:52,397 - INFO - [scripts.adrule.logic.scraper] - 데이터 31건을 '/Users/woong/Roeum/roeum-crawler/data/raw/adrule/1492000/현장 실무인재 양성을 위한 직업능력개발훈련 운영규정_chunks.jsonl' 파일로 성공적으로 저장했습니다.
2025-09-19 23:27:52,469 - INFO - [__main__] - 상세 페이지 스크레이퍼 완료: 현장 실무인재 양성을 위한 직업능력개발훈련 운영규정
2025-09-19 23:27:54,490 - INFO - [__main__] - 상세 페이지 스크레이퍼 실행: https://www.law.go.kr/admRulInfoP.do?admRulSeq=2100000243830
2025-09-19 23:27:54,946 - INFO - [scripts.adrule.logic.scraper] - 페이지로 이동 중: https://www.law.go.kr/admRulInfoP.do?admRulSeq=2100000243830
2025-09-19 23:27:55,616 - INFO - [scripts.adrule.logic.scraper] - 로딩 마스크가 나타나기를 기다리는 중...
2025-09-19 23:27:55,645 - INFO - [scripts.adrule.logic.scraper] - 로딩 마스크가 사라지기를 기다리는 중...
2025-09-19 23:27:55,681 - INFO - [scripts.adrule.logic.scraper] - 페이지 최종 렌더링을 잠시 대기합니다...
2025-09-19 23:27:56,685 - INFO - [scripts.adrule.logic.scraper] - 페이지 HTML 컨텐츠를 가져오는 중...
2025-09-19 23:27:56,692 - INFO - [scripts.adrule.logic.scraper] - 데이터 파싱 중...
2025-09-19 23:27:56,727 - INFO - [scripts.adrule.logic.scraper] - 유형 1: 정형화된 법령 구조 감지
2025-09-19 23:27:56,735 - INFO - [scripts.adrule.logic.scraper] - 데이터 1건을 '/Users/woong/Roeum/roeum-crawler/data/raw/adrule/1492000/현장실습생에 대한 산업재해보상보험 적용범위_document.jsonl' 파일로 성공적으로 저장했습니다.
2025-09-19 23:27:56,735 - INFO - [scripts.adrule.logic.scraper] - 데이터 4건을 '/Users/woong/Roeum/roeum-crawler/data/raw/adrule/1492000/현장실습생에 대한 산업재해보상보험 적용범위_chunks.jsonl' 파일로 성공적으로 저장했습니다.
2025-09-19 23:27:56,759 - INFO - [__main__] - 상세 페이지 스크레이퍼 완료: 현장실습생에 대한 산업재해보상보험 적용범위
2025-09-19 23:27:58,451 - INFO - [__main__] - 상세 페이지 스크레이퍼 실행: https://www.law.go.kr/admRulInfoP.do?admRulSeq=2100000186058
2025-09-19 23:27:58,958 - INFO - [scripts.adrule.logic.scraper] - 페이지로 이동 중: https://www.law.go.kr/admRulInfoP.do?admRulSeq=2100000186058
2025-09-19 23:27:59,637 - INFO - [scripts.adrule.logic.scraper] - 로딩 마스크가 나타나기를 기다리는 중...
2025-09-19 23:27:59,667 - INFO - [scripts.adrule.logic.scraper] - 로딩 마스크가 사라지기를 기다리는 중...
2025-09-19 23:27:59,724 - INFO - [scripts.adrule.logic.scraper] - 페이지 최종 렌더링을 잠시 대기합니다...
2025-09-19 23:28:00,730 - INFO - [scripts.adrule.logic.scraper] - 페이지 HTML 컨텐츠를 가져오는 중...
2025-09-19 23:28:00,745 - INFO - [scripts.adrule.logic.scraper] - 데이터 파싱 중...
2025-09-19 23:28:00,803 - INFO - [scripts.adrule.logic.scraper] - 유형 1: 정형화된 법령 구조 감지
2025-09-19 23:28:00,869 - INFO - [scripts.adrule.logic.scraper] - 데이터 1건을 '/Users/woong/Roeum/roeum-crawler/data/raw/adrule/1492000/화학물질 및 물리적 인자의 노출기준_document.jsonl' 파일로 성공적으로 저장했습니다.
2025-09-19 23:28:00,870 - INFO - [scripts.adrule.logic.scraper] - 데이터 13건을 '/Users/woong/Roeum/roeum-crawler/data/raw/adrule/1492000/화학물질 및 물리적 인자의 노출기준_chunks.jsonl' 파일로 성공적으로 저장했습니다.
2025-09-19 23:28:00,904 - INFO - [__main__] - 상세 페이지 스크레이퍼 완료: 화학물질 및 물리적 인자의 노출기준
2025-09-19 23:28:02,520 - INFO - [__main__] - 상세 페이지 스크레이퍼 실행: https://www.law.go.kr/admRulInfoP.do?admRulSeq=2100000262720
2025-09-19 23:28:02,917 - INFO - [scripts.adrule.logic.scraper] - 페이지로 이동 중: https://www.law.go.kr/admRulInfoP.do?admRulSeq=2100000262720
2025-09-19 23:28:03,691 - INFO - [scripts.adrule.logic.scraper] - 로딩 마스크가 나타나기를 기다리는 중...
2025-09-19 23:28:03,761 - INFO - [scripts.adrule.logic.scraper] - 로딩 마스크가 사라지기를 기다리는 중...
2025-09-19 23:28:03,917 - INFO - [scripts.adrule.logic.scraper] - 페이지 최종 렌더링을 잠시 대기합니다...
2025-09-19 23:28:04,936 - INFO - [scripts.adrule.logic.scraper] - 페이지 HTML 컨텐츠를 가져오는 중...
2025-09-19 23:28:04,969 - INFO - [scripts.adrule.logic.scraper] - 데이터 파싱 중...
2025-09-19 23:28:05,450 - INFO - [scripts.adrule.logic.scraper] - 유형 1: 정형화된 법령 구조 감지
2025-09-19 23:28:05,541 - INFO - [scripts.adrule.logic.scraper] - 데이터 1건을 '/Users/woong/Roeum/roeum-crawler/data/raw/adrule/1492000/화학물질의 분류·표시 및 물질안전보건자료에 관한 기준_document.jsonl' 파일로 성공적으로 저장했습니다.
2025-09-19 23:28:05,542 - INFO - [scripts.adrule.logic.scraper] - 데이터 22건을 '/Users/woong/Roeum/roeum-crawler/data/raw/adrule/1492000/화학물질의 분류·표시 및 물질안전보건자료에 관한 기준_chunks.jsonl' 파일로 성공적으로 저장했습니다.
2025-09-19 23:28:05,616 - INFO - [__main__] - 상세 페이지 스크레이퍼 완료: 화학물질의 분류·표시 및 물질안전보건자료에 관한 기준
2025-09-19 23:28:08,007 - INFO - [__main__] - 상세 페이지 스크레이퍼 실행: https://www.law.go.kr/admRulInfoP.do?admRulSeq=2100000217673
2025-09-19 23:28:08,818 - INFO - [scripts.adrule.logic.scraper] - 페이지로 이동 중: https://www.law.go.kr/admRulInfoP.do?admRulSeq=2100000217673
2025-09-19 23:28:09,741 - INFO - [scripts.adrule.logic.scraper] - 로딩 마스크가 나타나기를 기다리는 중...
2025-09-19 23:28:09,776 - INFO - [scripts.adrule.logic.scraper] - 로딩 마스크가 사라지기를 기다리는 중...
2025-09-19 23:28:09,972 - INFO - [scripts.adrule.logic.scraper] - 페이지 최종 렌더링을 잠시 대기합니다...
2025-09-19 23:28:10,976 - INFO - [scripts.adrule.logic.scraper] - 페이지 HTML 컨텐츠를 가져오는 중...
2025-09-19 23:28:10,990 - INFO - [scripts.adrule.logic.scraper] - 데이터 파싱 중...
2025-09-19 23:28:11,075 - INFO - [scripts.adrule.logic.scraper] - 유형 1: 정형화된 법령 구조 감지
2025-09-19 23:28:11,100 - INFO - [scripts.adrule.logic.scraper] - 데이터 1건을 '/Users/woong/Roeum/roeum-crawler/data/raw/adrule/1492000/화학물질의 유해성·위험성 평가에 관한 규정_document.jsonl' 파일로 성공적으로 저장했습니다.
2025-09-19 23:28:11,100 - INFO - [scripts.adrule.logic.scraper] - 데이터 26건을 '/Users/woong/Roeum/roeum-crawler/data/raw/adrule/1492000/화학물질의 유해성·위험성 평가에 관한 규정_chunks.jsonl' 파일로 성공적으로 저장했습니다.
2025-09-19 23:28:11,129 - INFO - [__main__] - 상세 페이지 스크레이퍼 완료: 화학물질의 유해성·위험성 평가에 관한 규정
2025-09-19 23:28:12,861 - INFO - [__main__] - 상세 페이지 스크레이퍼 실행: https://www.law.go.kr/admRulInfoP.do?admRulSeq=2100000247580
2025-09-19 23:28:13,496 - INFO - [scripts.adrule.logic.scraper] - 페이지로 이동 중: https://www.law.go.kr/admRulInfoP.do?admRulSeq=2100000247580
2025-09-19 23:28:14,151 - INFO - [scripts.adrule.logic.scraper] - 로딩 마스크가 나타나기를 기다리는 중...
2025-09-19 23:28:14,175 - INFO - [scripts.adrule.logic.scraper] - 로딩 마스크가 사라지기를 기다리는 중...
2025-09-19 23:28:14,362 - INFO - [scripts.adrule.logic.scraper] - 페이지 최종 렌더링을 잠시 대기합니다...
2025-09-19 23:28:15,366 - INFO - [scripts.adrule.logic.scraper] - 페이지 HTML 컨텐츠를 가져오는 중...
2025-09-19 23:28:15,386 - INFO - [scripts.adrule.logic.scraper] - 데이터 파싱 중...
2025-09-19 23:28:15,450 - INFO - [scripts.adrule.logic.scraper] - 유형 2: 텍스트 기반 비정형 구조 감지
2025-09-19 23:28:15,456 - INFO - [scripts.adrule.logic.scraper] - 데이터 1건을 '/Users/woong/Roeum/roeum-crawler/data/raw/adrule/1492000/확정급여형퇴직연금제도의 재정검증결과 통보양식 고시_document.jsonl' 파일로 성공적으로 저장했습니다.
2025-09-19 23:28:15,457 - INFO - [scripts.adrule.logic.scraper] - 데이터 2건을 '/Users/woong/Roeum/roeum-crawler/data/raw/adrule/1492000/확정급여형퇴직연금제도의 재정검증결과 통보양식 고시_chunks.jsonl' 파일로 성공적으로 저장했습니다.
2025-09-19 23:28:15,509 - INFO - [__main__] - 상세 페이지 스크레이퍼 완료: 확정급여형퇴직연금제도의 재정검증결과 통보양식 고시
2025-09-19 23:28:17,307 - INFO - [__main__] - 상세 페이지 스크레이퍼 실행: https://www.law.go.kr/admRulInfoP.do?admRulSeq=2100000198951
2025-09-19 23:28:17,773 - INFO - [scripts.adrule.logic.scraper] - 페이지로 이동 중: https://www.law.go.kr/admRulInfoP.do?admRulSeq=2100000198951
2025-09-19 23:28:18,486 - INFO - [scripts.adrule.logic.scraper] - 로딩 마스크가 나타나기를 기다리는 중...
2025-09-19 23:28:18,528 - INFO - [scripts.adrule.logic.scraper] - 로딩 마스크가 사라지기를 기다리는 중...
2025-09-19 23:28:18,721 - INFO - [scripts.adrule.logic.scraper] - 페이지 최종 렌더링을 잠시 대기합니다...
2025-09-19 23:28:19,726 - INFO - [scripts.adrule.logic.scraper] - 페이지 HTML 컨텐츠를 가져오는 중...
2025-09-19 23:28:19,746 - INFO - [scripts.adrule.logic.scraper] - 데이터 파싱 중...
2025-09-19 23:28:19,891 - INFO - [scripts.adrule.logic.scraper] - 유형 1: 정형화된 법령 구조 감지
2025-09-19 23:28:19,924 - INFO - [scripts.adrule.logic.scraper] - 데이터 1건을 '/Users/woong/Roeum/roeum-crawler/data/raw/adrule/1492000/회계업무처리에 관한 규정_document.jsonl' 파일로 성공적으로 저장했습니다.
2025-09-19 23:28:19,925 - INFO - [scripts.adrule.logic.scraper] - 데이터 29건을 '/Users/woong/Roeum/roeum-crawler/data/raw/adrule/1492000/회계업무처리에 관한 규정_chunks.jsonl' 파일로 성공적으로 저장했습니다.
2025-09-19 23:28:19,965 - INFO - [__main__] - 상세 페이지 스크레이퍼 완료: 회계업무처리에 관한 규정
2025-09-19 23:28:21,762 - INFO - [__main__] - 상세 페이지 스크레이퍼 실행: https://www.law.go.kr/admRulInfoP.do?admRulSeq=2100000209212
2025-09-19 23:28:22,388 - INFO - [scripts.adrule.logic.scraper] - 페이지로 이동 중: https://www.law.go.kr/admRulInfoP.do?admRulSeq=2100000209212
2025-09-19 23:28:23,080 - INFO - [scripts.adrule.logic.scraper] - 로딩 마스크가 나타나기를 기다리는 중...
2025-09-19 23:28:23,182 - INFO - [scripts.adrule.logic.scraper] - 로딩 마스크가 사라지기를 기다리는 중...
2025-09-19 23:28:23,197 - INFO - [scripts.adrule.logic.scraper] - 페이지 최종 렌더링을 잠시 대기합니다...
2025-09-19 23:28:24,208 - INFO - [scripts.adrule.logic.scraper] - 페이지 HTML 컨텐츠를 가져오는 중...
2025-09-19 23:28:24,224 - INFO - [scripts.adrule.logic.scraper] - 데이터 파싱 중...
2025-09-19 23:28:24,297 - INFO - [scripts.adrule.logic.scraper] - 유형 2: 텍스트 기반 비정형 구조 감지
2025-09-19 23:28:24,311 - INFO - [scripts.adrule.logic.scraper] - 데이터 1건을 '/Users/woong/Roeum/roeum-crawler/data/raw/adrule/1492000/훈련지시대상 훈련과정 및 직종 고시_document.jsonl' 파일로 성공적으로 저장했습니다.
2025-09-19 23:28:24,312 - INFO - [scripts.adrule.logic.scraper] - 데이터 2건을 '/Users/woong/Roeum/roeum-crawler/data/raw/adrule/1492000/훈련지시대상 훈련과정 및 직종 고시_chunks.jsonl' 파일로 성공적으로 저장했습니다.
2025-09-19 23:28:24,371 - INFO - [__main__] - 상세 페이지 스크레이퍼 완료: 훈련지시대상 훈련과정 및 직종 고시
