2025-09-19 22:49:42,282 - INFO - [scripts.adrule.logic.url_checker] - URL 유효성 검증 성공: https://www.law.go.kr/admRulAstSc.do?menuId=391&subMenuId=397&tabMenuId=441&cptOfiCd=1492000
2025-09-19 22:49:42,427 - INFO - [scripts.adrule.logic.list_scraper] - 스크레이핑을 시작합니다...
2025-09-19 22:49:42,748 - INFO - [scripts.adrule.logic.list_scraper] - 시작 페이지로 이동 중: https://www.law.go.kr/admRulAstSc.do?menuId=391&subMenuId=397&tabMenuId=441&cptOfiCd=1492000
2025-09-19 22:49:44,145 - INFO - [scripts.adrule.logic.list_scraper] - 총 9 페이지를 확인했습니다.
2025-09-19 22:49:44,145 - INFO - [scripts.adrule.logic.list_scraper] - --- 1 / 9 페이지 처리 중 ---
2025-09-19 22:49:44,178 - INFO - [scripts.adrule.logic.list_scraper] - --- build_detail_url analysis started for: javascript:admRulReturnSearch('2025년도 건설업 월평균보수','2100000252102','N');return false; ---
2025-09-19 22:49:44,179 - INFO - [scripts.adrule.logic.list_scraper] - build_detail_url: Extracted params: ['2025년도 건설업 월평균보수', '2100000252102', 'N']
2025-09-19 22:49:44,179 - INFO - [scripts.adrule.logic.list_scraper] - build_detail_url: Found efYd: None
2025-09-19 22:49:44,179 - INFO - [scripts.adrule.logic.list_scraper] - build_detail_url: Initial lsiSeq candidates: ['2100000252102']
2025-09-19 22:49:44,185 - INFO - [scripts.adrule.logic.list_scraper] - --- build_detail_url analysis started for: javascript:admRulReturnSearch('2025년도 사업종류별 산재보험료율','2100000251996','N');return false; ---
2025-09-19 22:49:44,185 - INFO - [scripts.adrule.logic.list_scraper] - build_detail_url: Extracted params: ['2025년도 사업종류별 산재보험료율', '2100000251996', 'N']
2025-09-19 22:49:44,185 - INFO - [scripts.adrule.logic.list_scraper] - build_detail_url: Found efYd: None
2025-09-19 22:49:44,185 - INFO - [scripts.adrule.logic.list_scraper] - build_detail_url: Initial lsiSeq candidates: ['2100000251996']
2025-09-19 22:49:44,192 - INFO - [scripts.adrule.logic.list_scraper] - --- build_detail_url analysis started for: javascript:admRulReturnSearch('2025년 적용 최저임금 고시','2100000245668','Y');return false; ---
2025-09-19 22:49:44,192 - INFO - [scripts.adrule.logic.list_scraper] - build_detail_url: Extracted params: ['2025년 적용 최저임금 고시', '2100000245668', 'Y']
2025-09-19 22:49:44,192 - INFO - [scripts.adrule.logic.list_scraper] - build_detail_url: Found efYd: None
2025-09-19 22:49:44,192 - INFO - [scripts.adrule.logic.list_scraper] - build_detail_url: Initial lsiSeq candidates: ['2100000245668']
2025-09-19 22:49:44,198 - INFO - [scripts.adrule.logic.list_scraper] - --- build_detail_url analysis started for: javascript:admRulReturnSearch('2026년 적용 최저임금 고시','2100000262710','Y');return false; ---
2025-09-19 22:49:44,198 - INFO - [scripts.adrule.logic.list_scraper] - build_detail_url: Extracted params: ['2026년 적용 최저임금 고시', '2100000262710', 'Y']
2025-09-19 22:49:44,198 - INFO - [scripts.adrule.logic.list_scraper] - build_detail_url: Found efYd: None
2025-09-19 22:49:44,198 - INFO - [scripts.adrule.logic.list_scraper] - build_detail_url: Initial lsiSeq candidates: ['2100000262710']
2025-09-19 22:49:44,204 - INFO - [scripts.adrule.logic.list_scraper] - --- build_detail_url analysis started for: javascript:admRulReturnSearch('2026년 적용 최저임금안 고시','2100000261888','Y');return false; ---
2025-09-19 22:49:44,204 - INFO - [scripts.adrule.logic.list_scraper] - build_detail_url: Extracted params: ['2026년 적용 최저임금안 고시', '2100000261888', 'Y']
2025-09-19 22:49:44,204 - INFO - [scripts.adrule.logic.list_scraper] - build_detail_url: Found efYd: None
2025-09-19 22:49:44,204 - INFO - [scripts.adrule.logic.list_scraper] - build_detail_url: Initial lsiSeq candidates: ['2100000261888']
2025-09-19 22:49:44,210 - INFO - [scripts.adrule.logic.list_scraper] - --- build_detail_url analysis started for: javascript:admRulReturnSearch('가사근로자 사회보험료 지원에 관한 고시','2100000254236','Y');return false; ---
2025-09-19 22:49:44,210 - INFO - [scripts.adrule.logic.list_scraper] - build_detail_url: Extracted params: ['가사근로자 사회보험료 지원에 관한 고시', '2100000254236', 'Y']
2025-09-19 22:49:44,210 - INFO - [scripts.adrule.logic.list_scraper] - build_detail_url: Found efYd: None
2025-09-19 22:49:44,210 - INFO - [scripts.adrule.logic.list_scraper] - build_detail_url: Initial lsiSeq candidates: ['2100000254236']
2025-09-19 22:49:44,217 - INFO - [scripts.adrule.logic.list_scraper] - --- build_detail_url analysis started for: javascript:admRulReturnSearch('가설공사 표준안전 작업지침','2100000186031','Y');return false; ---
2025-09-19 22:49:44,217 - INFO - [scripts.adrule.logic.list_scraper] - build_detail_url: Extracted params: ['가설공사 표준안전 작업지침', '2100000186031', 'Y']
2025-09-19 22:49:44,217 - INFO - [scripts.adrule.logic.list_scraper] - build_detail_url: Found efYd: None
2025-09-19 22:49:44,217 - INFO - [scripts.adrule.logic.list_scraper] - build_detail_url: Initial lsiSeq candidates: ['2100000186031']
2025-09-19 22:49:44,223 - INFO - [scripts.adrule.logic.list_scraper] - --- build_detail_url analysis started for: javascript:admRulReturnSearch('가스누출감지경보기 설치에 관한 기술상의 지침','2100000186062','Y');return false; ---
2025-09-19 22:49:44,223 - INFO - [scripts.adrule.logic.list_scraper] - build_detail_url: Extracted params: ['가스누출감지경보기 설치에 관한 기술상의 지침', '2100000186062', 'Y']
2025-09-19 22:49:44,223 - INFO - [scripts.adrule.logic.list_scraper] - build_detail_url: Found efYd: None
2025-09-19 22:49:44,223 - INFO - [scripts.adrule.logic.list_scraper] - build_detail_url: Initial lsiSeq candidates: ['2100000186062']
2025-09-19 22:49:44,228 - INFO - [scripts.adrule.logic.list_scraper] - --- build_detail_url analysis started for: javascript:admRulReturnSearch('감전재해 예방을 위한 기술상의 지침','2100000186120','Y');return false; ---
2025-09-19 22:49:44,228 - INFO - [scripts.adrule.logic.list_scraper] - build_detail_url: Extracted params: ['감전재해 예방을 위한 기술상의 지침', '2100000186120', 'Y']
2025-09-19 22:49:44,228 - INFO - [scripts.adrule.logic.list_scraper] - build_detail_url: Found efYd: None
2025-09-19 22:49:44,228 - INFO - [scripts.adrule.logic.list_scraper] - build_detail_url: Initial lsiSeq candidates: ['2100000186120']
2025-09-19 22:49:44,235 - INFO - [scripts.adrule.logic.list_scraper] - --- build_detail_url analysis started for: javascript:admRulReturnSearch('개별연장급여 수급요건 중 학업 중인 사람에 대한 고시','2100000217661','N');return false; ---
2025-09-19 22:49:44,235 - INFO - [scripts.adrule.logic.list_scraper] - build_detail_url: Extracted params: ['개별연장급여 수급요건 중 학업 중인 사람에 대한 고시', '2100000217661', 'N']
2025-09-19 22:49:44,235 - INFO - [scripts.adrule.logic.list_scraper] - build_detail_url: Found efYd: None
2025-09-19 22:49:44,235 - INFO - [scripts.adrule.logic.list_scraper] - build_detail_url: Initial lsiSeq candidates: ['2100000217661']
2025-09-19 22:49:44,243 - INFO - [scripts.adrule.logic.list_scraper] - --- build_detail_url analysis started for: javascript:admRulReturnSearch('개별연장급여 지급을 위한 임금 및 재산기준 고시','2100000217662','N');return false; ---
2025-09-19 22:49:44,243 - INFO - [scripts.adrule.logic.list_scraper] - build_detail_url: Extracted params: ['개별연장급여 지급을 위한 임금 및 재산기준 고시', '2100000217662', 'N']
2025-09-19 22:49:44,243 - INFO - [scripts.adrule.logic.list_scraper] - build_detail_url: Found efYd: None
2025-09-19 22:49:44,243 - INFO - [scripts.adrule.logic.list_scraper] - build_detail_url: Initial lsiSeq candidates: ['2100000217662']
2025-09-19 22:49:44,250 - INFO - [scripts.adrule.logic.list_scraper] - --- build_detail_url analysis started for: javascript:admRulReturnSearch('개인형퇴직연금제도로의 이전 예외사유 해당금액 고시','2200000043197','N');return false; ---
2025-09-19 22:49:44,250 - INFO - [scripts.adrule.logic.list_scraper] - build_detail_url: Extracted params: ['개인형퇴직연금제도로의 이전 예외사유 해당금액 고시', '2200000043197', 'N']
2025-09-19 22:49:44,250 - INFO - [scripts.adrule.logic.list_scraper] - build_detail_url: Found efYd: None
2025-09-19 22:49:44,250 - INFO - [scripts.adrule.logic.list_scraper] - build_detail_url: Initial lsiSeq candidates: ['2200000043197']
2025-09-19 22:49:44,257 - INFO - [scripts.adrule.logic.list_scraper] - --- build_detail_url analysis started for: javascript:admRulReturnSearch('건설공사 안전보건대장의 작성 등에 관한 고시','2100000243390','Y');return false; ---
2025-09-19 22:49:44,257 - INFO - [scripts.adrule.logic.list_scraper] - build_detail_url: Extracted params: ['건설공사 안전보건대장의 작성 등에 관한 고시', '2100000243390', 'Y']
2025-09-19 22:49:44,257 - INFO - [scripts.adrule.logic.list_scraper] - build_detail_url: Found efYd: None
2025-09-19 22:49:44,257 - INFO - [scripts.adrule.logic.list_scraper] - build_detail_url: Initial lsiSeq candidates: ['2100000243390']
2025-09-19 22:49:44,263 - INFO - [scripts.adrule.logic.list_scraper] - --- build_detail_url analysis started for: javascript:admRulReturnSearch('건설공사의 노무비율','2100000252112','N');return false; ---
2025-09-19 22:49:44,263 - INFO - [scripts.adrule.logic.list_scraper] - build_detail_url: Extracted params: ['건설공사의 노무비율', '2100000252112', 'N']
2025-09-19 22:49:44,263 - INFO - [scripts.adrule.logic.list_scraper] - build_detail_url: Found efYd: None
2025-09-19 22:49:44,263 - INFO - [scripts.adrule.logic.list_scraper] - build_detail_url: Initial lsiSeq candidates: ['2100000252112']
2025-09-19 22:49:44,268 - INFO - [scripts.adrule.logic.list_scraper] - --- build_detail_url analysis started for: javascript:admRulReturnSearch('건설근로자고용개선전문위원회 운영규정','2100000025542','Y');return false; ---
2025-09-19 22:49:44,269 - INFO - [scripts.adrule.logic.list_scraper] - build_detail_url: Extracted params: ['건설근로자고용개선전문위원회 운영규정', '2100000025542', 'Y']
2025-09-19 22:49:44,269 - INFO - [scripts.adrule.logic.list_scraper] - build_detail_url: Found efYd: None
2025-09-19 22:49:44,269 - INFO - [scripts.adrule.logic.list_scraper] - build_detail_url: Initial lsiSeq candidates: ['2100000025542']
2025-09-19 22:49:44,274 - INFO - [scripts.adrule.logic.list_scraper] - --- build_detail_url analysis started for: javascript:admRulReturnSearch('건설업 산업안전보건관리비 계상 및 사용기준','2100000254546','Y');return false; ---
2025-09-19 22:49:44,274 - INFO - [scripts.adrule.logic.list_scraper] - build_detail_url: Extracted params: ['건설업 산업안전보건관리비 계상 및 사용기준', '2100000254546', 'Y']
2025-09-19 22:49:44,274 - INFO - [scripts.adrule.logic.list_scraper] - build_detail_url: Found efYd: None
2025-09-19 22:49:44,274 - INFO - [scripts.adrule.logic.list_scraper] - build_detail_url: Initial lsiSeq candidates: ['2100000254546']
2025-09-19 22:49:44,280 - INFO - [scripts.adrule.logic.list_scraper] - --- build_detail_url analysis started for: javascript:admRulReturnSearch('건설업에서 근로자 수 확인이 곤란한 장애인 고용의무 사업주의 공사실적액','2100000253016','N');return false; ---
2025-09-19 22:49:44,280 - INFO - [scripts.adrule.logic.list_scraper] - build_detail_url: Extracted params: ['건설업에서 근로자 수 확인이 곤란한 장애인 고용의무 사업주의 공사실적액', '2100000253016', 'N']
2025-09-19 22:49:44,280 - INFO - [scripts.adrule.logic.list_scraper] - build_detail_url: Found efYd: None
2025-09-19 22:49:44,280 - INFO - [scripts.adrule.logic.list_scraper] - build_detail_url: Initial lsiSeq candidates: ['2100000253016']
2025-09-19 22:49:44,287 - INFO - [scripts.adrule.logic.list_scraper] - --- build_detail_url analysis started for: javascript:admRulReturnSearch('건설업 유해·위험방지계획서 중 지도사가 평가·확인 할 수 있는 대상 건설공사의 범위 및 지도사의 요건','2100000186089','N');return false; ---
2025-09-19 22:49:44,287 - INFO - [scripts.adrule.logic.list_scraper] - build_detail_url: Extracted params: ['건설업 유해·위험방지계획서 중 지도사가 평가·확인 할 수 있는 대상 건설공사의 범위 및 지도사의 요건', '2100000186089', 'N']
2025-09-19 22:49:44,287 - INFO - [scripts.adrule.logic.list_scraper] - build_detail_url: Found efYd: None
2025-09-19 22:49:44,287 - INFO - [scripts.adrule.logic.list_scraper] - build_detail_url: Initial lsiSeq candidates: ['2100000186089']
2025-09-19 22:49:44,293 - INFO - [scripts.adrule.logic.list_scraper] - --- build_detail_url analysis started for: javascript:admRulReturnSearch('건설업자가 아닌 자가 시공하는 건설공사의 총공사금액 산정방법에 관한 규정','2100000217765','Y');return false; ---
2025-09-19 22:49:44,293 - INFO - [scripts.adrule.logic.list_scraper] - build_detail_url: Extracted params: ['건설업자가 아닌 자가 시공하는 건설공사의 총공사금액 산정방법에 관한 규정', '2100000217765', 'Y']
2025-09-19 22:49:44,293 - INFO - [scripts.adrule.logic.list_scraper] - build_detail_url: Found efYd: None
2025-09-19 22:49:44,293 - INFO - [scripts.adrule.logic.list_scraper] - build_detail_url: Initial lsiSeq candidates: ['2100000217765']
2025-09-19 22:49:44,299 - INFO - [scripts.adrule.logic.list_scraper] - --- build_detail_url analysis started for: javascript:admRulReturnSearch('건설업체의 산업재해예방활동 실적 평가기준','2100000228660','Y');return false; ---
2025-09-19 22:49:44,299 - INFO - [scripts.adrule.logic.list_scraper] - build_detail_url: Extracted params: ['건설업체의 산업재해예방활동 실적 평가기준', '2100000228660', 'Y']
2025-09-19 22:49:44,299 - INFO - [scripts.adrule.logic.list_scraper] - build_detail_url: Found efYd: None
2025-09-19 22:49:44,299 - INFO - [scripts.adrule.logic.list_scraper] - build_detail_url: Initial lsiSeq candidates: ['2100000228660']
2025-09-19 22:49:44,304 - INFO - [scripts.adrule.logic.list_scraper] - --- build_detail_url analysis started for: javascript:admRulReturnSearch('고기압 작업에 관한 기준','2100000186106','Y');return false; ---
2025-09-19 22:49:44,304 - INFO - [scripts.adrule.logic.list_scraper] - build_detail_url: Extracted params: ['고기압 작업에 관한 기준', '2100000186106', 'Y']
2025-09-19 22:49:44,304 - INFO - [scripts.adrule.logic.list_scraper] - build_detail_url: Found efYd: None
2025-09-19 22:49:44,304 - INFO - [scripts.adrule.logic.list_scraper] - build_detail_url: Initial lsiSeq candidates: ['2100000186106']
2025-09-19 22:49:44,310 - INFO - [scripts.adrule.logic.list_scraper] - --- build_detail_url analysis started for: javascript:admRulReturnSearch('고 김용균 사망사고 진상규명과 재발방지를 위한 석탄화력발전소 특별노동안전조사위원회 설치 및 운영에 관한 규정','2200000076692','Y');return false; ---
2025-09-19 22:49:44,310 - INFO - [scripts.adrule.logic.list_scraper] - build_detail_url: Extracted params: ['고 김용균 사망사고 진상규명과 재발방지를 위한 석탄화력발전소 특별노동안전조사위원회 설치 및 운영에 관한 규정', '2200000076692', 'Y']
2025-09-19 22:49:44,310 - INFO - [scripts.adrule.logic.list_scraper] - build_detail_url: Found efYd: None
2025-09-19 22:49:44,310 - INFO - [scripts.adrule.logic.list_scraper] - build_detail_url: Initial lsiSeq candidates: ['2200000076692']
2025-09-19 22:49:44,317 - INFO - [scripts.adrule.logic.list_scraper] - --- build_detail_url analysis started for: javascript:admRulReturnSearch('고 김충현 사망사고 재발방지를 위한 발전산업 고용안전 협의체 설치 및 운영에 관한 규정','2200000107881','Y');return false; ---
2025-09-19 22:49:44,317 - INFO - [scripts.adrule.logic.list_scraper] - build_detail_url: Extracted params: ['고 김충현 사망사고 재발방지를 위한 발전산업 고용안전 협의체 설치 및 운영에 관한 규정', '2200000107881', 'Y']
2025-09-19 22:49:44,317 - INFO - [scripts.adrule.logic.list_scraper] - build_detail_url: Found efYd: None
2025-09-19 22:49:44,317 - INFO - [scripts.adrule.logic.list_scraper] - build_detail_url: Initial lsiSeq candidates: ['2200000107881']
2025-09-19 22:49:44,322 - INFO - [scripts.adrule.logic.list_scraper] - --- build_detail_url analysis started for: javascript:admRulReturnSearch('고령자 고용안정지원금 지급 규정','2100000253946','Y');return false; ---
2025-09-19 22:49:44,322 - INFO - [scripts.adrule.logic.list_scraper] - build_detail_url: Extracted params: ['고령자 고용안정지원금 지급 규정', '2100000253946', 'Y']
2025-09-19 22:49:44,322 - INFO - [scripts.adrule.logic.list_scraper] - build_detail_url: Found efYd: None
2025-09-19 22:49:44,322 - INFO - [scripts.adrule.logic.list_scraper] - build_detail_url: Initial lsiSeq candidates: ['2100000253946']
2025-09-19 22:49:44,328 - INFO - [scripts.adrule.logic.list_scraper] - --- build_detail_url analysis started for: javascript:admRulReturnSearch('고령자고용연장지원금액 등','2000000018010','N');return false; ---
2025-09-19 22:49:44,328 - INFO - [scripts.adrule.logic.list_scraper] - build_detail_url: Extracted params: ['고령자고용연장지원금액 등', '2000000018010', 'N']
2025-09-19 22:49:44,328 - INFO - [scripts.adrule.logic.list_scraper] - build_detail_url: Found efYd: None
2025-09-19 22:49:44,328 - INFO - [scripts.adrule.logic.list_scraper] - build_detail_url: Initial lsiSeq candidates: ['2000000018010']
2025-09-19 22:49:44,334 - INFO - [scripts.adrule.logic.list_scraper] - --- build_detail_url analysis started for: javascript:admRulReturnSearch('고령자인재은행 및 중견전문인력 고용지원센터 운영규정','2100000216935','Y');return false; ---
2025-09-19 22:49:44,334 - INFO - [scripts.adrule.logic.list_scraper] - build_detail_url: Extracted params: ['고령자인재은행 및 중견전문인력 고용지원센터 운영규정', '2100000216935', 'Y']
2025-09-19 22:49:44,334 - INFO - [scripts.adrule.logic.list_scraper] - build_detail_url: Found efYd: None
2025-09-19 22:49:44,334 - INFO - [scripts.adrule.logic.list_scraper] - build_detail_url: Initial lsiSeq candidates: ['2100000216935']
2025-09-19 22:49:44,340 - INFO - [scripts.adrule.logic.list_scraper] - --- build_detail_url analysis started for: javascript:admRulReturnSearch('고용노동관계법 위반자에 대한 과태료 부과·징수 업무에 관한 예규','2100000261300','Y');return false; ---
2025-09-19 22:49:44,340 - INFO - [scripts.adrule.logic.list_scraper] - build_detail_url: Extracted params: ['고용노동관계법 위반자에 대한 과태료 부과·징수 업무에 관한 예규', '2100000261300', 'Y']
2025-09-19 22:49:44,340 - INFO - [scripts.adrule.logic.list_scraper] - build_detail_url: Found efYd: None
2025-09-19 22:49:44,340 - INFO - [scripts.adrule.logic.list_scraper] - build_detail_url: Initial lsiSeq candidates: ['2100000261300']
2025-09-19 22:49:44,346 - INFO - [scripts.adrule.logic.list_scraper] - --- build_detail_url analysis started for: javascript:admRulReturnSearch('고용노동관 업무처리지침','2000000017617','Y');return false; ---
2025-09-19 22:49:44,347 - INFO - [scripts.adrule.logic.list_scraper] - build_detail_url: Extracted params: ['고용노동관 업무처리지침', '2000000017617', 'Y']
2025-09-19 22:49:44,347 - INFO - [scripts.adrule.logic.list_scraper] - build_detail_url: Found efYd: None
2025-09-19 22:49:44,347 - INFO - [scripts.adrule.logic.list_scraper] - build_detail_url: Initial lsiSeq candidates: ['2000000017617']
2025-09-19 22:49:44,354 - INFO - [scripts.adrule.logic.list_scraper] - --- build_detail_url analysis started for: javascript:admRulReturnSearch('고용노동부 2030 자문단 설치 및 운영에 관한 규정','2100000215557','Y');return false; ---
2025-09-19 22:49:44,354 - INFO - [scripts.adrule.logic.list_scraper] - build_detail_url: Extracted params: ['고용노동부 2030 자문단 설치 및 운영에 관한 규정', '2100000215557', 'Y']
2025-09-19 22:49:44,354 - INFO - [scripts.adrule.logic.list_scraper] - build_detail_url: Found efYd: None
2025-09-19 22:49:44,354 - INFO - [scripts.adrule.logic.list_scraper] - build_detail_url: Initial lsiSeq candidates: ['2100000215557']
2025-09-19 22:49:44,361 - INFO - [scripts.adrule.logic.list_scraper] - --- build_detail_url analysis started for: javascript:admRulReturnSearch('(고용노동부) 4대 사회보험 민원서류 접수 등에 관한 고시','2100000213115','Y');return false; ---
2025-09-19 22:49:44,361 - INFO - [scripts.adrule.logic.list_scraper] - build_detail_url: Extracted params: []
2025-09-19 22:49:44,361 - INFO - [scripts.adrule.logic.list_scraper] - build_detail_url: Found efYd: None
2025-09-19 22:49:44,361 - INFO - [scripts.adrule.logic.list_scraper] - build_detail_url: Initial lsiSeq candidates: []
2025-09-19 22:49:44,361 - INFO - [scripts.adrule.logic.list_scraper] - build_detail_url: No valid lsiSeq candidate left. Returning None.
2025-09-19 22:49:44,361 - WARNING - [scripts.adrule.logic.list_scraper] - !!! 누락 경고 (1페이지 30번째 항목): URL 또는 법령명을 추출하지 못했습니다.
2025-09-19 22:49:44,361 - WARNING - [scripts.adrule.logic.list_scraper] -     - 법령명: ' (고용노동부) 4대 사회보험 민원서류 접수 등에 관한 고시'
2025-09-19 22:49:44,361 - WARNING - [scripts.adrule.logic.list_scraper] -     - OnClick 속성: 'javascript:admRulReturnSearch('(고용노동부) 4대 사회보험 민원서류 접수 등에 관한 고시','2100000213115','Y');return false;'
2025-09-19 22:49:44,361 - WARNING - [scripts.adrule.logic.list_scraper] -     - 추정 원인: build_detail_url 함수가 유효한 URL을 생성하지 못했습니다.
2025-09-19 22:49:44,367 - INFO - [scripts.adrule.logic.list_scraper] - --- build_detail_url analysis started for: javascript:admRulReturnSearch('(고용노동부) 가공·변형된 석면함유가능물질의 석면허용기준','2100000196119','N');return false; ---
2025-09-19 22:49:44,367 - INFO - [scripts.adrule.logic.list_scraper] - build_detail_url: Extracted params: []
2025-09-19 22:49:44,367 - INFO - [scripts.adrule.logic.list_scraper] - build_detail_url: Found efYd: None
2025-09-19 22:49:44,367 - INFO - [scripts.adrule.logic.list_scraper] - build_detail_url: Initial lsiSeq candidates: []
2025-09-19 22:49:44,367 - INFO - [scripts.adrule.logic.list_scraper] - build_detail_url: No valid lsiSeq candidate left. Returning None.
2025-09-19 22:49:44,367 - WARNING - [scripts.adrule.logic.list_scraper] - !!! 누락 경고 (1페이지 31번째 항목): URL 또는 법령명을 추출하지 못했습니다.
2025-09-19 22:49:44,367 - WARNING - [scripts.adrule.logic.list_scraper] -     - 법령명: ' (고용노동부) 가공·변형된 석면함유가능물질의 석면허용기준'
2025-09-19 22:49:44,367 - WARNING - [scripts.adrule.logic.list_scraper] -     - OnClick 속성: 'javascript:admRulReturnSearch('(고용노동부) 가공·변형된 석면함유가능물질의 석면허용기준','2100000196119','N');return false;'
2025-09-19 22:49:44,367 - WARNING - [scripts.adrule.logic.list_scraper] -     - 추정 원인: build_detail_url 함수가 유효한 URL을 생성하지 못했습니다.
2025-09-19 22:49:44,374 - INFO - [scripts.adrule.logic.list_scraper] - --- build_detail_url analysis started for: javascript:admRulReturnSearch('고용노동부 갈등관리 운영규정','2100000182989','Y');return false; ---
2025-09-19 22:49:44,374 - INFO - [scripts.adrule.logic.list_scraper] - build_detail_url: Extracted params: ['고용노동부 갈등관리 운영규정', '2100000182989', 'Y']
2025-09-19 22:49:44,374 - INFO - [scripts.adrule.logic.list_scraper] - build_detail_url: Found efYd: None
2025-09-19 22:49:44,374 - INFO - [scripts.adrule.logic.list_scraper] - build_detail_url: Initial lsiSeq candidates: ['2100000182989']
2025-09-19 22:49:44,380 - INFO - [scripts.adrule.logic.list_scraper] - --- build_detail_url analysis started for: javascript:admRulReturnSearch('고용노동부 감사규정','2100000252674','Y');return false; ---
2025-09-19 22:49:44,380 - INFO - [scripts.adrule.logic.list_scraper] - build_detail_url: Extracted params: ['고용노동부 감사규정', '2100000252674', 'Y']
2025-09-19 22:49:44,380 - INFO - [scripts.adrule.logic.list_scraper] - build_detail_url: Found efYd: None
2025-09-19 22:49:44,380 - INFO - [scripts.adrule.logic.list_scraper] - build_detail_url: Initial lsiSeq candidates: ['2100000252674']
2025-09-19 22:49:44,387 - INFO - [scripts.adrule.logic.list_scraper] - --- build_detail_url analysis started for: javascript:admRulReturnSearch('고용노동부 개인정보 보호지침','2100000239678','Y');return false; ---
2025-09-19 22:49:44,387 - INFO - [scripts.adrule.logic.list_scraper] - build_detail_url: Extracted params: ['고용노동부 개인정보 보호지침', '2100000239678', 'Y']
2025-09-19 22:49:44,387 - INFO - [scripts.adrule.logic.list_scraper] - build_detail_url: Found efYd: None
2025-09-19 22:49:44,387 - INFO - [scripts.adrule.logic.list_scraper] - build_detail_url: Initial lsiSeq candidates: ['2100000239678']
2025-09-19 22:49:44,393 - INFO - [scripts.adrule.logic.list_scraper] - --- build_detail_url analysis started for: javascript:admRulReturnSearch('고용노동부고객상담센터 기본운영규정','2100000250460','Y');return false; ---
2025-09-19 22:49:44,393 - INFO - [scripts.adrule.logic.list_scraper] - build_detail_url: Extracted params: ['고용노동부고객상담센터 기본운영규정', '2100000250460', 'Y']
2025-09-19 22:49:44,393 - INFO - [scripts.adrule.logic.list_scraper] - build_detail_url: Found efYd: None
2025-09-19 22:49:44,393 - INFO - [scripts.adrule.logic.list_scraper] - build_detail_url: Initial lsiSeq candidates: ['2100000250460']
2025-09-19 22:49:44,398 - INFO - [scripts.adrule.logic.list_scraper] - --- build_detail_url analysis started for: javascript:admRulReturnSearch('고용노동부고객상담센터 위임전결규정','2100000210067','Y');return false; ---
2025-09-19 22:49:44,399 - INFO - [scripts.adrule.logic.list_scraper] - build_detail_url: Extracted params: ['고용노동부고객상담센터 위임전결규정', '2100000210067', 'Y']
2025-09-19 22:49:44,399 - INFO - [scripts.adrule.logic.list_scraper] - build_detail_url: Found efYd: None
2025-09-19 22:49:44,399 - INFO - [scripts.adrule.logic.list_scraper] - build_detail_url: Initial lsiSeq candidates: ['2100000210067']
2025-09-19 22:49:44,405 - INFO - [scripts.adrule.logic.list_scraper] - --- build_detail_url analysis started for: javascript:admRulReturnSearch('고용노동부 고객지원실 운영규정','2100000222744','Y');return false; ---
2025-09-19 22:49:44,405 - INFO - [scripts.adrule.logic.list_scraper] - build_detail_url: Extracted params: ['고용노동부 고객지원실 운영규정', '2100000222744', 'Y']
2025-09-19 22:49:44,405 - INFO - [scripts.adrule.logic.list_scraper] - build_detail_url: Found efYd: None
2025-09-19 22:49:44,405 - INFO - [scripts.adrule.logic.list_scraper] - build_detail_url: Initial lsiSeq candidates: ['2100000222744']
2025-09-19 22:49:44,410 - INFO - [scripts.adrule.logic.list_scraper] - --- build_detail_url analysis started for: javascript:admRulReturnSearch('고용노동부 고용장려금 운영에 관한 규정','2100000211064','Y');return false; ---
2025-09-19 22:49:44,410 - INFO - [scripts.adrule.logic.list_scraper] - build_detail_url: Extracted params: ['고용노동부 고용장려금 운영에 관한 규정', '2100000211064', 'Y']
2025-09-19 22:49:44,410 - INFO - [scripts.adrule.logic.list_scraper] - build_detail_url: Found efYd: None
2025-09-19 22:49:44,410 - INFO - [scripts.adrule.logic.list_scraper] - build_detail_url: Initial lsiSeq candidates: ['2100000211064']
2025-09-19 22:49:44,416 - INFO - [scripts.adrule.logic.list_scraper] - --- build_detail_url analysis started for: javascript:admRulReturnSearch('고용노동부 공무원의 국제기구 파견에 관한 지침','2000000017616','Y');return false; ---
2025-09-19 22:49:44,416 - INFO - [scripts.adrule.logic.list_scraper] - build_detail_url: Extracted params: ['고용노동부 공무원의 국제기구 파견에 관한 지침', '2000000017616', 'Y']
2025-09-19 22:49:44,416 - INFO - [scripts.adrule.logic.list_scraper] - build_detail_url: Found efYd: None
2025-09-19 22:49:44,416 - INFO - [scripts.adrule.logic.list_scraper] - build_detail_url: Initial lsiSeq candidates: ['2000000017616']
2025-09-19 22:49:44,421 - INFO - [scripts.adrule.logic.list_scraper] - --- build_detail_url analysis started for: javascript:admRulReturnSearch('고용노동부 공무원 정원배정표','2100000263238','Y');return false; ---
2025-09-19 22:49:44,421 - INFO - [scripts.adrule.logic.list_scraper] - build_detail_url: Extracted params: ['고용노동부 공무원 정원배정표', '2100000263238', 'Y']
2025-09-19 22:49:44,421 - INFO - [scripts.adrule.logic.list_scraper] - build_detail_url: Found efYd: None
2025-09-19 22:49:44,421 - INFO - [scripts.adrule.logic.list_scraper] - build_detail_url: Initial lsiSeq candidates: ['2100000263238']
2025-09-19 22:49:44,427 - INFO - [scripts.adrule.logic.list_scraper] - --- build_detail_url analysis started for: javascript:admRulReturnSearch('고용노동부 공무원 행동강령','2100000237204','Y');return false; ---
2025-09-19 22:49:44,427 - INFO - [scripts.adrule.logic.list_scraper] - build_detail_url: Extracted params: ['고용노동부 공무원 행동강령', '2100000237204', 'Y']
2025-09-19 22:49:44,427 - INFO - [scripts.adrule.logic.list_scraper] - build_detail_url: Found efYd: None
2025-09-19 22:49:44,427 - INFO - [scripts.adrule.logic.list_scraper] - build_detail_url: Initial lsiSeq candidates: ['2100000237204']
2025-09-19 22:49:44,432 - INFO - [scripts.adrule.logic.list_scraper] - --- build_detail_url analysis started for: javascript:admRulReturnSearch('고용노동부 공무직근로자 운영규정','2100000217135','Y');return false; ---
2025-09-19 22:49:44,432 - INFO - [scripts.adrule.logic.list_scraper] - build_detail_url: Extracted params: ['고용노동부 공무직근로자 운영규정', '2100000217135', 'Y']
2025-09-19 22:49:44,432 - INFO - [scripts.adrule.logic.list_scraper] - build_detail_url: Found efYd: None
2025-09-19 22:49:44,432 - INFO - [scripts.adrule.logic.list_scraper] - build_detail_url: Initial lsiSeq candidates: ['2100000217135']
2025-09-19 22:49:44,438 - INFO - [scripts.adrule.logic.list_scraper] - --- build_detail_url analysis started for: javascript:admRulReturnSearch('고용노동부 공사감독 업무규정','2100000234738','Y');return false; ---
2025-09-19 22:49:44,438 - INFO - [scripts.adrule.logic.list_scraper] - build_detail_url: Extracted params: ['고용노동부 공사감독 업무규정', '2100000234738', 'Y']
2025-09-19 22:49:44,438 - INFO - [scripts.adrule.logic.list_scraper] - build_detail_url: Found efYd: None
2025-09-19 22:49:44,438 - INFO - [scripts.adrule.logic.list_scraper] - build_detail_url: Initial lsiSeq candidates: ['2100000234738']
2025-09-19 22:49:44,444 - INFO - [scripts.adrule.logic.list_scraper] - --- build_detail_url analysis started for: javascript:admRulReturnSearch('(고용노동부) 공익신고 처리 및 신고자 보호 등에 관한 규정','2100000237172','Y');return false; ---
2025-09-19 22:49:44,444 - INFO - [scripts.adrule.logic.list_scraper] - build_detail_url: Extracted params: []
2025-09-19 22:49:44,444 - INFO - [scripts.adrule.logic.list_scraper] - build_detail_url: Found efYd: None
2025-09-19 22:49:44,444 - INFO - [scripts.adrule.logic.list_scraper] - build_detail_url: Initial lsiSeq candidates: []
2025-09-19 22:49:44,444 - INFO - [scripts.adrule.logic.list_scraper] - build_detail_url: No valid lsiSeq candidate left. Returning None.
2025-09-19 22:49:44,444 - WARNING - [scripts.adrule.logic.list_scraper] - !!! 누락 경고 (1페이지 44번째 항목): URL 또는 법령명을 추출하지 못했습니다.
2025-09-19 22:49:44,444 - WARNING - [scripts.adrule.logic.list_scraper] -     - 법령명: ' (고용노동부) 공익신고 처리 및 신고자 보호 등에 관한 규정'
2025-09-19 22:49:44,444 - WARNING - [scripts.adrule.logic.list_scraper] -     - OnClick 속성: 'javascript:admRulReturnSearch('(고용노동부) 공익신고 처리 및 신고자 보호 등에 관한 규정','2100000237172','Y');return false;'
2025-09-19 22:49:44,444 - WARNING - [scripts.adrule.logic.list_scraper] -     - 추정 원인: build_detail_url 함수가 유효한 URL을 생성하지 못했습니다.
2025-09-19 22:49:44,450 - INFO - [scripts.adrule.logic.list_scraper] - --- build_detail_url analysis started for: javascript:admRulReturnSearch('고용노동부 공직자의 이해충돌 방지제도 운영지침','2100000211590','Y');return false; ---
2025-09-19 22:49:44,450 - INFO - [scripts.adrule.logic.list_scraper] - build_detail_url: Extracted params: ['고용노동부 공직자의 이해충돌 방지제도 운영지침', '2100000211590', 'Y']
2025-09-19 22:49:44,450 - INFO - [scripts.adrule.logic.list_scraper] - build_detail_url: Found efYd: None
2025-09-19 22:49:44,450 - INFO - [scripts.adrule.logic.list_scraper] - build_detail_url: Initial lsiSeq candidates: ['2100000211590']
2025-09-19 22:49:44,456 - INFO - [scripts.adrule.logic.list_scraper] - --- build_detail_url analysis started for: javascript:admRulReturnSearch('고용노동부 관사의 운영 및 관리규정','2100000234750','Y');return false; ---
2025-09-19 22:49:44,456 - INFO - [scripts.adrule.logic.list_scraper] - build_detail_url: Extracted params: ['고용노동부 관사의 운영 및 관리규정', '2100000234750', 'Y']
2025-09-19 22:49:44,456 - INFO - [scripts.adrule.logic.list_scraper] - build_detail_url: Found efYd: None
2025-09-19 22:49:44,456 - INFO - [scripts.adrule.logic.list_scraper] - build_detail_url: Initial lsiSeq candidates: ['2100000234750']
2025-09-19 22:49:44,462 - INFO - [scripts.adrule.logic.list_scraper] - --- build_detail_url analysis started for: javascript:admRulReturnSearch('고용노동부 국가정보자료관리세부시행규칙','2100000217173','Y');return false; ---
2025-09-19 22:49:44,462 - INFO - [scripts.adrule.logic.list_scraper] - build_detail_url: Extracted params: ['고용노동부 국가정보자료관리세부시행규칙', '2100000217173', 'Y']
2025-09-19 22:49:44,462 - INFO - [scripts.adrule.logic.list_scraper] - build_detail_url: Found efYd: None
2025-09-19 22:49:44,462 - INFO - [scripts.adrule.logic.list_scraper] - build_detail_url: Initial lsiSeq candidates: ['2100000217173']
2025-09-19 22:49:44,467 - INFO - [scripts.adrule.logic.list_scraper] - --- build_detail_url analysis started for: javascript:admRulReturnSearch('(고용노동부) 국유재산 관리 규정','2100000211670','Y');return false; ---
2025-09-19 22:49:44,467 - INFO - [scripts.adrule.logic.list_scraper] - build_detail_url: Extracted params: []
2025-09-19 22:49:44,467 - INFO - [scripts.adrule.logic.list_scraper] - build_detail_url: Found efYd: None
2025-09-19 22:49:44,467 - INFO - [scripts.adrule.logic.list_scraper] - build_detail_url: Initial lsiSeq candidates: []
2025-09-19 22:49:44,467 - INFO - [scripts.adrule.logic.list_scraper] - build_detail_url: No valid lsiSeq candidate left. Returning None.
2025-09-19 22:49:44,467 - WARNING - [scripts.adrule.logic.list_scraper] - !!! 누락 경고 (1페이지 48번째 항목): URL 또는 법령명을 추출하지 못했습니다.
2025-09-19 22:49:44,467 - WARNING - [scripts.adrule.logic.list_scraper] -     - 법령명: ' (고용노동부) 국유재산 관리 규정'
2025-09-19 22:49:44,467 - WARNING - [scripts.adrule.logic.list_scraper] -     - OnClick 속성: 'javascript:admRulReturnSearch('(고용노동부) 국유재산 관리 규정','2100000211670','Y');return false;'
2025-09-19 22:49:44,467 - WARNING - [scripts.adrule.logic.list_scraper] -     - 추정 원인: build_detail_url 함수가 유효한 URL을 생성하지 못했습니다.
2025-09-19 22:49:44,473 - INFO - [scripts.adrule.logic.list_scraper] - --- build_detail_url analysis started for: javascript:admRulReturnSearch('고용노동부 국제고용노동정책에 관한 규정','2100000227252','Y');return false; ---
2025-09-19 22:49:44,473 - INFO - [scripts.adrule.logic.list_scraper] - build_detail_url: Extracted params: ['고용노동부 국제고용노동정책에 관한 규정', '2100000227252', 'Y']
2025-09-19 22:49:44,473 - INFO - [scripts.adrule.logic.list_scraper] - build_detail_url: Found efYd: None
2025-09-19 22:49:44,473 - INFO - [scripts.adrule.logic.list_scraper] - build_detail_url: Initial lsiSeq candidates: ['2100000227252']
2025-09-19 22:49:44,478 - INFO - [scripts.adrule.logic.list_scraper] - --- build_detail_url analysis started for: javascript:admRulReturnSearch('고용노동부 규제심사위원회 운영규정','2100000241896','Y');return false; ---
2025-09-19 22:49:44,478 - INFO - [scripts.adrule.logic.list_scraper] - build_detail_url: Extracted params: ['고용노동부 규제심사위원회 운영규정', '2100000241896', 'Y']
2025-09-19 22:49:44,478 - INFO - [scripts.adrule.logic.list_scraper] - build_detail_url: Found efYd: None
2025-09-19 22:49:44,478 - INFO - [scripts.adrule.logic.list_scraper] - build_detail_url: Initial lsiSeq candidates: ['2100000241896']
2025-09-19 22:49:44,478 - INFO - [scripts.adrule.logic.list_scraper] - 현재 페이지에서 50개의 링크를 발견, 46개를 최종 추가했습니다.
2025-09-19 22:49:44,478 - WARNING - [scripts.adrule.logic.list_scraper] - !!! 페이지 요약 경고: 1 페이지에서 예상(50개)보다 적은 46개의 URL이 추가되었습니다.
2025-09-19 22:49:44,478 - INFO - [scripts.adrule.logic.list_scraper] - --- 2 / 9 페이지 처리 중 ---
2025-09-19 22:49:44,484 - INFO - [scripts.adrule.logic.list_scraper] - 2 페이지로 이동합니다...
2025-09-19 22:49:44,488 - INFO - [scripts.adrule.logic.list_scraper] - 페이지 내용이 갱신되기를 대기합니다...
2025-09-19 22:49:44,623 - INFO - [scripts.adrule.logic.list_scraper] - 페이지 내용 갱신 확인 및 로딩 완료.
2025-09-19 22:49:44,646 - INFO - [scripts.adrule.logic.list_scraper] - --- build_detail_url analysis started for: javascript:admRulReturnSearch('고용노동부 기간제근로자 운영규정','2100000196292','Y');return false; ---
2025-09-19 22:49:44,646 - INFO - [scripts.adrule.logic.list_scraper] - build_detail_url: Extracted params: ['고용노동부 기간제근로자 운영규정', '2100000196292', 'Y']
2025-09-19 22:49:44,646 - INFO - [scripts.adrule.logic.list_scraper] - build_detail_url: Found efYd: None
2025-09-19 22:49:44,646 - INFO - [scripts.adrule.logic.list_scraper] - build_detail_url: Initial lsiSeq candidates: ['2100000196292']
2025-09-19 22:49:44,651 - INFO - [scripts.adrule.logic.list_scraper] - --- build_detail_url analysis started for: javascript:admRulReturnSearch('고용노동부 기록관리기준표','2100000216237','Y');return false; ---
2025-09-19 22:49:44,651 - INFO - [scripts.adrule.logic.list_scraper] - build_detail_url: Extracted params: ['고용노동부 기록관리기준표', '2100000216237', 'Y']
2025-09-19 22:49:44,651 - INFO - [scripts.adrule.logic.list_scraper] - build_detail_url: Found efYd: None
2025-09-19 22:49:44,651 - INFO - [scripts.adrule.logic.list_scraper] - build_detail_url: Initial lsiSeq candidates: ['2100000216237']
2025-09-19 22:49:44,655 - INFO - [scripts.adrule.logic.list_scraper] - --- build_detail_url analysis started for: javascript:admRulReturnSearch('고용노동부 기록관 운영규정','2000000021646','Y');return false; ---
2025-09-19 22:49:44,656 - INFO - [scripts.adrule.logic.list_scraper] - build_detail_url: Extracted params: ['고용노동부 기록관 운영규정', '2000000021646', 'Y']
2025-09-19 22:49:44,656 - INFO - [scripts.adrule.logic.list_scraper] - build_detail_url: Found efYd: None
2025-09-19 22:49:44,656 - INFO - [scripts.adrule.logic.list_scraper] - build_detail_url: Initial lsiSeq candidates: ['2000000021646']
2025-09-19 22:49:44,667 - INFO - [scripts.adrule.logic.list_scraper] - --- build_detail_url analysis started for: javascript:admRulReturnSearch('고용노동부 당직 및 비상근무규칙','2100000227248','Y');return false; ---
2025-09-19 22:49:44,667 - INFO - [scripts.adrule.logic.list_scraper] - build_detail_url: Extracted params: ['고용노동부 당직 및 비상근무규칙', '2100000227248', 'Y']
2025-09-19 22:49:44,667 - INFO - [scripts.adrule.logic.list_scraper] - build_detail_url: Found efYd: None
2025-09-19 22:49:44,667 - INFO - [scripts.adrule.logic.list_scraper] - build_detail_url: Initial lsiSeq candidates: ['2100000227248']
2025-09-19 22:49:44,674 - INFO - [scripts.adrule.logic.list_scraper] - --- build_detail_url analysis started for: javascript:admRulReturnSearch('고용노동부 데이터 품질관리 지침','2100000217266','Y');return false; ---
2025-09-19 22:49:44,674 - INFO - [scripts.adrule.logic.list_scraper] - build_detail_url: Extracted params: ['고용노동부 데이터 품질관리 지침', '2100000217266', 'Y']
2025-09-19 22:49:44,674 - INFO - [scripts.adrule.logic.list_scraper] - build_detail_url: Found efYd: None
2025-09-19 22:49:44,674 - INFO - [scripts.adrule.logic.list_scraper] - build_detail_url: Initial lsiSeq candidates: ['2100000217266']
2025-09-19 22:49:44,678 - INFO - [scripts.adrule.logic.list_scraper] - --- build_detail_url analysis started for: javascript:admRulReturnSearch('(고용노동부) 디지털 증거 수집·분석 및 관리 규정','2100000241790','Y');return false; ---
2025-09-19 22:49:44,678 - INFO - [scripts.adrule.logic.list_scraper] - build_detail_url: Extracted params: []
2025-09-19 22:49:44,678 - INFO - [scripts.adrule.logic.list_scraper] - build_detail_url: Found efYd: None
2025-09-19 22:49:44,678 - INFO - [scripts.adrule.logic.list_scraper] - build_detail_url: Initial lsiSeq candidates: []
2025-09-19 22:49:44,678 - INFO - [scripts.adrule.logic.list_scraper] - build_detail_url: No valid lsiSeq candidate left. Returning None.
2025-09-19 22:49:44,678 - WARNING - [scripts.adrule.logic.list_scraper] - !!! 누락 경고 (2페이지 6번째 항목): URL 또는 법령명을 추출하지 못했습니다.
2025-09-19 22:49:44,678 - WARNING - [scripts.adrule.logic.list_scraper] -     - 법령명: ' (고용노동부) 디지털 증거 수집·분석 및 관리 규정'
2025-09-19 22:49:44,678 - WARNING - [scripts.adrule.logic.list_scraper] -     - OnClick 속성: 'javascript:admRulReturnSearch('(고용노동부) 디지털 증거 수집·분석 및 관리 규정','2100000241790','Y');return false;'
2025-09-19 22:49:44,678 - WARNING - [scripts.adrule.logic.list_scraper] -     - 추정 원인: build_detail_url 함수가 유효한 URL을 생성하지 못했습니다.
2025-09-19 22:49:44,684 - INFO - [scripts.adrule.logic.list_scraper] - --- build_detail_url analysis started for: javascript:admRulReturnSearch('(고용노동부) 맞춤형 복지제도 운영규정','2100000237210','Y');return false; ---
2025-09-19 22:49:44,684 - INFO - [scripts.adrule.logic.list_scraper] - build_detail_url: Extracted params: []
2025-09-19 22:49:44,684 - INFO - [scripts.adrule.logic.list_scraper] - build_detail_url: Found efYd: None
2025-09-19 22:49:44,684 - INFO - [scripts.adrule.logic.list_scraper] - build_detail_url: Initial lsiSeq candidates: []
2025-09-19 22:49:44,684 - INFO - [scripts.adrule.logic.list_scraper] - build_detail_url: No valid lsiSeq candidate left. Returning None.
2025-09-19 22:49:44,684 - WARNING - [scripts.adrule.logic.list_scraper] - !!! 누락 경고 (2페이지 7번째 항목): URL 또는 법령명을 추출하지 못했습니다.
2025-09-19 22:49:44,684 - WARNING - [scripts.adrule.logic.list_scraper] -     - 법령명: ' (고용노동부) 맞춤형 복지제도 운영규정'
2025-09-19 22:49:44,684 - WARNING - [scripts.adrule.logic.list_scraper] -     - OnClick 속성: 'javascript:admRulReturnSearch('(고용노동부) 맞춤형 복지제도 운영규정','2100000237210','Y');return false;'
2025-09-19 22:49:44,684 - WARNING - [scripts.adrule.logic.list_scraper] -     - 추정 원인: build_detail_url 함수가 유효한 URL을 생성하지 못했습니다.
2025-09-19 22:49:44,690 - INFO - [scripts.adrule.logic.list_scraper] - --- build_detail_url analysis started for: javascript:admRulReturnSearch('(고용노동부) 물품관리규정','2100000152251','Y');return false; ---
2025-09-19 22:49:44,690 - INFO - [scripts.adrule.logic.list_scraper] - build_detail_url: Extracted params: []
2025-09-19 22:49:44,690 - INFO - [scripts.adrule.logic.list_scraper] - build_detail_url: Found efYd: None
2025-09-19 22:49:44,690 - INFO - [scripts.adrule.logic.list_scraper] - build_detail_url: Initial lsiSeq candidates: []
2025-09-19 22:49:44,690 - INFO - [scripts.adrule.logic.list_scraper] - build_detail_url: No valid lsiSeq candidate left. Returning None.
2025-09-19 22:49:44,690 - WARNING - [scripts.adrule.logic.list_scraper] - !!! 누락 경고 (2페이지 8번째 항목): URL 또는 법령명을 추출하지 못했습니다.
2025-09-19 22:49:44,690 - WARNING - [scripts.adrule.logic.list_scraper] -     - 법령명: ' (고용노동부) 물품관리규정'
2025-09-19 22:49:44,690 - WARNING - [scripts.adrule.logic.list_scraper] -     - OnClick 속성: 'javascript:admRulReturnSearch('(고용노동부) 물품관리규정','2100000152251','Y');return false;'
2025-09-19 22:49:44,691 - WARNING - [scripts.adrule.logic.list_scraper] -     - 추정 원인: build_detail_url 함수가 유효한 URL을 생성하지 못했습니다.
2025-09-19 22:49:44,697 - INFO - [scripts.adrule.logic.list_scraper] - --- build_detail_url analysis started for: javascript:admRulReturnSearch('고용노동부 민원담당공무원 수당지급 규정','2100000232852','Y');return false; ---
2025-09-19 22:49:44,697 - INFO - [scripts.adrule.logic.list_scraper] - build_detail_url: Extracted params: ['고용노동부 민원담당공무원 수당지급 규정', '2100000232852', 'Y']
2025-09-19 22:49:44,697 - INFO - [scripts.adrule.logic.list_scraper] - build_detail_url: Found efYd: None
2025-09-19 22:49:44,697 - INFO - [scripts.adrule.logic.list_scraper] - build_detail_url: Initial lsiSeq candidates: ['2100000232852']
2025-09-19 22:49:44,702 - INFO - [scripts.adrule.logic.list_scraper] - --- build_detail_url analysis started for: javascript:admRulReturnSearch('고용노동부 방첩업무규정','2100000251900','Y');return false; ---
2025-09-19 22:49:44,702 - INFO - [scripts.adrule.logic.list_scraper] - build_detail_url: Extracted params: ['고용노동부 방첩업무규정', '2100000251900', 'Y']
2025-09-19 22:49:44,702 - INFO - [scripts.adrule.logic.list_scraper] - build_detail_url: Found efYd: None
2025-09-19 22:49:44,702 - INFO - [scripts.adrule.logic.list_scraper] - build_detail_url: Initial lsiSeq candidates: ['2100000251900']
2025-09-19 22:49:44,708 - INFO - [scripts.adrule.logic.list_scraper] - --- build_detail_url analysis started for: javascript:admRulReturnSearch('고용노동부 법제업무 운영규정','2100000232016','Y');return false; ---
2025-09-19 22:49:44,708 - INFO - [scripts.adrule.logic.list_scraper] - build_detail_url: Extracted params: ['고용노동부 법제업무 운영규정', '2100000232016', 'Y']
2025-09-19 22:49:44,708 - INFO - [scripts.adrule.logic.list_scraper] - build_detail_url: Found efYd: None
2025-09-19 22:49:44,708 - INFO - [scripts.adrule.logic.list_scraper] - build_detail_url: Initial lsiSeq candidates: ['2100000232016']
2025-09-19 22:49:44,713 - INFO - [scripts.adrule.logic.list_scraper] - --- build_detail_url analysis started for: javascript:admRulReturnSearch('고용노동부 별관 출입·경비·보안 지침','2100000251936','Y');return false; ---
2025-09-19 22:49:44,713 - INFO - [scripts.adrule.logic.list_scraper] - build_detail_url: Extracted params: ['고용노동부 별관 출입·경비·보안 지침', '2100000251936', 'Y']
2025-09-19 22:49:44,713 - INFO - [scripts.adrule.logic.list_scraper] - build_detail_url: Found efYd: None
2025-09-19 22:49:44,713 - INFO - [scripts.adrule.logic.list_scraper] - build_detail_url: Initial lsiSeq candidates: ['2100000251936']
2025-09-19 22:49:44,718 - INFO - [scripts.adrule.logic.list_scraper] - --- build_detail_url analysis started for: javascript:admRulReturnSearch('고용노동부 보안업무규정 시행세칙','2100000245896','Y');return false; ---
2025-09-19 22:49:44,719 - INFO - [scripts.adrule.logic.list_scraper] - build_detail_url: Extracted params: ['고용노동부 보안업무규정 시행세칙', '2100000245896', 'Y']
2025-09-19 22:49:44,719 - INFO - [scripts.adrule.logic.list_scraper] - build_detail_url: Found efYd: None
2025-09-19 22:49:44,719 - INFO - [scripts.adrule.logic.list_scraper] - build_detail_url: Initial lsiSeq candidates: ['2100000245896']
2025-09-19 22:49:44,724 - INFO - [scripts.adrule.logic.list_scraper] - --- build_detail_url analysis started for: javascript:admRulReturnSearch('고용노동부보통고충심사위원회운영규정','2100000234744','Y');return false; ---
2025-09-19 22:49:44,724 - INFO - [scripts.adrule.logic.list_scraper] - build_detail_url: Extracted params: ['고용노동부보통고충심사위원회운영규정', '2100000234744', 'Y']
2025-09-19 22:49:44,724 - INFO - [scripts.adrule.logic.list_scraper] - build_detail_url: Found efYd: None
2025-09-19 22:49:44,724 - INFO - [scripts.adrule.logic.list_scraper] - build_detail_url: Initial lsiSeq candidates: ['2100000234744']
2025-09-19 22:49:44,729 - INFO - [scripts.adrule.logic.list_scraper] - --- build_detail_url analysis started for: javascript:admRulReturnSearch('(고용노동부) 부패행위 내부신고자 보호 등에 관한 규정','2100000237208','Y');return false; ---
2025-09-19 22:49:44,730 - INFO - [scripts.adrule.logic.list_scraper] - build_detail_url: Extracted params: []
2025-09-19 22:49:44,730 - INFO - [scripts.adrule.logic.list_scraper] - build_detail_url: Found efYd: None
2025-09-19 22:49:44,730 - INFO - [scripts.adrule.logic.list_scraper] - build_detail_url: Initial lsiSeq candidates: []
2025-09-19 22:49:44,730 - INFO - [scripts.adrule.logic.list_scraper] - build_detail_url: No valid lsiSeq candidate left. Returning None.
2025-09-19 22:49:44,730 - WARNING - [scripts.adrule.logic.list_scraper] - !!! 누락 경고 (2페이지 15번째 항목): URL 또는 법령명을 추출하지 못했습니다.
2025-09-19 22:49:44,730 - WARNING - [scripts.adrule.logic.list_scraper] -     - 법령명: ' (고용노동부) 부패행위 내부신고자 보호 등에 관한 규정'
2025-09-19 22:49:44,730 - WARNING - [scripts.adrule.logic.list_scraper] -     - OnClick 속성: 'javascript:admRulReturnSearch('(고용노동부) 부패행위 내부신고자 보호 등에 관한 규정','2100000237208','Y');return false;'
2025-09-19 22:49:44,730 - WARNING - [scripts.adrule.logic.list_scraper] -     - 추정 원인: build_detail_url 함수가 유효한 URL을 생성하지 못했습니다.
2025-09-19 22:49:44,735 - INFO - [scripts.adrule.logic.list_scraper] - --- build_detail_url analysis started for: javascript:admRulReturnSearch('고용노동부 소관 국고보조사업 위임사무 고시','2100000254274','Y');return false; ---
2025-09-19 22:49:44,735 - INFO - [scripts.adrule.logic.list_scraper] - build_detail_url: Extracted params: ['고용노동부 소관 국고보조사업 위임사무 고시', '2100000254274', 'Y']
2025-09-19 22:49:44,735 - INFO - [scripts.adrule.logic.list_scraper] - build_detail_url: Found efYd: None
2025-09-19 22:49:44,735 - INFO - [scripts.adrule.logic.list_scraper] - build_detail_url: Initial lsiSeq candidates: ['2100000254274']
2025-09-19 22:49:44,741 - INFO - [scripts.adrule.logic.list_scraper] - --- build_detail_url analysis started for: javascript:admRulReturnSearch('고용노동부 소관 기타공공기관 경영평가에 관한 규정','2100000206944','Y');return false; ---
2025-09-19 22:49:44,741 - INFO - [scripts.adrule.logic.list_scraper] - build_detail_url: Extracted params: ['고용노동부 소관 기타공공기관 경영평가에 관한 규정', '2100000206944', 'Y']
2025-09-19 22:49:44,741 - INFO - [scripts.adrule.logic.list_scraper] - build_detail_url: Found efYd: None
2025-09-19 22:49:44,741 - INFO - [scripts.adrule.logic.list_scraper] - build_detail_url: Initial lsiSeq candidates: ['2100000206944']
2025-09-19 22:49:44,746 - INFO - [scripts.adrule.logic.list_scraper] - --- build_detail_url analysis started for: javascript:admRulReturnSearch('고용노동부 소속책임운영기관운영심의회 규정','2100000045072','Y');return false; ---
2025-09-19 22:49:44,746 - INFO - [scripts.adrule.logic.list_scraper] - build_detail_url: Extracted params: ['고용노동부 소속책임운영기관운영심의회 규정', '2100000045072', 'Y']
2025-09-19 22:49:44,746 - INFO - [scripts.adrule.logic.list_scraper] - build_detail_url: Found efYd: None
2025-09-19 22:49:44,746 - INFO - [scripts.adrule.logic.list_scraper] - build_detail_url: Initial lsiSeq candidates: ['2100000045072']
2025-09-19 22:49:44,752 - INFO - [scripts.adrule.logic.list_scraper] - --- build_detail_url analysis started for: javascript:admRulReturnSearch('고용노동부 소송수행 예규','2100000212504','Y');return false; ---
2025-09-19 22:49:44,752 - INFO - [scripts.adrule.logic.list_scraper] - build_detail_url: Extracted params: ['고용노동부 소송수행 예규', '2100000212504', 'Y']
2025-09-19 22:49:44,752 - INFO - [scripts.adrule.logic.list_scraper] - build_detail_url: Found efYd: None
2025-09-19 22:49:44,752 - INFO - [scripts.adrule.logic.list_scraper] - build_detail_url: Initial lsiSeq candidates: ['2100000212504']
2025-09-19 22:49:44,757 - INFO - [scripts.adrule.logic.list_scraper] - --- build_detail_url analysis started for: javascript:admRulReturnSearch('고용노동부 양성평등위원회 운영규정','2100000217417','Y');return false; ---
2025-09-19 22:49:44,757 - INFO - [scripts.adrule.logic.list_scraper] - build_detail_url: Extracted params: ['고용노동부 양성평등위원회 운영규정', '2100000217417', 'Y']
2025-09-19 22:49:44,757 - INFO - [scripts.adrule.logic.list_scraper] - build_detail_url: Found efYd: None
2025-09-19 22:49:44,757 - INFO - [scripts.adrule.logic.list_scraper] - build_detail_url: Initial lsiSeq candidates: ['2100000217417']
2025-09-19 22:49:44,763 - INFO - [scripts.adrule.logic.list_scraper] - --- build_detail_url analysis started for: javascript:admRulReturnSearch('(고용노동부) 예산집행심의회 운영규정','2100000230668','Y');return false; ---
2025-09-19 22:49:44,763 - INFO - [scripts.adrule.logic.list_scraper] - build_detail_url: Extracted params: []
2025-09-19 22:49:44,763 - INFO - [scripts.adrule.logic.list_scraper] - build_detail_url: Found efYd: None
2025-09-19 22:49:44,763 - INFO - [scripts.adrule.logic.list_scraper] - build_detail_url: Initial lsiSeq candidates: []
2025-09-19 22:49:44,763 - INFO - [scripts.adrule.logic.list_scraper] - build_detail_url: No valid lsiSeq candidate left. Returning None.
2025-09-19 22:49:44,763 - WARNING - [scripts.adrule.logic.list_scraper] - !!! 누락 경고 (2페이지 21번째 항목): URL 또는 법령명을 추출하지 못했습니다.
2025-09-19 22:49:44,763 - WARNING - [scripts.adrule.logic.list_scraper] -     - 법령명: ' (고용노동부) 예산집행심의회 운영규정'
2025-09-19 22:49:44,763 - WARNING - [scripts.adrule.logic.list_scraper] -     - OnClick 속성: 'javascript:admRulReturnSearch('(고용노동부) 예산집행심의회 운영규정','2100000230668','Y');return false;'
2025-09-19 22:49:44,763 - WARNING - [scripts.adrule.logic.list_scraper] -     - 추정 원인: build_detail_url 함수가 유효한 URL을 생성하지 못했습니다.
2025-09-19 22:49:44,768 - INFO - [scripts.adrule.logic.list_scraper] - --- build_detail_url analysis started for: javascript:admRulReturnSearch('고용노동부와 그 소속기관 위임전결규정','2100000259510','Y');return false; ---
2025-09-19 22:49:44,768 - INFO - [scripts.adrule.logic.list_scraper] - build_detail_url: Extracted params: ['고용노동부와 그 소속기관 위임전결규정', '2100000259510', 'Y']
2025-09-19 22:49:44,768 - INFO - [scripts.adrule.logic.list_scraper] - build_detail_url: Found efYd: None
2025-09-19 22:49:44,768 - INFO - [scripts.adrule.logic.list_scraper] - build_detail_url: Initial lsiSeq candidates: ['2100000259510']
2025-09-19 22:49:44,773 - INFO - [scripts.adrule.logic.list_scraper] - --- build_detail_url analysis started for: javascript:admRulReturnSearch('고용노동부 인사혁신규정','2100000263450','Y');return false; ---
2025-09-19 22:49:44,773 - INFO - [scripts.adrule.logic.list_scraper] - build_detail_url: Extracted params: ['고용노동부 인사혁신규정', '2100000263450', 'Y']
2025-09-19 22:49:44,773 - INFO - [scripts.adrule.logic.list_scraper] - build_detail_url: Found efYd: None
2025-09-19 22:49:44,773 - INFO - [scripts.adrule.logic.list_scraper] - build_detail_url: Initial lsiSeq candidates: ['2100000263450']
2025-09-19 22:49:44,779 - INFO - [scripts.adrule.logic.list_scraper] - --- build_detail_url analysis started for: javascript:admRulReturnSearch('(고용노동부) 인적자원개발 우수기관 인증제 운영규정','2100000206255','Y');return false; ---
2025-09-19 22:49:44,779 - INFO - [scripts.adrule.logic.list_scraper] - build_detail_url: Extracted params: []
2025-09-19 22:49:44,779 - INFO - [scripts.adrule.logic.list_scraper] - build_detail_url: Found efYd: None
2025-09-19 22:49:44,779 - INFO - [scripts.adrule.logic.list_scraper] - build_detail_url: Initial lsiSeq candidates: []
2025-09-19 22:49:44,779 - INFO - [scripts.adrule.logic.list_scraper] - build_detail_url: No valid lsiSeq candidate left. Returning None.
2025-09-19 22:49:44,779 - WARNING - [scripts.adrule.logic.list_scraper] - !!! 누락 경고 (2페이지 24번째 항목): URL 또는 법령명을 추출하지 못했습니다.
2025-09-19 22:49:44,779 - WARNING - [scripts.adrule.logic.list_scraper] -     - 법령명: ' (고용노동부) 인적자원개발 우수기관 인증제 운영규정'
2025-09-19 22:49:44,779 - WARNING - [scripts.adrule.logic.list_scraper] -     - OnClick 속성: 'javascript:admRulReturnSearch('(고용노동부) 인적자원개발 우수기관 인증제 운영규정','2100000206255','Y');return false;'
2025-09-19 22:49:44,779 - WARNING - [scripts.adrule.logic.list_scraper] -     - 추정 원인: build_detail_url 함수가 유효한 URL을 생성하지 못했습니다.
2025-09-19 22:49:44,785 - INFO - [scripts.adrule.logic.list_scraper] - --- build_detail_url analysis started for: javascript:admRulReturnSearch('고용노동부 자체평가위원회 운영규정','2100000220134','Y');return false; ---
2025-09-19 22:49:44,785 - INFO - [scripts.adrule.logic.list_scraper] - build_detail_url: Extracted params: ['고용노동부 자체평가위원회 운영규정', '2100000220134', 'Y']
2025-09-19 22:49:44,785 - INFO - [scripts.adrule.logic.list_scraper] - build_detail_url: Found efYd: None
2025-09-19 22:49:44,785 - INFO - [scripts.adrule.logic.list_scraper] - build_detail_url: Initial lsiSeq candidates: ['2100000220134']
2025-09-19 22:49:44,791 - INFO - [scripts.adrule.logic.list_scraper] - --- build_detail_url analysis started for: javascript:admRulReturnSearch('고용노동부 적극행정위원회 운영규정','2100000227718','Y');return false; ---
2025-09-19 22:49:44,791 - INFO - [scripts.adrule.logic.list_scraper] - build_detail_url: Extracted params: ['고용노동부 적극행정위원회 운영규정', '2100000227718', 'Y']
2025-09-19 22:49:44,791 - INFO - [scripts.adrule.logic.list_scraper] - build_detail_url: Found efYd: None
2025-09-19 22:49:44,791 - INFO - [scripts.adrule.logic.list_scraper] - build_detail_url: Initial lsiSeq candidates: ['2100000227718']
2025-09-19 22:49:44,796 - INFO - [scripts.adrule.logic.list_scraper] - --- build_detail_url analysis started for: javascript:admRulReturnSearch('고용노동부 전문용어 표준화협의회 운영 규정','2100000241468','Y');return false; ---
2025-09-19 22:49:44,796 - INFO - [scripts.adrule.logic.list_scraper] - build_detail_url: Extracted params: ['고용노동부 전문용어 표준화협의회 운영 규정', '2100000241468', 'Y']
2025-09-19 22:49:44,796 - INFO - [scripts.adrule.logic.list_scraper] - build_detail_url: Found efYd: None
2025-09-19 22:49:44,796 - INFO - [scripts.adrule.logic.list_scraper] - build_detail_url: Initial lsiSeq candidates: ['2100000241468']
2025-09-19 22:49:44,803 - INFO - [scripts.adrule.logic.list_scraper] - --- build_detail_url analysis started for: javascript:admRulReturnSearch('고용노동부 정보공개에 관한 규정','2100000262340','Y');return false; ---
2025-09-19 22:49:44,803 - INFO - [scripts.adrule.logic.list_scraper] - build_detail_url: Extracted params: ['고용노동부 정보공개에 관한 규정', '2100000262340', 'Y']
2025-09-19 22:49:44,803 - INFO - [scripts.adrule.logic.list_scraper] - build_detail_url: Found efYd: None
2025-09-19 22:49:44,803 - INFO - [scripts.adrule.logic.list_scraper] - build_detail_url: Initial lsiSeq candidates: ['2100000262340']
2025-09-19 22:49:44,808 - INFO - [scripts.adrule.logic.list_scraper] - --- build_detail_url analysis started for: javascript:admRulReturnSearch('고용노동부 정보화업무 운영 및 이용에 관한 규정','2100000209151','Y');return false; ---
2025-09-19 22:49:44,809 - INFO - [scripts.adrule.logic.list_scraper] - build_detail_url: Extracted params: ['고용노동부 정보화업무 운영 및 이용에 관한 규정', '2100000209151', 'Y']
2025-09-19 22:49:44,809 - INFO - [scripts.adrule.logic.list_scraper] - build_detail_url: Found efYd: None
2025-09-19 22:49:44,809 - INFO - [scripts.adrule.logic.list_scraper] - build_detail_url: Initial lsiSeq candidates: ['2100000209151']
2025-09-19 22:49:44,814 - INFO - [scripts.adrule.logic.list_scraper] - --- build_detail_url analysis started for: javascript:admRulReturnSearch('고용노동부 정책연구 관리 규정','2100000192928','Y');return false; ---
2025-09-19 22:49:44,814 - INFO - [scripts.adrule.logic.list_scraper] - build_detail_url: Extracted params: ['고용노동부 정책연구 관리 규정', '2100000192928', 'Y']
2025-09-19 22:49:44,814 - INFO - [scripts.adrule.logic.list_scraper] - build_detail_url: Found efYd: None
2025-09-19 22:49:44,814 - INFO - [scripts.adrule.logic.list_scraper] - build_detail_url: Initial lsiSeq candidates: ['2100000192928']
2025-09-19 22:49:44,820 - INFO - [scripts.adrule.logic.list_scraper] - --- build_detail_url analysis started for: javascript:admRulReturnSearch('고용노동부 정책자문위원회 규정','2100000203988','Y');return false; ---
2025-09-19 22:49:44,820 - INFO - [scripts.adrule.logic.list_scraper] - build_detail_url: Extracted params: ['고용노동부 정책자문위원회 규정', '2100000203988', 'Y']
2025-09-19 22:49:44,820 - INFO - [scripts.adrule.logic.list_scraper] - build_detail_url: Found efYd: None
2025-09-19 22:49:44,820 - INFO - [scripts.adrule.logic.list_scraper] - build_detail_url: Initial lsiSeq candidates: ['2100000203988']
2025-09-19 22:49:44,825 - INFO - [scripts.adrule.logic.list_scraper] - --- build_detail_url analysis started for: javascript:admRulReturnSearch('고용노동부 정책홍보업무 관리 규정','2100000241470','Y');return false; ---
2025-09-19 22:49:44,825 - INFO - [scripts.adrule.logic.list_scraper] - build_detail_url: Extracted params: ['고용노동부 정책홍보업무 관리 규정', '2100000241470', 'Y']
2025-09-19 22:49:44,825 - INFO - [scripts.adrule.logic.list_scraper] - build_detail_url: Found efYd: None
2025-09-19 22:49:44,825 - INFO - [scripts.adrule.logic.list_scraper] - build_detail_url: Initial lsiSeq candidates: ['2100000241470']
2025-09-19 22:49:44,831 - INFO - [scripts.adrule.logic.list_scraper] - --- build_detail_url analysis started for: javascript:admRulReturnSearch('(고용노동부) 제3종시설물 지정 고시','2100000252804','N');return false; ---
2025-09-19 22:49:44,831 - INFO - [scripts.adrule.logic.list_scraper] - build_detail_url: Extracted params: []
2025-09-19 22:49:44,831 - INFO - [scripts.adrule.logic.list_scraper] - build_detail_url: Found efYd: None
2025-09-19 22:49:44,831 - INFO - [scripts.adrule.logic.list_scraper] - build_detail_url: Initial lsiSeq candidates: []
2025-09-19 22:49:44,831 - INFO - [scripts.adrule.logic.list_scraper] - build_detail_url: No valid lsiSeq candidate left. Returning None.
2025-09-19 22:49:44,831 - WARNING - [scripts.adrule.logic.list_scraper] - !!! 누락 경고 (2페이지 33번째 항목): URL 또는 법령명을 추출하지 못했습니다.
2025-09-19 22:49:44,831 - WARNING - [scripts.adrule.logic.list_scraper] -     - 법령명: ' (고용노동부) 제3종시설물 지정 고시'
2025-09-19 22:49:44,832 - WARNING - [scripts.adrule.logic.list_scraper] -     - OnClick 속성: 'javascript:admRulReturnSearch('(고용노동부) 제3종시설물 지정 고시','2100000252804','N');return false;'
2025-09-19 22:49:44,832 - WARNING - [scripts.adrule.logic.list_scraper] -     - 추정 원인: build_detail_url 함수가 유효한 URL을 생성하지 못했습니다.
2025-09-19 22:49:44,838 - INFO - [scripts.adrule.logic.list_scraper] - --- build_detail_url analysis started for: javascript:admRulReturnSearch('고용노동부 중앙사고수습본부 구성 및 운영 등에 관한 규정','2100000119649','Y');return false; ---
2025-09-19 22:49:44,838 - INFO - [scripts.adrule.logic.list_scraper] - build_detail_url: Extracted params: ['고용노동부 중앙사고수습본부 구성 및 운영 등에 관한 규정', '2100000119649', 'Y']
2025-09-19 22:49:44,838 - INFO - [scripts.adrule.logic.list_scraper] - build_detail_url: Found efYd: None
2025-09-19 22:49:44,838 - INFO - [scripts.adrule.logic.list_scraper] - build_detail_url: Initial lsiSeq candidates: ['2100000119649']
2025-09-19 22:49:44,844 - INFO - [scripts.adrule.logic.list_scraper] - --- build_detail_url analysis started for: javascript:admRulReturnSearch('(고용노동부) 참고인 등 비용지급에 관한 규정','2100000029602','Y');return false; ---
2025-09-19 22:49:44,844 - INFO - [scripts.adrule.logic.list_scraper] - build_detail_url: Extracted params: []
2025-09-19 22:49:44,844 - INFO - [scripts.adrule.logic.list_scraper] - build_detail_url: Found efYd: None
2025-09-19 22:49:44,844 - INFO - [scripts.adrule.logic.list_scraper] - build_detail_url: Initial lsiSeq candidates: []
2025-09-19 22:49:44,844 - INFO - [scripts.adrule.logic.list_scraper] - build_detail_url: No valid lsiSeq candidate left. Returning None.
2025-09-19 22:49:44,844 - WARNING - [scripts.adrule.logic.list_scraper] - !!! 누락 경고 (2페이지 35번째 항목): URL 또는 법령명을 추출하지 못했습니다.
2025-09-19 22:49:44,844 - WARNING - [scripts.adrule.logic.list_scraper] -     - 법령명: ' (고용노동부) 참고인 등 비용지급에 관한 규정'
2025-09-19 22:49:44,844 - WARNING - [scripts.adrule.logic.list_scraper] -     - OnClick 속성: 'javascript:admRulReturnSearch('(고용노동부) 참고인 등 비용지급에 관한 규정','2100000029602','Y');return false;'
2025-09-19 22:49:44,844 - WARNING - [scripts.adrule.logic.list_scraper] -     - 추정 원인: build_detail_url 함수가 유효한 URL을 생성하지 못했습니다.
2025-09-19 22:49:44,850 - INFO - [scripts.adrule.logic.list_scraper] - --- build_detail_url analysis started for: javascript:admRulReturnSearch('고용노동부 청렴시민감사관 설치 및 운영에 관한 규정','2100000161689','Y');return false; ---
2025-09-19 22:49:44,850 - INFO - [scripts.adrule.logic.list_scraper] - build_detail_url: Extracted params: ['고용노동부 청렴시민감사관 설치 및 운영에 관한 규정', '2100000161689', 'Y']
2025-09-19 22:49:44,850 - INFO - [scripts.adrule.logic.list_scraper] - build_detail_url: Found efYd: None
2025-09-19 22:49:44,850 - INFO - [scripts.adrule.logic.list_scraper] - build_detail_url: Initial lsiSeq candidates: ['2100000161689']
2025-09-19 22:49:44,857 - INFO - [scripts.adrule.logic.list_scraper] - --- build_detail_url analysis started for: javascript:admRulReturnSearch('고용노동부 청원심의회 운영 규정','2100000210399','Y');return false; ---
2025-09-19 22:49:44,857 - INFO - [scripts.adrule.logic.list_scraper] - build_detail_url: Extracted params: ['고용노동부 청원심의회 운영 규정', '2100000210399', 'Y']
2025-09-19 22:49:44,857 - INFO - [scripts.adrule.logic.list_scraper] - build_detail_url: Found efYd: None
2025-09-19 22:49:44,857 - INFO - [scripts.adrule.logic.list_scraper] - build_detail_url: Initial lsiSeq candidates: ['2100000210399']
2025-09-19 22:49:44,862 - INFO - [scripts.adrule.logic.list_scraper] - --- build_detail_url analysis started for: javascript:admRulReturnSearch('고용노동부통계관리규정','2100000242072','Y');return false; ---
2025-09-19 22:49:44,862 - INFO - [scripts.adrule.logic.list_scraper] - build_detail_url: Extracted params: ['고용노동부통계관리규정', '2100000242072', 'Y']
2025-09-19 22:49:44,862 - INFO - [scripts.adrule.logic.list_scraper] - build_detail_url: Found efYd: None
2025-09-19 22:49:44,862 - INFO - [scripts.adrule.logic.list_scraper] - build_detail_url: Initial lsiSeq candidates: ['2100000242072']
2025-09-19 22:49:44,868 - INFO - [scripts.adrule.logic.list_scraper] - --- build_detail_url analysis started for: javascript:admRulReturnSearch('(고용노동부) 화학재난 합동방재센터의 설치 및 운영에 관한 규정','2100000223972','Y');return false; ---
2025-09-19 22:49:44,868 - INFO - [scripts.adrule.logic.list_scraper] - build_detail_url: Extracted params: []
2025-09-19 22:49:44,868 - INFO - [scripts.adrule.logic.list_scraper] - build_detail_url: Found efYd: None
2025-09-19 22:49:44,868 - INFO - [scripts.adrule.logic.list_scraper] - build_detail_url: Initial lsiSeq candidates: []
2025-09-19 22:49:44,868 - INFO - [scripts.adrule.logic.list_scraper] - build_detail_url: No valid lsiSeq candidate left. Returning None.
2025-09-19 22:49:44,868 - WARNING - [scripts.adrule.logic.list_scraper] - !!! 누락 경고 (2페이지 39번째 항목): URL 또는 법령명을 추출하지 못했습니다.
2025-09-19 22:49:44,868 - WARNING - [scripts.adrule.logic.list_scraper] -     - 법령명: ' (고용노동부) 화학재난 합동방재센터의 설치 및 운영에 관한 규정'
2025-09-19 22:49:44,868 - WARNING - [scripts.adrule.logic.list_scraper] -     - OnClick 속성: 'javascript:admRulReturnSearch('(고용노동부) 화학재난 합동방재센터의 설치 및 운영에 관한 규정','2100000223972','Y');return false;'
2025-09-19 22:49:44,868 - WARNING - [scripts.adrule.logic.list_scraper] -     - 추정 원인: build_detail_url 함수가 유효한 URL을 생성하지 못했습니다.
2025-09-19 22:49:44,873 - INFO - [scripts.adrule.logic.list_scraper] - --- build_detail_url analysis started for: javascript:admRulReturnSearch('고용노동부 회계관계공무원 재정보증 규정','2100000152249','Y');return false; ---
2025-09-19 22:49:44,873 - INFO - [scripts.adrule.logic.list_scraper] - build_detail_url: Extracted params: ['고용노동부 회계관계공무원 재정보증 규정', '2100000152249', 'Y']
2025-09-19 22:49:44,873 - INFO - [scripts.adrule.logic.list_scraper] - build_detail_url: Found efYd: None
2025-09-19 22:49:44,873 - INFO - [scripts.adrule.logic.list_scraper] - build_detail_url: Initial lsiSeq candidates: ['2100000152249']
2025-09-19 22:49:44,878 - INFO - [scripts.adrule.logic.list_scraper] - --- build_detail_url analysis started for: javascript:admRulReturnSearch('고용노동분야 국고보조사업 관리규정','2100000250926','Y');return false; ---
2025-09-19 22:49:44,878 - INFO - [scripts.adrule.logic.list_scraper] - build_detail_url: Extracted params: ['고용노동분야 국고보조사업 관리규정', '2100000250926', 'Y']
2025-09-19 22:49:44,878 - INFO - [scripts.adrule.logic.list_scraper] - build_detail_url: Found efYd: None
2025-09-19 22:49:44,879 - INFO - [scripts.adrule.logic.list_scraper] - build_detail_url: Initial lsiSeq candidates: ['2100000250926']
2025-09-19 22:49:44,884 - INFO - [scripts.adrule.logic.list_scraper] - --- build_detail_url analysis started for: javascript:admRulReturnSearch('고용노동 사이버안전센터 운영규정','2100000193867','Y');return false; ---
2025-09-19 22:49:44,884 - INFO - [scripts.adrule.logic.list_scraper] - build_detail_url: Extracted params: ['고용노동 사이버안전센터 운영규정', '2100000193867', 'Y']
2025-09-19 22:49:44,884 - INFO - [scripts.adrule.logic.list_scraper] - build_detail_url: Found efYd: None
2025-09-19 22:49:44,884 - INFO - [scripts.adrule.logic.list_scraper] - build_detail_url: Initial lsiSeq candidates: ['2100000193867']
2025-09-19 22:49:44,890 - INFO - [scripts.adrule.logic.list_scraper] - --- build_detail_url analysis started for: javascript:admRulReturnSearch('고용노동통계조사 응답사례품 지급·관리 규정','2100000069849','Y');return false; ---
2025-09-19 22:49:44,891 - INFO - [scripts.adrule.logic.list_scraper] - build_detail_url: Extracted params: ['고용노동통계조사 응답사례품 지급·관리 규정', '2100000069849', 'Y']
2025-09-19 22:49:44,891 - INFO - [scripts.adrule.logic.list_scraper] - build_detail_url: Found efYd: None
2025-09-19 22:49:44,891 - INFO - [scripts.adrule.logic.list_scraper] - build_detail_url: Initial lsiSeq candidates: ['2100000069849']
2025-09-19 22:49:44,899 - INFO - [scripts.adrule.logic.list_scraper] - --- build_detail_url analysis started for: javascript:admRulReturnSearch('고용노동행정기관 지역협의회 운영 규정','2000000021626','Y');return false; ---
2025-09-19 22:49:44,899 - INFO - [scripts.adrule.logic.list_scraper] - build_detail_url: Extracted params: ['고용노동행정기관 지역협의회 운영 규정', '2000000021626', 'Y']
2025-09-19 22:49:44,899 - INFO - [scripts.adrule.logic.list_scraper] - build_detail_url: Found efYd: None
2025-09-19 22:49:44,899 - INFO - [scripts.adrule.logic.list_scraper] - build_detail_url: Initial lsiSeq candidates: ['2000000021626']
2025-09-19 22:49:44,905 - INFO - [scripts.adrule.logic.list_scraper] - --- build_detail_url analysis started for: javascript:admRulReturnSearch('고용노동행정서비스헌장 운영 규정','2200000035241','Y');return false; ---
2025-09-19 22:49:44,905 - INFO - [scripts.adrule.logic.list_scraper] - build_detail_url: Extracted params: ['고용노동행정서비스헌장 운영 규정', '2200000035241', 'Y']
2025-09-19 22:49:44,905 - INFO - [scripts.adrule.logic.list_scraper] - build_detail_url: Found efYd: None
2025-09-19 22:49:44,905 - INFO - [scripts.adrule.logic.list_scraper] - build_detail_url: Initial lsiSeq candidates: ['2200000035241']
2025-09-19 22:49:44,911 - INFO - [scripts.adrule.logic.list_scraper] - --- build_detail_url analysis started for: javascript:admRulReturnSearch('고용노동행정 신산업 지원 및 규제혁신심의회 운영규정','2100000190782','Y');return false; ---
2025-09-19 22:49:44,912 - INFO - [scripts.adrule.logic.list_scraper] - build_detail_url: Extracted params: ['고용노동행정 신산업 지원 및 규제혁신심의회 운영규정', '2100000190782', 'Y']
2025-09-19 22:49:44,912 - INFO - [scripts.adrule.logic.list_scraper] - build_detail_url: Found efYd: None
2025-09-19 22:49:44,912 - INFO - [scripts.adrule.logic.list_scraper] - build_detail_url: Initial lsiSeq candidates: ['2100000190782']
2025-09-19 22:49:44,919 - INFO - [scripts.adrule.logic.list_scraper] - --- build_detail_url analysis started for: javascript:admRulReturnSearch('고용노동행정 옴부즈만위원회 운영 규정','2100000161249','Y');return false; ---
2025-09-19 22:49:44,919 - INFO - [scripts.adrule.logic.list_scraper] - build_detail_url: Extracted params: ['고용노동행정 옴부즈만위원회 운영 규정', '2100000161249', 'Y']
2025-09-19 22:49:44,919 - INFO - [scripts.adrule.logic.list_scraper] - build_detail_url: Found efYd: None
2025-09-19 22:49:44,919 - INFO - [scripts.adrule.logic.list_scraper] - build_detail_url: Initial lsiSeq candidates: ['2100000161249']
2025-09-19 22:49:44,924 - INFO - [scripts.adrule.logic.list_scraper] - --- build_detail_url analysis started for: javascript:admRulReturnSearch('고용보험 가입대상인 고유번호증 보유 자영업자 사업 고시','2100000261092','N');return false; ---
2025-09-19 22:49:44,924 - INFO - [scripts.adrule.logic.list_scraper] - build_detail_url: Extracted params: ['고용보험 가입대상인 고유번호증 보유 자영업자 사업 고시', '2100000261092', 'N']
2025-09-19 22:49:44,924 - INFO - [scripts.adrule.logic.list_scraper] - build_detail_url: Found efYd: None
2025-09-19 22:49:44,924 - INFO - [scripts.adrule.logic.list_scraper] - build_detail_url: Initial lsiSeq candidates: ['2100000261092']
2025-09-19 22:49:44,931 - INFO - [scripts.adrule.logic.list_scraper] - --- build_detail_url analysis started for: javascript:admRulReturnSearch('고용보험료 산정범위에 속하는 금품','2100000217769','N');return false; ---
2025-09-19 22:49:44,931 - INFO - [scripts.adrule.logic.list_scraper] - build_detail_url: Extracted params: ['고용보험료 산정범위에 속하는 금품', '2100000217769', 'N']
2025-09-19 22:49:44,931 - INFO - [scripts.adrule.logic.list_scraper] - build_detail_url: Found efYd: None
2025-09-19 22:49:44,931 - INFO - [scripts.adrule.logic.list_scraper] - build_detail_url: Initial lsiSeq candidates: ['2100000217769']
2025-09-19 22:49:44,937 - INFO - [scripts.adrule.logic.list_scraper] - --- build_detail_url analysis started for: javascript:admRulReturnSearch('고용보험료의 지원 대상 및 지원 수준 등에 관한 고시','2100000252096','Y');return false; ---
2025-09-19 22:49:44,937 - INFO - [scripts.adrule.logic.list_scraper] - build_detail_url: Extracted params: ['고용보험료의 지원 대상 및 지원 수준 등에 관한 고시', '2100000252096', 'Y']
2025-09-19 22:49:44,937 - INFO - [scripts.adrule.logic.list_scraper] - build_detail_url: Found efYd: None
2025-09-19 22:49:44,937 - INFO - [scripts.adrule.logic.list_scraper] - build_detail_url: Initial lsiSeq candidates: ['2100000252096']
2025-09-19 22:49:44,937 - INFO - [scripts.adrule.logic.list_scraper] - 현재 페이지에서 50개의 링크를 발견, 41개를 최종 추가했습니다.
2025-09-19 22:49:44,937 - WARNING - [scripts.adrule.logic.list_scraper] - !!! 페이지 요약 경고: 2 페이지에서 예상(50개)보다 적은 41개의 URL이 추가되었습니다.
2025-09-19 22:49:44,937 - INFO - [scripts.adrule.logic.list_scraper] - --- 3 / 9 페이지 처리 중 ---
2025-09-19 22:49:44,941 - INFO - [scripts.adrule.logic.list_scraper] - 3 페이지로 이동합니다...
2025-09-19 22:49:44,945 - INFO - [scripts.adrule.logic.list_scraper] - 페이지 내용이 갱신되기를 대기합니다...
2025-09-19 22:49:45,066 - INFO - [scripts.adrule.logic.list_scraper] - 페이지 내용 갱신 확인 및 로딩 완료.
2025-09-19 22:49:45,089 - INFO - [scripts.adrule.logic.list_scraper] - --- build_detail_url analysis started for: javascript:admRulReturnSearch('고용보험법 및 고용산재보험료징수법에 따른 과태료의 가중처분에 관한 세부 지침','2100000229688','Y');return false; ---
2025-09-19 22:49:45,089 - INFO - [scripts.adrule.logic.list_scraper] - build_detail_url: Extracted params: ['고용보험법 및 고용산재보험료징수법에 따른 과태료의 가중처분에 관한 세부 지침', '2100000229688', 'Y']
2025-09-19 22:49:45,089 - INFO - [scripts.adrule.logic.list_scraper] - build_detail_url: Found efYd: None
2025-09-19 22:49:45,089 - INFO - [scripts.adrule.logic.list_scraper] - build_detail_url: Initial lsiSeq candidates: ['2100000229688']
2025-09-19 22:49:45,094 - INFO - [scripts.adrule.logic.list_scraper] - --- build_detail_url analysis started for: javascript:admRulReturnSearch('고용보험사업 평가기관 지정 고시','2100000240040','N');return false; ---
2025-09-19 22:49:45,094 - INFO - [scripts.adrule.logic.list_scraper] - build_detail_url: Extracted params: ['고용보험사업 평가기관 지정 고시', '2100000240040', 'N']
2025-09-19 22:49:45,094 - INFO - [scripts.adrule.logic.list_scraper] - build_detail_url: Found efYd: None
2025-09-19 22:49:45,094 - INFO - [scripts.adrule.logic.list_scraper] - build_detail_url: Initial lsiSeq candidates: ['2100000240040']
2025-09-19 22:49:45,099 - INFO - [scripts.adrule.logic.list_scraper] - --- build_detail_url analysis started for: javascript:admRulReturnSearch('고용보험수사관 집무규정','2100000261378','Y');return false; ---
2025-09-19 22:49:45,099 - INFO - [scripts.adrule.logic.list_scraper] - build_detail_url: Extracted params: ['고용보험수사관 집무규정', '2100000261378', 'Y']
2025-09-19 22:49:45,099 - INFO - [scripts.adrule.logic.list_scraper] - build_detail_url: Found efYd: None
2025-09-19 22:49:45,099 - INFO - [scripts.adrule.logic.list_scraper] - build_detail_url: Initial lsiSeq candidates: ['2100000261378']
2025-09-19 22:49:45,104 - INFO - [scripts.adrule.logic.list_scraper] - --- build_detail_url analysis started for: javascript:admRulReturnSearch('고용보험심사관 및 고용보험심사위원회 운영규정','2100000234334','Y');return false; ---
2025-09-19 22:49:45,104 - INFO - [scripts.adrule.logic.list_scraper] - build_detail_url: Extracted params: ['고용보험심사관 및 고용보험심사위원회 운영규정', '2100000234334', 'Y']
2025-09-19 22:49:45,104 - INFO - [scripts.adrule.logic.list_scraper] - build_detail_url: Found efYd: None
2025-09-19 22:49:45,104 - INFO - [scripts.adrule.logic.list_scraper] - build_detail_url: Initial lsiSeq candidates: ['2100000234334']
2025-09-19 22:49:45,109 - INFO - [scripts.adrule.logic.list_scraper] - --- build_detail_url analysis started for: javascript:admRulReturnSearch('고용보험지급사무규정','2100000209194','Y');return false; ---
2025-09-19 22:49:45,109 - INFO - [scripts.adrule.logic.list_scraper] - build_detail_url: Extracted params: ['고용보험지급사무규정', '2100000209194', 'Y']
2025-09-19 22:49:45,110 - INFO - [scripts.adrule.logic.list_scraper] - build_detail_url: Found efYd: None
2025-09-19 22:49:45,110 - INFO - [scripts.adrule.logic.list_scraper] - build_detail_url: Initial lsiSeq candidates: ['2100000209194']
2025-09-19 22:49:45,115 - INFO - [scripts.adrule.logic.list_scraper] - --- build_detail_url analysis started for: javascript:admRulReturnSearch('고용·산재보험료 완납증명 제외 대상 및 완납증명 방법에 관한 기준','2100000225868','Y');return false; ---
2025-09-19 22:49:45,115 - INFO - [scripts.adrule.logic.list_scraper] - build_detail_url: Extracted params: ['고용·산재보험료 완납증명 제외 대상 및 완납증명 방법에 관한 기준', '2100000225868', 'Y']
2025-09-19 22:49:45,115 - INFO - [scripts.adrule.logic.list_scraper] - build_detail_url: Found efYd: None
2025-09-19 22:49:45,115 - INFO - [scripts.adrule.logic.list_scraper] - build_detail_url: Initial lsiSeq candidates: ['2100000225868']
2025-09-19 22:49:45,120 - INFO - [scripts.adrule.logic.list_scraper] - --- build_detail_url analysis started for: javascript:admRulReturnSearch('고용·산재정보통신망 이용에 관한 고시','2100000225714','Y');return false; ---
2025-09-19 22:49:45,120 - INFO - [scripts.adrule.logic.list_scraper] - build_detail_url: Extracted params: ['고용·산재정보통신망 이용에 관한 고시', '2100000225714', 'Y']
2025-09-19 22:49:45,120 - INFO - [scripts.adrule.logic.list_scraper] - build_detail_url: Found efYd: None
2025-09-19 22:49:45,120 - INFO - [scripts.adrule.logic.list_scraper] - build_detail_url: Initial lsiSeq candidates: ['2100000225714']
2025-09-19 22:49:45,125 - INFO - [scripts.adrule.logic.list_scraper] - --- build_detail_url analysis started for: javascript:admRulReturnSearch('고용상 성차별 등 시정절차 등에 관한 고시','2100000211169','Y');return false; ---
2025-09-19 22:49:45,125 - INFO - [scripts.adrule.logic.list_scraper] - build_detail_url: Extracted params: ['고용상 성차별 등 시정절차 등에 관한 고시', '2100000211169', 'Y']
2025-09-19 22:49:45,125 - INFO - [scripts.adrule.logic.list_scraper] - build_detail_url: Found efYd: None
2025-09-19 22:49:45,125 - INFO - [scripts.adrule.logic.list_scraper] - build_detail_url: Initial lsiSeq candidates: ['2100000211169']
2025-09-19 22:49:45,130 - INFO - [scripts.adrule.logic.list_scraper] - --- build_detail_url analysis started for: javascript:admRulReturnSearch('고용상 연령차별금지 및 고령자고용촉진에 관한 법률에 따른 과태료의 가중처분에 관한 세부 지침','2100000230004','Y');return false; ---
2025-09-19 22:49:45,130 - INFO - [scripts.adrule.logic.list_scraper] - build_detail_url: Extracted params: ['고용상 연령차별금지 및 고령자고용촉진에 관한 법률에 따른 과태료의 가중처분에 관한 세부 지침', '2100000230004', 'Y']
2025-09-19 22:49:45,130 - INFO - [scripts.adrule.logic.list_scraper] - build_detail_url: Found efYd: None
2025-09-19 22:49:45,130 - INFO - [scripts.adrule.logic.list_scraper] - build_detail_url: Initial lsiSeq candidates: ['2100000230004']
2025-09-19 22:49:45,136 - INFO - [scripts.adrule.logic.list_scraper] - --- build_detail_url analysis started for: javascript:admRulReturnSearch('고용서비스 우수기관 인증제 운영규정','2100000237218','Y');return false; ---
2025-09-19 22:49:45,136 - INFO - [scripts.adrule.logic.list_scraper] - build_detail_url: Extracted params: ['고용서비스 우수기관 인증제 운영규정', '2100000237218', 'Y']
2025-09-19 22:49:45,136 - INFO - [scripts.adrule.logic.list_scraper] - build_detail_url: Found efYd: None
2025-09-19 22:49:45,136 - INFO - [scripts.adrule.logic.list_scraper] - build_detail_url: Initial lsiSeq candidates: ['2100000237218']
2025-09-19 22:49:45,154 - INFO - [scripts.adrule.logic.list_scraper] - --- build_detail_url analysis started for: javascript:admRulReturnSearch('고용센터 및 고용관련 부서 운영 규정','2100000263560','Y');return false; ---
2025-09-19 22:49:45,155 - INFO - [scripts.adrule.logic.list_scraper] - build_detail_url: Extracted params: ['고용센터 및 고용관련 부서 운영 규정', '2100000263560', 'Y']
2025-09-19 22:49:45,155 - INFO - [scripts.adrule.logic.list_scraper] - build_detail_url: Found efYd: None
2025-09-19 22:49:45,155 - INFO - [scripts.adrule.logic.list_scraper] - build_detail_url: Initial lsiSeq candidates: ['2100000263560']
2025-09-19 22:49:45,160 - INFO - [scripts.adrule.logic.list_scraper] - --- build_detail_url analysis started for: javascript:admRulReturnSearch('고용센터혁신추진단 설치 및 운영에 관한 규정','2100000258034','Y');return false; ---
2025-09-19 22:49:45,160 - INFO - [scripts.adrule.logic.list_scraper] - build_detail_url: Extracted params: ['고용센터혁신추진단 설치 및 운영에 관한 규정', '2100000258034', 'Y']
2025-09-19 22:49:45,160 - INFO - [scripts.adrule.logic.list_scraper] - build_detail_url: Found efYd: None
2025-09-19 22:49:45,160 - INFO - [scripts.adrule.logic.list_scraper] - build_detail_url: Initial lsiSeq candidates: ['2100000258034']
2025-09-19 22:49:45,165 - INFO - [scripts.adrule.logic.list_scraper] - --- build_detail_url analysis started for: javascript:admRulReturnSearch('고용안정사업 지원금 부정수급 방지업무 처리규정','2100000252368','Y');return false; ---
2025-09-19 22:49:45,165 - INFO - [scripts.adrule.logic.list_scraper] - build_detail_url: Extracted params: ['고용안정사업 지원금 부정수급 방지업무 처리규정', '2100000252368', 'Y']
2025-09-19 22:49:45,165 - INFO - [scripts.adrule.logic.list_scraper] - build_detail_url: Found efYd: None
2025-09-19 22:49:45,165 - INFO - [scripts.adrule.logic.list_scraper] - build_detail_url: Initial lsiSeq candidates: ['2100000252368']
2025-09-19 22:49:45,171 - INFO - [scripts.adrule.logic.list_scraper] - --- build_detail_url analysis started for: javascript:admRulReturnSearch('고용영향평가 대행기관 지정 고시','2100000217931','Y');return false; ---
2025-09-19 22:49:45,171 - INFO - [scripts.adrule.logic.list_scraper] - build_detail_url: Extracted params: ['고용영향평가 대행기관 지정 고시', '2100000217931', 'Y']
2025-09-19 22:49:45,171 - INFO - [scripts.adrule.logic.list_scraper] - build_detail_url: Found efYd: None
2025-09-19 22:49:45,171 - INFO - [scripts.adrule.logic.list_scraper] - build_detail_url: Initial lsiSeq candidates: ['2100000217931']
2025-09-19 22:49:45,178 - INFO - [scripts.adrule.logic.list_scraper] - --- build_detail_url analysis started for: javascript:admRulReturnSearch('고용위기 선제대응지역의 지정기준 등에 관한 고시','2100000262758','Y');return false; ---
2025-09-19 22:49:45,178 - INFO - [scripts.adrule.logic.list_scraper] - build_detail_url: Extracted params: ['고용위기 선제대응지역의 지정기준 등에 관한 고시', '2100000262758', 'Y']
2025-09-19 22:49:45,178 - INFO - [scripts.adrule.logic.list_scraper] - build_detail_url: Found efYd: None
2025-09-19 22:49:45,178 - INFO - [scripts.adrule.logic.list_scraper] - build_detail_url: Initial lsiSeq candidates: ['2100000262758']
2025-09-19 22:49:45,185 - INFO - [scripts.adrule.logic.list_scraper] - --- build_detail_url analysis started for: javascript:admRulReturnSearch('고용위기 선제대응지역 지정 고시','2100000263728','N');return false; ---
2025-09-19 22:49:45,185 - INFO - [scripts.adrule.logic.list_scraper] - build_detail_url: Extracted params: ['고용위기 선제대응지역 지정 고시', '2100000263728', 'N']
2025-09-19 22:49:45,185 - INFO - [scripts.adrule.logic.list_scraper] - build_detail_url: Found efYd: None
2025-09-19 22:49:45,185 - INFO - [scripts.adrule.logic.list_scraper] - build_detail_url: Initial lsiSeq candidates: ['2100000263728']
2025-09-19 22:49:45,191 - INFO - [scripts.adrule.logic.list_scraper] - --- build_detail_url analysis started for: javascript:admRulReturnSearch('고용위기지역의 지정기준 등에 관한 고시','2100000240416','Y');return false; ---
2025-09-19 22:49:45,191 - INFO - [scripts.adrule.logic.list_scraper] - build_detail_url: Extracted params: ['고용위기지역의 지정기준 등에 관한 고시', '2100000240416', 'Y']
2025-09-19 22:49:45,191 - INFO - [scripts.adrule.logic.list_scraper] - build_detail_url: Found efYd: None
2025-09-19 22:49:45,191 - INFO - [scripts.adrule.logic.list_scraper] - build_detail_url: Initial lsiSeq candidates: ['2100000240416']
2025-09-19 22:49:45,196 - INFO - [scripts.adrule.logic.list_scraper] - --- build_detail_url analysis started for: javascript:admRulReturnSearch('고용위기지역 지정 고시','2100000234732','N');return false; ---
2025-09-19 22:49:45,196 - INFO - [scripts.adrule.logic.list_scraper] - build_detail_url: Extracted params: ['고용위기지역 지정 고시', '2100000234732', 'N']
2025-09-19 22:49:45,196 - INFO - [scripts.adrule.logic.list_scraper] - build_detail_url: Found efYd: None
2025-09-19 22:49:45,196 - INFO - [scripts.adrule.logic.list_scraper] - build_detail_url: Initial lsiSeq candidates: ['2100000234732']
2025-09-19 22:49:45,202 - INFO - [scripts.adrule.logic.list_scraper] - --- build_detail_url analysis started for: javascript:admRulReturnSearch('고용유지를 위한 노사합의에 대한 지원 규정','2100000202537','Y');return false; ---
2025-09-19 22:49:45,202 - INFO - [scripts.adrule.logic.list_scraper] - build_detail_url: Extracted params: ['고용유지를 위한 노사합의에 대한 지원 규정', '2100000202537', 'Y']
2025-09-19 22:49:45,202 - INFO - [scripts.adrule.logic.list_scraper] - build_detail_url: Found efYd: None
2025-09-19 22:49:45,202 - INFO - [scripts.adrule.logic.list_scraper] - build_detail_url: Initial lsiSeq candidates: ['2100000202537']
2025-09-19 22:49:45,208 - INFO - [scripts.adrule.logic.list_scraper] - --- build_detail_url analysis started for: javascript:admRulReturnSearch('고용유지 비용의 대부 규정','2100000216842','Y');return false; ---
2025-09-19 22:49:45,208 - INFO - [scripts.adrule.logic.list_scraper] - build_detail_url: Extracted params: ['고용유지 비용의 대부 규정', '2100000216842', 'Y']
2025-09-19 22:49:45,208 - INFO - [scripts.adrule.logic.list_scraper] - build_detail_url: Found efYd: None
2025-09-19 22:49:45,208 - INFO - [scripts.adrule.logic.list_scraper] - build_detail_url: Initial lsiSeq candidates: ['2100000216842']
2025-09-19 22:49:45,213 - INFO - [scripts.adrule.logic.list_scraper] - --- build_detail_url analysis started for: javascript:admRulReturnSearch('고용유지조치에 대한 특별 지원 고시','2100000258478','Y');return false; ---
2025-09-19 22:49:45,213 - INFO - [scripts.adrule.logic.list_scraper] - build_detail_url: Extracted params: ['고용유지조치에 대한 특별 지원 고시', '2100000258478', 'Y']
2025-09-19 22:49:45,213 - INFO - [scripts.adrule.logic.list_scraper] - build_detail_url: Found efYd: None
2025-09-19 22:49:45,213 - INFO - [scripts.adrule.logic.list_scraper] - build_detail_url: Initial lsiSeq candidates: ['2100000258478']
2025-09-19 22:49:45,218 - INFO - [scripts.adrule.logic.list_scraper] - --- build_detail_url analysis started for: javascript:admRulReturnSearch('고용유지지원금 신청 및 지급에 관한 규정','2100000252588','Y');return false; ---
2025-09-19 22:49:45,218 - INFO - [scripts.adrule.logic.list_scraper] - build_detail_url: Extracted params: ['고용유지지원금 신청 및 지급에 관한 규정', '2100000252588', 'Y']
2025-09-19 22:49:45,218 - INFO - [scripts.adrule.logic.list_scraper] - build_detail_url: Found efYd: None
2025-09-19 22:49:45,218 - INFO - [scripts.adrule.logic.list_scraper] - build_detail_url: Initial lsiSeq candidates: ['2100000252588']
2025-09-19 22:49:45,223 - INFO - [scripts.adrule.logic.list_scraper] - --- build_detail_url analysis started for: javascript:admRulReturnSearch('고용유지지원금 지원금액 상한액 고시','2100000184151','N');return false; ---
2025-09-19 22:49:45,223 - INFO - [scripts.adrule.logic.list_scraper] - build_detail_url: Extracted params: ['고용유지지원금 지원금액 상한액 고시', '2100000184151', 'N']
2025-09-19 22:49:45,223 - INFO - [scripts.adrule.logic.list_scraper] - build_detail_url: Found efYd: None
2025-09-19 22:49:45,223 - INFO - [scripts.adrule.logic.list_scraper] - build_detail_url: Initial lsiSeq candidates: ['2100000184151']
2025-09-19 22:49:45,229 - INFO - [scripts.adrule.logic.list_scraper] - --- build_detail_url analysis started for: javascript:admRulReturnSearch('고용정보시스템 운영 및 보안규정','2100000249572','Y');return false; ---
2025-09-19 22:49:45,229 - INFO - [scripts.adrule.logic.list_scraper] - build_detail_url: Extracted params: ['고용정보시스템 운영 및 보안규정', '2100000249572', 'Y']
2025-09-19 22:49:45,229 - INFO - [scripts.adrule.logic.list_scraper] - build_detail_url: Found efYd: None
2025-09-19 22:49:45,229 - INFO - [scripts.adrule.logic.list_scraper] - build_detail_url: Initial lsiSeq candidates: ['2100000249572']
2025-09-19 22:49:45,233 - INFO - [scripts.adrule.logic.list_scraper] - --- build_detail_url analysis started for: javascript:admRulReturnSearch('고용창출장려금·고용안정장려금의 신청 및 지급에 관한 규정','2100000262472','Y');return false; ---
2025-09-19 22:49:45,233 - INFO - [scripts.adrule.logic.list_scraper] - build_detail_url: Extracted params: ['고용창출장려금·고용안정장려금의 신청 및 지급에 관한 규정', '2100000262472', 'Y']
2025-09-19 22:49:45,233 - INFO - [scripts.adrule.logic.list_scraper] - build_detail_url: Found efYd: None
2025-09-19 22:49:45,233 - INFO - [scripts.adrule.logic.list_scraper] - build_detail_url: Initial lsiSeq candidates: ['2100000262472']
2025-09-19 22:49:45,239 - INFO - [scripts.adrule.logic.list_scraper] - --- build_detail_url analysis started for: javascript:admRulReturnSearch('고용행정데이터 제공 규정','2100000224118','Y');return false; ---
2025-09-19 22:49:45,239 - INFO - [scripts.adrule.logic.list_scraper] - build_detail_url: Extracted params: ['고용행정데이터 제공 규정', '2100000224118', 'Y']
2025-09-19 22:49:45,239 - INFO - [scripts.adrule.logic.list_scraper] - build_detail_url: Found efYd: None
2025-09-19 22:49:45,239 - INFO - [scripts.adrule.logic.list_scraper] - build_detail_url: Initial lsiSeq candidates: ['2100000224118']
2025-09-19 22:49:45,244 - INFO - [scripts.adrule.logic.list_scraper] - --- build_detail_url analysis started for: javascript:admRulReturnSearch('고용허가제 고용업무 대행기관 운영에 관한 규정','2100000182609','Y');return false; ---
2025-09-19 22:49:45,244 - INFO - [scripts.adrule.logic.list_scraper] - build_detail_url: Extracted params: ['고용허가제 고용업무 대행기관 운영에 관한 규정', '2100000182609', 'Y']
2025-09-19 22:49:45,244 - INFO - [scripts.adrule.logic.list_scraper] - build_detail_url: Found efYd: None
2025-09-19 22:49:45,244 - INFO - [scripts.adrule.logic.list_scraper] - build_detail_url: Initial lsiSeq candidates: ['2100000182609']
2025-09-19 22:49:45,250 - INFO - [scripts.adrule.logic.list_scraper] - --- build_detail_url analysis started for: javascript:admRulReturnSearch('고용형태별근로실태조사의 한국표준직업분류 대분류 2 직업 종사자의 근로소득 상위 100분의 25에 해당하는 금액 공고','2100000258972','N');return false; ---
2025-09-19 22:49:45,250 - INFO - [scripts.adrule.logic.list_scraper] - build_detail_url: Extracted params: ['고용형태별근로실태조사의 한국표준직업분류 대분류 2 직업 종사자의 근로소득 상위 100분의 25에 해당하는 금액 공고', '2100000258972', 'N']
2025-09-19 22:49:45,250 - INFO - [scripts.adrule.logic.list_scraper] - build_detail_url: Found efYd: None
2025-09-19 22:49:45,250 - INFO - [scripts.adrule.logic.list_scraper] - build_detail_url: Initial lsiSeq candidates: ['2100000258972']
2025-09-19 22:49:45,255 - INFO - [scripts.adrule.logic.list_scraper] - --- build_detail_url analysis started for: javascript:admRulReturnSearch('공공기관의 안전활동 수준평가에 관한 고시','2100000219468','Y');return false; ---
2025-09-19 22:49:45,255 - INFO - [scripts.adrule.logic.list_scraper] - build_detail_url: Extracted params: ['공공기관의 안전활동 수준평가에 관한 고시', '2100000219468', 'Y']
2025-09-19 22:49:45,255 - INFO - [scripts.adrule.logic.list_scraper] - build_detail_url: Found efYd: None
2025-09-19 22:49:45,255 - INFO - [scripts.adrule.logic.list_scraper] - build_detail_url: Initial lsiSeq candidates: ['2100000219468']
2025-09-19 22:49:45,262 - INFO - [scripts.adrule.logic.list_scraper] - --- build_detail_url analysis started for: javascript:admRulReturnSearch('공공기관의 장애인 표준사업장 생산품의 구매목표 비율','2100000218037','N');return false; ---
2025-09-19 22:49:45,262 - INFO - [scripts.adrule.logic.list_scraper] - build_detail_url: Extracted params: ['공공기관의 장애인 표준사업장 생산품의 구매목표 비율', '2100000218037', 'N']
2025-09-19 22:49:45,262 - INFO - [scripts.adrule.logic.list_scraper] - build_detail_url: Found efYd: None
2025-09-19 22:49:45,262 - INFO - [scripts.adrule.logic.list_scraper] - build_detail_url: Initial lsiSeq candidates: ['2100000218037']
2025-09-19 22:49:45,268 - INFO - [scripts.adrule.logic.list_scraper] - --- build_detail_url analysis started for: javascript:admRulReturnSearch('공공기관의 청년고용의무 적용제외에 관한 고시','2100000242208','N');return false; ---
2025-09-19 22:49:45,268 - INFO - [scripts.adrule.logic.list_scraper] - build_detail_url: Extracted params: ['공공기관의 청년고용의무 적용제외에 관한 고시', '2100000242208', 'N']
2025-09-19 22:49:45,268 - INFO - [scripts.adrule.logic.list_scraper] - build_detail_url: Found efYd: None
2025-09-19 22:49:45,268 - INFO - [scripts.adrule.logic.list_scraper] - build_detail_url: Initial lsiSeq candidates: ['2100000242208']
2025-09-19 22:49:45,274 - INFO - [scripts.adrule.logic.list_scraper] - --- build_detail_url analysis started for: javascript:admRulReturnSearch('공공기관이 자회사 등과 수의계약을 할 수 있는 고용 기준에 관한 고시','2100000231384','Y');return false; ---
2025-09-19 22:49:45,274 - INFO - [scripts.adrule.logic.list_scraper] - build_detail_url: Extracted params: ['공공기관이 자회사 등과 수의계약을 할 수 있는 고용 기준에 관한 고시', '2100000231384', 'Y']
2025-09-19 22:49:45,274 - INFO - [scripts.adrule.logic.list_scraper] - build_detail_url: Found efYd: None
2025-09-19 22:49:45,274 - INFO - [scripts.adrule.logic.list_scraper] - build_detail_url: Initial lsiSeq candidates: ['2100000231384']
2025-09-19 22:49:45,279 - INFO - [scripts.adrule.logic.list_scraper] - --- build_detail_url analysis started for: javascript:admRulReturnSearch('공공행정 등에서 현업업무에 종사하는 사람의 기준','2100000186153','Y');return false; ---
2025-09-19 22:49:45,279 - INFO - [scripts.adrule.logic.list_scraper] - build_detail_url: Extracted params: ['공공행정 등에서 현업업무에 종사하는 사람의 기준', '2100000186153', 'Y']
2025-09-19 22:49:45,279 - INFO - [scripts.adrule.logic.list_scraper] - build_detail_url: Found efYd: None
2025-09-19 22:49:45,279 - INFO - [scripts.adrule.logic.list_scraper] - build_detail_url: Initial lsiSeq candidates: ['2100000186153']
2025-09-19 22:49:45,284 - INFO - [scripts.adrule.logic.list_scraper] - --- build_detail_url analysis started for: javascript:admRulReturnSearch('공동근로복지기금 지원사업 운영규정','2100000223180','Y');return false; ---
2025-09-19 22:49:45,285 - INFO - [scripts.adrule.logic.list_scraper] - build_detail_url: Extracted params: ['공동근로복지기금 지원사업 운영규정', '2100000223180', 'Y']
2025-09-19 22:49:45,285 - INFO - [scripts.adrule.logic.list_scraper] - build_detail_url: Found efYd: None
2025-09-19 22:49:45,285 - INFO - [scripts.adrule.logic.list_scraper] - build_detail_url: Initial lsiSeq candidates: ['2100000223180']
2025-09-19 22:49:45,290 - INFO - [scripts.adrule.logic.list_scraper] - --- build_detail_url analysis started for: javascript:admRulReturnSearch('공무원 근무시간 면제 한도','2100000249862','N');return false; ---
2025-09-19 22:49:45,290 - INFO - [scripts.adrule.logic.list_scraper] - build_detail_url: Extracted params: ['공무원 근무시간 면제 한도', '2100000249862', 'N']
2025-09-19 22:49:45,290 - INFO - [scripts.adrule.logic.list_scraper] - build_detail_url: Found efYd: None
2025-09-19 22:49:45,290 - INFO - [scripts.adrule.logic.list_scraper] - build_detail_url: Initial lsiSeq candidates: ['2100000249862']
2025-09-19 22:49:45,295 - INFO - [scripts.adrule.logic.list_scraper] - --- build_detail_url analysis started for: javascript:admRulReturnSearch('공인노무사에게 지원하는 체불 임금등 대지급금 관련업무 지원금액','2100000205347','N');return false; ---
2025-09-19 22:49:45,295 - INFO - [scripts.adrule.logic.list_scraper] - build_detail_url: Extracted params: ['공인노무사에게 지원하는 체불 임금등 대지급금 관련업무 지원금액', '2100000205347', 'N']
2025-09-19 22:49:45,295 - INFO - [scripts.adrule.logic.list_scraper] - build_detail_url: Found efYd: None
2025-09-19 22:49:45,295 - INFO - [scripts.adrule.logic.list_scraper] - build_detail_url: Initial lsiSeq candidates: ['2100000205347']
2025-09-19 22:49:45,301 - INFO - [scripts.adrule.logic.list_scraper] - --- build_detail_url analysis started for: javascript:admRulReturnSearch('공인노무사자격심의·징계위원회 운영규정','2100000241452','Y');return false; ---
2025-09-19 22:49:45,301 - INFO - [scripts.adrule.logic.list_scraper] - build_detail_url: Extracted params: ['공인노무사자격심의·징계위원회 운영규정', '2100000241452', 'Y']
2025-09-19 22:49:45,301 - INFO - [scripts.adrule.logic.list_scraper] - build_detail_url: Found efYd: None
2025-09-19 22:49:45,301 - INFO - [scripts.adrule.logic.list_scraper] - build_detail_url: Initial lsiSeq candidates: ['2100000241452']
2025-09-19 22:49:45,307 - INFO - [scripts.adrule.logic.list_scraper] - --- build_detail_url analysis started for: javascript:admRulReturnSearch('공인노무사 자격 취득을 위한 노동행정경력자 연수 규정','2100000029604','Y');return false; ---
2025-09-19 22:49:45,307 - INFO - [scripts.adrule.logic.list_scraper] - build_detail_url: Extracted params: ['공인노무사 자격 취득을 위한 노동행정경력자 연수 규정', '2100000029604', 'Y']
2025-09-19 22:49:45,308 - INFO - [scripts.adrule.logic.list_scraper] - build_detail_url: Found efYd: None
2025-09-19 22:49:45,308 - INFO - [scripts.adrule.logic.list_scraper] - build_detail_url: Initial lsiSeq candidates: ['2100000029604']
2025-09-19 22:49:45,313 - INFO - [scripts.adrule.logic.list_scraper] - --- build_detail_url analysis started for: javascript:admRulReturnSearch('공작기계 안전기준 일반에 관한 기술상의 지침','2100000186074','Y');return false; ---
2025-09-19 22:49:45,313 - INFO - [scripts.adrule.logic.list_scraper] - build_detail_url: Extracted params: ['공작기계 안전기준 일반에 관한 기술상의 지침', '2100000186074', 'Y']
2025-09-19 22:49:45,313 - INFO - [scripts.adrule.logic.list_scraper] - build_detail_url: Found efYd: None
2025-09-19 22:49:45,313 - INFO - [scripts.adrule.logic.list_scraper] - build_detail_url: Initial lsiSeq candidates: ['2100000186074']
2025-09-19 22:49:45,318 - INFO - [scripts.adrule.logic.list_scraper] - --- build_detail_url analysis started for: javascript:admRulReturnSearch('공정안전보고서의 제출·심사·확인 및 이행상태평가 등에 관한 규정','2100000259798','Y');return false; ---
2025-09-19 22:49:45,318 - INFO - [scripts.adrule.logic.list_scraper] - build_detail_url: Extracted params: ['공정안전보고서의 제출·심사·확인 및 이행상태평가 등에 관한 규정', '2100000259798', 'Y']
2025-09-19 22:49:45,318 - INFO - [scripts.adrule.logic.list_scraper] - build_detail_url: Found efYd: None
2025-09-19 22:49:45,318 - INFO - [scripts.adrule.logic.list_scraper] - build_detail_url: Initial lsiSeq candidates: ['2100000259798']
2025-09-19 22:49:45,325 - INFO - [scripts.adrule.logic.list_scraper] - --- build_detail_url analysis started for: javascript:admRulReturnSearch('과거근로기간에 대한 확정급여형퇴직연금제도의 최소적립비율','2100000210590','N');return false; ---
2025-09-19 22:49:45,325 - INFO - [scripts.adrule.logic.list_scraper] - build_detail_url: Extracted params: ['과거근로기간에 대한 확정급여형퇴직연금제도의 최소적립비율', '2100000210590', 'N']
2025-09-19 22:49:45,325 - INFO - [scripts.adrule.logic.list_scraper] - build_detail_url: Found efYd: None
2025-09-19 22:49:45,325 - INFO - [scripts.adrule.logic.list_scraper] - build_detail_url: Initial lsiSeq candidates: ['2100000210590']
2025-09-19 22:49:45,329 - INFO - [scripts.adrule.logic.list_scraper] - --- build_detail_url analysis started for: javascript:admRulReturnSearch('과정평가형 자격 지원단의 구성 및 운영에 관한 규정','2100000046409','Y');return false; ---
2025-09-19 22:49:45,329 - INFO - [scripts.adrule.logic.list_scraper] - build_detail_url: Extracted params: ['과정평가형 자격 지원단의 구성 및 운영에 관한 규정', '2100000046409', 'Y']
2025-09-19 22:49:45,329 - INFO - [scripts.adrule.logic.list_scraper] - build_detail_url: Found efYd: None
2025-09-19 22:49:45,329 - INFO - [scripts.adrule.logic.list_scraper] - build_detail_url: Initial lsiSeq candidates: ['2100000046409']
2025-09-19 22:49:45,336 - INFO - [scripts.adrule.logic.list_scraper] - --- build_detail_url analysis started for: javascript:admRulReturnSearch('광역구직활동비 중 숙박료 고시','2100000217659','N');return false; ---
2025-09-19 22:49:45,336 - INFO - [scripts.adrule.logic.list_scraper] - build_detail_url: Extracted params: ['광역구직활동비 중 숙박료 고시', '2100000217659', 'N']
2025-09-19 22:49:45,336 - INFO - [scripts.adrule.logic.list_scraper] - build_detail_url: Found efYd: None
2025-09-19 22:49:45,336 - INFO - [scripts.adrule.logic.list_scraper] - build_detail_url: Initial lsiSeq candidates: ['2100000217659']
2025-09-19 22:49:45,341 - INFO - [scripts.adrule.logic.list_scraper] - --- build_detail_url analysis started for: javascript:admRulReturnSearch('교원 근무시간 면제 한도','2100000249896','N');return false; ---
2025-09-19 22:49:45,341 - INFO - [scripts.adrule.logic.list_scraper] - build_detail_url: Extracted params: ['교원 근무시간 면제 한도', '2100000249896', 'N']
2025-09-19 22:49:45,341 - INFO - [scripts.adrule.logic.list_scraper] - build_detail_url: Found efYd: None
2025-09-19 22:49:45,341 - INFO - [scripts.adrule.logic.list_scraper] - build_detail_url: Initial lsiSeq candidates: ['2100000249896']
2025-09-19 22:49:45,346 - INFO - [scripts.adrule.logic.list_scraper] - --- build_detail_url analysis started for: javascript:admRulReturnSearch('교육훈련시간 승진반영제도(상시학습) 운영지침','2100000216803','N');return false; ---
2025-09-19 22:49:45,346 - INFO - [scripts.adrule.logic.list_scraper] - build_detail_url: Extracted params: []
2025-09-19 22:49:45,346 - INFO - [scripts.adrule.logic.list_scraper] - build_detail_url: Found efYd: None
2025-09-19 22:49:45,346 - INFO - [scripts.adrule.logic.list_scraper] - build_detail_url: Initial lsiSeq candidates: []
2025-09-19 22:49:45,346 - INFO - [scripts.adrule.logic.list_scraper] - build_detail_url: No valid lsiSeq candidate left. Returning None.
2025-09-19 22:49:45,346 - WARNING - [scripts.adrule.logic.list_scraper] - !!! 누락 경고 (3페이지 45번째 항목): URL 또는 법령명을 추출하지 못했습니다.
2025-09-19 22:49:45,346 - WARNING - [scripts.adrule.logic.list_scraper] -     - 법령명: ' 교육훈련시간 승진반영제도(상시학습) 운영지침'
2025-09-19 22:49:45,346 - WARNING - [scripts.adrule.logic.list_scraper] -     - OnClick 속성: 'javascript:admRulReturnSearch('교육훈련시간 승진반영제도(상시학습) 운영지침','2100000216803','N');return false;'
2025-09-19 22:49:45,346 - WARNING - [scripts.adrule.logic.list_scraper] -     - 추정 원인: build_detail_url 함수가 유효한 URL을 생성하지 못했습니다.
2025-09-19 22:49:45,351 - INFO - [scripts.adrule.logic.list_scraper] - --- build_detail_url analysis started for: javascript:admRulReturnSearch('구직급여 수급자 중 직업능력개발 훈련지시 우선 고려대상자 고시','2100000217658','N');return false; ---
2025-09-19 22:49:45,351 - INFO - [scripts.adrule.logic.list_scraper] - build_detail_url: Extracted params: ['구직급여 수급자 중 직업능력개발 훈련지시 우선 고려대상자 고시', '2100000217658', 'N']
2025-09-19 22:49:45,351 - INFO - [scripts.adrule.logic.list_scraper] - build_detail_url: Found efYd: None
2025-09-19 22:49:45,351 - INFO - [scripts.adrule.logic.list_scraper] - build_detail_url: Initial lsiSeq candidates: ['2100000217658']
2025-09-19 22:49:45,357 - INFO - [scripts.adrule.logic.list_scraper] - --- build_detail_url analysis started for: javascript:admRulReturnSearch('국가기술자격 검정시설·장비 구입자금 지원규정','2000000080962','Y');return false; ---
2025-09-19 22:49:45,357 - INFO - [scripts.adrule.logic.list_scraper] - build_detail_url: Extracted params: ['국가기술자격 검정시설·장비 구입자금 지원규정', '2000000080962', 'Y']
2025-09-19 22:49:45,357 - INFO - [scripts.adrule.logic.list_scraper] - build_detail_url: Found efYd: None
2025-09-19 22:49:45,357 - INFO - [scripts.adrule.logic.list_scraper] - build_detail_url: Initial lsiSeq candidates: ['2000000080962']
2025-09-19 22:49:45,362 - INFO - [scripts.adrule.logic.list_scraper] - --- build_detail_url analysis started for: javascript:admRulReturnSearch('국가기술자격의 종목별 관련학과 고시','2000000019259','N');return false; ---
2025-09-19 22:49:45,362 - INFO - [scripts.adrule.logic.list_scraper] - build_detail_url: Extracted params: ['국가기술자격의 종목별 관련학과 고시', '2000000019259', 'N']
2025-09-19 22:49:45,362 - INFO - [scripts.adrule.logic.list_scraper] - build_detail_url: Found efYd: None
2025-09-19 22:49:45,362 - INFO - [scripts.adrule.logic.list_scraper] - build_detail_url: Initial lsiSeq candidates: ['2000000019259']
2025-09-19 22:49:45,368 - INFO - [scripts.adrule.logic.list_scraper] - --- build_detail_url analysis started for: javascript:admRulReturnSearch('국가기술자격 정책심의위원회 운영규정','2100000233294','Y');return false; ---
2025-09-19 22:49:45,368 - INFO - [scripts.adrule.logic.list_scraper] - build_detail_url: Extracted params: ['국가기술자격 정책심의위원회 운영규정', '2100000233294', 'Y']
2025-09-19 22:49:45,368 - INFO - [scripts.adrule.logic.list_scraper] - build_detail_url: Found efYd: None
2025-09-19 22:49:45,368 - INFO - [scripts.adrule.logic.list_scraper] - build_detail_url: Initial lsiSeq candidates: ['2100000233294']
2025-09-19 22:49:45,373 - INFO - [scripts.adrule.logic.list_scraper] - --- build_detail_url analysis started for: javascript:admRulReturnSearch('국가별·업종별 취업교육기관 지정 고시','2100000262392','N');return false; ---
2025-09-19 22:49:45,373 - INFO - [scripts.adrule.logic.list_scraper] - build_detail_url: Extracted params: ['국가별·업종별 취업교육기관 지정 고시', '2100000262392', 'N']
2025-09-19 22:49:45,373 - INFO - [scripts.adrule.logic.list_scraper] - build_detail_url: Found efYd: None
2025-09-19 22:49:45,373 - INFO - [scripts.adrule.logic.list_scraper] - build_detail_url: Initial lsiSeq candidates: ['2100000262392']
2025-09-19 22:49:45,373 - INFO - [scripts.adrule.logic.list_scraper] - 현재 페이지에서 50개의 링크를 발견, 49개를 최종 추가했습니다.
2025-09-19 22:49:45,373 - WARNING - [scripts.adrule.logic.list_scraper] - !!! 페이지 요약 경고: 3 페이지에서 예상(50개)보다 적은 49개의 URL이 추가되었습니다.
2025-09-19 22:49:45,373 - INFO - [scripts.adrule.logic.list_scraper] - --- 4 / 9 페이지 처리 중 ---
2025-09-19 22:49:45,377 - INFO - [scripts.adrule.logic.list_scraper] - 4 페이지로 이동합니다...
2025-09-19 22:49:45,380 - INFO - [scripts.adrule.logic.list_scraper] - 페이지 내용이 갱신되기를 대기합니다...
2025-09-19 22:49:45,752 - INFO - [scripts.adrule.logic.list_scraper] - 페이지 내용 갱신 확인 및 로딩 완료.
2025-09-19 22:49:45,792 - INFO - [scripts.adrule.logic.list_scraper] - --- build_detail_url analysis started for: javascript:admRulReturnSearch('국가인적자원개발컨소시엄운영규정','2100000234820','Y');return false; ---
2025-09-19 22:49:45,792 - INFO - [scripts.adrule.logic.list_scraper] - build_detail_url: Extracted params: ['국가인적자원개발컨소시엄운영규정', '2100000234820', 'Y']
2025-09-19 22:49:45,792 - INFO - [scripts.adrule.logic.list_scraper] - build_detail_url: Found efYd: None
2025-09-19 22:49:45,792 - INFO - [scripts.adrule.logic.list_scraper] - build_detail_url: Initial lsiSeq candidates: ['2100000234820']
2025-09-19 22:49:45,799 - INFO - [scripts.adrule.logic.list_scraper] - --- build_detail_url analysis started for: javascript:admRulReturnSearch('국가직무능력표준 개발·개선 및 폐지 등에 관한 규정','2100000250170','Y');return false; ---
2025-09-19 22:49:45,799 - INFO - [scripts.adrule.logic.list_scraper] - build_detail_url: Extracted params: ['국가직무능력표준 개발·개선 및 폐지 등에 관한 규정', '2100000250170', 'Y']
2025-09-19 22:49:45,799 - INFO - [scripts.adrule.logic.list_scraper] - build_detail_url: Found efYd: None
2025-09-19 22:49:45,799 - INFO - [scripts.adrule.logic.list_scraper] - build_detail_url: Initial lsiSeq candidates: ['2100000250170']
2025-09-19 22:49:45,806 - INFO - [scripts.adrule.logic.list_scraper] - --- build_detail_url analysis started for: javascript:admRulReturnSearch('국가직무능력표준 고시','2100000250168','Y');return false; ---
2025-09-19 22:49:45,806 - INFO - [scripts.adrule.logic.list_scraper] - build_detail_url: Extracted params: ['국가직무능력표준 고시', '2100000250168', 'Y']
2025-09-19 22:49:45,806 - INFO - [scripts.adrule.logic.list_scraper] - build_detail_url: Found efYd: None
2025-09-19 22:49:45,806 - INFO - [scripts.adrule.logic.list_scraper] - build_detail_url: Initial lsiSeq candidates: ['2100000250168']
2025-09-19 22:49:45,813 - INFO - [scripts.adrule.logic.list_scraper] - --- build_detail_url analysis started for: javascript:admRulReturnSearch('국내 근로자공급사업 허가관리 규정','2100000036921','Y');return false; ---
2025-09-19 22:49:45,813 - INFO - [scripts.adrule.logic.list_scraper] - build_detail_url: Extracted params: ['국내 근로자공급사업 허가관리 규정', '2100000036921', 'Y']
2025-09-19 22:49:45,813 - INFO - [scripts.adrule.logic.list_scraper] - build_detail_url: Found efYd: None
2025-09-19 22:49:45,813 - INFO - [scripts.adrule.logic.list_scraper] - build_detail_url: Initial lsiSeq candidates: ['2100000036921']
2025-09-19 22:49:45,819 - INFO - [scripts.adrule.logic.list_scraper] - --- build_detail_url analysis started for: javascript:admRulReturnSearch('국내유료직업소개요금 등 고시','2100000081610','N');return false; ---
2025-09-19 22:49:45,819 - INFO - [scripts.adrule.logic.list_scraper] - build_detail_url: Extracted params: ['국내유료직업소개요금 등 고시', '2100000081610', 'N']
2025-09-19 22:49:45,819 - INFO - [scripts.adrule.logic.list_scraper] - build_detail_url: Found efYd: None
2025-09-19 22:49:45,820 - INFO - [scripts.adrule.logic.list_scraper] - build_detail_url: Initial lsiSeq candidates: ['2100000081610']
2025-09-19 22:49:45,826 - INFO - [scripts.adrule.logic.list_scraper] - --- build_detail_url analysis started for: javascript:admRulReturnSearch('국민내일배움카드 운영규정','2100000262608','Y');return false; ---
2025-09-19 22:49:45,826 - INFO - [scripts.adrule.logic.list_scraper] - build_detail_url: Extracted params: ['국민내일배움카드 운영규정', '2100000262608', 'Y']
2025-09-19 22:49:45,826 - INFO - [scripts.adrule.logic.list_scraper] - build_detail_url: Found efYd: None
2025-09-19 22:49:45,826 - INFO - [scripts.adrule.logic.list_scraper] - build_detail_url: Initial lsiSeq candidates: ['2100000262608']
2025-09-19 22:49:45,831 - INFO - [scripts.adrule.logic.list_scraper] - --- build_detail_url analysis started for: javascript:admRulReturnSearch('국민임대주택 및 통합공공임대주택 우선공급 대상에 해당하는 비정규직 근로자','2100000231072','N');return false; ---
2025-09-19 22:49:45,831 - INFO - [scripts.adrule.logic.list_scraper] - build_detail_url: Extracted params: ['국민임대주택 및 통합공공임대주택 우선공급 대상에 해당하는 비정규직 근로자', '2100000231072', 'N']
2025-09-19 22:49:45,831 - INFO - [scripts.adrule.logic.list_scraper] - build_detail_url: Found efYd: None
2025-09-19 22:49:45,831 - INFO - [scripts.adrule.logic.list_scraper] - build_detail_url: Initial lsiSeq candidates: ['2100000231072']
2025-09-19 22:49:45,837 - INFO - [scripts.adrule.logic.list_scraper] - --- build_detail_url analysis started for: javascript:admRulReturnSearch('국민취업지원제도 운영규정','2100000263144','Y');return false; ---
2025-09-19 22:49:45,837 - INFO - [scripts.adrule.logic.list_scraper] - build_detail_url: Extracted params: ['국민취업지원제도 운영규정', '2100000263144', 'Y']
2025-09-19 22:49:45,837 - INFO - [scripts.adrule.logic.list_scraper] - build_detail_url: Found efYd: None
2025-09-19 22:49:45,837 - INFO - [scripts.adrule.logic.list_scraper] - build_detail_url: Initial lsiSeq candidates: ['2100000263144']
2025-09-19 22:49:45,842 - INFO - [scripts.adrule.logic.list_scraper] - --- build_detail_url analysis started for: javascript:admRulReturnSearch('국민취업지원제도 지급금 등 지급사무규정','2100000206120','Y');return false; ---
2025-09-19 22:49:45,842 - INFO - [scripts.adrule.logic.list_scraper] - build_detail_url: Extracted params: ['국민취업지원제도 지급금 등 지급사무규정', '2100000206120', 'Y']
2025-09-19 22:49:45,842 - INFO - [scripts.adrule.logic.list_scraper] - build_detail_url: Found efYd: None
2025-09-19 22:49:45,842 - INFO - [scripts.adrule.logic.list_scraper] - build_detail_url: Initial lsiSeq candidates: ['2100000206120']
2025-09-19 22:49:45,846 - INFO - [scripts.adrule.logic.list_scraper] - --- build_detail_url analysis started for: javascript:admRulReturnSearch('국외유료직업소개요금등 고시','2100000039020','N');return false; ---
2025-09-19 22:49:45,846 - INFO - [scripts.adrule.logic.list_scraper] - build_detail_url: Extracted params: ['국외유료직업소개요금등 고시', '2100000039020', 'N']
2025-09-19 22:49:45,846 - INFO - [scripts.adrule.logic.list_scraper] - build_detail_url: Found efYd: None
2025-09-19 22:49:45,846 - INFO - [scripts.adrule.logic.list_scraper] - build_detail_url: Initial lsiSeq candidates: ['2100000039020']
2025-09-19 22:49:45,852 - INFO - [scripts.adrule.logic.list_scraper] - --- build_detail_url analysis started for: javascript:admRulReturnSearch('국외취업희망자 등록 및 알선규정','2100000106752','Y');return false; ---
2025-09-19 22:49:45,852 - INFO - [scripts.adrule.logic.list_scraper] - build_detail_url: Extracted params: ['국외취업희망자 등록 및 알선규정', '2100000106752', 'Y']
2025-09-19 22:49:45,852 - INFO - [scripts.adrule.logic.list_scraper] - build_detail_url: Found efYd: None
2025-09-19 22:49:45,852 - INFO - [scripts.adrule.logic.list_scraper] - build_detail_url: Initial lsiSeq candidates: ['2100000106752']
2025-09-19 22:49:45,857 - INFO - [scripts.adrule.logic.list_scraper] - --- build_detail_url analysis started for: javascript:admRulReturnSearch('국제고용노동정책협의회 운영규정','2100000205162','Y');return false; ---
2025-09-19 22:49:45,857 - INFO - [scripts.adrule.logic.list_scraper] - build_detail_url: Extracted params: ['국제고용노동정책협의회 운영규정', '2100000205162', 'Y']
2025-09-19 22:49:45,857 - INFO - [scripts.adrule.logic.list_scraper] - build_detail_url: Found efYd: None
2025-09-19 22:49:45,857 - INFO - [scripts.adrule.logic.list_scraper] - build_detail_url: Initial lsiSeq candidates: ['2100000205162']
2025-09-19 22:49:45,862 - INFO - [scripts.adrule.logic.list_scraper] - --- build_detail_url analysis started for: javascript:admRulReturnSearch('국제기능올림픽대회 한국위원회 및 전국기능경기위원회의 구성 및 운영에 관한 규정','2100000178630','Y');return false; ---
2025-09-19 22:49:45,862 - INFO - [scripts.adrule.logic.list_scraper] - build_detail_url: Extracted params: ['국제기능올림픽대회 한국위원회 및 전국기능경기위원회의 구성 및 운영에 관한 규정', '2100000178630', 'Y']
2025-09-19 22:49:45,862 - INFO - [scripts.adrule.logic.list_scraper] - build_detail_url: Found efYd: None
2025-09-19 22:49:45,862 - INFO - [scripts.adrule.logic.list_scraper] - build_detail_url: Initial lsiSeq candidates: ['2100000178630']
2025-09-19 22:49:45,867 - INFO - [scripts.adrule.logic.list_scraper] - --- build_detail_url analysis started for: javascript:admRulReturnSearch('굴착공사 표준안전 작업지침','2100000226002','Y');return false; ---
2025-09-19 22:49:45,867 - INFO - [scripts.adrule.logic.list_scraper] - build_detail_url: Extracted params: ['굴착공사 표준안전 작업지침', '2100000226002', 'Y']
2025-09-19 22:49:45,867 - INFO - [scripts.adrule.logic.list_scraper] - build_detail_url: Found efYd: None
2025-09-19 22:49:45,867 - INFO - [scripts.adrule.logic.list_scraper] - build_detail_url: Initial lsiSeq candidates: ['2100000226002']
2025-09-19 22:49:45,873 - INFO - [scripts.adrule.logic.list_scraper] - --- build_detail_url analysis started for: javascript:admRulReturnSearch('권리구제업무 대리인 선임 신청을 할 수 있는 사람의 기준이 되는 월평균임금 고시','2100000207932','N');return false; ---
2025-09-19 22:49:45,873 - INFO - [scripts.adrule.logic.list_scraper] - build_detail_url: Extracted params: ['권리구제업무 대리인 선임 신청을 할 수 있는 사람의 기준이 되는 월평균임금 고시', '2100000207932', 'N']
2025-09-19 22:49:45,873 - INFO - [scripts.adrule.logic.list_scraper] - build_detail_url: Found efYd: None
2025-09-19 22:49:45,873 - INFO - [scripts.adrule.logic.list_scraper] - build_detail_url: Initial lsiSeq candidates: ['2100000207932']
2025-09-19 22:49:45,878 - INFO - [scripts.adrule.logic.list_scraper] - --- build_detail_url analysis started for: javascript:admRulReturnSearch('근골격계부담작업의 범위 및 유해요인조사 방법에 관한 고시','2100000185793','Y');return false; ---
2025-09-19 22:49:45,878 - INFO - [scripts.adrule.logic.list_scraper] - build_detail_url: Extracted params: ['근골격계부담작업의 범위 및 유해요인조사 방법에 관한 고시', '2100000185793', 'Y']
2025-09-19 22:49:45,878 - INFO - [scripts.adrule.logic.list_scraper] - build_detail_url: Found efYd: None
2025-09-19 22:49:45,878 - INFO - [scripts.adrule.logic.list_scraper] - build_detail_url: Initial lsiSeq candidates: ['2100000185793']
2025-09-19 22:49:45,884 - INFO - [scripts.adrule.logic.list_scraper] - --- build_detail_url analysis started for: javascript:admRulReturnSearch('근로감독관집무규정','2100000243340','Y');return false; ---
2025-09-19 22:49:45,884 - INFO - [scripts.adrule.logic.list_scraper] - build_detail_url: Extracted params: ['근로감독관집무규정', '2100000243340', 'Y']
2025-09-19 22:49:45,884 - INFO - [scripts.adrule.logic.list_scraper] - build_detail_url: Found efYd: None
2025-09-19 22:49:45,884 - INFO - [scripts.adrule.logic.list_scraper] - build_detail_url: Initial lsiSeq candidates: ['2100000243340']
2025-09-19 22:49:45,889 - INFO - [scripts.adrule.logic.list_scraper] - --- build_detail_url analysis started for: javascript:admRulReturnSearch('근로감독관 집무규정(산업안전보건)','2100000246934','Y');return false; ---
2025-09-19 22:49:45,889 - INFO - [scripts.adrule.logic.list_scraper] - build_detail_url: Extracted params: []
2025-09-19 22:49:45,889 - INFO - [scripts.adrule.logic.list_scraper] - build_detail_url: Found efYd: None
2025-09-19 22:49:45,889 - INFO - [scripts.adrule.logic.list_scraper] - build_detail_url: Initial lsiSeq candidates: []
2025-09-19 22:49:45,889 - INFO - [scripts.adrule.logic.list_scraper] - build_detail_url: No valid lsiSeq candidate left. Returning None.
2025-09-19 22:49:45,889 - WARNING - [scripts.adrule.logic.list_scraper] - !!! 누락 경고 (4페이지 18번째 항목): URL 또는 법령명을 추출하지 못했습니다.
2025-09-19 22:49:45,889 - WARNING - [scripts.adrule.logic.list_scraper] -     - 법령명: ' 근로감독관 집무규정(산업안전보건)'
2025-09-19 22:49:45,889 - WARNING - [scripts.adrule.logic.list_scraper] -     - OnClick 속성: 'javascript:admRulReturnSearch('근로감독관 집무규정(산업안전보건)','2100000246934','Y');return false;'
2025-09-19 22:49:45,889 - WARNING - [scripts.adrule.logic.list_scraper] -     - 추정 원인: build_detail_url 함수가 유효한 URL을 생성하지 못했습니다.
2025-09-19 22:49:45,895 - INFO - [scripts.adrule.logic.list_scraper] - --- build_detail_url analysis started for: javascript:admRulReturnSearch('근로감독행정발전위원회규정','2100000029601','Y');return false; ---
2025-09-19 22:49:45,896 - INFO - [scripts.adrule.logic.list_scraper] - build_detail_url: Extracted params: ['근로감독행정발전위원회규정', '2100000029601', 'Y']
2025-09-19 22:49:45,896 - INFO - [scripts.adrule.logic.list_scraper] - build_detail_url: Found efYd: None
2025-09-19 22:49:45,896 - INFO - [scripts.adrule.logic.list_scraper] - build_detail_url: Initial lsiSeq candidates: ['2100000029601']
2025-09-19 22:49:45,901 - INFO - [scripts.adrule.logic.list_scraper] - --- build_detail_url analysis started for: javascript:admRulReturnSearch('근로기준법 및 공인노무사법에 따른 과태료의 가중처분에 관한 세부 지침','2100000229722','Y');return false; ---
2025-09-19 22:49:45,901 - INFO - [scripts.adrule.logic.list_scraper] - build_detail_url: Extracted params: ['근로기준법 및 공인노무사법에 따른 과태료의 가중처분에 관한 세부 지침', '2100000229722', 'Y']
2025-09-19 22:49:45,901 - INFO - [scripts.adrule.logic.list_scraper] - build_detail_url: Found efYd: None
2025-09-19 22:49:45,901 - INFO - [scripts.adrule.logic.list_scraper] - build_detail_url: Initial lsiSeq candidates: ['2100000229722']
2025-09-19 22:49:45,907 - INFO - [scripts.adrule.logic.list_scraper] - --- build_detail_url analysis started for: javascript:admRulReturnSearch('근로복지사업 운영규정','2100000260180','Y');return false; ---
2025-09-19 22:49:45,907 - INFO - [scripts.adrule.logic.list_scraper] - build_detail_url: Extracted params: ['근로복지사업 운영규정', '2100000260180', 'Y']
2025-09-19 22:49:45,907 - INFO - [scripts.adrule.logic.list_scraper] - build_detail_url: Found efYd: None
2025-09-19 22:49:45,907 - INFO - [scripts.adrule.logic.list_scraper] - build_detail_url: Initial lsiSeq candidates: ['2100000260180']
2025-09-19 22:49:45,912 - INFO - [scripts.adrule.logic.list_scraper] - --- build_detail_url analysis started for: javascript:admRulReturnSearch('근로시간면제 한도','2000000094462','N');return false; ---
2025-09-19 22:49:45,912 - INFO - [scripts.adrule.logic.list_scraper] - build_detail_url: Extracted params: ['근로시간면제 한도', '2000000094462', 'N']
2025-09-19 22:49:45,912 - INFO - [scripts.adrule.logic.list_scraper] - build_detail_url: Found efYd: None
2025-09-19 22:49:45,912 - INFO - [scripts.adrule.logic.list_scraper] - build_detail_url: Initial lsiSeq candidates: ['2000000094462']
2025-09-19 22:49:45,918 - INFO - [scripts.adrule.logic.list_scraper] - --- build_detail_url analysis started for: javascript:admRulReturnSearch('근로자 건강증진활동 지침','2100000210460','Y');return false; ---
2025-09-19 22:49:45,918 - INFO - [scripts.adrule.logic.list_scraper] - build_detail_url: Extracted params: ['근로자 건강증진활동 지침', '2100000210460', 'Y']
2025-09-19 22:49:45,918 - INFO - [scripts.adrule.logic.list_scraper] - build_detail_url: Found efYd: None
2025-09-19 22:49:45,918 - INFO - [scripts.adrule.logic.list_scraper] - build_detail_url: Initial lsiSeq candidates: ['2100000210460']
2025-09-19 22:49:45,923 - INFO - [scripts.adrule.logic.list_scraper] - --- build_detail_url analysis started for: javascript:admRulReturnSearch('근로자 건강진단 관리규정','2100000186105','Y');return false; ---
2025-09-19 22:49:45,923 - INFO - [scripts.adrule.logic.list_scraper] - build_detail_url: Extracted params: ['근로자 건강진단 관리규정', '2100000186105', 'Y']
2025-09-19 22:49:45,923 - INFO - [scripts.adrule.logic.list_scraper] - build_detail_url: Found efYd: None
2025-09-19 22:49:45,923 - INFO - [scripts.adrule.logic.list_scraper] - build_detail_url: Initial lsiSeq candidates: ['2100000186105']
2025-09-19 22:49:45,928 - INFO - [scripts.adrule.logic.list_scraper] - --- build_detail_url analysis started for: javascript:admRulReturnSearch('근로자 건강진단 실시기준','2100000257280','Y');return false; ---
2025-09-19 22:49:45,928 - INFO - [scripts.adrule.logic.list_scraper] - build_detail_url: Extracted params: ['근로자 건강진단 실시기준', '2100000257280', 'Y']
2025-09-19 22:49:45,928 - INFO - [scripts.adrule.logic.list_scraper] - build_detail_url: Found efYd: None
2025-09-19 22:49:45,929 - INFO - [scripts.adrule.logic.list_scraper] - build_detail_url: Initial lsiSeq candidates: ['2100000257280']
2025-09-19 22:49:45,934 - INFO - [scripts.adrule.logic.list_scraper] - --- build_detail_url analysis started for: javascript:admRulReturnSearch('근로자 신용보증지원사업 관리·운영규정','2100000231308','Y');return false; ---
2025-09-19 22:49:45,934 - INFO - [scripts.adrule.logic.list_scraper] - build_detail_url: Extracted params: ['근로자 신용보증지원사업 관리·운영규정', '2100000231308', 'Y']
2025-09-19 22:49:45,934 - INFO - [scripts.adrule.logic.list_scraper] - build_detail_url: Found efYd: None
2025-09-19 22:49:45,934 - INFO - [scripts.adrule.logic.list_scraper] - build_detail_url: Initial lsiSeq candidates: ['2100000231308']
2025-09-19 22:49:45,939 - INFO - [scripts.adrule.logic.list_scraper] - --- build_detail_url analysis started for: javascript:admRulReturnSearch('근로자의 기준보수 고시','2100000252094','N');return false; ---
2025-09-19 22:49:45,939 - INFO - [scripts.adrule.logic.list_scraper] - build_detail_url: Extracted params: ['근로자의 기준보수 고시', '2100000252094', 'N']
2025-09-19 22:49:45,939 - INFO - [scripts.adrule.logic.list_scraper] - build_detail_url: Found efYd: None
2025-09-19 22:49:45,939 - INFO - [scripts.adrule.logic.list_scraper] - build_detail_url: Initial lsiSeq candidates: ['2100000252094']
2025-09-19 22:49:45,944 - INFO - [scripts.adrule.logic.list_scraper] - --- build_detail_url analysis started for: javascript:admRulReturnSearch('근로자의 날 포상규정','2100000217015','Y');return false; ---
2025-09-19 22:49:45,944 - INFO - [scripts.adrule.logic.list_scraper] - build_detail_url: Extracted params: ['근로자의 날 포상규정', '2100000217015', 'Y']
2025-09-19 22:49:45,944 - INFO - [scripts.adrule.logic.list_scraper] - build_detail_url: Found efYd: None
2025-09-19 22:49:45,944 - INFO - [scripts.adrule.logic.list_scraper] - build_detail_url: Initial lsiSeq candidates: ['2100000217015']
2025-09-19 22:49:45,949 - INFO - [scripts.adrule.logic.list_scraper] - --- build_detail_url analysis started for: javascript:admRulReturnSearch('근로자퇴직급여 보장법 제4조제1항 단서 해석기준','2100000031704','N');return false; ---
2025-09-19 22:49:45,949 - INFO - [scripts.adrule.logic.list_scraper] - build_detail_url: Extracted params: ['근로자퇴직급여 보장법 제4조제1항 단서 해석기준', '2100000031704', 'N']
2025-09-19 22:49:45,950 - INFO - [scripts.adrule.logic.list_scraper] - build_detail_url: Found efYd: None
2025-09-19 22:49:45,950 - INFO - [scripts.adrule.logic.list_scraper] - build_detail_url: Initial lsiSeq candidates: ['2100000031704']
2025-09-19 22:49:45,954 - INFO - [scripts.adrule.logic.list_scraper] - --- build_detail_url analysis started for: javascript:admRulReturnSearch('근로자파견사업 허가관리규정','2100000252378','Y');return false; ---
2025-09-19 22:49:45,954 - INFO - [scripts.adrule.logic.list_scraper] - build_detail_url: Extracted params: ['근로자파견사업 허가관리규정', '2100000252378', 'Y']
2025-09-19 22:49:45,954 - INFO - [scripts.adrule.logic.list_scraper] - build_detail_url: Found efYd: None
2025-09-19 22:49:45,954 - INFO - [scripts.adrule.logic.list_scraper] - build_detail_url: Initial lsiSeq candidates: ['2100000252378']
2025-09-19 22:49:45,960 - INFO - [scripts.adrule.logic.list_scraper] - --- build_detail_url analysis started for: javascript:admRulReturnSearch('급여기초임금일액 산정규정','2100000232090','Y');return false; ---
2025-09-19 22:49:45,960 - INFO - [scripts.adrule.logic.list_scraper] - build_detail_url: Extracted params: ['급여기초임금일액 산정규정', '2100000232090', 'Y']
2025-09-19 22:49:45,960 - INFO - [scripts.adrule.logic.list_scraper] - build_detail_url: Found efYd: None
2025-09-19 22:49:45,960 - INFO - [scripts.adrule.logic.list_scraper] - build_detail_url: Initial lsiSeq candidates: ['2100000232090']
2025-09-19 22:49:45,965 - INFO - [scripts.adrule.logic.list_scraper] - --- build_detail_url analysis started for: javascript:admRulReturnSearch('급여 전액지급 예외사유가 되는 비율고시','2100000022846','N');return false; ---
2025-09-19 22:49:45,965 - INFO - [scripts.adrule.logic.list_scraper] - build_detail_url: Extracted params: ['급여 전액지급 예외사유가 되는 비율고시', '2100000022846', 'N']
2025-09-19 22:49:45,965 - INFO - [scripts.adrule.logic.list_scraper] - build_detail_url: Found efYd: None
2025-09-19 22:49:45,965 - INFO - [scripts.adrule.logic.list_scraper] - build_detail_url: Initial lsiSeq candidates: ['2100000022846']
2025-09-19 22:49:45,971 - INFO - [scripts.adrule.logic.list_scraper] - --- build_detail_url analysis started for: javascript:admRulReturnSearch('기간제 및 단시간근로자 보호 등에 관한 법률과 파견근로자 보호 등에 관한 법률에 따른 과태료 및 행정처분의 가중처분에 관한 세부 지침','2100000229702','Y');return false; ---
2025-09-19 22:49:45,971 - INFO - [scripts.adrule.logic.list_scraper] - build_detail_url: Extracted params: ['기간제 및 단시간근로자 보호 등에 관한 법률과 파견근로자 보호 등에 관한 법률에 따른 과태료 및 행정처분의 가중처분에 관한 세부 지침', '2100000229702', 'Y']
2025-09-19 22:49:45,971 - INFO - [scripts.adrule.logic.list_scraper] - build_detail_url: Found efYd: None
2025-09-19 22:49:45,971 - INFO - [scripts.adrule.logic.list_scraper] - build_detail_url: Initial lsiSeq candidates: ['2100000229702']
2025-09-19 22:49:45,976 - INFO - [scripts.adrule.logic.list_scraper] - --- build_detail_url analysis started for: javascript:admRulReturnSearch('기능대학 설립 및 공공직업훈련시설 설치 타당성조사 운용 등에 관한 고시','2100000209303','Y');return false; ---
2025-09-19 22:49:45,976 - INFO - [scripts.adrule.logic.list_scraper] - build_detail_url: Extracted params: ['기능대학 설립 및 공공직업훈련시설 설치 타당성조사 운용 등에 관한 고시', '2100000209303', 'Y']
2025-09-19 22:49:45,976 - INFO - [scripts.adrule.logic.list_scraper] - build_detail_url: Found efYd: None
2025-09-19 22:49:45,976 - INFO - [scripts.adrule.logic.list_scraper] - build_detail_url: Initial lsiSeq candidates: ['2100000209303']
2025-09-19 22:49:45,982 - INFO - [scripts.adrule.logic.list_scraper] - --- build_detail_url analysis started for: javascript:admRulReturnSearch('기준기간 연장사유 고시','2100000217631','N');return false; ---
2025-09-19 22:49:45,982 - INFO - [scripts.adrule.logic.list_scraper] - build_detail_url: Extracted params: ['기준기간 연장사유 고시', '2100000217631', 'N']
2025-09-19 22:49:45,982 - INFO - [scripts.adrule.logic.list_scraper] - build_detail_url: Found efYd: None
2025-09-19 22:49:45,982 - INFO - [scripts.adrule.logic.list_scraper] - build_detail_url: Initial lsiSeq candidates: ['2100000217631']
2025-09-19 22:49:45,987 - INFO - [scripts.adrule.logic.list_scraper] - --- build_detail_url analysis started for: javascript:admRulReturnSearch('남녀고용평등 업무처리 규정','2100000228078','Y');return false; ---
2025-09-19 22:49:45,987 - INFO - [scripts.adrule.logic.list_scraper] - build_detail_url: Extracted params: ['남녀고용평등 업무처리 규정', '2100000228078', 'Y']
2025-09-19 22:49:45,987 - INFO - [scripts.adrule.logic.list_scraper] - build_detail_url: Found efYd: None
2025-09-19 22:49:45,987 - INFO - [scripts.adrule.logic.list_scraper] - build_detail_url: Initial lsiSeq candidates: ['2100000228078']
2025-09-19 22:49:45,993 - INFO - [scripts.adrule.logic.list_scraper] - --- build_detail_url analysis started for: javascript:admRulReturnSearch('노동부소속기관 업무편람 관리규정','2000000011366','Y');return false; ---
2025-09-19 22:49:45,993 - INFO - [scripts.adrule.logic.list_scraper] - build_detail_url: Extracted params: ['노동부소속기관 업무편람 관리규정', '2000000011366', 'Y']
2025-09-19 22:49:45,993 - INFO - [scripts.adrule.logic.list_scraper] - build_detail_url: Found efYd: None
2025-09-19 22:49:45,993 - INFO - [scripts.adrule.logic.list_scraper] - build_detail_url: Initial lsiSeq candidates: ['2000000011366']
2025-09-19 22:49:45,998 - INFO - [scripts.adrule.logic.list_scraper] - --- build_detail_url analysis started for: javascript:admRulReturnSearch('노동상황실 운영규정','2000000011370','Y');return false; ---
2025-09-19 22:49:45,998 - INFO - [scripts.adrule.logic.list_scraper] - build_detail_url: Extracted params: ['노동상황실 운영규정', '2000000011370', 'Y']
2025-09-19 22:49:45,998 - INFO - [scripts.adrule.logic.list_scraper] - build_detail_url: Found efYd: None
2025-09-19 22:49:45,998 - INFO - [scripts.adrule.logic.list_scraper] - build_detail_url: Initial lsiSeq candidates: ['2000000011370']
2025-09-19 22:49:46,003 - INFO - [scripts.adrule.logic.list_scraper] - --- build_detail_url analysis started for: javascript:admRulReturnSearch('노동위원회규칙','2100000236496','Y');return false; ---
2025-09-19 22:49:46,003 - INFO - [scripts.adrule.logic.list_scraper] - build_detail_url: Extracted params: ['노동위원회규칙', '2100000236496', 'Y']
2025-09-19 22:49:46,003 - INFO - [scripts.adrule.logic.list_scraper] - build_detail_url: Found efYd: None
2025-09-19 22:49:46,003 - INFO - [scripts.adrule.logic.list_scraper] - build_detail_url: Initial lsiSeq candidates: ['2100000236496']
2025-09-19 22:49:46,008 - INFO - [scripts.adrule.logic.list_scraper] - --- build_detail_url analysis started for: javascript:admRulReturnSearch('노동위원회 위임전결규정','2100000210079','Y');return false; ---
2025-09-19 22:49:46,008 - INFO - [scripts.adrule.logic.list_scraper] - build_detail_url: Extracted params: ['노동위원회 위임전결규정', '2100000210079', 'Y']
2025-09-19 22:49:46,008 - INFO - [scripts.adrule.logic.list_scraper] - build_detail_url: Found efYd: None
2025-09-19 22:49:46,008 - INFO - [scripts.adrule.logic.list_scraper] - build_detail_url: Initial lsiSeq candidates: ['2100000210079']
2025-09-19 22:49:46,014 - INFO - [scripts.adrule.logic.list_scraper] - --- build_detail_url analysis started for: javascript:admRulReturnSearch('노동조합 및 노동관계조정법과 노동위원회법에 따른 과태료 가중처분에 관한 세부 지침','2100000229726','Y');return false; ---
2025-09-19 22:49:46,014 - INFO - [scripts.adrule.logic.list_scraper] - build_detail_url: Extracted params: ['노동조합 및 노동관계조정법과 노동위원회법에 따른 과태료 가중처분에 관한 세부 지침', '2100000229726', 'Y']
2025-09-19 22:49:46,014 - INFO - [scripts.adrule.logic.list_scraper] - build_detail_url: Found efYd: None
2025-09-19 22:49:46,014 - INFO - [scripts.adrule.logic.list_scraper] - build_detail_url: Initial lsiSeq candidates: ['2100000229726']
2025-09-19 22:49:46,019 - INFO - [scripts.adrule.logic.list_scraper] - --- build_detail_url analysis started for: javascript:admRulReturnSearch('노동행정인공지능혁신과 설치 및 운영에 관한 규정','2100000257760','Y');return false; ---
2025-09-19 22:49:46,019 - INFO - [scripts.adrule.logic.list_scraper] - build_detail_url: Extracted params: ['노동행정인공지능혁신과 설치 및 운영에 관한 규정', '2100000257760', 'Y']
2025-09-19 22:49:46,019 - INFO - [scripts.adrule.logic.list_scraper] - build_detail_url: Found efYd: None
2025-09-19 22:49:46,019 - INFO - [scripts.adrule.logic.list_scraper] - build_detail_url: Initial lsiSeq candidates: ['2100000257760']
2025-09-19 22:49:46,025 - INFO - [scripts.adrule.logic.list_scraper] - --- build_detail_url analysis started for: javascript:admRulReturnSearch('노무제공자의 기준보수 및 보수액에서 제외하는 필요경비 고시','2100000261170','N');return false; ---
2025-09-19 22:49:46,025 - INFO - [scripts.adrule.logic.list_scraper] - build_detail_url: Extracted params: ['노무제공자의 기준보수 및 보수액에서 제외하는 필요경비 고시', '2100000261170', 'N']
2025-09-19 22:49:46,025 - INFO - [scripts.adrule.logic.list_scraper] - build_detail_url: Found efYd: None
2025-09-19 22:49:46,025 - INFO - [scripts.adrule.logic.list_scraper] - build_detail_url: Initial lsiSeq candidates: ['2100000261170']
2025-09-19 22:49:46,030 - INFO - [scripts.adrule.logic.list_scraper] - --- build_detail_url analysis started for: javascript:admRulReturnSearch('노무제공자의 보수액에서 제외하는 필요경비','2100000260940','N');return false; ---
2025-09-19 22:49:46,030 - INFO - [scripts.adrule.logic.list_scraper] - build_detail_url: Extracted params: ['노무제공자의 보수액에서 제외하는 필요경비', '2100000260940', 'N']
2025-09-19 22:49:46,030 - INFO - [scripts.adrule.logic.list_scraper] - build_detail_url: Found efYd: None
2025-09-19 22:49:46,030 - INFO - [scripts.adrule.logic.list_scraper] - build_detail_url: Initial lsiSeq candidates: ['2100000260940']
2025-09-19 22:49:46,036 - INFO - [scripts.adrule.logic.list_scraper] - --- build_detail_url analysis started for: javascript:admRulReturnSearch('노무제공자의 실업인정대상기간 중 발생한 1일 평균소득에서 제외하는 금액 고시','2100000217657','N');return false; ---
2025-09-19 22:49:46,036 - INFO - [scripts.adrule.logic.list_scraper] - build_detail_url: Extracted params: ['노무제공자의 실업인정대상기간 중 발생한 1일 평균소득에서 제외하는 금액 고시', '2100000217657', 'N']
2025-09-19 22:49:46,036 - INFO - [scripts.adrule.logic.list_scraper] - build_detail_url: Found efYd: None
2025-09-19 22:49:46,036 - INFO - [scripts.adrule.logic.list_scraper] - build_detail_url: Initial lsiSeq candidates: ['2100000217657']
2025-09-19 22:49:46,042 - INFO - [scripts.adrule.logic.list_scraper] - --- build_detail_url analysis started for: javascript:admRulReturnSearch('노무제공자의 출산전후급여등의 지급기간 중 소득허용금액에 관한 고시','2100000252680','N');return false; ---
2025-09-19 22:49:46,042 - INFO - [scripts.adrule.logic.list_scraper] - build_detail_url: Extracted params: ['노무제공자의 출산전후급여등의 지급기간 중 소득허용금액에 관한 고시', '2100000252680', 'N']
2025-09-19 22:49:46,042 - INFO - [scripts.adrule.logic.list_scraper] - build_detail_url: Found efYd: None
2025-09-19 22:49:46,042 - INFO - [scripts.adrule.logic.list_scraper] - build_detail_url: Initial lsiSeq candidates: ['2100000252680']
2025-09-19 22:49:46,048 - INFO - [scripts.adrule.logic.list_scraper] - --- build_detail_url analysis started for: javascript:admRulReturnSearch('노무제공자 직종별 산재보험료율','2100000252000','N');return false; ---
2025-09-19 22:49:46,048 - INFO - [scripts.adrule.logic.list_scraper] - build_detail_url: Extracted params: ['노무제공자 직종별 산재보험료율', '2100000252000', 'N']
2025-09-19 22:49:46,048 - INFO - [scripts.adrule.logic.list_scraper] - build_detail_url: Found efYd: None
2025-09-19 22:49:46,048 - INFO - [scripts.adrule.logic.list_scraper] - build_detail_url: Initial lsiSeq candidates: ['2100000252000']
2025-09-19 22:49:46,053 - INFO - [scripts.adrule.logic.list_scraper] - --- build_detail_url analysis started for: javascript:admRulReturnSearch('노무제공자 최저 휴업급여 보장액','2100000251970','N');return false; ---
2025-09-19 22:49:46,053 - INFO - [scripts.adrule.logic.list_scraper] - build_detail_url: Extracted params: ['노무제공자 최저 휴업급여 보장액', '2100000251970', 'N']
2025-09-19 22:49:46,053 - INFO - [scripts.adrule.logic.list_scraper] - build_detail_url: Found efYd: None
2025-09-19 22:49:46,053 - INFO - [scripts.adrule.logic.list_scraper] - build_detail_url: Initial lsiSeq candidates: ['2100000251970']
2025-09-19 22:49:46,058 - INFO - [scripts.adrule.logic.list_scraper] - --- build_detail_url analysis started for: javascript:admRulReturnSearch('노무제공자 출산전후급여등 상한액 및 하한액 고시','2100000254974','N');return false; ---
2025-09-19 22:49:46,058 - INFO - [scripts.adrule.logic.list_scraper] - build_detail_url: Extracted params: ['노무제공자 출산전후급여등 상한액 및 하한액 고시', '2100000254974', 'N']
2025-09-19 22:49:46,058 - INFO - [scripts.adrule.logic.list_scraper] - build_detail_url: Found efYd: None
2025-09-19 22:49:46,058 - INFO - [scripts.adrule.logic.list_scraper] - build_detail_url: Initial lsiSeq candidates: ['2100000254974']
2025-09-19 22:49:46,063 - INFO - [scripts.adrule.logic.list_scraper] - --- build_detail_url analysis started for: javascript:admRulReturnSearch('노사관계 전문가 육성사업 운영규정','2100000209247','Y');return false; ---
2025-09-19 22:49:46,063 - INFO - [scripts.adrule.logic.list_scraper] - build_detail_url: Extracted params: ['노사관계 전문가 육성사업 운영규정', '2100000209247', 'Y']
2025-09-19 22:49:46,063 - INFO - [scripts.adrule.logic.list_scraper] - build_detail_url: Found efYd: None
2025-09-19 22:49:46,063 - INFO - [scripts.adrule.logic.list_scraper] - build_detail_url: Initial lsiSeq candidates: ['2100000209247']
2025-09-19 22:49:46,063 - INFO - [scripts.adrule.logic.list_scraper] - 현재 페이지에서 50개의 링크를 발견, 49개를 최종 추가했습니다.
2025-09-19 22:49:46,063 - WARNING - [scripts.adrule.logic.list_scraper] - !!! 페이지 요약 경고: 4 페이지에서 예상(50개)보다 적은 49개의 URL이 추가되었습니다.
2025-09-19 22:49:46,063 - INFO - [scripts.adrule.logic.list_scraper] - --- 5 / 9 페이지 처리 중 ---
2025-09-19 22:49:46,066 - INFO - [scripts.adrule.logic.list_scraper] - 5 페이지로 이동합니다...
2025-09-19 22:49:46,070 - INFO - [scripts.adrule.logic.list_scraper] - 페이지 내용이 갱신되기를 대기합니다...
2025-09-19 22:49:46,198 - INFO - [scripts.adrule.logic.list_scraper] - 페이지 내용 갱신 확인 및 로딩 완료.
2025-09-19 22:49:46,222 - INFO - [scripts.adrule.logic.list_scraper] - --- build_detail_url analysis started for: javascript:admRulReturnSearch('노사발전재단에 위탁·보조하는 사업 고시','2100000234550','Y');return false; ---
2025-09-19 22:49:46,222 - INFO - [scripts.adrule.logic.list_scraper] - build_detail_url: Extracted params: ['노사발전재단에 위탁·보조하는 사업 고시', '2100000234550', 'Y']
2025-09-19 22:49:46,222 - INFO - [scripts.adrule.logic.list_scraper] - build_detail_url: Found efYd: None
2025-09-19 22:49:46,222 - INFO - [scripts.adrule.logic.list_scraper] - build_detail_url: Initial lsiSeq candidates: ['2100000234550']
2025-09-19 22:49:46,227 - INFO - [scripts.adrule.logic.list_scraper] - --- build_detail_url analysis started for: javascript:admRulReturnSearch('뇌혈관 질병 또는 심장 질병 및 근골격계 질병의 업무상 질병 인정 여부 결정에 필요한 사항','2100000211032','N');return false; ---
2025-09-19 22:49:46,227 - INFO - [scripts.adrule.logic.list_scraper] - build_detail_url: Extracted params: ['뇌혈관 질병 또는 심장 질병 및 근골격계 질병의 업무상 질병 인정 여부 결정에 필요한 사항', '2100000211032', 'N']
2025-09-19 22:49:46,227 - INFO - [scripts.adrule.logic.list_scraper] - build_detail_url: Found efYd: None
2025-09-19 22:49:46,227 - INFO - [scripts.adrule.logic.list_scraper] - build_detail_url: Initial lsiSeq candidates: ['2100000211032']
2025-09-19 22:49:46,233 - INFO - [scripts.adrule.logic.list_scraper] - --- build_detail_url analysis started for: javascript:admRulReturnSearch('능력개발비용대부규정','2100000209342','Y');return false; ---
2025-09-19 22:49:46,233 - INFO - [scripts.adrule.logic.list_scraper] - build_detail_url: Extracted params: ['능력개발비용대부규정', '2100000209342', 'Y']
2025-09-19 22:49:46,233 - INFO - [scripts.adrule.logic.list_scraper] - build_detail_url: Found efYd: None
2025-09-19 22:49:46,233 - INFO - [scripts.adrule.logic.list_scraper] - build_detail_url: Initial lsiSeq candidates: ['2100000209342']
2025-09-19 22:49:46,239 - INFO - [scripts.adrule.logic.list_scraper] - --- build_detail_url analysis started for: javascript:admRulReturnSearch('대한민국명장의 직종 고시','2100000208506','Y');return false; ---
2025-09-19 22:49:46,240 - INFO - [scripts.adrule.logic.list_scraper] - build_detail_url: Extracted params: ['대한민국명장의 직종 고시', '2100000208506', 'Y']
2025-09-19 22:49:46,240 - INFO - [scripts.adrule.logic.list_scraper] - build_detail_url: Found efYd: None
2025-09-19 22:49:46,240 - INFO - [scripts.adrule.logic.list_scraper] - build_detail_url: Initial lsiSeq candidates: ['2100000208506']
2025-09-19 22:49:46,246 - INFO - [scripts.adrule.logic.list_scraper] - --- build_detail_url analysis started for: javascript:admRulReturnSearch('도산등사실인정 및 확인업무 처리규정','2100000205357','Y');return false; ---
2025-09-19 22:49:46,246 - INFO - [scripts.adrule.logic.list_scraper] - build_detail_url: Extracted params: ['도산등사실인정 및 확인업무 처리규정', '2100000205357', 'Y']
2025-09-19 22:49:46,246 - INFO - [scripts.adrule.logic.list_scraper] - build_detail_url: Found efYd: None
2025-09-19 22:49:46,246 - INFO - [scripts.adrule.logic.list_scraper] - build_detail_url: Initial lsiSeq candidates: ['2100000205357']
2025-09-19 22:49:46,252 - INFO - [scripts.adrule.logic.list_scraper] - --- build_detail_url analysis started for: javascript:admRulReturnSearch('등록취소 등에 따라 퇴직연금사업자가 취하여야 할 사용자 및 가입자 보호조치 고시','2100000022849','N');return false; ---
2025-09-19 22:49:46,252 - INFO - [scripts.adrule.logic.list_scraper] - build_detail_url: Extracted params: ['등록취소 등에 따라 퇴직연금사업자가 취하여야 할 사용자 및 가입자 보호조치 고시', '2100000022849', 'N']
2025-09-19 22:49:46,252 - INFO - [scripts.adrule.logic.list_scraper] - build_detail_url: Found efYd: None
2025-09-19 22:49:46,252 - INFO - [scripts.adrule.logic.list_scraper] - build_detail_url: Initial lsiSeq candidates: ['2100000022849']
2025-09-19 22:49:46,258 - INFO - [scripts.adrule.logic.list_scraper] - --- build_detail_url analysis started for: javascript:admRulReturnSearch('명예고용평등감독관 운영규정','2100000093592','Y');return false; ---
2025-09-19 22:49:46,258 - INFO - [scripts.adrule.logic.list_scraper] - build_detail_url: Extracted params: ['명예고용평등감독관 운영규정', '2100000093592', 'Y']
2025-09-19 22:49:46,258 - INFO - [scripts.adrule.logic.list_scraper] - build_detail_url: Found efYd: None
2025-09-19 22:49:46,258 - INFO - [scripts.adrule.logic.list_scraper] - build_detail_url: Initial lsiSeq candidates: ['2100000093592']
2025-09-19 22:49:46,263 - INFO - [scripts.adrule.logic.list_scraper] - --- build_detail_url analysis started for: javascript:admRulReturnSearch('명예산업안전감독관 운영규정','2100000186122','Y');return false; ---
2025-09-19 22:49:46,263 - INFO - [scripts.adrule.logic.list_scraper] - build_detail_url: Extracted params: ['명예산업안전감독관 운영규정', '2100000186122', 'Y']
2025-09-19 22:49:46,263 - INFO - [scripts.adrule.logic.list_scraper] - build_detail_url: Found efYd: None
2025-09-19 22:49:46,263 - INFO - [scripts.adrule.logic.list_scraper] - build_detail_url: Initial lsiSeq candidates: ['2100000186122']
2025-09-19 22:49:46,269 - INFO - [scripts.adrule.logic.list_scraper] - --- build_detail_url analysis started for: javascript:admRulReturnSearch('무급가족종사자에 대한 산재보험료 및 보험급여 산정의 기초가 되는 보수액 및 평균임금','2100000251896','N');return false; ---
2025-09-19 22:49:46,269 - INFO - [scripts.adrule.logic.list_scraper] - build_detail_url: Extracted params: ['무급가족종사자에 대한 산재보험료 및 보험급여 산정의 기초가 되는 보수액 및 평균임금', '2100000251896', 'N']
2025-09-19 22:49:46,269 - INFO - [scripts.adrule.logic.list_scraper] - build_detail_url: Found efYd: None
2025-09-19 22:49:46,269 - INFO - [scripts.adrule.logic.list_scraper] - build_detail_url: Initial lsiSeq candidates: ['2100000251896']
2025-09-19 22:49:46,274 - INFO - [scripts.adrule.logic.list_scraper] - --- build_detail_url analysis started for: javascript:admRulReturnSearch('무급휴업·휴직 고용유지지원금 지급규정','2100000231602','Y');return false; ---
2025-09-19 22:49:46,274 - INFO - [scripts.adrule.logic.list_scraper] - build_detail_url: Extracted params: ['무급휴업·휴직 고용유지지원금 지급규정', '2100000231602', 'Y']
2025-09-19 22:49:46,274 - INFO - [scripts.adrule.logic.list_scraper] - build_detail_url: Found efYd: None
2025-09-19 22:49:46,274 - INFO - [scripts.adrule.logic.list_scraper] - build_detail_url: Initial lsiSeq candidates: ['2100000231602']
2025-09-19 22:49:46,279 - INFO - [scripts.adrule.logic.list_scraper] - --- build_detail_url analysis started for: javascript:admRulReturnSearch('무역조정 지원 등에 관한 법률에 따른 과태료의 가중처분에 관한 세부 지침','2100000229718','Y');return false; ---
2025-09-19 22:49:46,279 - INFO - [scripts.adrule.logic.list_scraper] - build_detail_url: Extracted params: ['무역조정 지원 등에 관한 법률에 따른 과태료의 가중처분에 관한 세부 지침', '2100000229718', 'Y']
2025-09-19 22:49:46,279 - INFO - [scripts.adrule.logic.list_scraper] - build_detail_url: Found efYd: None
2025-09-19 22:49:46,279 - INFO - [scripts.adrule.logic.list_scraper] - build_detail_url: Initial lsiSeq candidates: ['2100000229718']
2025-09-19 22:49:46,284 - INFO - [scripts.adrule.logic.list_scraper] - --- build_detail_url analysis started for: javascript:admRulReturnSearch('민간단체 고용평등상담실 운영지원규정','2100000209205','Y');return false; ---
2025-09-19 22:49:46,284 - INFO - [scripts.adrule.logic.list_scraper] - build_detail_url: Extracted params: ['민간단체 고용평등상담실 운영지원규정', '2100000209205', 'Y']
2025-09-19 22:49:46,284 - INFO - [scripts.adrule.logic.list_scraper] - build_detail_url: Found efYd: None
2025-09-19 22:49:46,284 - INFO - [scripts.adrule.logic.list_scraper] - build_detail_url: Initial lsiSeq candidates: ['2100000209205']
2025-09-19 22:49:46,290 - INFO - [scripts.adrule.logic.list_scraper] - --- build_detail_url analysis started for: javascript:admRulReturnSearch('민간직업상담원 보수 지급기준','2100000249796','N');return false; ---
2025-09-19 22:49:46,290 - INFO - [scripts.adrule.logic.list_scraper] - build_detail_url: Extracted params: ['민간직업상담원 보수 지급기준', '2100000249796', 'N']
2025-09-19 22:49:46,290 - INFO - [scripts.adrule.logic.list_scraper] - build_detail_url: Found efYd: None
2025-09-19 22:49:46,290 - INFO - [scripts.adrule.logic.list_scraper] - build_detail_url: Initial lsiSeq candidates: ['2100000249796']
2025-09-19 22:49:46,294 - INFO - [scripts.adrule.logic.list_scraper] - --- build_detail_url analysis started for: javascript:admRulReturnSearch('발파 표준안전 작업지침','2100000226042','Y');return false; ---
2025-09-19 22:49:46,294 - INFO - [scripts.adrule.logic.list_scraper] - build_detail_url: Extracted params: ['발파 표준안전 작업지침', '2100000226042', 'Y']
2025-09-19 22:49:46,294 - INFO - [scripts.adrule.logic.list_scraper] - build_detail_url: Found efYd: None
2025-09-19 22:49:46,294 - INFO - [scripts.adrule.logic.list_scraper] - build_detail_url: Initial lsiSeq candidates: ['2100000226042']
2025-09-19 22:49:46,300 - INFO - [scripts.adrule.logic.list_scraper] - --- build_detail_url analysis started for: javascript:admRulReturnSearch('방호장치 안전인증 고시','2100000199056','Y');return false; ---
2025-09-19 22:49:46,300 - INFO - [scripts.adrule.logic.list_scraper] - build_detail_url: Extracted params: ['방호장치 안전인증 고시', '2100000199056', 'Y']
2025-09-19 22:49:46,300 - INFO - [scripts.adrule.logic.list_scraper] - build_detail_url: Found efYd: None
2025-09-19 22:49:46,300 - INFO - [scripts.adrule.logic.list_scraper] - build_detail_url: Initial lsiSeq candidates: ['2100000199056']
2025-09-19 22:49:46,305 - INFO - [scripts.adrule.logic.list_scraper] - --- build_detail_url analysis started for: javascript:admRulReturnSearch('방호장치 자율안전기준 고시','2100000214150','Y');return false; ---
2025-09-19 22:49:46,305 - INFO - [scripts.adrule.logic.list_scraper] - build_detail_url: Extracted params: ['방호장치 자율안전기준 고시', '2100000214150', 'Y']
2025-09-19 22:49:46,305 - INFO - [scripts.adrule.logic.list_scraper] - build_detail_url: Found efYd: None
2025-09-19 22:49:46,305 - INFO - [scripts.adrule.logic.list_scraper] - build_detail_url: Initial lsiSeq candidates: ['2100000214150']
2025-09-19 22:49:46,310 - INFO - [scripts.adrule.logic.list_scraper] - --- build_detail_url analysis started for: javascript:admRulReturnSearch('벌목업의 노무비율','2100000252100','N');return false; ---
2025-09-19 22:49:46,310 - INFO - [scripts.adrule.logic.list_scraper] - build_detail_url: Extracted params: ['벌목업의 노무비율', '2100000252100', 'N']
2025-09-19 22:49:46,310 - INFO - [scripts.adrule.logic.list_scraper] - build_detail_url: Found efYd: None
2025-09-19 22:49:46,310 - INFO - [scripts.adrule.logic.list_scraper] - build_detail_url: Initial lsiSeq candidates: ['2100000252100']
2025-09-19 22:49:46,315 - INFO - [scripts.adrule.logic.list_scraper] - --- build_detail_url analysis started for: javascript:admRulReturnSearch('벌목 표준안전 작업지침','2100000262610','Y');return false; ---
2025-09-19 22:49:46,315 - INFO - [scripts.adrule.logic.list_scraper] - build_detail_url: Extracted params: ['벌목 표준안전 작업지침', '2100000262610', 'Y']
2025-09-19 22:49:46,315 - INFO - [scripts.adrule.logic.list_scraper] - build_detail_url: Found efYd: None
2025-09-19 22:49:46,315 - INFO - [scripts.adrule.logic.list_scraper] - build_detail_url: Initial lsiSeq candidates: ['2100000262610']
2025-09-19 22:49:46,320 - INFO - [scripts.adrule.logic.list_scraper] - --- build_detail_url analysis started for: javascript:admRulReturnSearch('보험사무대행기관의 교육 등에 관한 규정','2100000233602','Y');return false; ---
2025-09-19 22:49:46,321 - INFO - [scripts.adrule.logic.list_scraper] - build_detail_url: Extracted params: ['보험사무대행기관의 교육 등에 관한 규정', '2100000233602', 'Y']
2025-09-19 22:49:46,321 - INFO - [scripts.adrule.logic.list_scraper] - build_detail_url: Found efYd: None
2025-09-19 22:49:46,321 - INFO - [scripts.adrule.logic.list_scraper] - build_detail_url: Initial lsiSeq candidates: ['2100000233602']
2025-09-19 22:49:46,325 - INFO - [scripts.adrule.logic.list_scraper] - --- build_detail_url analysis started for: javascript:admRulReturnSearch('보험사무대행지원금 지급기준','2100000252144','N');return false; ---
2025-09-19 22:49:46,325 - INFO - [scripts.adrule.logic.list_scraper] - build_detail_url: Extracted params: ['보험사무대행지원금 지급기준', '2100000252144', 'N']
2025-09-19 22:49:46,325 - INFO - [scripts.adrule.logic.list_scraper] - build_detail_url: Found efYd: None
2025-09-19 22:49:46,325 - INFO - [scripts.adrule.logic.list_scraper] - build_detail_url: Initial lsiSeq candidates: ['2100000252144']
2025-09-19 22:49:46,330 - INFO - [scripts.adrule.logic.list_scraper] - --- build_detail_url analysis started for: javascript:admRulReturnSearch('보호구 안전인증 고시','2100000232806','Y');return false; ---
2025-09-19 22:49:46,331 - INFO - [scripts.adrule.logic.list_scraper] - build_detail_url: Extracted params: ['보호구 안전인증 고시', '2100000232806', 'Y']
2025-09-19 22:49:46,331 - INFO - [scripts.adrule.logic.list_scraper] - build_detail_url: Found efYd: None
2025-09-19 22:49:46,331 - INFO - [scripts.adrule.logic.list_scraper] - build_detail_url: Initial lsiSeq candidates: ['2100000232806']
2025-09-19 22:49:46,336 - INFO - [scripts.adrule.logic.list_scraper] - --- build_detail_url analysis started for: javascript:admRulReturnSearch('보호구 자율안전확인 고시','2100000186078','Y');return false; ---
2025-09-19 22:49:46,336 - INFO - [scripts.adrule.logic.list_scraper] - build_detail_url: Extracted params: ['보호구 자율안전확인 고시', '2100000186078', 'Y']
2025-09-19 22:49:46,336 - INFO - [scripts.adrule.logic.list_scraper] - build_detail_url: Found efYd: None
2025-09-19 22:49:46,336 - INFO - [scripts.adrule.logic.list_scraper] - build_detail_url: Initial lsiSeq candidates: ['2100000186078']
2025-09-19 22:49:46,341 - INFO - [scripts.adrule.logic.list_scraper] - --- build_detail_url analysis started for: javascript:admRulReturnSearch('부정·비리 신고 및 포상 등에 관한 규정','2100000237206','Y');return false; ---
2025-09-19 22:49:46,341 - INFO - [scripts.adrule.logic.list_scraper] - build_detail_url: Extracted params: ['부정·비리 신고 및 포상 등에 관한 규정', '2100000237206', 'Y']
2025-09-19 22:49:46,341 - INFO - [scripts.adrule.logic.list_scraper] - build_detail_url: Found efYd: None
2025-09-19 22:49:46,341 - INFO - [scripts.adrule.logic.list_scraper] - build_detail_url: Initial lsiSeq candidates: ['2100000237206']
2025-09-19 22:49:46,346 - INFO - [scripts.adrule.logic.list_scraper] - --- build_detail_url analysis started for: javascript:admRulReturnSearch('불법직업소개등 신고 포상금제 운영규정','2000000022225','Y');return false; ---
2025-09-19 22:49:46,346 - INFO - [scripts.adrule.logic.list_scraper] - build_detail_url: Extracted params: ['불법직업소개등 신고 포상금제 운영규정', '2000000022225', 'Y']
2025-09-19 22:49:46,346 - INFO - [scripts.adrule.logic.list_scraper] - build_detail_url: Found efYd: None
2025-09-19 22:49:46,346 - INFO - [scripts.adrule.logic.list_scraper] - build_detail_url: Initial lsiSeq candidates: ['2000000022225']
2025-09-19 22:49:46,352 - INFO - [scripts.adrule.logic.list_scraper] - --- build_detail_url analysis started for: javascript:admRulReturnSearch('사내·공동근로복지기금 업무처리지침','2100000186651','Y');return false; ---
2025-09-19 22:49:46,352 - INFO - [scripts.adrule.logic.list_scraper] - build_detail_url: Extracted params: ['사내·공동근로복지기금 업무처리지침', '2100000186651', 'Y']
2025-09-19 22:49:46,352 - INFO - [scripts.adrule.logic.list_scraper] - build_detail_url: Found efYd: None
2025-09-19 22:49:46,352 - INFO - [scripts.adrule.logic.list_scraper] - build_detail_url: Initial lsiSeq candidates: ['2100000186651']
2025-09-19 22:49:46,358 - INFO - [scripts.adrule.logic.list_scraper] - --- build_detail_url analysis started for: javascript:admRulReturnSearch('사무실 공기관리 지침','2100000186112','Y');return false; ---
2025-09-19 22:49:46,358 - INFO - [scripts.adrule.logic.list_scraper] - build_detail_url: Extracted params: ['사무실 공기관리 지침', '2100000186112', 'Y']
2025-09-19 22:49:46,358 - INFO - [scripts.adrule.logic.list_scraper] - build_detail_url: Found efYd: None
2025-09-19 22:49:46,358 - INFO - [scripts.adrule.logic.list_scraper] - build_detail_url: Initial lsiSeq candidates: ['2100000186112']
2025-09-19 22:49:46,363 - INFO - [scripts.adrule.logic.list_scraper] - --- build_detail_url analysis started for: javascript:admRulReturnSearch('사업 또는 사업장 변경자에 대한 재입국 취업 제한의 특례 인정기준','2100000256134','N');return false; ---
2025-09-19 22:49:46,363 - INFO - [scripts.adrule.logic.list_scraper] - build_detail_url: Extracted params: ['사업 또는 사업장 변경자에 대한 재입국 취업 제한의 특례 인정기준', '2100000256134', 'N']
2025-09-19 22:49:46,363 - INFO - [scripts.adrule.logic.list_scraper] - build_detail_url: Found efYd: None
2025-09-19 22:49:46,363 - INFO - [scripts.adrule.logic.list_scraper] - build_detail_url: Initial lsiSeq candidates: ['2100000256134']
2025-09-19 22:49:46,369 - INFO - [scripts.adrule.logic.list_scraper] - --- build_detail_url analysis started for: javascript:admRulReturnSearch('사업장 위험성평가에 관한 지침','2100000251014','Y');return false; ---
2025-09-19 22:49:46,369 - INFO - [scripts.adrule.logic.list_scraper] - build_detail_url: Extracted params: ['사업장 위험성평가에 관한 지침', '2100000251014', 'Y']
2025-09-19 22:49:46,369 - INFO - [scripts.adrule.logic.list_scraper] - build_detail_url: Found efYd: None
2025-09-19 22:49:46,369 - INFO - [scripts.adrule.logic.list_scraper] - build_detail_url: Initial lsiSeq candidates: ['2100000251014']
2025-09-19 22:49:46,375 - INFO - [scripts.adrule.logic.list_scraper] - --- build_detail_url analysis started for: javascript:admRulReturnSearch('사업주 및 장애인 등에 대한 융자·지원규정','2100000252270','Y');return false; ---
2025-09-19 22:49:46,375 - INFO - [scripts.adrule.logic.list_scraper] - build_detail_url: Extracted params: ['사업주 및 장애인 등에 대한 융자·지원규정', '2100000252270', 'Y']
2025-09-19 22:49:46,375 - INFO - [scripts.adrule.logic.list_scraper] - build_detail_url: Found efYd: None
2025-09-19 22:49:46,375 - INFO - [scripts.adrule.logic.list_scraper] - build_detail_url: Initial lsiSeq candidates: ['2100000252270']
2025-09-19 22:49:46,380 - INFO - [scripts.adrule.logic.list_scraper] - --- build_detail_url analysis started for: javascript:admRulReturnSearch('사업주의 재취업지원서비스 제공에 관한 규정','2100000258120','Y');return false; ---
2025-09-19 22:49:46,380 - INFO - [scripts.adrule.logic.list_scraper] - build_detail_url: Extracted params: ['사업주의 재취업지원서비스 제공에 관한 규정', '2100000258120', 'Y']
2025-09-19 22:49:46,380 - INFO - [scripts.adrule.logic.list_scraper] - build_detail_url: Found efYd: None
2025-09-19 22:49:46,380 - INFO - [scripts.adrule.logic.list_scraper] - build_detail_url: Initial lsiSeq candidates: ['2100000258120']
2025-09-19 22:49:46,384 - INFO - [scripts.adrule.logic.list_scraper] - --- build_detail_url analysis started for: javascript:admRulReturnSearch('사업주자격 인정 규정','2100000250318','Y');return false; ---
2025-09-19 22:49:46,385 - INFO - [scripts.adrule.logic.list_scraper] - build_detail_url: Extracted params: ['사업주자격 인정 규정', '2100000250318', 'Y']
2025-09-19 22:49:46,385 - INFO - [scripts.adrule.logic.list_scraper] - build_detail_url: Found efYd: None
2025-09-19 22:49:46,385 - INFO - [scripts.adrule.logic.list_scraper] - build_detail_url: Initial lsiSeq candidates: ['2100000250318']
2025-09-19 22:49:46,391 - INFO - [scripts.adrule.logic.list_scraper] - --- build_detail_url analysis started for: javascript:admRulReturnSearch('사업주 직업능력개발훈련 지원규정','2100000234086','Y');return false; ---
2025-09-19 22:49:46,391 - INFO - [scripts.adrule.logic.list_scraper] - build_detail_url: Extracted params: ['사업주 직업능력개발훈련 지원규정', '2100000234086', 'Y']
2025-09-19 22:49:46,391 - INFO - [scripts.adrule.logic.list_scraper] - build_detail_url: Found efYd: None
2025-09-19 22:49:46,391 - INFO - [scripts.adrule.logic.list_scraper] - build_detail_url: Initial lsiSeq candidates: ['2100000234086']
2025-09-19 22:49:46,396 - INFO - [scripts.adrule.logic.list_scraper] - --- build_detail_url analysis started for: javascript:admRulReturnSearch('사전지정운용방법의 승인 요건 및 가입자에 대한 정보제공 사항에 대한 고시','2100000233848','Y');return false; ---
2025-09-19 22:49:46,396 - INFO - [scripts.adrule.logic.list_scraper] - build_detail_url: Extracted params: ['사전지정운용방법의 승인 요건 및 가입자에 대한 정보제공 사항에 대한 고시', '2100000233848', 'Y']
2025-09-19 22:49:46,396 - INFO - [scripts.adrule.logic.list_scraper] - build_detail_url: Found efYd: None
2025-09-19 22:49:46,396 - INFO - [scripts.adrule.logic.list_scraper] - build_detail_url: Initial lsiSeq candidates: ['2100000233848']
2025-09-19 22:49:46,403 - INFO - [scripts.adrule.logic.list_scraper] - --- build_detail_url analysis started for: javascript:admRulReturnSearch('사회적기업 육성을 위한 보조금의 교부 및 관리에 관한 사무위임규정','2100000035852','N');return false; ---
2025-09-19 22:49:46,403 - INFO - [scripts.adrule.logic.list_scraper] - build_detail_url: Extracted params: ['사회적기업 육성을 위한 보조금의 교부 및 관리에 관한 사무위임규정', '2100000035852', 'N']
2025-09-19 22:49:46,403 - INFO - [scripts.adrule.logic.list_scraper] - build_detail_url: Found efYd: None
2025-09-19 22:49:46,403 - INFO - [scripts.adrule.logic.list_scraper] - build_detail_url: Initial lsiSeq candidates: ['2100000035852']
2025-09-19 22:49:46,408 - INFO - [scripts.adrule.logic.list_scraper] - --- build_detail_url analysis started for: javascript:admRulReturnSearch('사회적기업 재정지원대상이 되는 상법상 회사의 범위','2100000035854','Y');return false; ---
2025-09-19 22:49:46,408 - INFO - [scripts.adrule.logic.list_scraper] - build_detail_url: Extracted params: ['사회적기업 재정지원대상이 되는 상법상 회사의 범위', '2100000035854', 'Y']
2025-09-19 22:49:46,408 - INFO - [scripts.adrule.logic.list_scraper] - build_detail_url: Found efYd: None
2025-09-19 22:49:46,408 - INFO - [scripts.adrule.logic.list_scraper] - build_detail_url: Initial lsiSeq candidates: ['2100000035854']
2025-09-19 22:49:46,413 - INFO - [scripts.adrule.logic.list_scraper] - --- build_detail_url analysis started for: javascript:admRulReturnSearch('산업기사응시자격 인정 및 기능사필기시험 면제 등에 관한 고시','2000000067904','N');return false; ---
2025-09-19 22:49:46,413 - INFO - [scripts.adrule.logic.list_scraper] - build_detail_url: Extracted params: ['산업기사응시자격 인정 및 기능사필기시험 면제 등에 관한 고시', '2000000067904', 'N']
2025-09-19 22:49:46,413 - INFO - [scripts.adrule.logic.list_scraper] - build_detail_url: Found efYd: None
2025-09-19 22:49:46,413 - INFO - [scripts.adrule.logic.list_scraper] - build_detail_url: Initial lsiSeq candidates: ['2000000067904']
2025-09-19 22:49:46,419 - INFO - [scripts.adrule.logic.list_scraper] - --- build_detail_url analysis started for: javascript:admRulReturnSearch('산업기사 응시자격 인정 및 기능사 필기시험 면제 등에 관한 규정','2100000209275','Y');return false; ---
2025-09-19 22:49:46,419 - INFO - [scripts.adrule.logic.list_scraper] - build_detail_url: Extracted params: ['산업기사 응시자격 인정 및 기능사 필기시험 면제 등에 관한 규정', '2100000209275', 'Y']
2025-09-19 22:49:46,419 - INFO - [scripts.adrule.logic.list_scraper] - build_detail_url: Found efYd: None
2025-09-19 22:49:46,419 - INFO - [scripts.adrule.logic.list_scraper] - build_detail_url: Initial lsiSeq candidates: ['2100000209275']
2025-09-19 22:49:46,425 - INFO - [scripts.adrule.logic.list_scraper] - --- build_detail_url analysis started for: javascript:admRulReturnSearch('산업보건의 관리규정','2100000185794','Y');return false; ---
2025-09-19 22:49:46,425 - INFO - [scripts.adrule.logic.list_scraper] - build_detail_url: Extracted params: ['산업보건의 관리규정', '2100000185794', 'Y']
2025-09-19 22:49:46,425 - INFO - [scripts.adrule.logic.list_scraper] - build_detail_url: Found efYd: None
2025-09-19 22:49:46,425 - INFO - [scripts.adrule.logic.list_scraper] - build_detail_url: Initial lsiSeq candidates: ['2100000185794']
2025-09-19 22:49:46,430 - INFO - [scripts.adrule.logic.list_scraper] - --- build_detail_url analysis started for: javascript:admRulReturnSearch('산업안전보건 강조기간 설정에 관한 규정','2100000225740','Y');return false; ---
2025-09-19 22:49:46,430 - INFO - [scripts.adrule.logic.list_scraper] - build_detail_url: Extracted params: ['산업안전보건 강조기간 설정에 관한 규정', '2100000225740', 'Y']
2025-09-19 22:49:46,430 - INFO - [scripts.adrule.logic.list_scraper] - build_detail_url: Found efYd: None
2025-09-19 22:49:46,430 - INFO - [scripts.adrule.logic.list_scraper] - build_detail_url: Initial lsiSeq candidates: ['2100000225740']
2025-09-19 22:49:46,436 - INFO - [scripts.adrule.logic.list_scraper] - --- build_detail_url analysis started for: javascript:admRulReturnSearch('산업안전보건업무 수수료','2100000197188','N');return false; ---
2025-09-19 22:49:46,437 - INFO - [scripts.adrule.logic.list_scraper] - build_detail_url: Extracted params: ['산업안전보건업무 수수료', '2100000197188', 'N']
2025-09-19 22:49:46,437 - INFO - [scripts.adrule.logic.list_scraper] - build_detail_url: Found efYd: None
2025-09-19 22:49:46,437 - INFO - [scripts.adrule.logic.list_scraper] - build_detail_url: Initial lsiSeq candidates: ['2100000197188']
2025-09-19 22:49:46,442 - INFO - [scripts.adrule.logic.list_scraper] - --- build_detail_url analysis started for: javascript:admRulReturnSearch('산업안전·보건표준제정위원회 규정','2100000237054','Y');return false; ---
2025-09-19 22:49:46,442 - INFO - [scripts.adrule.logic.list_scraper] - build_detail_url: Extracted params: ['산업안전·보건표준제정위원회 규정', '2100000237054', 'Y']
2025-09-19 22:49:46,442 - INFO - [scripts.adrule.logic.list_scraper] - build_detail_url: Found efYd: None
2025-09-19 22:49:46,442 - INFO - [scripts.adrule.logic.list_scraper] - build_detail_url: Initial lsiSeq candidates: ['2100000237054']
2025-09-19 22:49:46,447 - INFO - [scripts.adrule.logic.list_scraper] - --- build_detail_url analysis started for: javascript:admRulReturnSearch('산업안전지도사 및 산업보건지도사 시험위원회 구성·운영 등에 관한 규정','2100000185856','Y');return false; ---
2025-09-19 22:49:46,447 - INFO - [scripts.adrule.logic.list_scraper] - build_detail_url: Extracted params: ['산업안전지도사 및 산업보건지도사 시험위원회 구성·운영 등에 관한 규정', '2100000185856', 'Y']
2025-09-19 22:49:46,447 - INFO - [scripts.adrule.logic.list_scraper] - build_detail_url: Found efYd: None
2025-09-19 22:49:46,447 - INFO - [scripts.adrule.logic.list_scraper] - build_detail_url: Initial lsiSeq candidates: ['2100000185856']
2025-09-19 22:49:46,453 - INFO - [scripts.adrule.logic.list_scraper] - --- build_detail_url analysis started for: javascript:admRulReturnSearch('산업안전지도사 및 산업보건지도사 지도 실적으로 인정할 수 있는 기관·단체에 관한 고시','2100000185854','Y');return false; ---
2025-09-19 22:49:46,453 - INFO - [scripts.adrule.logic.list_scraper] - build_detail_url: Extracted params: ['산업안전지도사 및 산업보건지도사 지도 실적으로 인정할 수 있는 기관·단체에 관한 고시', '2100000185854', 'Y']
2025-09-19 22:49:46,453 - INFO - [scripts.adrule.logic.list_scraper] - build_detail_url: Found efYd: None
2025-09-19 22:49:46,453 - INFO - [scripts.adrule.logic.list_scraper] - build_detail_url: Initial lsiSeq candidates: ['2100000185854']
2025-09-19 22:49:46,457 - INFO - [scripts.adrule.logic.list_scraper] - --- build_detail_url analysis started for: javascript:admRulReturnSearch('산업재해보상 및 진폐예방 관계 법령에 따른 행정처분 및 과태료의 가중처분에 관한 세부 지침','2100000229728','Y');return false; ---
2025-09-19 22:49:46,457 - INFO - [scripts.adrule.logic.list_scraper] - build_detail_url: Extracted params: ['산업재해보상 및 진폐예방 관계 법령에 따른 행정처분 및 과태료의 가중처분에 관한 세부 지침', '2100000229728', 'Y']
2025-09-19 22:49:46,458 - INFO - [scripts.adrule.logic.list_scraper] - build_detail_url: Found efYd: None
2025-09-19 22:49:46,458 - INFO - [scripts.adrule.logic.list_scraper] - build_detail_url: Initial lsiSeq candidates: ['2100000229728']
2025-09-19 22:49:46,462 - INFO - [scripts.adrule.logic.list_scraper] - --- build_detail_url analysis started for: javascript:admRulReturnSearch('산업재해보상보험법에 따른 간병급여 지급기준','2100000196479','N');return false; ---
2025-09-19 22:49:46,462 - INFO - [scripts.adrule.logic.list_scraper] - build_detail_url: Extracted params: ['산업재해보상보험법에 따른 간병급여 지급기준', '2100000196479', 'N']
2025-09-19 22:49:46,462 - INFO - [scripts.adrule.logic.list_scraper] - build_detail_url: Found efYd: None
2025-09-19 22:49:46,462 - INFO - [scripts.adrule.logic.list_scraper] - build_detail_url: Initial lsiSeq candidates: ['2100000196479']
2025-09-19 22:49:46,468 - INFO - [scripts.adrule.logic.list_scraper] - --- build_detail_url analysis started for: javascript:admRulReturnSearch('산업재해보상보험법에 따른 간병료 지급기준','2100000196478','N');return false; ---
2025-09-19 22:49:46,468 - INFO - [scripts.adrule.logic.list_scraper] - build_detail_url: Extracted params: ['산업재해보상보험법에 따른 간병료 지급기준', '2100000196478', 'N']
2025-09-19 22:49:46,468 - INFO - [scripts.adrule.logic.list_scraper] - build_detail_url: Found efYd: None
2025-09-19 22:49:46,469 - INFO - [scripts.adrule.logic.list_scraper] - build_detail_url: Initial lsiSeq candidates: ['2100000196478']
2025-09-19 22:49:46,473 - INFO - [scripts.adrule.logic.list_scraper] - --- build_detail_url analysis started for: javascript:admRulReturnSearch('산업재해보상보험 요양급여 산정기준','2100000217763','Y');return false; ---
2025-09-19 22:49:46,474 - INFO - [scripts.adrule.logic.list_scraper] - build_detail_url: Extracted params: ['산업재해보상보험 요양급여 산정기준', '2100000217763', 'Y']
2025-09-19 22:49:46,474 - INFO - [scripts.adrule.logic.list_scraper] - build_detail_url: Found efYd: None
2025-09-19 22:49:46,474 - INFO - [scripts.adrule.logic.list_scraper] - build_detail_url: Initial lsiSeq candidates: ['2100000217763']
2025-09-19 22:49:46,479 - INFO - [scripts.adrule.logic.list_scraper] - --- build_detail_url analysis started for: javascript:admRulReturnSearch('산업재해예방시설자금 융자금 지원사업 및 클린사업장 조성지원사업 운영규정','2100000255578','Y');return false; ---
2025-09-19 22:49:46,479 - INFO - [scripts.adrule.logic.list_scraper] - build_detail_url: Extracted params: ['산업재해예방시설자금 융자금 지원사업 및 클린사업장 조성지원사업 운영규정', '2100000255578', 'Y']
2025-09-19 22:49:46,479 - INFO - [scripts.adrule.logic.list_scraper] - build_detail_url: Found efYd: None
2025-09-19 22:49:46,479 - INFO - [scripts.adrule.logic.list_scraper] - build_detail_url: Initial lsiSeq candidates: ['2100000255578']
2025-09-19 22:49:46,484 - INFO - [scripts.adrule.logic.list_scraper] - --- build_detail_url analysis started for: javascript:admRulReturnSearch('산업재해통계업무처리규정','2100000211191','Y');return false; ---
2025-09-19 22:49:46,484 - INFO - [scripts.adrule.logic.list_scraper] - build_detail_url: Extracted params: ['산업재해통계업무처리규정', '2100000211191', 'Y']
2025-09-19 22:49:46,484 - INFO - [scripts.adrule.logic.list_scraper] - build_detail_url: Found efYd: None
2025-09-19 22:49:46,484 - INFO - [scripts.adrule.logic.list_scraper] - build_detail_url: Initial lsiSeq candidates: ['2100000211191']
2025-09-19 22:49:46,490 - INFO - [scripts.adrule.logic.list_scraper] - --- build_detail_url analysis started for: javascript:admRulReturnSearch('산업전환 고용안정 업무 전담기관의 지정 등에 관한 고시','2100000253172','Y');return false; ---
2025-09-19 22:49:46,490 - INFO - [scripts.adrule.logic.list_scraper] - build_detail_url: Extracted params: ['산업전환 고용안정 업무 전담기관의 지정 등에 관한 고시', '2100000253172', 'Y']
2025-09-19 22:49:46,490 - INFO - [scripts.adrule.logic.list_scraper] - build_detail_url: Found efYd: None
2025-09-19 22:49:46,490 - INFO - [scripts.adrule.logic.list_scraper] - build_detail_url: Initial lsiSeq candidates: ['2100000253172']
2025-09-19 22:49:46,490 - INFO - [scripts.adrule.logic.list_scraper] - 현재 페이지에서 50개의 링크를 발견, 50개를 최종 추가했습니다.
2025-09-19 22:49:46,490 - INFO - [scripts.adrule.logic.list_scraper] - --- 6 / 9 페이지 처리 중 ---
2025-09-19 22:49:46,493 - INFO - [scripts.adrule.logic.list_scraper] - 6 페이지로 이동합니다...
2025-09-19 22:49:46,496 - INFO - [scripts.adrule.logic.list_scraper] - 페이지 내용이 갱신되기를 대기합니다...
2025-09-19 22:49:46,617 - INFO - [scripts.adrule.logic.list_scraper] - 페이지 내용 갱신 확인 및 로딩 완료.
2025-09-19 22:49:46,640 - INFO - [scripts.adrule.logic.list_scraper] - --- build_detail_url analysis started for: javascript:admRulReturnSearch('산재보험관리기구지원금 지급기준 고시','2100000251962','N');return false; ---
2025-09-19 22:49:46,640 - INFO - [scripts.adrule.logic.list_scraper] - build_detail_url: Extracted params: ['산재보험관리기구지원금 지급기준 고시', '2100000251962', 'N']
2025-09-19 22:49:46,640 - INFO - [scripts.adrule.logic.list_scraper] - build_detail_url: Found efYd: None
2025-09-19 22:49:46,640 - INFO - [scripts.adrule.logic.list_scraper] - build_detail_url: Initial lsiSeq candidates: ['2100000251962']
2025-09-19 22:49:46,644 - INFO - [scripts.adrule.logic.list_scraper] - --- build_detail_url analysis started for: javascript:admRulReturnSearch('산재예방요율제 운영에 관한 규정','2100000177752','Y');return false; ---
2025-09-19 22:49:46,644 - INFO - [scripts.adrule.logic.list_scraper] - build_detail_url: Extracted params: ['산재예방요율제 운영에 관한 규정', '2100000177752', 'Y']
2025-09-19 22:49:46,644 - INFO - [scripts.adrule.logic.list_scraper] - build_detail_url: Found efYd: None
2025-09-19 22:49:46,644 - INFO - [scripts.adrule.logic.list_scraper] - build_detail_url: Initial lsiSeq candidates: ['2100000177752']
2025-09-19 22:49:46,649 - INFO - [scripts.adrule.logic.list_scraper] - --- build_detail_url analysis started for: javascript:admRulReturnSearch('석면조사 및 안전성 평가 등에 관한 고시','2100000208344','Y');return false; ---
2025-09-19 22:49:46,649 - INFO - [scripts.adrule.logic.list_scraper] - build_detail_url: Extracted params: ['석면조사 및 안전성 평가 등에 관한 고시', '2100000208344', 'Y']
2025-09-19 22:49:46,649 - INFO - [scripts.adrule.logic.list_scraper] - build_detail_url: Found efYd: None
2025-09-19 22:49:46,650 - INFO - [scripts.adrule.logic.list_scraper] - build_detail_url: Initial lsiSeq candidates: ['2100000208344']
2025-09-19 22:49:46,654 - INFO - [scripts.adrule.logic.list_scraper] - --- build_detail_url analysis started for: javascript:admRulReturnSearch('석면해체·제거업자 종사인력의 교육에 관한 규정','2100000185797','Y');return false; ---
2025-09-19 22:49:46,654 - INFO - [scripts.adrule.logic.list_scraper] - build_detail_url: Extracted params: ['석면해체·제거업자 종사인력의 교육에 관한 규정', '2100000185797', 'Y']
2025-09-19 22:49:46,654 - INFO - [scripts.adrule.logic.list_scraper] - build_detail_url: Found efYd: None
2025-09-19 22:49:46,654 - INFO - [scripts.adrule.logic.list_scraper] - build_detail_url: Initial lsiSeq candidates: ['2100000185797']
2025-09-19 22:49:46,659 - INFO - [scripts.adrule.logic.list_scraper] - --- build_detail_url analysis started for: javascript:admRulReturnSearch('소득확인이 어려운 직종의 노무제공자에 대한 산재보험료 및 보험급여 산정의 기초가 되는 월 보수액 및 평균보수 등','2100000260938','N');return false; ---
2025-09-19 22:49:46,659 - INFO - [scripts.adrule.logic.list_scraper] - build_detail_url: Extracted params: ['소득확인이 어려운 직종의 노무제공자에 대한 산재보험료 및 보험급여 산정의 기초가 되는 월 보수액 및 평균보수 등', '2100000260938', 'N']
2025-09-19 22:49:46,660 - INFO - [scripts.adrule.logic.list_scraper] - build_detail_url: Found efYd: None
2025-09-19 22:49:46,660 - INFO - [scripts.adrule.logic.list_scraper] - build_detail_url: Initial lsiSeq candidates: ['2100000260938']
2025-09-19 22:49:46,665 - INFO - [scripts.adrule.logic.list_scraper] - --- build_detail_url analysis started for: javascript:admRulReturnSearch('소득확정이 어려운 직종의 노무제공자에 대한 고용보험료 산정의 기초가 되는 보수액 및 기초일액 고시','2100000261174','N');return false; ---
2025-09-19 22:49:46,665 - INFO - [scripts.adrule.logic.list_scraper] - build_detail_url: Extracted params: ['소득확정이 어려운 직종의 노무제공자에 대한 고용보험료 산정의 기초가 되는 보수액 및 기초일액 고시', '2100000261174', 'N']
2025-09-19 22:49:46,665 - INFO - [scripts.adrule.logic.list_scraper] - build_detail_url: Found efYd: None
2025-09-19 22:49:46,665 - INFO - [scripts.adrule.logic.list_scraper] - build_detail_url: Initial lsiSeq candidates: ['2100000261174']
2025-09-19 22:49:46,670 - INFO - [scripts.adrule.logic.list_scraper] - --- build_detail_url analysis started for: javascript:admRulReturnSearch('숙련기술 전수 선정 분야별 직종 고시','2100000199679','Y');return false; ---
2025-09-19 22:49:46,670 - INFO - [scripts.adrule.logic.list_scraper] - build_detail_url: Extracted params: ['숙련기술 전수 선정 분야별 직종 고시', '2100000199679', 'Y']
2025-09-19 22:49:46,670 - INFO - [scripts.adrule.logic.list_scraper] - build_detail_url: Found efYd: None
2025-09-19 22:49:46,670 - INFO - [scripts.adrule.logic.list_scraper] - build_detail_url: Initial lsiSeq candidates: ['2100000199679']
2025-09-19 22:49:46,675 - INFO - [scripts.adrule.logic.list_scraper] - --- build_detail_url analysis started for: javascript:admRulReturnSearch('신규화학물질의 유해성·위험성 조사 등에 관한 고시','2100000251924','Y');return false; ---
2025-09-19 22:49:46,675 - INFO - [scripts.adrule.logic.list_scraper] - build_detail_url: Extracted params: ['신규화학물질의 유해성·위험성 조사 등에 관한 고시', '2100000251924', 'Y']
2025-09-19 22:49:46,676 - INFO - [scripts.adrule.logic.list_scraper] - build_detail_url: Found efYd: None
2025-09-19 22:49:46,676 - INFO - [scripts.adrule.logic.list_scraper] - build_detail_url: Initial lsiSeq candidates: ['2100000251924']
2025-09-19 22:49:46,682 - INFO - [scripts.adrule.logic.list_scraper] - --- build_detail_url analysis started for: javascript:admRulReturnSearch('실업인정 및 재취업지원규정','2100000209209','Y');return false; ---
2025-09-19 22:49:46,682 - INFO - [scripts.adrule.logic.list_scraper] - build_detail_url: Extracted params: ['실업인정 및 재취업지원규정', '2100000209209', 'Y']
2025-09-19 22:49:46,682 - INFO - [scripts.adrule.logic.list_scraper] - build_detail_url: Found efYd: None
2025-09-19 22:49:46,682 - INFO - [scripts.adrule.logic.list_scraper] - build_detail_url: Initial lsiSeq candidates: ['2100000209209']
2025-09-19 22:49:46,689 - INFO - [scripts.adrule.logic.list_scraper] - --- build_detail_url analysis started for: javascript:admRulReturnSearch('실직자 창업지원사업 운영규정','2100000156809','Y');return false; ---
2025-09-19 22:49:46,689 - INFO - [scripts.adrule.logic.list_scraper] - build_detail_url: Extracted params: ['실직자 창업지원사업 운영규정', '2100000156809', 'Y']
2025-09-19 22:49:46,689 - INFO - [scripts.adrule.logic.list_scraper] - build_detail_url: Found efYd: None
2025-09-19 22:49:46,690 - INFO - [scripts.adrule.logic.list_scraper] - build_detail_url: Initial lsiSeq candidates: ['2100000156809']
2025-09-19 22:49:46,703 - INFO - [scripts.adrule.logic.list_scraper] - --- build_detail_url analysis started for: javascript:admRulReturnSearch('안전검사 고시','2100000228816','Y');return false; ---
2025-09-19 22:49:46,703 - INFO - [scripts.adrule.logic.list_scraper] - build_detail_url: Extracted params: ['안전검사 고시', '2100000228816', 'Y']
2025-09-19 22:49:46,703 - INFO - [scripts.adrule.logic.list_scraper] - build_detail_url: Found efYd: None
2025-09-19 22:49:46,703 - INFO - [scripts.adrule.logic.list_scraper] - build_detail_url: Initial lsiSeq candidates: ['2100000228816']
2025-09-19 22:49:46,712 - INFO - [scripts.adrule.logic.list_scraper] - --- build_detail_url analysis started for: javascript:admRulReturnSearch('안전검사 절차에 관한 고시','2100000232808','Y');return false; ---
2025-09-19 22:49:46,712 - INFO - [scripts.adrule.logic.list_scraper] - build_detail_url: Extracted params: ['안전검사 절차에 관한 고시', '2100000232808', 'Y']
2025-09-19 22:49:46,712 - INFO - [scripts.adrule.logic.list_scraper] - build_detail_url: Found efYd: None
2025-09-19 22:49:46,712 - INFO - [scripts.adrule.logic.list_scraper] - build_detail_url: Initial lsiSeq candidates: ['2100000232808']
2025-09-19 22:49:46,732 - INFO - [scripts.adrule.logic.list_scraper] - --- build_detail_url analysis started for: javascript:admRulReturnSearch('안전·보건관리전문기관 및 건설재해예방전문지도기관 관리규정','2100000251782','Y');return false; ---
2025-09-19 22:49:46,732 - INFO - [scripts.adrule.logic.list_scraper] - build_detail_url: Extracted params: ['안전·보건관리전문기관 및 건설재해예방전문지도기관 관리규정', '2100000251782', 'Y']
2025-09-19 22:49:46,732 - INFO - [scripts.adrule.logic.list_scraper] - build_detail_url: Found efYd: None
2025-09-19 22:49:46,732 - INFO - [scripts.adrule.logic.list_scraper] - build_detail_url: Initial lsiSeq candidates: ['2100000251782']
2025-09-19 22:49:46,745 - INFO - [scripts.adrule.logic.list_scraper] - --- build_detail_url analysis started for: javascript:admRulReturnSearch('안전보건교육규정','2100000239446','Y');return false; ---
2025-09-19 22:49:46,745 - INFO - [scripts.adrule.logic.list_scraper] - build_detail_url: Extracted params: ['안전보건교육규정', '2100000239446', 'Y']
2025-09-19 22:49:46,745 - INFO - [scripts.adrule.logic.list_scraper] - build_detail_url: Found efYd: None
2025-09-19 22:49:46,745 - INFO - [scripts.adrule.logic.list_scraper] - build_detail_url: Initial lsiSeq candidates: ['2100000239446']
2025-09-19 22:49:46,756 - INFO - [scripts.adrule.logic.list_scraper] - --- build_detail_url analysis started for: javascript:admRulReturnSearch('안전·보건에 관한 업무 수행시간의 기준 고시','2100000235596','Y');return false; ---
2025-09-19 22:49:46,756 - INFO - [scripts.adrule.logic.list_scraper] - build_detail_url: Extracted params: ['안전·보건에 관한 업무 수행시간의 기준 고시', '2100000235596', 'Y']
2025-09-19 22:49:46,756 - INFO - [scripts.adrule.logic.list_scraper] - build_detail_url: Found efYd: None
2025-09-19 22:49:46,756 - INFO - [scripts.adrule.logic.list_scraper] - build_detail_url: Initial lsiSeq candidates: ['2100000235596']
2025-09-19 22:49:46,762 - INFO - [scripts.adrule.logic.list_scraper] - --- build_detail_url analysis started for: javascript:admRulReturnSearch('안전인증대상기계 등이 아닌 유해·위험기계등의 안전인증 규정','2100000239412','Y');return false; ---
2025-09-19 22:49:46,762 - INFO - [scripts.adrule.logic.list_scraper] - build_detail_url: Extracted params: ['안전인증대상기계 등이 아닌 유해·위험기계등의 안전인증 규정', '2100000239412', 'Y']
2025-09-19 22:49:46,763 - INFO - [scripts.adrule.logic.list_scraper] - build_detail_url: Found efYd: None
2025-09-19 22:49:46,763 - INFO - [scripts.adrule.logic.list_scraper] - build_detail_url: Initial lsiSeq candidates: ['2100000239412']
2025-09-19 22:49:46,769 - INFO - [scripts.adrule.logic.list_scraper] - --- build_detail_url analysis started for: javascript:admRulReturnSearch('안전인증·자율안전확인신고의 절차에 관한 고시','2100000214148','Y');return false; ---
2025-09-19 22:49:46,769 - INFO - [scripts.adrule.logic.list_scraper] - build_detail_url: Extracted params: ['안전인증·자율안전확인신고의 절차에 관한 고시', '2100000214148', 'Y']
2025-09-19 22:49:46,769 - INFO - [scripts.adrule.logic.list_scraper] - build_detail_url: Found efYd: None
2025-09-19 22:49:46,769 - INFO - [scripts.adrule.logic.list_scraper] - build_detail_url: Initial lsiSeq candidates: ['2100000214148']
2025-09-19 22:49:46,774 - INFO - [scripts.adrule.logic.list_scraper] - --- build_detail_url analysis started for: javascript:admRulReturnSearch('업무위탁기관의 지정 등에 관한 고시','2100000218739','Y');return false; ---
2025-09-19 22:49:46,774 - INFO - [scripts.adrule.logic.list_scraper] - build_detail_url: Extracted params: ['업무위탁기관의 지정 등에 관한 고시', '2100000218739', 'Y']
2025-09-19 22:49:46,774 - INFO - [scripts.adrule.logic.list_scraper] - build_detail_url: Found efYd: None
2025-09-19 22:49:46,774 - INFO - [scripts.adrule.logic.list_scraper] - build_detail_url: Initial lsiSeq candidates: ['2100000218739']
2025-09-19 22:49:46,780 - INFO - [scripts.adrule.logic.list_scraper] - --- build_detail_url analysis started for: javascript:admRulReturnSearch('업무추진실적 평가규정','2000000021910','Y');return false; ---
2025-09-19 22:49:46,780 - INFO - [scripts.adrule.logic.list_scraper] - build_detail_url: Extracted params: ['업무추진실적 평가규정', '2000000021910', 'Y']
2025-09-19 22:49:46,780 - INFO - [scripts.adrule.logic.list_scraper] - build_detail_url: Found efYd: None
2025-09-19 22:49:46,780 - INFO - [scripts.adrule.logic.list_scraper] - build_detail_url: Initial lsiSeq candidates: ['2000000021910']
2025-09-19 22:49:46,785 - INFO - [scripts.adrule.logic.list_scraper] - --- build_detail_url analysis started for: javascript:admRulReturnSearch('업종별 고용허가제 고용업무 대행기관','2100000243806','N');return false; ---
2025-09-19 22:49:46,785 - INFO - [scripts.adrule.logic.list_scraper] - build_detail_url: Extracted params: ['업종별 고용허가제 고용업무 대행기관', '2100000243806', 'N']
2025-09-19 22:49:46,785 - INFO - [scripts.adrule.logic.list_scraper] - build_detail_url: Found efYd: None
2025-09-19 22:49:46,785 - INFO - [scripts.adrule.logic.list_scraper] - build_detail_url: Initial lsiSeq candidates: ['2100000243806']
2025-09-19 22:49:46,791 - INFO - [scripts.adrule.logic.list_scraper] - --- build_detail_url analysis started for: javascript:admRulReturnSearch('연계고용에 따른 부담금 감면기준','2100000253014','Y');return false; ---
2025-09-19 22:49:46,791 - INFO - [scripts.adrule.logic.list_scraper] - build_detail_url: Extracted params: ['연계고용에 따른 부담금 감면기준', '2100000253014', 'Y']
2025-09-19 22:49:46,791 - INFO - [scripts.adrule.logic.list_scraper] - build_detail_url: Found efYd: None
2025-09-19 22:49:46,791 - INFO - [scripts.adrule.logic.list_scraper] - build_detail_url: Initial lsiSeq candidates: ['2100000253014']
2025-09-19 22:49:46,795 - INFO - [scripts.adrule.logic.list_scraper] - --- build_detail_url analysis started for: javascript:admRulReturnSearch('연예인 국외공급업무 처리지침','2100000106753','Y');return false; ---
2025-09-19 22:49:46,795 - INFO - [scripts.adrule.logic.list_scraper] - build_detail_url: Extracted params: ['연예인 국외공급업무 처리지침', '2100000106753', 'Y']
2025-09-19 22:49:46,795 - INFO - [scripts.adrule.logic.list_scraper] - build_detail_url: Found efYd: None
2025-09-19 22:49:46,795 - INFO - [scripts.adrule.logic.list_scraper] - build_detail_url: Initial lsiSeq candidates: ['2100000106753']
2025-09-19 22:49:46,801 - INFO - [scripts.adrule.logic.list_scraper] - --- build_detail_url analysis started for: javascript:admRulReturnSearch('영상표시단말기(VDT) 취급근로자 작업관리지침','2100000185801','Y');return false; ---
2025-09-19 22:49:46,801 - INFO - [scripts.adrule.logic.list_scraper] - build_detail_url: Extracted params: []
2025-09-19 22:49:46,801 - INFO - [scripts.adrule.logic.list_scraper] - build_detail_url: Found efYd: None
2025-09-19 22:49:46,802 - INFO - [scripts.adrule.logic.list_scraper] - build_detail_url: Initial lsiSeq candidates: []
2025-09-19 22:49:46,802 - INFO - [scripts.adrule.logic.list_scraper] - build_detail_url: No valid lsiSeq candidate left. Returning None.
2025-09-19 22:49:46,802 - WARNING - [scripts.adrule.logic.list_scraper] - !!! 누락 경고 (6페이지 23번째 항목): URL 또는 법령명을 추출하지 못했습니다.
2025-09-19 22:49:46,802 - WARNING - [scripts.adrule.logic.list_scraper] -     - 법령명: ' 영상표시단말기(VDT) 취급근로자 작업관리지침'
2025-09-19 22:49:46,802 - WARNING - [scripts.adrule.logic.list_scraper] -     - OnClick 속성: 'javascript:admRulReturnSearch('영상표시단말기(VDT) 취급근로자 작업관리지침','2100000185801','Y');return false;'
2025-09-19 22:49:46,802 - WARNING - [scripts.adrule.logic.list_scraper] -     - 추정 원인: build_detail_url 함수가 유효한 URL을 생성하지 못했습니다.
2025-09-19 22:49:46,806 - INFO - [scripts.adrule.logic.list_scraper] - --- build_detail_url analysis started for: javascript:admRulReturnSearch('예술인 및 노무제공자에 대한 고용보험료의 상한액 고시','2100000252110','N');return false; ---
2025-09-19 22:49:46,806 - INFO - [scripts.adrule.logic.list_scraper] - build_detail_url: Extracted params: ['예술인 및 노무제공자에 대한 고용보험료의 상한액 고시', '2100000252110', 'N']
2025-09-19 22:49:46,806 - INFO - [scripts.adrule.logic.list_scraper] - build_detail_url: Found efYd: None
2025-09-19 22:49:46,806 - INFO - [scripts.adrule.logic.list_scraper] - build_detail_url: Initial lsiSeq candidates: ['2100000252110']
2025-09-19 22:49:46,813 - INFO - [scripts.adrule.logic.list_scraper] - --- build_detail_url analysis started for: javascript:admRulReturnSearch('예술인의 기준보수 및 보수액에서 제외하는 필요경비 고시','2100000252104','N');return false; ---
2025-09-19 22:49:46,813 - INFO - [scripts.adrule.logic.list_scraper] - build_detail_url: Extracted params: ['예술인의 기준보수 및 보수액에서 제외하는 필요경비 고시', '2100000252104', 'N']
2025-09-19 22:49:46,813 - INFO - [scripts.adrule.logic.list_scraper] - build_detail_url: Found efYd: None
2025-09-19 22:49:46,813 - INFO - [scripts.adrule.logic.list_scraper] - build_detail_url: Initial lsiSeq candidates: ['2100000252104']
2025-09-19 22:49:46,819 - INFO - [scripts.adrule.logic.list_scraper] - --- build_detail_url analysis started for: javascript:admRulReturnSearch('예술인의 실업인정대상기간 중 발생한 1일 평균소득에서 제외하는 금액 고시','2100000251220','N');return false; ---
2025-09-19 22:49:46,819 - INFO - [scripts.adrule.logic.list_scraper] - build_detail_url: Extracted params: ['예술인의 실업인정대상기간 중 발생한 1일 평균소득에서 제외하는 금액 고시', '2100000251220', 'N']
2025-09-19 22:49:46,819 - INFO - [scripts.adrule.logic.list_scraper] - build_detail_url: Found efYd: None
2025-09-19 22:49:46,819 - INFO - [scripts.adrule.logic.list_scraper] - build_detail_url: Initial lsiSeq candidates: ['2100000251220']
2025-09-19 22:49:46,825 - INFO - [scripts.adrule.logic.list_scraper] - --- build_detail_url analysis started for: javascript:admRulReturnSearch('예술인의 출산전후급여등의 지급기간 중 소득허용금액에 관한 고시','2100000252722','N');return false; ---
2025-09-19 22:49:46,825 - INFO - [scripts.adrule.logic.list_scraper] - build_detail_url: Extracted params: ['예술인의 출산전후급여등의 지급기간 중 소득허용금액에 관한 고시', '2100000252722', 'N']
2025-09-19 22:49:46,825 - INFO - [scripts.adrule.logic.list_scraper] - build_detail_url: Found efYd: None
2025-09-19 22:49:46,825 - INFO - [scripts.adrule.logic.list_scraper] - build_detail_url: Initial lsiSeq candidates: ['2100000252722']
2025-09-19 22:49:46,830 - INFO - [scripts.adrule.logic.list_scraper] - --- build_detail_url analysis started for: javascript:admRulReturnSearch('예술인 출산전후급여등 상한액 및 하한액 고시','2100000254972','N');return false; ---
2025-09-19 22:49:46,830 - INFO - [scripts.adrule.logic.list_scraper] - build_detail_url: Extracted params: ['예술인 출산전후급여등 상한액 및 하한액 고시', '2100000254972', 'N']
2025-09-19 22:49:46,830 - INFO - [scripts.adrule.logic.list_scraper] - build_detail_url: Found efYd: None
2025-09-19 22:49:46,830 - INFO - [scripts.adrule.logic.list_scraper] - build_detail_url: Initial lsiSeq candidates: ['2100000254972']
2025-09-19 22:49:46,837 - INFO - [scripts.adrule.logic.list_scraper] - --- build_detail_url analysis started for: javascript:admRulReturnSearch('외국어로 작성하는 안전보건표지에 관한 규정','2100000186054','Y');return false; ---
2025-09-19 22:49:46,837 - INFO - [scripts.adrule.logic.list_scraper] - build_detail_url: Extracted params: ['외국어로 작성하는 안전보건표지에 관한 규정', '2100000186054', 'Y']
2025-09-19 22:49:46,837 - INFO - [scripts.adrule.logic.list_scraper] - build_detail_url: Found efYd: None
2025-09-19 22:49:46,837 - INFO - [scripts.adrule.logic.list_scraper] - build_detail_url: Initial lsiSeq candidates: ['2100000186054']
2025-09-19 22:49:46,845 - INFO - [scripts.adrule.logic.list_scraper] - --- build_detail_url analysis started for: javascript:admRulReturnSearch('외국인근로자 관련 사업 비용지원 단체 등의 시설 장비 기준에 관한 고시','2000000022678','N');return false; ---
2025-09-19 22:49:46,845 - INFO - [scripts.adrule.logic.list_scraper] - build_detail_url: Extracted params: ['외국인근로자 관련 사업 비용지원 단체 등의 시설 장비 기준에 관한 고시', '2000000022678', 'N']
2025-09-19 22:49:46,845 - INFO - [scripts.adrule.logic.list_scraper] - build_detail_url: Found efYd: None
2025-09-19 22:49:46,845 - INFO - [scripts.adrule.logic.list_scraper] - build_detail_url: Initial lsiSeq candidates: ['2000000022678']
2025-09-19 22:49:46,851 - INFO - [scripts.adrule.logic.list_scraper] - --- build_detail_url analysis started for: javascript:admRulReturnSearch('외국인근로자 권익보호협의회 운영규정','2100000242146','Y');return false; ---
2025-09-19 22:49:46,851 - INFO - [scripts.adrule.logic.list_scraper] - build_detail_url: Extracted params: ['외국인근로자 권익보호협의회 운영규정', '2100000242146', 'Y']
2025-09-19 22:49:46,851 - INFO - [scripts.adrule.logic.list_scraper] - build_detail_url: Found efYd: None
2025-09-19 22:49:46,851 - INFO - [scripts.adrule.logic.list_scraper] - build_detail_url: Initial lsiSeq candidates: ['2100000242146']
2025-09-19 22:49:46,856 - INFO - [scripts.adrule.logic.list_scraper] - --- build_detail_url analysis started for: javascript:admRulReturnSearch('외국인근로자 기숙사 정보 제공에 관한 규정','2100000206852','N');return false; ---
2025-09-19 22:49:46,856 - INFO - [scripts.adrule.logic.list_scraper] - build_detail_url: Extracted params: ['외국인근로자 기숙사 정보 제공에 관한 규정', '2100000206852', 'N']
2025-09-19 22:49:46,856 - INFO - [scripts.adrule.logic.list_scraper] - build_detail_url: Found efYd: None
2025-09-19 22:49:46,856 - INFO - [scripts.adrule.logic.list_scraper] - build_detail_url: Initial lsiSeq candidates: ['2100000206852']
2025-09-19 22:49:46,861 - INFO - [scripts.adrule.logic.list_scraper] - --- build_detail_url analysis started for: javascript:admRulReturnSearch('외국인근로자상해보험의 보험금액고시','2200000022886','N');return false; ---
2025-09-19 22:49:46,861 - INFO - [scripts.adrule.logic.list_scraper] - build_detail_url: Extracted params: ['외국인근로자상해보험의 보험금액고시', '2200000022886', 'N']
2025-09-19 22:49:46,861 - INFO - [scripts.adrule.logic.list_scraper] - build_detail_url: Found efYd: None
2025-09-19 22:49:46,861 - INFO - [scripts.adrule.logic.list_scraper] - build_detail_url: Initial lsiSeq candidates: ['2200000022886']
2025-09-19 22:49:46,867 - INFO - [scripts.adrule.logic.list_scraper] - --- build_detail_url analysis started for: javascript:admRulReturnSearch('외국인근로자의 고용 등에 관한 법률에 따른 과태료의 가중처분에 관한 세부지침','2100000229788','Y');return false; ---
2025-09-19 22:49:46,868 - INFO - [scripts.adrule.logic.list_scraper] - build_detail_url: Extracted params: ['외국인근로자의 고용 등에 관한 법률에 따른 과태료의 가중처분에 관한 세부지침', '2100000229788', 'Y']
2025-09-19 22:49:46,868 - INFO - [scripts.adrule.logic.list_scraper] - build_detail_url: Found efYd: None
2025-09-19 22:49:46,868 - INFO - [scripts.adrule.logic.list_scraper] - build_detail_url: Initial lsiSeq candidates: ['2100000229788']
2025-09-19 22:49:46,872 - INFO - [scripts.adrule.logic.list_scraper] - --- build_detail_url analysis started for: javascript:admRulReturnSearch('외국인근로자의 책임이 아닌 사업장변경 사유','2100000199671','Y');return false; ---
2025-09-19 22:49:46,872 - INFO - [scripts.adrule.logic.list_scraper] - build_detail_url: Extracted params: ['외국인근로자의 책임이 아닌 사업장변경 사유', '2100000199671', 'Y']
2025-09-19 22:49:46,872 - INFO - [scripts.adrule.logic.list_scraper] - build_detail_url: Found efYd: None
2025-09-19 22:49:46,872 - INFO - [scripts.adrule.logic.list_scraper] - build_detail_url: Initial lsiSeq candidates: ['2100000199671']
2025-09-19 22:49:46,879 - INFO - [scripts.adrule.logic.list_scraper] - --- build_detail_url analysis started for: javascript:admRulReturnSearch('외국인근로자 임금지급 보증보험의 보증금액 고시','2100000197515','Y');return false; ---
2025-09-19 22:49:46,879 - INFO - [scripts.adrule.logic.list_scraper] - build_detail_url: Extracted params: ['외국인근로자 임금지급 보증보험의 보증금액 고시', '2100000197515', 'Y']
2025-09-19 22:49:46,879 - INFO - [scripts.adrule.logic.list_scraper] - build_detail_url: Found efYd: None
2025-09-19 22:49:46,879 - INFO - [scripts.adrule.logic.list_scraper] - build_detail_url: Initial lsiSeq candidates: ['2100000197515']
2025-09-19 22:49:46,885 - INFO - [scripts.adrule.logic.list_scraper] - --- build_detail_url analysis started for: javascript:admRulReturnSearch('외국인근로자 출국만기보험 또는 신탁의 월적립금액 고시','2000000016711','Y');return false; ---
2025-09-19 22:49:46,885 - INFO - [scripts.adrule.logic.list_scraper] - build_detail_url: Extracted params: ['외국인근로자 출국만기보험 또는 신탁의 월적립금액 고시', '2000000016711', 'Y']
2025-09-19 22:49:46,885 - INFO - [scripts.adrule.logic.list_scraper] - build_detail_url: Found efYd: None
2025-09-19 22:49:46,885 - INFO - [scripts.adrule.logic.list_scraper] - build_detail_url: Initial lsiSeq candidates: ['2000000016711']
2025-09-19 22:49:46,890 - INFO - [scripts.adrule.logic.list_scraper] - --- build_detail_url analysis started for: javascript:admRulReturnSearch('외국인 취업교육기관 지정 및 운영에 관한 규정','2100000245254','Y');return false; ---
2025-09-19 22:49:46,890 - INFO - [scripts.adrule.logic.list_scraper] - build_detail_url: Extracted params: ['외국인 취업교육기관 지정 및 운영에 관한 규정', '2100000245254', 'Y']
2025-09-19 22:49:46,890 - INFO - [scripts.adrule.logic.list_scraper] - build_detail_url: Found efYd: None
2025-09-19 22:49:46,890 - INFO - [scripts.adrule.logic.list_scraper] - build_detail_url: Initial lsiSeq candidates: ['2100000245254']
2025-09-19 22:49:46,896 - INFO - [scripts.adrule.logic.list_scraper] - --- build_detail_url analysis started for: javascript:admRulReturnSearch('운반하역 표준안전 작업지침','2100000186124','Y');return false; ---
2025-09-19 22:49:46,896 - INFO - [scripts.adrule.logic.list_scraper] - build_detail_url: Extracted params: ['운반하역 표준안전 작업지침', '2100000186124', 'Y']
2025-09-19 22:49:46,896 - INFO - [scripts.adrule.logic.list_scraper] - build_detail_url: Found efYd: None
2025-09-19 22:49:46,896 - INFO - [scripts.adrule.logic.list_scraper] - build_detail_url: Initial lsiSeq candidates: ['2100000186124']
2025-09-19 22:49:46,901 - INFO - [scripts.adrule.logic.list_scraper] - --- build_detail_url analysis started for: javascript:admRulReturnSearch('위험기계·기구 방호조치 기준','2100000186080','Y');return false; ---
2025-09-19 22:49:46,901 - INFO - [scripts.adrule.logic.list_scraper] - build_detail_url: Extracted params: ['위험기계·기구 방호조치 기준', '2100000186080', 'Y']
2025-09-19 22:49:46,901 - INFO - [scripts.adrule.logic.list_scraper] - build_detail_url: Found efYd: None
2025-09-19 22:49:46,901 - INFO - [scripts.adrule.logic.list_scraper] - build_detail_url: Initial lsiSeq candidates: ['2100000186080']
2025-09-19 22:49:46,907 - INFO - [scripts.adrule.logic.list_scraper] - --- build_detail_url analysis started for: javascript:admRulReturnSearch('위험기계·기구 안전인증 고시','2100000228814','Y');return false; ---
2025-09-19 22:49:46,907 - INFO - [scripts.adrule.logic.list_scraper] - build_detail_url: Extracted params: ['위험기계·기구 안전인증 고시', '2100000228814', 'Y']
2025-09-19 22:49:46,907 - INFO - [scripts.adrule.logic.list_scraper] - build_detail_url: Found efYd: None
2025-09-19 22:49:46,907 - INFO - [scripts.adrule.logic.list_scraper] - build_detail_url: Initial lsiSeq candidates: ['2100000228814']
2025-09-19 22:49:46,912 - INFO - [scripts.adrule.logic.list_scraper] - --- build_detail_url analysis started for: javascript:admRulReturnSearch('위험기계·기구 자율안전확인 고시','2100000186079','Y');return false; ---
2025-09-19 22:49:46,912 - INFO - [scripts.adrule.logic.list_scraper] - build_detail_url: Extracted params: ['위험기계·기구 자율안전확인 고시', '2100000186079', 'Y']
2025-09-19 22:49:46,912 - INFO - [scripts.adrule.logic.list_scraper] - build_detail_url: Found efYd: None
2025-09-19 22:49:46,912 - INFO - [scripts.adrule.logic.list_scraper] - build_detail_url: Initial lsiSeq candidates: ['2100000186079']
2025-09-19 22:49:46,918 - INFO - [scripts.adrule.logic.list_scraper] - --- build_detail_url analysis started for: javascript:admRulReturnSearch('유해·위험방지계획서 자체심사 및 확인업체 지정대상 건설업체 고시','2100000186090','Y');return false; ---
2025-09-19 22:49:46,918 - INFO - [scripts.adrule.logic.list_scraper] - build_detail_url: Extracted params: ['유해·위험방지계획서 자체심사 및 확인업체 지정대상 건설업체 고시', '2100000186090', 'Y']
2025-09-19 22:49:46,918 - INFO - [scripts.adrule.logic.list_scraper] - build_detail_url: Found efYd: None
2025-09-19 22:49:46,918 - INFO - [scripts.adrule.logic.list_scraper] - build_detail_url: Initial lsiSeq candidates: ['2100000186090']
2025-09-19 22:49:46,923 - INFO - [scripts.adrule.logic.list_scraper] - --- build_detail_url analysis started for: javascript:admRulReturnSearch('육아휴직 결원보충 활성화를 위한 고용노동부와 그 소속기관에 두는 별도정원 운영규정','2100000251754','Y');return false; ---
2025-09-19 22:49:46,923 - INFO - [scripts.adrule.logic.list_scraper] - build_detail_url: Extracted params: ['육아휴직 결원보충 활성화를 위한 고용노동부와 그 소속기관에 두는 별도정원 운영규정', '2100000251754', 'Y']
2025-09-19 22:49:46,923 - INFO - [scripts.adrule.logic.list_scraper] - build_detail_url: Found efYd: None
2025-09-19 22:49:46,923 - INFO - [scripts.adrule.logic.list_scraper] - build_detail_url: Initial lsiSeq candidates: ['2100000251754']
2025-09-19 22:49:46,928 - INFO - [scripts.adrule.logic.list_scraper] - --- build_detail_url analysis started for: javascript:admRulReturnSearch('이주비 고시','2100000217655','N');return false; ---
2025-09-19 22:49:46,928 - INFO - [scripts.adrule.logic.list_scraper] - build_detail_url: Extracted params: ['이주비 고시', '2100000217655', 'N']
2025-09-19 22:49:46,928 - INFO - [scripts.adrule.logic.list_scraper] - build_detail_url: Found efYd: None
2025-09-19 22:49:46,928 - INFO - [scripts.adrule.logic.list_scraper] - build_detail_url: Initial lsiSeq candidates: ['2100000217655']
2025-09-19 22:49:46,933 - INFO - [scripts.adrule.logic.list_scraper] - --- build_detail_url analysis started for: javascript:admRulReturnSearch('인적자원개발위원회의 구성 및 운영에 관한 규정','2100000253438','Y');return false; ---
2025-09-19 22:49:46,934 - INFO - [scripts.adrule.logic.list_scraper] - build_detail_url: Extracted params: ['인적자원개발위원회의 구성 및 운영에 관한 규정', '2100000253438', 'Y']
2025-09-19 22:49:46,934 - INFO - [scripts.adrule.logic.list_scraper] - build_detail_url: Found efYd: None
2025-09-19 22:49:46,934 - INFO - [scripts.adrule.logic.list_scraper] - build_detail_url: Initial lsiSeq candidates: ['2100000253438']
2025-09-19 22:49:46,939 - INFO - [scripts.adrule.logic.list_scraper] - --- build_detail_url analysis started for: javascript:admRulReturnSearch('일자리 안정자금 사업 운영 규정','2100000207741','Y');return false; ---
2025-09-19 22:49:46,939 - INFO - [scripts.adrule.logic.list_scraper] - build_detail_url: Extracted params: ['일자리 안정자금 사업 운영 규정', '2100000207741', 'Y']
2025-09-19 22:49:46,939 - INFO - [scripts.adrule.logic.list_scraper] - build_detail_url: Found efYd: None
2025-09-19 22:49:46,939 - INFO - [scripts.adrule.logic.list_scraper] - build_detail_url: Initial lsiSeq candidates: ['2100000207741']
2025-09-19 22:49:46,944 - INFO - [scripts.adrule.logic.list_scraper] - --- build_detail_url analysis started for: javascript:admRulReturnSearch('일학습병행 외부평가 응시 및 자격증 발급수수료','2100000254852','Y');return false; ---
2025-09-19 22:49:46,944 - INFO - [scripts.adrule.logic.list_scraper] - build_detail_url: Extracted params: ['일학습병행 외부평가 응시 및 자격증 발급수수료', '2100000254852', 'Y']
2025-09-19 22:49:46,944 - INFO - [scripts.adrule.logic.list_scraper] - build_detail_url: Found efYd: None
2025-09-19 22:49:46,944 - INFO - [scripts.adrule.logic.list_scraper] - build_detail_url: Initial lsiSeq candidates: ['2100000254852']
2025-09-19 22:49:46,951 - INFO - [scripts.adrule.logic.list_scraper] - --- build_detail_url analysis started for: javascript:admRulReturnSearch('일학습병행 운영규정','2100000253600','Y');return false; ---
2025-09-19 22:49:46,951 - INFO - [scripts.adrule.logic.list_scraper] - build_detail_url: Extracted params: ['일학습병행 운영규정', '2100000253600', 'Y']
2025-09-19 22:49:46,951 - INFO - [scripts.adrule.logic.list_scraper] - build_detail_url: Found efYd: None
2025-09-19 22:49:46,951 - INFO - [scripts.adrule.logic.list_scraper] - build_detail_url: Initial lsiSeq candidates: ['2100000253600']
2025-09-19 22:49:46,964 - INFO - [scripts.adrule.logic.list_scraper] - --- build_detail_url analysis started for: javascript:admRulReturnSearch('일학습병행 직종 및 직종별 교육훈련기준','2100000261282','Y');return false; ---
2025-09-19 22:49:46,964 - INFO - [scripts.adrule.logic.list_scraper] - build_detail_url: Extracted params: ['일학습병행 직종 및 직종별 교육훈련기준', '2100000261282', 'Y']
2025-09-19 22:49:47,082 - INFO - [scripts.adrule.logic.list_scraper] - build_detail_url: Found efYd: None
2025-09-19 22:49:47,082 - INFO - [scripts.adrule.logic.list_scraper] - build_detail_url: Initial lsiSeq candidates: ['2100000261282']
2025-09-19 22:49:47,082 - INFO - [scripts.adrule.logic.list_scraper] - 현재 페이지에서 50개의 링크를 발견, 49개를 최종 추가했습니다.
2025-09-19 22:49:47,082 - WARNING - [scripts.adrule.logic.list_scraper] - !!! 페이지 요약 경고: 6 페이지에서 예상(50개)보다 적은 49개의 URL이 추가되었습니다.
2025-09-19 22:49:47,082 - INFO - [scripts.adrule.logic.list_scraper] - --- 7 / 9 페이지 처리 중 ---
2025-09-19 22:49:47,087 - INFO - [scripts.adrule.logic.list_scraper] - 7 페이지로 이동합니다...
2025-09-19 22:49:47,094 - INFO - [scripts.adrule.logic.list_scraper] - 페이지 내용이 갱신되기를 대기합니다...
2025-09-19 22:49:47,221 - INFO - [scripts.adrule.logic.list_scraper] - 페이지 내용 갱신 확인 및 로딩 완료.
2025-09-19 22:49:47,246 - INFO - [scripts.adrule.logic.list_scraper] - --- build_detail_url analysis started for: javascript:admRulReturnSearch('임금등 체불 근로자 생계비 융자사업 고시','2100000262668','Y');return false; ---
2025-09-19 22:49:47,246 - INFO - [scripts.adrule.logic.list_scraper] - build_detail_url: Extracted params: ['임금등 체불 근로자 생계비 융자사업 고시', '2100000262668', 'Y']
2025-09-19 22:49:47,246 - INFO - [scripts.adrule.logic.list_scraper] - build_detail_url: Found efYd: None
2025-09-19 22:49:47,246 - INFO - [scripts.adrule.logic.list_scraper] - build_detail_url: Initial lsiSeq candidates: ['2100000262668']
2025-09-19 22:49:47,250 - INFO - [scripts.adrule.logic.list_scraper] - --- build_detail_url analysis started for: javascript:admRulReturnSearch('임금채권보장기금 사업주 부담금비율','2100000217768','N');return false; ---
2025-09-19 22:49:47,251 - INFO - [scripts.adrule.logic.list_scraper] - build_detail_url: Extracted params: ['임금채권보장기금 사업주 부담금비율', '2100000217768', 'N']
2025-09-19 22:49:47,251 - INFO - [scripts.adrule.logic.list_scraper] - build_detail_url: Found efYd: None
2025-09-19 22:49:47,251 - INFO - [scripts.adrule.logic.list_scraper] - build_detail_url: Initial lsiSeq candidates: ['2100000217768']
2025-09-19 22:49:47,256 - INFO - [scripts.adrule.logic.list_scraper] - --- build_detail_url analysis started for: javascript:admRulReturnSearch('임금채권보장제도 사업주부담금 경감기준','2100000133011','N');return false; ---
2025-09-19 22:49:47,256 - INFO - [scripts.adrule.logic.list_scraper] - build_detail_url: Extracted params: ['임금채권보장제도 사업주부담금 경감기준', '2100000133011', 'N']
2025-09-19 22:49:47,256 - INFO - [scripts.adrule.logic.list_scraper] - build_detail_url: Found efYd: None
2025-09-19 22:49:47,256 - INFO - [scripts.adrule.logic.list_scraper] - build_detail_url: Initial lsiSeq candidates: ['2100000133011']
2025-09-19 22:49:47,261 - INFO - [scripts.adrule.logic.list_scraper] - --- build_detail_url analysis started for: javascript:admRulReturnSearch('임금체불사업주 명단 공개 및 체불자료 제공 관련 업무 처리 규정','2100000015166','Y');return false; ---
2025-09-19 22:49:47,262 - INFO - [scripts.adrule.logic.list_scraper] - build_detail_url: Extracted params: ['임금체불사업주 명단 공개 및 체불자료 제공 관련 업무 처리 규정', '2100000015166', 'Y']
2025-09-19 22:49:47,262 - INFO - [scripts.adrule.logic.list_scraper] - build_detail_url: Found efYd: None
2025-09-19 22:49:47,262 - INFO - [scripts.adrule.logic.list_scraper] - build_detail_url: Initial lsiSeq candidates: ['2100000015166']
2025-09-19 22:49:47,267 - INFO - [scripts.adrule.logic.list_scraper] - --- build_detail_url analysis started for: javascript:admRulReturnSearch('임금피크제 지원금액등 고시','2100000188698','Y');return false; ---
2025-09-19 22:49:47,268 - INFO - [scripts.adrule.logic.list_scraper] - build_detail_url: Extracted params: ['임금피크제 지원금액등 고시', '2100000188698', 'Y']
2025-09-19 22:49:47,268 - INFO - [scripts.adrule.logic.list_scraper] - build_detail_url: Found efYd: None
2025-09-19 22:49:47,268 - INFO - [scripts.adrule.logic.list_scraper] - build_detail_url: Initial lsiSeq candidates: ['2100000188698']
2025-09-19 22:49:47,273 - INFO - [scripts.adrule.logic.list_scraper] - --- build_detail_url analysis started for: javascript:admRulReturnSearch('자영업자의 고용보험료 산정의 기초가 되는 보수액','2100000217964','N');return false; ---
2025-09-19 22:49:47,273 - INFO - [scripts.adrule.logic.list_scraper] - build_detail_url: Extracted params: ['자영업자의 고용보험료 산정의 기초가 되는 보수액', '2100000217964', 'N']
2025-09-19 22:49:47,273 - INFO - [scripts.adrule.logic.list_scraper] - build_detail_url: Found efYd: None
2025-09-19 22:49:47,273 - INFO - [scripts.adrule.logic.list_scraper] - build_detail_url: Initial lsiSeq candidates: ['2100000217964']
2025-09-19 22:49:47,278 - INFO - [scripts.adrule.logic.list_scraper] - --- build_detail_url analysis started for: javascript:admRulReturnSearch('자활급여 수급자가 종사하는 사업','2100000243740','N');return false; ---
2025-09-19 22:49:47,278 - INFO - [scripts.adrule.logic.list_scraper] - build_detail_url: Extracted params: ['자활급여 수급자가 종사하는 사업', '2100000243740', 'N']
2025-09-19 22:49:47,278 - INFO - [scripts.adrule.logic.list_scraper] - build_detail_url: Found efYd: None
2025-09-19 22:49:47,278 - INFO - [scripts.adrule.logic.list_scraper] - build_detail_url: Initial lsiSeq candidates: ['2100000243740']
2025-09-19 22:49:47,284 - INFO - [scripts.adrule.logic.list_scraper] - --- build_detail_url analysis started for: javascript:admRulReturnSearch('자회사 운영실태 평가위원회 운영규정','2100000231342','Y');return false; ---
2025-09-19 22:49:47,284 - INFO - [scripts.adrule.logic.list_scraper] - build_detail_url: Extracted params: ['자회사 운영실태 평가위원회 운영규정', '2100000231342', 'Y']
2025-09-19 22:49:47,284 - INFO - [scripts.adrule.logic.list_scraper] - build_detail_url: Found efYd: None
2025-09-19 22:49:47,284 - INFO - [scripts.adrule.logic.list_scraper] - build_detail_url: Initial lsiSeq candidates: ['2100000231342']
2025-09-19 22:49:47,289 - INFO - [scripts.adrule.logic.list_scraper] - --- build_detail_url analysis started for: javascript:admRulReturnSearch('작업장 공기질 한국산업표준(KS)','2100000207828','N');return false; ---
2025-09-19 22:49:47,289 - INFO - [scripts.adrule.logic.list_scraper] - build_detail_url: Extracted params: []
2025-09-19 22:49:47,289 - INFO - [scripts.adrule.logic.list_scraper] - build_detail_url: Found efYd: None
2025-09-19 22:49:47,289 - INFO - [scripts.adrule.logic.list_scraper] - build_detail_url: Initial lsiSeq candidates: []
2025-09-19 22:49:47,289 - INFO - [scripts.adrule.logic.list_scraper] - build_detail_url: No valid lsiSeq candidate left. Returning None.
2025-09-19 22:49:47,289 - WARNING - [scripts.adrule.logic.list_scraper] - !!! 누락 경고 (7페이지 9번째 항목): URL 또는 법령명을 추출하지 못했습니다.
2025-09-19 22:49:47,289 - WARNING - [scripts.adrule.logic.list_scraper] -     - 법령명: ' 작업장 공기질 한국산업표준(KS)'
2025-09-19 22:49:47,289 - WARNING - [scripts.adrule.logic.list_scraper] -     - OnClick 속성: 'javascript:admRulReturnSearch('작업장 공기질 한국산업표준(KS)','2100000207828','N');return false;'
2025-09-19 22:49:47,289 - WARNING - [scripts.adrule.logic.list_scraper] -     - 추정 원인: build_detail_url 함수가 유효한 URL을 생성하지 못했습니다.
2025-09-19 22:49:47,294 - INFO - [scripts.adrule.logic.list_scraper] - --- build_detail_url analysis started for: javascript:admRulReturnSearch('작업환경측정 및 정도관리 등에 관한 고시','2100000186111','Y');return false; ---
2025-09-19 22:49:47,294 - INFO - [scripts.adrule.logic.list_scraper] - build_detail_url: Extracted params: ['작업환경측정 및 정도관리 등에 관한 고시', '2100000186111', 'Y']
2025-09-19 22:49:47,294 - INFO - [scripts.adrule.logic.list_scraper] - build_detail_url: Found efYd: None
2025-09-19 22:49:47,294 - INFO - [scripts.adrule.logic.list_scraper] - build_detail_url: Initial lsiSeq candidates: ['2100000186111']
2025-09-19 22:49:47,300 - INFO - [scripts.adrule.logic.list_scraper] - --- build_detail_url analysis started for: javascript:admRulReturnSearch('장례비 최고·최저 금액','2100000251932','N');return false; ---
2025-09-19 22:49:47,300 - INFO - [scripts.adrule.logic.list_scraper] - build_detail_url: Extracted params: ['장례비 최고·최저 금액', '2100000251932', 'N']
2025-09-19 22:49:47,300 - INFO - [scripts.adrule.logic.list_scraper] - build_detail_url: Found efYd: None
2025-09-19 22:49:47,300 - INFO - [scripts.adrule.logic.list_scraper] - build_detail_url: Initial lsiSeq candidates: ['2100000251932']
2025-09-19 22:49:47,305 - INFO - [scripts.adrule.logic.list_scraper] - --- build_detail_url analysis started for: javascript:admRulReturnSearch('장애인 고용부담금의 부담기초액','2100000253012','N');return false; ---
2025-09-19 22:49:47,305 - INFO - [scripts.adrule.logic.list_scraper] - build_detail_url: Extracted params: ['장애인 고용부담금의 부담기초액', '2100000253012', 'N']
2025-09-19 22:49:47,305 - INFO - [scripts.adrule.logic.list_scraper] - build_detail_url: Found efYd: None
2025-09-19 22:49:47,305 - INFO - [scripts.adrule.logic.list_scraper] - build_detail_url: Initial lsiSeq candidates: ['2100000253012']
2025-09-19 22:49:47,311 - INFO - [scripts.adrule.logic.list_scraper] - --- build_detail_url analysis started for: javascript:admRulReturnSearch('장애인 고용의무 불이행 명단공표제도 운영규정','2100000239722','Y');return false; ---
2025-09-19 22:49:47,311 - INFO - [scripts.adrule.logic.list_scraper] - build_detail_url: Extracted params: ['장애인 고용의무 불이행 명단공표제도 운영규정', '2100000239722', 'Y']
2025-09-19 22:49:47,311 - INFO - [scripts.adrule.logic.list_scraper] - build_detail_url: Found efYd: None
2025-09-19 22:49:47,311 - INFO - [scripts.adrule.logic.list_scraper] - build_detail_url: Initial lsiSeq candidates: ['2100000239722']
2025-09-19 22:49:47,316 - INFO - [scripts.adrule.logic.list_scraper] - --- build_detail_url analysis started for: javascript:admRulReturnSearch('장애인고용장려금 지급기준','2100000260378','Y');return false; ---
2025-09-19 22:49:47,316 - INFO - [scripts.adrule.logic.list_scraper] - build_detail_url: Extracted params: ['장애인고용장려금 지급기준', '2100000260378', 'Y']
2025-09-19 22:49:47,316 - INFO - [scripts.adrule.logic.list_scraper] - build_detail_url: Found efYd: None
2025-09-19 22:49:47,316 - INFO - [scripts.adrule.logic.list_scraper] - build_detail_url: Initial lsiSeq candidates: ['2100000260378']
2025-09-19 22:49:47,321 - INFO - [scripts.adrule.logic.list_scraper] - --- build_detail_url analysis started for: javascript:admRulReturnSearch('장애인고용촉진 및 직업재활법에 따른 과태료의 가중처분에 관한 세부 지침','2100000229968','Y');return false; ---
2025-09-19 22:49:47,321 - INFO - [scripts.adrule.logic.list_scraper] - build_detail_url: Extracted params: ['장애인고용촉진 및 직업재활법에 따른 과태료의 가중처분에 관한 세부 지침', '2100000229968', 'Y']
2025-09-19 22:49:47,321 - INFO - [scripts.adrule.logic.list_scraper] - build_detail_url: Found efYd: None
2025-09-19 22:49:47,321 - INFO - [scripts.adrule.logic.list_scraper] - build_detail_url: Initial lsiSeq candidates: ['2100000229968']
2025-09-19 22:49:47,326 - INFO - [scripts.adrule.logic.list_scraper] - --- build_detail_url analysis started for: javascript:admRulReturnSearch('장애인 기능경기 대회 등 운영에 관한 규정','2100000198809','Y');return false; ---
2025-09-19 22:49:47,326 - INFO - [scripts.adrule.logic.list_scraper] - build_detail_url: Extracted params: ['장애인 기능경기 대회 등 운영에 관한 규정', '2100000198809', 'Y']
2025-09-19 22:49:47,326 - INFO - [scripts.adrule.logic.list_scraper] - build_detail_url: Found efYd: None
2025-09-19 22:49:47,326 - INFO - [scripts.adrule.logic.list_scraper] - build_detail_url: Initial lsiSeq candidates: ['2100000198809']
2025-09-19 22:49:47,330 - INFO - [scripts.adrule.logic.list_scraper] - --- build_detail_url analysis started for: javascript:admRulReturnSearch('장애인 직업능력개발훈련 지원규정','2100000218079','Y');return false; ---
2025-09-19 22:49:47,331 - INFO - [scripts.adrule.logic.list_scraper] - build_detail_url: Extracted params: ['장애인 직업능력개발훈련 지원규정', '2100000218079', 'Y']
2025-09-19 22:49:47,331 - INFO - [scripts.adrule.logic.list_scraper] - build_detail_url: Found efYd: None
2025-09-19 22:49:47,331 - INFO - [scripts.adrule.logic.list_scraper] - build_detail_url: Initial lsiSeq candidates: ['2100000218079']
2025-09-19 22:49:47,337 - INFO - [scripts.adrule.logic.list_scraper] - --- build_detail_url analysis started for: javascript:admRulReturnSearch('장애인 취업지원 업무처리 규정','2100000208765','Y');return false; ---
2025-09-19 22:49:47,337 - INFO - [scripts.adrule.logic.list_scraper] - build_detail_url: Extracted params: ['장애인 취업지원 업무처리 규정', '2100000208765', 'Y']
2025-09-19 22:49:47,337 - INFO - [scripts.adrule.logic.list_scraper] - build_detail_url: Found efYd: None
2025-09-19 22:49:47,337 - INFO - [scripts.adrule.logic.list_scraper] - build_detail_url: Initial lsiSeq candidates: ['2100000208765']
2025-09-19 22:49:47,343 - INFO - [scripts.adrule.logic.list_scraper] - --- build_detail_url analysis started for: javascript:admRulReturnSearch('장애인 표준사업장에 대한 지원규정','2100000255588','Y');return false; ---
2025-09-19 22:49:47,343 - INFO - [scripts.adrule.logic.list_scraper] - build_detail_url: Extracted params: ['장애인 표준사업장에 대한 지원규정', '2100000255588', 'Y']
2025-09-19 22:49:47,343 - INFO - [scripts.adrule.logic.list_scraper] - build_detail_url: Found efYd: None
2025-09-19 22:49:47,343 - INFO - [scripts.adrule.logic.list_scraper] - build_detail_url: Initial lsiSeq candidates: ['2100000255588']
2025-09-19 22:49:47,351 - INFO - [scripts.adrule.logic.list_scraper] - --- build_detail_url analysis started for: javascript:admRulReturnSearch('재량근로의 대상 업무','2100000180819','N');return false; ---
2025-09-19 22:49:47,351 - INFO - [scripts.adrule.logic.list_scraper] - build_detail_url: Extracted params: ['재량근로의 대상 업무', '2100000180819', 'N']
2025-09-19 22:49:47,351 - INFO - [scripts.adrule.logic.list_scraper] - build_detail_url: Found efYd: None
2025-09-19 22:49:47,351 - INFO - [scripts.adrule.logic.list_scraper] - build_detail_url: Initial lsiSeq candidates: ['2100000180819']
2025-09-19 22:49:47,358 - INFO - [scripts.adrule.logic.list_scraper] - --- build_detail_url analysis started for: javascript:admRulReturnSearch('저압산업용기계기구의 부속전기설비의 전기재해 예방을 위한 기술상의 지침','2100000186125','Y');return false; ---
2025-09-19 22:49:47,358 - INFO - [scripts.adrule.logic.list_scraper] - build_detail_url: Extracted params: ['저압산업용기계기구의 부속전기설비의 전기재해 예방을 위한 기술상의 지침', '2100000186125', 'Y']
2025-09-19 22:49:47,358 - INFO - [scripts.adrule.logic.list_scraper] - build_detail_url: Found efYd: None
2025-09-19 22:49:47,358 - INFO - [scripts.adrule.logic.list_scraper] - build_detail_url: Initial lsiSeq candidates: ['2100000186125']
2025-09-19 22:49:47,363 - INFO - [scripts.adrule.logic.list_scraper] - --- build_detail_url analysis started for: javascript:admRulReturnSearch('적립금운용위원회 구성에 관한 고시','2100000216224','Y');return false; ---
2025-09-19 22:49:47,363 - INFO - [scripts.adrule.logic.list_scraper] - build_detail_url: Extracted params: ['적립금운용위원회 구성에 관한 고시', '2100000216224', 'Y']
2025-09-19 22:49:47,363 - INFO - [scripts.adrule.logic.list_scraper] - build_detail_url: Found efYd: None
2025-09-19 22:49:47,363 - INFO - [scripts.adrule.logic.list_scraper] - build_detail_url: Initial lsiSeq candidates: ['2100000216224']
2025-09-19 22:49:47,369 - INFO - [scripts.adrule.logic.list_scraper] - --- build_detail_url analysis started for: javascript:admRulReturnSearch('전체 근로자의 임금 평균액의 증감률 및 소비자물가변동률','2100000251928','N');return false; ---
2025-09-19 22:49:47,369 - INFO - [scripts.adrule.logic.list_scraper] - build_detail_url: Extracted params: ['전체 근로자의 임금 평균액의 증감률 및 소비자물가변동률', '2100000251928', 'N']
2025-09-19 22:49:47,369 - INFO - [scripts.adrule.logic.list_scraper] - build_detail_url: Found efYd: None
2025-09-19 22:49:47,369 - INFO - [scripts.adrule.logic.list_scraper] - build_detail_url: Initial lsiSeq candidates: ['2100000251928']
2025-09-19 22:49:47,374 - INFO - [scripts.adrule.logic.list_scraper] - --- build_detail_url analysis started for: javascript:admRulReturnSearch('정전기재해 예방을 위한 기술상의 지침','2100000186063','Y');return false; ---
2025-09-19 22:49:47,374 - INFO - [scripts.adrule.logic.list_scraper] - build_detail_url: Extracted params: ['정전기재해 예방을 위한 기술상의 지침', '2100000186063', 'Y']
2025-09-19 22:49:47,374 - INFO - [scripts.adrule.logic.list_scraper] - build_detail_url: Found efYd: None
2025-09-19 22:49:47,374 - INFO - [scripts.adrule.logic.list_scraper] - build_detail_url: Initial lsiSeq candidates: ['2100000186063']
2025-09-19 22:49:47,380 - INFO - [scripts.adrule.logic.list_scraper] - --- build_detail_url analysis started for: javascript:admRulReturnSearch('제1차 금속산업 안전작업지침','2100000186126','Y');return false; ---
2025-09-19 22:49:47,380 - INFO - [scripts.adrule.logic.list_scraper] - build_detail_url: Extracted params: ['제1차 금속산업 안전작업지침', '2100000186126', 'Y']
2025-09-19 22:49:47,380 - INFO - [scripts.adrule.logic.list_scraper] - build_detail_url: Found efYd: None
2025-09-19 22:49:47,380 - INFO - [scripts.adrule.logic.list_scraper] - build_detail_url: Initial lsiSeq candidates: ['2100000186126']
2025-09-19 22:49:47,385 - INFO - [scripts.adrule.logic.list_scraper] - --- build_detail_url analysis started for: javascript:admRulReturnSearch('제조업 등 유해·위험방지계획서 제출·심사·확인에 관한 고시','2100000230218','Y');return false; ---
2025-09-19 22:49:47,385 - INFO - [scripts.adrule.logic.list_scraper] - build_detail_url: Extracted params: ['제조업 등 유해·위험방지계획서 제출·심사·확인에 관한 고시', '2100000230218', 'Y']
2025-09-19 22:49:47,385 - INFO - [scripts.adrule.logic.list_scraper] - build_detail_url: Found efYd: None
2025-09-19 22:49:47,385 - INFO - [scripts.adrule.logic.list_scraper] - build_detail_url: Initial lsiSeq candidates: ['2100000230218']
2025-09-19 22:49:47,391 - INFO - [scripts.adrule.logic.list_scraper] - --- build_detail_url analysis started for: javascript:admRulReturnSearch('조기재취업 수당 지급제외 대상에 해당하는 임금액 고시','2100000251270','N');return false; ---
2025-09-19 22:49:47,391 - INFO - [scripts.adrule.logic.list_scraper] - build_detail_url: Extracted params: ['조기재취업 수당 지급제외 대상에 해당하는 임금액 고시', '2100000251270', 'N']
2025-09-19 22:49:47,391 - INFO - [scripts.adrule.logic.list_scraper] - build_detail_url: Found efYd: None
2025-09-19 22:49:47,391 - INFO - [scripts.adrule.logic.list_scraper] - build_detail_url: Initial lsiSeq candidates: ['2100000251270']
2025-09-19 22:49:47,396 - INFO - [scripts.adrule.logic.list_scraper] - --- build_detail_url analysis started for: javascript:admRulReturnSearch('주로 하나의 사업자로부터 업무를 의뢰받아 퀵서비스 또는 대리운전업무를 하는 사람의 기준(퀵서비스기사 및 대리운전기사의 전속성 기준)','2100000081374','N');return false; ---
2025-09-19 22:49:47,396 - INFO - [scripts.adrule.logic.list_scraper] - build_detail_url: Extracted params: []
2025-09-19 22:49:47,396 - INFO - [scripts.adrule.logic.list_scraper] - build_detail_url: Found efYd: None
2025-09-19 22:49:47,396 - INFO - [scripts.adrule.logic.list_scraper] - build_detail_url: Initial lsiSeq candidates: []
2025-09-19 22:49:47,396 - INFO - [scripts.adrule.logic.list_scraper] - build_detail_url: No valid lsiSeq candidate left. Returning None.
2025-09-19 22:49:47,396 - WARNING - [scripts.adrule.logic.list_scraper] - !!! 누락 경고 (7페이지 28번째 항목): URL 또는 법령명을 추출하지 못했습니다.
2025-09-19 22:49:47,396 - WARNING - [scripts.adrule.logic.list_scraper] -     - 법령명: ' 주로 하나의 사업자로부터 업무를 의뢰받아 퀵서비스 또는 대리운전업무를 하는 사람의 기준(퀵서비스기사 및 대리운전기사의 전속성 기준)'
2025-09-19 22:49:47,396 - WARNING - [scripts.adrule.logic.list_scraper] -     - OnClick 속성: 'javascript:admRulReturnSearch('주로 하나의 사업자로부터 업무를 의뢰받아 퀵서비스 또는 대리운전업무를 하는 사람의 기준(퀵서비스기사 및 대리운전기사의 전속성 기준)','2100000081374','N');return false;'
2025-09-19 22:49:47,396 - WARNING - [scripts.adrule.logic.list_scraper] -     - 추정 원인: build_detail_url 함수가 유효한 URL을 생성하지 못했습니다.
2025-09-19 22:49:47,402 - INFO - [scripts.adrule.logic.list_scraper] - --- build_detail_url analysis started for: javascript:admRulReturnSearch('준고령자·고령자 우선고용직종','2100000112608','N');return false; ---
2025-09-19 22:49:47,402 - INFO - [scripts.adrule.logic.list_scraper] - build_detail_url: Extracted params: ['준고령자·고령자 우선고용직종', '2100000112608', 'N']
2025-09-19 22:49:47,402 - INFO - [scripts.adrule.logic.list_scraper] - build_detail_url: Found efYd: None
2025-09-19 22:49:47,402 - INFO - [scripts.adrule.logic.list_scraper] - build_detail_url: Initial lsiSeq candidates: ['2100000112608']
2025-09-19 22:49:47,406 - INFO - [scripts.adrule.logic.list_scraper] - --- build_detail_url analysis started for: javascript:admRulReturnSearch('중대산업사고 예방센터 운영규정','2100000222646','Y');return false; ---
2025-09-19 22:49:47,406 - INFO - [scripts.adrule.logic.list_scraper] - build_detail_url: Extracted params: ['중대산업사고 예방센터 운영규정', '2100000222646', 'Y']
2025-09-19 22:49:47,406 - INFO - [scripts.adrule.logic.list_scraper] - build_detail_url: Found efYd: None
2025-09-19 22:49:47,406 - INFO - [scripts.adrule.logic.list_scraper] - build_detail_url: Initial lsiSeq candidates: ['2100000222646']
2025-09-19 22:49:47,412 - INFO - [scripts.adrule.logic.list_scraper] - --- build_detail_url analysis started for: javascript:admRulReturnSearch('중대산업재해 수사심의위원회 및 자문단의 구성·운영에 관한 규칙','2100000208762','Y');return false; ---
2025-09-19 22:49:47,412 - INFO - [scripts.adrule.logic.list_scraper] - build_detail_url: Extracted params: ['중대산업재해 수사심의위원회 및 자문단의 구성·운영에 관한 규칙', '2100000208762', 'Y']
2025-09-19 22:49:47,412 - INFO - [scripts.adrule.logic.list_scraper] - build_detail_url: Found efYd: None
2025-09-19 22:49:47,412 - INFO - [scripts.adrule.logic.list_scraper] - build_detail_url: Initial lsiSeq candidates: ['2100000208762']
2025-09-19 22:49:47,417 - INFO - [scripts.adrule.logic.list_scraper] - --- build_detail_url analysis started for: javascript:admRulReturnSearch('중대재해 감축 로드맵 이행 추진단의 설치 및 운영에 관한 규정','2200000107259','Y');return false; ---
2025-09-19 22:49:47,417 - INFO - [scripts.adrule.logic.list_scraper] - build_detail_url: Extracted params: ['중대재해 감축 로드맵 이행 추진단의 설치 및 운영에 관한 규정', '2200000107259', 'Y']
2025-09-19 22:49:47,417 - INFO - [scripts.adrule.logic.list_scraper] - build_detail_url: Found efYd: None
2025-09-19 22:49:47,417 - INFO - [scripts.adrule.logic.list_scraper] - build_detail_url: Initial lsiSeq candidates: ['2200000107259']
2025-09-19 22:49:47,422 - INFO - [scripts.adrule.logic.list_scraper] - --- build_detail_url analysis started for: javascript:admRulReturnSearch('중복된 장애의 합산 판정 기준 및 중증장애인 확인 고시','2100000261426','Y');return false; ---
2025-09-19 22:49:47,422 - INFO - [scripts.adrule.logic.list_scraper] - build_detail_url: Extracted params: ['중복된 장애의 합산 판정 기준 및 중증장애인 확인 고시', '2100000261426', 'Y']
2025-09-19 22:49:47,422 - INFO - [scripts.adrule.logic.list_scraper] - build_detail_url: Found efYd: None
2025-09-19 22:49:47,422 - INFO - [scripts.adrule.logic.list_scraper] - build_detail_url: Initial lsiSeq candidates: ['2100000261426']
2025-09-19 22:49:47,427 - INFO - [scripts.adrule.logic.list_scraper] - --- build_detail_url analysis started for: javascript:admRulReturnSearch('중·소기업 사업주에 대한 산재보험료 및 보험급여 산정의 기초가 되는 보수액 및 평균임금','2100000251894','N');return false; ---
2025-09-19 22:49:47,427 - INFO - [scripts.adrule.logic.list_scraper] - build_detail_url: Extracted params: ['중·소기업 사업주에 대한 산재보험료 및 보험급여 산정의 기초가 되는 보수액 및 평균임금', '2100000251894', 'N']
2025-09-19 22:49:47,427 - INFO - [scripts.adrule.logic.list_scraper] - build_detail_url: Found efYd: None
2025-09-19 22:49:47,427 - INFO - [scripts.adrule.logic.list_scraper] - build_detail_url: Initial lsiSeq candidates: ['2100000251894']
2025-09-19 22:49:47,433 - INFO - [scripts.adrule.logic.list_scraper] - --- build_detail_url analysis started for: javascript:admRulReturnSearch('중소기업 직업능력개발 지원사업 실시규정','2100000236562','Y');return false; ---
2025-09-19 22:49:47,433 - INFO - [scripts.adrule.logic.list_scraper] - build_detail_url: Extracted params: ['중소기업 직업능력개발 지원사업 실시규정', '2100000236562', 'Y']
2025-09-19 22:49:47,433 - INFO - [scripts.adrule.logic.list_scraper] - build_detail_url: Found efYd: None
2025-09-19 22:49:47,433 - INFO - [scripts.adrule.logic.list_scraper] - build_detail_url: Initial lsiSeq candidates: ['2100000236562']
2025-09-19 22:49:47,438 - INFO - [scripts.adrule.logic.list_scraper] - --- build_detail_url analysis started for: javascript:admRulReturnSearch('중소기업퇴직연금기금제도 지원 등에 관한 고시','2100000252388','Y');return false; ---
2025-09-19 22:49:47,438 - INFO - [scripts.adrule.logic.list_scraper] - build_detail_url: Extracted params: ['중소기업퇴직연금기금제도 지원 등에 관한 고시', '2100000252388', 'Y']
2025-09-19 22:49:47,438 - INFO - [scripts.adrule.logic.list_scraper] - build_detail_url: Found efYd: None
2025-09-19 22:49:47,438 - INFO - [scripts.adrule.logic.list_scraper] - build_detail_url: Initial lsiSeq candidates: ['2100000252388']
2025-09-19 22:49:47,443 - INFO - [scripts.adrule.logic.list_scraper] - --- build_detail_url analysis started for: javascript:admRulReturnSearch('지역실업자직업훈련 실시규정','2100000257486','Y');return false; ---
2025-09-19 22:49:47,443 - INFO - [scripts.adrule.logic.list_scraper] - build_detail_url: Extracted params: ['지역실업자직업훈련 실시규정', '2100000257486', 'Y']
2025-09-19 22:49:47,443 - INFO - [scripts.adrule.logic.list_scraper] - build_detail_url: Found efYd: None
2025-09-19 22:49:47,443 - INFO - [scripts.adrule.logic.list_scraper] - build_detail_url: Initial lsiSeq candidates: ['2100000257486']
2025-09-19 22:49:47,449 - INFO - [scripts.adrule.logic.list_scraper] - --- build_detail_url analysis started for: javascript:admRulReturnSearch('지원금 등의 상호조정 비율','2100000217805','N');return false; ---
2025-09-19 22:49:47,449 - INFO - [scripts.adrule.logic.list_scraper] - build_detail_url: Extracted params: ['지원금 등의 상호조정 비율', '2100000217805', 'N']
2025-09-19 22:49:47,449 - INFO - [scripts.adrule.logic.list_scraper] - build_detail_url: Found efYd: None
2025-09-19 22:49:47,449 - INFO - [scripts.adrule.logic.list_scraper] - build_detail_url: Initial lsiSeq candidates: ['2100000217805']
2025-09-19 22:49:47,455 - INFO - [scripts.adrule.logic.list_scraper] - --- build_detail_url analysis started for: javascript:admRulReturnSearch('지정직업훈련시설의 인력, 시설·장비 요건 등에 관한 규정','2100000209206','Y');return false; ---
2025-09-19 22:49:47,455 - INFO - [scripts.adrule.logic.list_scraper] - build_detail_url: Extracted params: ['지정직업훈련시설의 인력, 시설·장비 요건 등에 관한 규정', '2100000209206', 'Y']
2025-09-19 22:49:47,455 - INFO - [scripts.adrule.logic.list_scraper] - build_detail_url: Found efYd: None
2025-09-19 22:49:47,455 - INFO - [scripts.adrule.logic.list_scraper] - build_detail_url: Initial lsiSeq candidates: ['2100000209206']
2025-09-19 22:49:47,461 - INFO - [scripts.adrule.logic.list_scraper] - --- build_detail_url analysis started for: javascript:admRulReturnSearch('직업능력개발수당 고시','2100000209211','N');return false; ---
2025-09-19 22:49:47,461 - INFO - [scripts.adrule.logic.list_scraper] - build_detail_url: Extracted params: ['직업능력개발수당 고시', '2100000209211', 'N']
2025-09-19 22:49:47,461 - INFO - [scripts.adrule.logic.list_scraper] - build_detail_url: Found efYd: None
2025-09-19 22:49:47,461 - INFO - [scripts.adrule.logic.list_scraper] - build_detail_url: Initial lsiSeq candidates: ['2100000209211']
2025-09-19 22:49:47,469 - INFO - [scripts.adrule.logic.list_scraper] - --- build_detail_url analysis started for: javascript:admRulReturnSearch('직업능력개발훈련 교·강사의 보수교육에 관한 운영규정','2100000235674','Y');return false; ---
2025-09-19 22:49:47,469 - INFO - [scripts.adrule.logic.list_scraper] - build_detail_url: Extracted params: ['직업능력개발훈련 교·강사의 보수교육에 관한 운영규정', '2100000235674', 'Y']
2025-09-19 22:49:47,469 - INFO - [scripts.adrule.logic.list_scraper] - build_detail_url: Found efYd: None
2025-09-19 22:49:47,469 - INFO - [scripts.adrule.logic.list_scraper] - build_detail_url: Initial lsiSeq candidates: ['2100000235674']
2025-09-19 22:49:47,475 - INFO - [scripts.adrule.logic.list_scraper] - --- build_detail_url analysis started for: javascript:admRulReturnSearch('직업능력개발훈련교사의 양성을 위한 훈련시설 또는 훈련과정을 설치·운영할 수 있는 법인·단체','2100000209217','N');return false; ---
2025-09-19 22:49:47,476 - INFO - [scripts.adrule.logic.list_scraper] - build_detail_url: Extracted params: ['직업능력개발훈련교사의 양성을 위한 훈련시설 또는 훈련과정을 설치·운영할 수 있는 법인·단체', '2100000209217', 'N']
2025-09-19 22:49:47,476 - INFO - [scripts.adrule.logic.list_scraper] - build_detail_url: Found efYd: None
2025-09-19 22:49:47,476 - INFO - [scripts.adrule.logic.list_scraper] - build_detail_url: Initial lsiSeq candidates: ['2100000209217']
2025-09-19 22:49:47,481 - INFO - [scripts.adrule.logic.list_scraper] - --- build_detail_url analysis started for: javascript:admRulReturnSearch('직업능력개발훈련교사 자격기준','2100000256802','Y');return false; ---
2025-09-19 22:49:47,482 - INFO - [scripts.adrule.logic.list_scraper] - build_detail_url: Extracted params: ['직업능력개발훈련교사 자격기준', '2100000256802', 'Y']
2025-09-19 22:49:47,482 - INFO - [scripts.adrule.logic.list_scraper] - build_detail_url: Found efYd: None
2025-09-19 22:49:47,482 - INFO - [scripts.adrule.logic.list_scraper] - build_detail_url: Initial lsiSeq candidates: ['2100000256802']
2025-09-19 22:49:47,488 - INFO - [scripts.adrule.logic.list_scraper] - --- build_detail_url analysis started for: javascript:admRulReturnSearch('직업능력개발 훈련기관 지도·감독에 관한 규정','2100000209226','Y');return false; ---
2025-09-19 22:49:47,488 - INFO - [scripts.adrule.logic.list_scraper] - build_detail_url: Extracted params: ['직업능력개발 훈련기관 지도·감독에 관한 규정', '2100000209226', 'Y']
2025-09-19 22:49:47,488 - INFO - [scripts.adrule.logic.list_scraper] - build_detail_url: Found efYd: None
2025-09-19 22:49:47,488 - INFO - [scripts.adrule.logic.list_scraper] - build_detail_url: Initial lsiSeq candidates: ['2100000209226']
2025-09-19 22:49:47,493 - INFO - [scripts.adrule.logic.list_scraper] - --- build_detail_url analysis started for: javascript:admRulReturnSearch('직업능력개발훈련 모니터링에 관한 규정','2100000209224','Y');return false; ---
2025-09-19 22:49:47,493 - INFO - [scripts.adrule.logic.list_scraper] - build_detail_url: Extracted params: ['직업능력개발훈련 모니터링에 관한 규정', '2100000209224', 'Y']
2025-09-19 22:49:47,493 - INFO - [scripts.adrule.logic.list_scraper] - build_detail_url: Found efYd: None
2025-09-19 22:49:47,493 - INFO - [scripts.adrule.logic.list_scraper] - build_detail_url: Initial lsiSeq candidates: ['2100000209224']
2025-09-19 22:49:47,499 - INFO - [scripts.adrule.logic.list_scraper] - --- build_detail_url analysis started for: javascript:admRulReturnSearch('직업능력개발훈련의 직종별 훈련기준','2100000256800','N');return false; ---
2025-09-19 22:49:47,499 - INFO - [scripts.adrule.logic.list_scraper] - build_detail_url: Extracted params: ['직업능력개발훈련의 직종별 훈련기준', '2100000256800', 'N']
2025-09-19 22:49:47,499 - INFO - [scripts.adrule.logic.list_scraper] - build_detail_url: Found efYd: None
2025-09-19 22:49:47,499 - INFO - [scripts.adrule.logic.list_scraper] - build_detail_url: Initial lsiSeq candidates: ['2100000256800']
2025-09-19 22:49:47,504 - INFO - [scripts.adrule.logic.list_scraper] - --- build_detail_url analysis started for: javascript:admRulReturnSearch('직업능력개발훈련 품질관리에 관한 규정','2100000217140','Y');return false; ---
2025-09-19 22:49:47,504 - INFO - [scripts.adrule.logic.list_scraper] - build_detail_url: Extracted params: ['직업능력개발훈련 품질관리에 관한 규정', '2100000217140', 'Y']
2025-09-19 22:49:47,504 - INFO - [scripts.adrule.logic.list_scraper] - build_detail_url: Found efYd: None
2025-09-19 22:49:47,504 - INFO - [scripts.adrule.logic.list_scraper] - build_detail_url: Initial lsiSeq candidates: ['2100000217140']
2025-09-19 22:49:47,512 - INFO - [scripts.adrule.logic.list_scraper] - --- build_detail_url analysis started for: javascript:admRulReturnSearch('직업능력정책 관련 법령에 따른 과태료의 가중처분에 관한  세부 지침','2100000229744','Y');return false; ---
2025-09-19 22:49:47,512 - INFO - [scripts.adrule.logic.list_scraper] - build_detail_url: Extracted params: ['직업능력정책 관련 법령에 따른 과태료의 가중처분에 관한  세부 지침', '2100000229744', 'Y']
2025-09-19 22:49:47,512 - INFO - [scripts.adrule.logic.list_scraper] - build_detail_url: Found efYd: None
2025-09-19 22:49:47,512 - INFO - [scripts.adrule.logic.list_scraper] - build_detail_url: Initial lsiSeq candidates: ['2100000229744']
2025-09-19 22:49:47,519 - INFO - [scripts.adrule.logic.list_scraper] - --- build_detail_url analysis started for: javascript:admRulReturnSearch('직업상담원 운영규정','2100000222712','Y');return false; ---
2025-09-19 22:49:47,519 - INFO - [scripts.adrule.logic.list_scraper] - build_detail_url: Extracted params: ['직업상담원 운영규정', '2100000222712', 'Y']
2025-09-19 22:49:47,519 - INFO - [scripts.adrule.logic.list_scraper] - build_detail_url: Found efYd: None
2025-09-19 22:49:47,519 - INFO - [scripts.adrule.logic.list_scraper] - build_detail_url: Initial lsiSeq candidates: ['2100000222712']
2025-09-19 22:49:47,525 - INFO - [scripts.adrule.logic.list_scraper] - --- build_detail_url analysis started for: javascript:admRulReturnSearch('직업소개 등 사업자협회의 공제사업에 관한 규정','2100000037800','Y');return false; ---
2025-09-19 22:49:47,525 - INFO - [scripts.adrule.logic.list_scraper] - build_detail_url: Extracted params: ['직업소개 등 사업자협회의 공제사업에 관한 규정', '2100000037800', 'Y']
2025-09-19 22:49:47,525 - INFO - [scripts.adrule.logic.list_scraper] - build_detail_url: Found efYd: None
2025-09-19 22:49:47,525 - INFO - [scripts.adrule.logic.list_scraper] - build_detail_url: Initial lsiSeq candidates: ['2100000037800']
2025-09-19 22:49:47,525 - INFO - [scripts.adrule.logic.list_scraper] - 현재 페이지에서 50개의 링크를 발견, 48개를 최종 추가했습니다.
2025-09-19 22:49:47,525 - WARNING - [scripts.adrule.logic.list_scraper] - !!! 페이지 요약 경고: 7 페이지에서 예상(50개)보다 적은 48개의 URL이 추가되었습니다.
2025-09-19 22:49:47,525 - INFO - [scripts.adrule.logic.list_scraper] - --- 8 / 9 페이지 처리 중 ---
2025-09-19 22:49:47,529 - INFO - [scripts.adrule.logic.list_scraper] - 8 페이지로 이동합니다...
2025-09-19 22:49:47,532 - INFO - [scripts.adrule.logic.list_scraper] - 페이지 내용이 갱신되기를 대기합니다...
2025-09-19 22:49:47,644 - INFO - [scripts.adrule.logic.list_scraper] - 페이지 내용 갱신 확인 및 로딩 완료.
2025-09-19 22:49:47,667 - INFO - [scripts.adrule.logic.list_scraper] - --- build_detail_url analysis started for: javascript:admRulReturnSearch('직업소개 등 업무 처리 규정','2100000209200','Y');return false; ---
2025-09-19 22:49:47,667 - INFO - [scripts.adrule.logic.list_scraper] - build_detail_url: Extracted params: ['직업소개 등 업무 처리 규정', '2100000209200', 'Y']
2025-09-19 22:49:47,667 - INFO - [scripts.adrule.logic.list_scraper] - build_detail_url: Found efYd: None
2025-09-19 22:49:47,667 - INFO - [scripts.adrule.logic.list_scraper] - build_detail_url: Initial lsiSeq candidates: ['2100000209200']
2025-09-19 22:49:47,672 - INFO - [scripts.adrule.logic.list_scraper] - --- build_detail_url analysis started for: javascript:admRulReturnSearch('직업재활급여 상한금액','2100000209240','N');return false; ---
2025-09-19 22:49:47,672 - INFO - [scripts.adrule.logic.list_scraper] - build_detail_url: Extracted params: ['직업재활급여 상한금액', '2100000209240', 'N']
2025-09-19 22:49:47,672 - INFO - [scripts.adrule.logic.list_scraper] - build_detail_url: Found efYd: None
2025-09-19 22:49:47,672 - INFO - [scripts.adrule.logic.list_scraper] - build_detail_url: Initial lsiSeq candidates: ['2100000209240']
2025-09-19 22:49:47,677 - INFO - [scripts.adrule.logic.list_scraper] - --- build_detail_url analysis started for: javascript:admRulReturnSearch('직업적성검사업무처리규정','2000000011376','Y');return false; ---
2025-09-19 22:49:47,678 - INFO - [scripts.adrule.logic.list_scraper] - build_detail_url: Extracted params: ['직업적성검사업무처리규정', '2000000011376', 'Y']
2025-09-19 22:49:47,678 - INFO - [scripts.adrule.logic.list_scraper] - build_detail_url: Found efYd: None
2025-09-19 22:49:47,678 - INFO - [scripts.adrule.logic.list_scraper] - build_detail_url: Initial lsiSeq candidates: ['2000000011376']
2025-09-19 22:49:47,684 - INFO - [scripts.adrule.logic.list_scraper] - --- build_detail_url analysis started for: javascript:admRulReturnSearch('직업정보제공사업 신고업무 처리 규정','2100000169910','Y');return false; ---
2025-09-19 22:49:47,684 - INFO - [scripts.adrule.logic.list_scraper] - build_detail_url: Extracted params: ['직업정보제공사업 신고업무 처리 규정', '2100000169910', 'Y']
2025-09-19 22:49:47,684 - INFO - [scripts.adrule.logic.list_scraper] - build_detail_url: Found efYd: None
2025-09-19 22:49:47,684 - INFO - [scripts.adrule.logic.list_scraper] - build_detail_url: Initial lsiSeq candidates: ['2100000169910']
2025-09-19 22:49:47,691 - INFO - [scripts.adrule.logic.list_scraper] - --- build_detail_url analysis started for: javascript:admRulReturnSearch('직업지도관 운영 규정','2200000022888','Y');return false; ---
2025-09-19 22:49:47,691 - INFO - [scripts.adrule.logic.list_scraper] - build_detail_url: Extracted params: ['직업지도관 운영 규정', '2200000022888', 'Y']
2025-09-19 22:49:47,691 - INFO - [scripts.adrule.logic.list_scraper] - build_detail_url: Found efYd: None
2025-09-19 22:49:47,691 - INFO - [scripts.adrule.logic.list_scraper] - build_detail_url: Initial lsiSeq candidates: ['2200000022888']
2025-09-19 22:49:47,696 - INFO - [scripts.adrule.logic.list_scraper] - --- build_detail_url analysis started for: javascript:admRulReturnSearch('직업훈련개발 훈련 거부에 따른 구직급여 지급 정지기간 고시','2100000217653','N');return false; ---
2025-09-19 22:49:47,697 - INFO - [scripts.adrule.logic.list_scraper] - build_detail_url: Extracted params: ['직업훈련개발 훈련 거부에 따른 구직급여 지급 정지기간 고시', '2100000217653', 'N']
2025-09-19 22:49:47,697 - INFO - [scripts.adrule.logic.list_scraper] - build_detail_url: Found efYd: None
2025-09-19 22:49:47,697 - INFO - [scripts.adrule.logic.list_scraper] - build_detail_url: Initial lsiSeq candidates: ['2100000217653']
2025-09-19 22:49:47,703 - INFO - [scripts.adrule.logic.list_scraper] - --- build_detail_url analysis started for: javascript:admRulReturnSearch('직업훈련 생계비 대부 규정','2100000243350','Y');return false; ---
2025-09-19 22:49:47,703 - INFO - [scripts.adrule.logic.list_scraper] - build_detail_url: Extracted params: ['직업훈련 생계비 대부 규정', '2100000243350', 'Y']
2025-09-19 22:49:47,703 - INFO - [scripts.adrule.logic.list_scraper] - build_detail_url: Found efYd: None
2025-09-19 22:49:47,703 - INFO - [scripts.adrule.logic.list_scraper] - build_detail_url: Initial lsiSeq candidates: ['2100000243350']
2025-09-19 22:49:47,708 - INFO - [scripts.adrule.logic.list_scraper] - --- build_detail_url analysis started for: javascript:admRulReturnSearch('직장 내 장애인 인식개선 교육 규정','2100000252780','Y');return false; ---
2025-09-19 22:49:47,708 - INFO - [scripts.adrule.logic.list_scraper] - build_detail_url: Extracted params: ['직장 내 장애인 인식개선 교육 규정', '2100000252780', 'Y']
2025-09-19 22:49:47,708 - INFO - [scripts.adrule.logic.list_scraper] - build_detail_url: Found efYd: None
2025-09-19 22:49:47,708 - INFO - [scripts.adrule.logic.list_scraper] - build_detail_url: Initial lsiSeq candidates: ['2100000252780']
2025-09-19 22:49:47,713 - INFO - [scripts.adrule.logic.list_scraper] - --- build_detail_url analysis started for: javascript:admRulReturnSearch('직장어린이집 등 설치·운영 규정','2100000264056','Y');return false; ---
2025-09-19 22:49:47,713 - INFO - [scripts.adrule.logic.list_scraper] - build_detail_url: Extracted params: ['직장어린이집 등 설치·운영 규정', '2100000264056', 'Y']
2025-09-19 22:49:47,713 - INFO - [scripts.adrule.logic.list_scraper] - build_detail_url: Found efYd: None
2025-09-19 22:49:47,713 - INFO - [scripts.adrule.logic.list_scraper] - build_detail_url: Initial lsiSeq candidates: ['2100000264056']
2025-09-19 22:49:47,718 - INFO - [scripts.adrule.logic.list_scraper] - --- build_detail_url analysis started for: javascript:admRulReturnSearch('직장어린이집 보육교사 등 인건비 및 우선지원 대상기업 운영비 지원에 관한 규정','2100000264060','N');return false; ---
2025-09-19 22:49:47,718 - INFO - [scripts.adrule.logic.list_scraper] - build_detail_url: Extracted params: ['직장어린이집 보육교사 등 인건비 및 우선지원 대상기업 운영비 지원에 관한 규정', '2100000264060', 'N']
2025-09-19 22:49:47,718 - INFO - [scripts.adrule.logic.list_scraper] - build_detail_url: Found efYd: None
2025-09-19 22:49:47,718 - INFO - [scripts.adrule.logic.list_scraper] - build_detail_url: Initial lsiSeq candidates: ['2100000264060']
2025-09-19 22:49:47,724 - INFO - [scripts.adrule.logic.list_scraper] - --- build_detail_url analysis started for: javascript:admRulReturnSearch('진단수당','2000000021546','Y');return false; ---
2025-09-19 22:49:47,724 - INFO - [scripts.adrule.logic.list_scraper] - build_detail_url: Extracted params: ['진단수당', '2000000021546', 'Y']
2025-09-19 22:49:47,724 - INFO - [scripts.adrule.logic.list_scraper] - build_detail_url: Found efYd: None
2025-09-19 22:49:47,724 - INFO - [scripts.adrule.logic.list_scraper] - build_detail_url: Initial lsiSeq candidates: ['2000000021546']
2025-09-19 22:49:47,729 - INFO - [scripts.adrule.logic.list_scraper] - --- build_detail_url analysis started for: javascript:admRulReturnSearch('진폐건강진단 실시 및 관리규정','2100000243786','Y');return false; ---
2025-09-19 22:49:47,730 - INFO - [scripts.adrule.logic.list_scraper] - build_detail_url: Extracted params: ['진폐건강진단 실시 및 관리규정', '2100000243786', 'Y']
2025-09-19 22:49:47,730 - INFO - [scripts.adrule.logic.list_scraper] - build_detail_url: Found efYd: None
2025-09-19 22:49:47,730 - INFO - [scripts.adrule.logic.list_scraper] - build_detail_url: Initial lsiSeq candidates: ['2100000243786']
2025-09-19 22:49:47,735 - INFO - [scripts.adrule.logic.list_scraper] - --- build_detail_url analysis started for: javascript:admRulReturnSearch('진폐고시임금','2100000251898','N');return false; ---
2025-09-19 22:49:47,735 - INFO - [scripts.adrule.logic.list_scraper] - build_detail_url: Extracted params: ['진폐고시임금', '2100000251898', 'N']
2025-09-19 22:49:47,735 - INFO - [scripts.adrule.logic.list_scraper] - build_detail_url: Found efYd: None
2025-09-19 22:49:47,735 - INFO - [scripts.adrule.logic.list_scraper] - build_detail_url: Initial lsiSeq candidates: ['2100000251898']
2025-09-19 22:49:47,743 - INFO - [scripts.adrule.logic.list_scraper] - --- build_detail_url analysis started for: javascript:admRulReturnSearch('진폐업무 처리규정','2100000054851','Y');return false; ---
2025-09-19 22:49:47,743 - INFO - [scripts.adrule.logic.list_scraper] - build_detail_url: Extracted params: ['진폐업무 처리규정', '2100000054851', 'Y']
2025-09-19 22:49:47,743 - INFO - [scripts.adrule.logic.list_scraper] - build_detail_url: Found efYd: None
2025-09-19 22:49:47,743 - INFO - [scripts.adrule.logic.list_scraper] - build_detail_url: Initial lsiSeq candidates: ['2100000054851']
2025-09-19 22:49:47,748 - INFO - [scripts.adrule.logic.list_scraper] - --- build_detail_url analysis started for: javascript:admRulReturnSearch('채용절차 공정화 관련 신고사무 처리지침','2100000182170','Y');return false; ---
2025-09-19 22:49:47,748 - INFO - [scripts.adrule.logic.list_scraper] - build_detail_url: Extracted params: ['채용절차 공정화 관련 신고사무 처리지침', '2100000182170', 'Y']
2025-09-19 22:49:47,748 - INFO - [scripts.adrule.logic.list_scraper] - build_detail_url: Found efYd: None
2025-09-19 22:49:47,748 - INFO - [scripts.adrule.logic.list_scraper] - build_detail_url: Initial lsiSeq candidates: ['2100000182170']
2025-09-19 22:49:47,753 - INFO - [scripts.adrule.logic.list_scraper] - --- build_detail_url analysis started for: javascript:admRulReturnSearch('채용절차의 공정화에 관한 법률에 따른 과태료의 가중처분에 관한 세부 지침','2100000229974','Y');return false; ---
2025-09-19 22:49:47,754 - INFO - [scripts.adrule.logic.list_scraper] - build_detail_url: Extracted params: ['채용절차의 공정화에 관한 법률에 따른 과태료의 가중처분에 관한 세부 지침', '2100000229974', 'Y']
2025-09-19 22:49:47,754 - INFO - [scripts.adrule.logic.list_scraper] - build_detail_url: Found efYd: None
2025-09-19 22:49:47,754 - INFO - [scripts.adrule.logic.list_scraper] - build_detail_url: Initial lsiSeq candidates: ['2100000229974']
2025-09-19 22:49:47,758 - INFO - [scripts.adrule.logic.list_scraper] - --- build_detail_url analysis started for: javascript:admRulReturnSearch('철강업에 있어서 수증기 폭발 및 고열물 접촉위험 방지를 위한 기술상의 지침','2100000186061','Y');return false; ---
2025-09-19 22:49:47,758 - INFO - [scripts.adrule.logic.list_scraper] - build_detail_url: Extracted params: ['철강업에 있어서 수증기 폭발 및 고열물 접촉위험 방지를 위한 기술상의 지침', '2100000186061', 'Y']
2025-09-19 22:49:47,758 - INFO - [scripts.adrule.logic.list_scraper] - build_detail_url: Found efYd: None
2025-09-19 22:49:47,758 - INFO - [scripts.adrule.logic.list_scraper] - build_detail_url: Initial lsiSeq candidates: ['2100000186061']
2025-09-19 22:49:47,764 - INFO - [scripts.adrule.logic.list_scraper] - --- build_detail_url analysis started for: javascript:admRulReturnSearch('철골공사표준안전작업지침','2100000186037','Y');return false; ---
2025-09-19 22:49:47,764 - INFO - [scripts.adrule.logic.list_scraper] - build_detail_url: Extracted params: ['철골공사표준안전작업지침', '2100000186037', 'Y']
2025-09-19 22:49:47,764 - INFO - [scripts.adrule.logic.list_scraper] - build_detail_url: Found efYd: None
2025-09-19 22:49:47,764 - INFO - [scripts.adrule.logic.list_scraper] - build_detail_url: Initial lsiSeq candidates: ['2100000186037']
2025-09-19 22:49:47,769 - INFO - [scripts.adrule.logic.list_scraper] - --- build_detail_url analysis started for: javascript:admRulReturnSearch('「청년고용촉진 특별법」에 따른 과태료의 가중처분에 관한 세부 지침','2100000229714','Y');return false; ---
2025-09-19 22:49:47,769 - INFO - [scripts.adrule.logic.list_scraper] - build_detail_url: Extracted params: ['「청년고용촉진 특별법」에 따른 과태료의 가중처분에 관한 세부 지침', '2100000229714', 'Y']
2025-09-19 22:49:47,769 - INFO - [scripts.adrule.logic.list_scraper] - build_detail_url: Found efYd: None
2025-09-19 22:49:47,769 - INFO - [scripts.adrule.logic.list_scraper] - build_detail_url: Initial lsiSeq candidates: ['2100000229714']
2025-09-19 22:49:47,774 - INFO - [scripts.adrule.logic.list_scraper] - --- build_detail_url analysis started for: javascript:admRulReturnSearch('청년고용촉진특별위원회 운영규정','2100000055373','Y');return false; ---
2025-09-19 22:49:47,774 - INFO - [scripts.adrule.logic.list_scraper] - build_detail_url: Extracted params: ['청년고용촉진특별위원회 운영규정', '2100000055373', 'Y']
2025-09-19 22:49:47,775 - INFO - [scripts.adrule.logic.list_scraper] - build_detail_url: Found efYd: None
2025-09-19 22:49:47,775 - INFO - [scripts.adrule.logic.list_scraper] - build_detail_url: Initial lsiSeq candidates: ['2100000055373']
2025-09-19 22:49:47,779 - INFO - [scripts.adrule.logic.list_scraper] - --- build_detail_url analysis started for: javascript:admRulReturnSearch('청년취업아카데미 운영 규정','2100000209269','Y');return false; ---
2025-09-19 22:49:47,779 - INFO - [scripts.adrule.logic.list_scraper] - build_detail_url: Extracted params: ['청년취업아카데미 운영 규정', '2100000209269', 'Y']
2025-09-19 22:49:47,779 - INFO - [scripts.adrule.logic.list_scraper] - build_detail_url: Found efYd: None
2025-09-19 22:49:47,779 - INFO - [scripts.adrule.logic.list_scraper] - build_detail_url: Initial lsiSeq candidates: ['2100000209269']
2025-09-19 22:49:47,785 - INFO - [scripts.adrule.logic.list_scraper] - --- build_detail_url analysis started for: javascript:admRulReturnSearch('청사 임대차 계약에 관한 규정','2100000259936','Y');return false; ---
2025-09-19 22:49:47,785 - INFO - [scripts.adrule.logic.list_scraper] - build_detail_url: Extracted params: ['청사 임대차 계약에 관한 규정', '2100000259936', 'Y']
2025-09-19 22:49:47,785 - INFO - [scripts.adrule.logic.list_scraper] - build_detail_url: Found efYd: None
2025-09-19 22:49:47,785 - INFO - [scripts.adrule.logic.list_scraper] - build_detail_url: Initial lsiSeq candidates: ['2100000259936']
2025-09-19 22:49:47,790 - INFO - [scripts.adrule.logic.list_scraper] - --- build_detail_url analysis started for: javascript:admRulReturnSearch('체불 임금등 대지급금 관련업무 지원대상이 되는 퇴직한 근로자의 퇴직 전 월평균보수액','2100000223830','N');return false; ---
2025-09-19 22:49:47,790 - INFO - [scripts.adrule.logic.list_scraper] - build_detail_url: Extracted params: ['체불 임금등 대지급금 관련업무 지원대상이 되는 퇴직한 근로자의 퇴직 전 월평균보수액', '2100000223830', 'N']
2025-09-19 22:49:47,790 - INFO - [scripts.adrule.logic.list_scraper] - build_detail_url: Found efYd: None
2025-09-19 22:49:47,790 - INFO - [scripts.adrule.logic.list_scraper] - build_detail_url: Initial lsiSeq candidates: ['2100000223830']
2025-09-19 22:49:47,796 - INFO - [scripts.adrule.logic.list_scraper] - --- build_detail_url analysis started for: javascript:admRulReturnSearch('체불 임금등 대지급금 상한액 고시','2100000205348','N');return false; ---
2025-09-19 22:49:47,796 - INFO - [scripts.adrule.logic.list_scraper] - build_detail_url: Extracted params: ['체불 임금등 대지급금 상한액 고시', '2100000205348', 'N']
2025-09-19 22:49:47,796 - INFO - [scripts.adrule.logic.list_scraper] - build_detail_url: Found efYd: None
2025-09-19 22:49:47,796 - INFO - [scripts.adrule.logic.list_scraper] - build_detail_url: Initial lsiSeq candidates: ['2100000205348']
2025-09-19 22:49:47,800 - INFO - [scripts.adrule.logic.list_scraper] - --- build_detail_url analysis started for: javascript:admRulReturnSearch('체불 임금등 대지급금 지급대상이 되는 재직 근로자의 임금액 기준','2100000205344','N');return false; ---
2025-09-19 22:49:47,801 - INFO - [scripts.adrule.logic.list_scraper] - build_detail_url: Extracted params: ['체불 임금등 대지급금 지급대상이 되는 재직 근로자의 임금액 기준', '2100000205344', 'N']
2025-09-19 22:49:47,801 - INFO - [scripts.adrule.logic.list_scraper] - build_detail_url: Found efYd: None
2025-09-19 22:49:47,801 - INFO - [scripts.adrule.logic.list_scraper] - build_detail_url: Initial lsiSeq candidates: ['2100000205344']
2025-09-19 22:49:47,806 - INFO - [scripts.adrule.logic.list_scraper] - --- build_detail_url analysis started for: javascript:admRulReturnSearch('최고·최저 보상기준 금액','2100000251930','N');return false; ---
2025-09-19 22:49:47,806 - INFO - [scripts.adrule.logic.list_scraper] - build_detail_url: Extracted params: ['최고·최저 보상기준 금액', '2100000251930', 'N']
2025-09-19 22:49:47,806 - INFO - [scripts.adrule.logic.list_scraper] - build_detail_url: Found efYd: None
2025-09-19 22:49:47,806 - INFO - [scripts.adrule.logic.list_scraper] - build_detail_url: Initial lsiSeq candidates: ['2100000251930']
2025-09-19 22:49:47,810 - INFO - [scripts.adrule.logic.list_scraper] - --- build_detail_url analysis started for: javascript:admRulReturnSearch('최저임금법 제5조에 따른 단순노무직종 근로자 지정 고시','2100000118064','Y');return false; ---
2025-09-19 22:49:47,811 - INFO - [scripts.adrule.logic.list_scraper] - build_detail_url: Extracted params: ['최저임금법 제5조에 따른 단순노무직종 근로자 지정 고시', '2100000118064', 'Y']
2025-09-19 22:49:47,811 - INFO - [scripts.adrule.logic.list_scraper] - build_detail_url: Found efYd: None
2025-09-19 22:49:47,811 - INFO - [scripts.adrule.logic.list_scraper] - build_detail_url: Initial lsiSeq candidates: ['2100000118064']
2025-09-19 22:49:47,817 - INFO - [scripts.adrule.logic.list_scraper] - --- build_detail_url analysis started for: javascript:admRulReturnSearch('최저임금위원회 사용자위원을 추천할 수 있는 단체 지정','2100000177212','N');return false; ---
2025-09-19 22:49:47,817 - INFO - [scripts.adrule.logic.list_scraper] - build_detail_url: Extracted params: ['최저임금위원회 사용자위원을 추천할 수 있는 단체 지정', '2100000177212', 'N']
2025-09-19 22:49:47,817 - INFO - [scripts.adrule.logic.list_scraper] - build_detail_url: Found efYd: None
2025-09-19 22:49:47,817 - INFO - [scripts.adrule.logic.list_scraper] - build_detail_url: Initial lsiSeq candidates: ['2100000177212']
2025-09-19 22:49:47,821 - INFO - [scripts.adrule.logic.list_scraper] - --- build_detail_url analysis started for: javascript:admRulReturnSearch('추락재해방지표준안전작업지침','2100000186039','Y');return false; ---
2025-09-19 22:49:47,821 - INFO - [scripts.adrule.logic.list_scraper] - build_detail_url: Extracted params: ['추락재해방지표준안전작업지침', '2100000186039', 'Y']
2025-09-19 22:49:47,821 - INFO - [scripts.adrule.logic.list_scraper] - build_detail_url: Found efYd: None
2025-09-19 22:49:47,821 - INFO - [scripts.adrule.logic.list_scraper] - build_detail_url: Initial lsiSeq candidates: ['2100000186039']
2025-09-19 22:49:47,827 - INFO - [scripts.adrule.logic.list_scraper] - --- build_detail_url analysis started for: javascript:admRulReturnSearch('출산전후휴가 급여등 상한액 고시','2100000254970','N');return false; ---
2025-09-19 22:49:47,827 - INFO - [scripts.adrule.logic.list_scraper] - build_detail_url: Extracted params: ['출산전후휴가 급여등 상한액 고시', '2100000254970', 'N']
2025-09-19 22:49:47,827 - INFO - [scripts.adrule.logic.list_scraper] - build_detail_url: Found efYd: None
2025-09-19 22:49:47,827 - INFO - [scripts.adrule.logic.list_scraper] - build_detail_url: Initial lsiSeq candidates: ['2100000254970']
2025-09-19 22:49:47,831 - INFO - [scripts.adrule.logic.list_scraper] - --- build_detail_url analysis started for: javascript:admRulReturnSearch('취업규칙 심사요령','2000000021030','N');return false; ---
2025-09-19 22:49:47,831 - INFO - [scripts.adrule.logic.list_scraper] - build_detail_url: Extracted params: ['취업규칙 심사요령', '2000000021030', 'N']
2025-09-19 22:49:47,831 - INFO - [scripts.adrule.logic.list_scraper] - build_detail_url: Found efYd: None
2025-09-19 22:49:47,831 - INFO - [scripts.adrule.logic.list_scraper] - build_detail_url: Initial lsiSeq candidates: ['2000000021030']
2025-09-19 22:49:47,837 - INFO - [scripts.adrule.logic.list_scraper] - --- build_detail_url analysis started for: javascript:admRulReturnSearch('콘크리트공사표준안전작업지침','2100000186041','Y');return false; ---
2025-09-19 22:49:47,837 - INFO - [scripts.adrule.logic.list_scraper] - build_detail_url: Extracted params: ['콘크리트공사표준안전작업지침', '2100000186041', 'Y']
2025-09-19 22:49:47,837 - INFO - [scripts.adrule.logic.list_scraper] - build_detail_url: Found efYd: None
2025-09-19 22:49:47,837 - INFO - [scripts.adrule.logic.list_scraper] - build_detail_url: Initial lsiSeq candidates: ['2100000186041']
2025-09-19 22:49:47,841 - INFO - [scripts.adrule.logic.list_scraper] - --- build_detail_url analysis started for: javascript:admRulReturnSearch('택시운송업 특별고용지원 업종 지정 고시','2100000234734','N');return false; ---
2025-09-19 22:49:47,841 - INFO - [scripts.adrule.logic.list_scraper] - build_detail_url: Extracted params: ['택시운송업 특별고용지원 업종 지정 고시', '2100000234734', 'N']
2025-09-19 22:49:47,841 - INFO - [scripts.adrule.logic.list_scraper] - build_detail_url: Found efYd: None
2025-09-19 22:49:47,842 - INFO - [scripts.adrule.logic.list_scraper] - build_detail_url: Initial lsiSeq candidates: ['2100000234734']
2025-09-19 22:49:47,847 - INFO - [scripts.adrule.logic.list_scraper] - --- build_detail_url analysis started for: javascript:admRulReturnSearch('터널공사 표준안전 작업지침-NATM공법','2100000226004','Y');return false; ---
2025-09-19 22:49:47,847 - INFO - [scripts.adrule.logic.list_scraper] - build_detail_url: Extracted params: ['터널공사 표준안전 작업지침-NATM공법', '2100000226004', 'Y']
2025-09-19 22:49:47,847 - INFO - [scripts.adrule.logic.list_scraper] - build_detail_url: Found efYd: None
2025-09-19 22:49:47,847 - INFO - [scripts.adrule.logic.list_scraper] - build_detail_url: Initial lsiSeq candidates: ['2100000226004']
2025-09-19 22:49:47,851 - INFO - [scripts.adrule.logic.list_scraper] - --- build_detail_url analysis started for: javascript:admRulReturnSearch('통상근로계수','2100000108863','N');return false; ---
2025-09-19 22:49:47,851 - INFO - [scripts.adrule.logic.list_scraper] - build_detail_url: Extracted params: ['통상근로계수', '2100000108863', 'N']
2025-09-19 22:49:47,851 - INFO - [scripts.adrule.logic.list_scraper] - build_detail_url: Found efYd: None
2025-09-19 22:49:47,852 - INFO - [scripts.adrule.logic.list_scraper] - build_detail_url: Initial lsiSeq candidates: ['2100000108863']
2025-09-19 22:49:47,857 - INFO - [scripts.adrule.logic.list_scraper] - --- build_detail_url analysis started for: javascript:admRulReturnSearch('통상임금 산정지침','2000000021031','Y');return false; ---
2025-09-19 22:49:47,857 - INFO - [scripts.adrule.logic.list_scraper] - build_detail_url: Extracted params: ['통상임금 산정지침', '2000000021031', 'Y']
2025-09-19 22:49:47,857 - INFO - [scripts.adrule.logic.list_scraper] - build_detail_url: Found efYd: None
2025-09-19 22:49:47,857 - INFO - [scripts.adrule.logic.list_scraper] - build_detail_url: Initial lsiSeq candidates: ['2000000021031']
2025-09-19 22:49:47,862 - INFO - [scripts.adrule.logic.list_scraper] - --- build_detail_url analysis started for: javascript:admRulReturnSearch('퇴직연금사업자 평가에 관한 고시','2100000238156','Y');return false; ---
2025-09-19 22:49:47,862 - INFO - [scripts.adrule.logic.list_scraper] - build_detail_url: Extracted params: ['퇴직연금사업자 평가에 관한 고시', '2100000238156', 'Y']
2025-09-19 22:49:47,862 - INFO - [scripts.adrule.logic.list_scraper] - build_detail_url: Found efYd: None
2025-09-19 22:49:47,862 - INFO - [scripts.adrule.logic.list_scraper] - build_detail_url: Initial lsiSeq candidates: ['2100000238156']
2025-09-19 22:49:47,868 - INFO - [scripts.adrule.logic.list_scraper] - --- build_detail_url analysis started for: javascript:admRulReturnSearch('퇴직연금 수수료 부과에 관한 고시','2100000232620','Y');return false; ---
2025-09-19 22:49:47,868 - INFO - [scripts.adrule.logic.list_scraper] - build_detail_url: Extracted params: ['퇴직연금 수수료 부과에 관한 고시', '2100000232620', 'Y']
2025-09-19 22:49:47,868 - INFO - [scripts.adrule.logic.list_scraper] - build_detail_url: Found efYd: None
2025-09-19 22:49:47,868 - INFO - [scripts.adrule.logic.list_scraper] - build_detail_url: Initial lsiSeq candidates: ['2100000232620']
2025-09-19 22:49:47,873 - INFO - [scripts.adrule.logic.list_scraper] - --- build_detail_url analysis started for: javascript:admRulReturnSearch('퇴직연금제도 모집인의 교육 등에 관한 규정','2100000252850','Y');return false; ---
2025-09-19 22:49:47,873 - INFO - [scripts.adrule.logic.list_scraper] - build_detail_url: Extracted params: ['퇴직연금제도 모집인의 교육 등에 관한 규정', '2100000252850', 'Y']
2025-09-19 22:49:47,873 - INFO - [scripts.adrule.logic.list_scraper] - build_detail_url: Found efYd: None
2025-09-19 22:49:47,873 - INFO - [scripts.adrule.logic.list_scraper] - build_detail_url: Initial lsiSeq candidates: ['2100000252850']
2025-09-19 22:49:47,878 - INFO - [scripts.adrule.logic.list_scraper] - --- build_detail_url analysis started for: javascript:admRulReturnSearch('퇴직연금제도 모집인의 등록 등에 관한 규정','2100000185374','Y');return false; ---
2025-09-19 22:49:47,878 - INFO - [scripts.adrule.logic.list_scraper] - build_detail_url: Extracted params: ['퇴직연금제도 모집인의 등록 등에 관한 규정', '2100000185374', 'Y']
2025-09-19 22:49:47,878 - INFO - [scripts.adrule.logic.list_scraper] - build_detail_url: Found efYd: None
2025-09-19 22:49:47,878 - INFO - [scripts.adrule.logic.list_scraper] - build_detail_url: Initial lsiSeq candidates: ['2100000185374']
2025-09-19 22:49:47,883 - INFO - [scripts.adrule.logic.list_scraper] - --- build_detail_url analysis started for: javascript:admRulReturnSearch('퇴직연금제도 수급권의 담보제공 및 퇴직금 중간정산의 사유와 요건, 담보 한도 등에 관한 고시','2100000195808','N');return false; ---
2025-09-19 22:49:47,883 - INFO - [scripts.adrule.logic.list_scraper] - build_detail_url: Extracted params: ['퇴직연금제도 수급권의 담보제공 및 퇴직금 중간정산의 사유와 요건, 담보 한도 등에 관한 고시', '2100000195808', 'N']
2025-09-19 22:49:47,883 - INFO - [scripts.adrule.logic.list_scraper] - build_detail_url: Found efYd: None
2025-09-19 22:49:47,883 - INFO - [scripts.adrule.logic.list_scraper] - build_detail_url: Initial lsiSeq candidates: ['2100000195808']
2025-09-19 22:49:47,888 - INFO - [scripts.adrule.logic.list_scraper] - --- build_detail_url analysis started for: javascript:admRulReturnSearch('퇴직연금제도에 관한 전문성이 있다고 인정하는 자','2100000115838','N');return false; ---
2025-09-19 22:49:47,888 - INFO - [scripts.adrule.logic.list_scraper] - build_detail_url: Extracted params: ['퇴직연금제도에 관한 전문성이 있다고 인정하는 자', '2100000115838', 'N']
2025-09-19 22:49:47,888 - INFO - [scripts.adrule.logic.list_scraper] - build_detail_url: Found efYd: None
2025-09-19 22:49:47,888 - INFO - [scripts.adrule.logic.list_scraper] - build_detail_url: Initial lsiSeq candidates: ['2100000115838']
2025-09-19 22:49:47,893 - INFO - [scripts.adrule.logic.list_scraper] - --- build_detail_url analysis started for: javascript:admRulReturnSearch('퇴직연금제도 취급실적 제출주기와 제출서식에 관한 규정','2100000251042','Y');return false; ---
2025-09-19 22:49:47,893 - INFO - [scripts.adrule.logic.list_scraper] - build_detail_url: Extracted params: ['퇴직연금제도 취급실적 제출주기와 제출서식에 관한 규정', '2100000251042', 'Y']
2025-09-19 22:49:47,893 - INFO - [scripts.adrule.logic.list_scraper] - build_detail_url: Found efYd: None
2025-09-19 22:49:47,893 - INFO - [scripts.adrule.logic.list_scraper] - build_detail_url: Initial lsiSeq candidates: ['2100000251042']
2025-09-19 22:49:47,899 - INFO - [scripts.adrule.logic.list_scraper] - --- build_detail_url analysis started for: javascript:admRulReturnSearch('퇴직의 효력발생시기','2100000031705','N');return false; ---
2025-09-19 22:49:47,899 - INFO - [scripts.adrule.logic.list_scraper] - build_detail_url: Extracted params: ['퇴직의 효력발생시기', '2100000031705', 'N']
2025-09-19 22:49:47,899 - INFO - [scripts.adrule.logic.list_scraper] - build_detail_url: Found efYd: None
2025-09-19 22:49:47,899 - INFO - [scripts.adrule.logic.list_scraper] - build_detail_url: Initial lsiSeq candidates: ['2100000031705']
2025-09-19 22:49:47,905 - INFO - [scripts.adrule.logic.list_scraper] - --- build_detail_url analysis started for: javascript:admRulReturnSearch('특별고용지원 업종의 지정기준 등에 관한 고시','2100000240458','Y');return false; ---
2025-09-19 22:49:47,905 - INFO - [scripts.adrule.logic.list_scraper] - build_detail_url: Extracted params: ['특별고용지원 업종의 지정기준 등에 관한 고시', '2100000240458', 'Y']
2025-09-19 22:49:47,905 - INFO - [scripts.adrule.logic.list_scraper] - build_detail_url: Found efYd: None
2025-09-19 22:49:47,905 - INFO - [scripts.adrule.logic.list_scraper] - build_detail_url: Initial lsiSeq candidates: ['2100000240458']
2025-09-19 22:49:47,911 - INFO - [scripts.adrule.logic.list_scraper] - --- build_detail_url analysis started for: javascript:admRulReturnSearch('특별연장근로 건강보호조치','2100000257476','N');return false; ---
2025-09-19 22:49:47,911 - INFO - [scripts.adrule.logic.list_scraper] - build_detail_url: Extracted params: ['특별연장근로 건강보호조치', '2100000257476', 'N']
2025-09-19 22:49:47,911 - INFO - [scripts.adrule.logic.list_scraper] - build_detail_url: Found efYd: None
2025-09-19 22:49:47,911 - INFO - [scripts.adrule.logic.list_scraper] - build_detail_url: Initial lsiSeq candidates: ['2100000257476']
2025-09-19 22:49:47,916 - INFO - [scripts.adrule.logic.list_scraper] - --- build_detail_url analysis started for: javascript:admRulReturnSearch('특수건강진단기관의 정도관리에 관한 고시','2100000186108','Y');return false; ---
2025-09-19 22:49:47,916 - INFO - [scripts.adrule.logic.list_scraper] - build_detail_url: Extracted params: ['특수건강진단기관의 정도관리에 관한 고시', '2100000186108', 'Y']
2025-09-19 22:49:47,916 - INFO - [scripts.adrule.logic.list_scraper] - build_detail_url: Found efYd: None
2025-09-19 22:49:47,916 - INFO - [scripts.adrule.logic.list_scraper] - build_detail_url: Initial lsiSeq candidates: ['2100000186108']
2025-09-19 22:49:47,922 - INFO - [scripts.adrule.logic.list_scraper] - --- build_detail_url analysis started for: javascript:admRulReturnSearch('특수형태근로종사자에 대한 산재보험료 및 보험급여 산정의 기초가 되는 보수액 및 평균임금','2100000212836','N');return false; ---
2025-09-19 22:49:47,923 - INFO - [scripts.adrule.logic.list_scraper] - build_detail_url: Extracted params: ['특수형태근로종사자에 대한 산재보험료 및 보험급여 산정의 기초가 되는 보수액 및 평균임금', '2100000212836', 'N']
2025-09-19 22:49:47,923 - INFO - [scripts.adrule.logic.list_scraper] - build_detail_url: Found efYd: None
2025-09-19 22:49:47,923 - INFO - [scripts.adrule.logic.list_scraper] - build_detail_url: Initial lsiSeq candidates: ['2100000212836']
2025-09-19 22:49:47,929 - INFO - [scripts.adrule.logic.list_scraper] - --- build_detail_url analysis started for: javascript:admRulReturnSearch('평균임금 산정상의 상여금 취급요령','2100000029603','N');return false; ---
2025-09-19 22:49:47,929 - INFO - [scripts.adrule.logic.list_scraper] - build_detail_url: Extracted params: ['평균임금 산정상의 상여금 취급요령', '2100000029603', 'N']
2025-09-19 22:49:47,929 - INFO - [scripts.adrule.logic.list_scraper] - build_detail_url: Found efYd: None
2025-09-19 22:49:47,929 - INFO - [scripts.adrule.logic.list_scraper] - build_detail_url: Initial lsiSeq candidates: ['2100000029603']
2025-09-19 22:49:47,935 - INFO - [scripts.adrule.logic.list_scraper] - --- build_detail_url analysis started for: javascript:admRulReturnSearch('평균임금산정 특례 고시','2100000029605','Y');return false; ---
2025-09-19 22:49:47,935 - INFO - [scripts.adrule.logic.list_scraper] - build_detail_url: Extracted params: ['평균임금산정 특례 고시', '2100000029605', 'Y']
2025-09-19 22:49:47,935 - INFO - [scripts.adrule.logic.list_scraper] - build_detail_url: Found efYd: None
2025-09-19 22:49:47,935 - INFO - [scripts.adrule.logic.list_scraper] - build_detail_url: Initial lsiSeq candidates: ['2100000029605']
2025-09-19 22:49:47,935 - INFO - [scripts.adrule.logic.list_scraper] - 현재 페이지에서 50개의 링크를 발견, 50개를 최종 추가했습니다.
2025-09-19 22:49:47,935 - INFO - [scripts.adrule.logic.list_scraper] - --- 9 / 9 페이지 처리 중 ---
2025-09-19 22:49:47,939 - INFO - [scripts.adrule.logic.list_scraper] - 9 페이지로 이동합니다...
2025-09-19 22:49:47,943 - INFO - [scripts.adrule.logic.list_scraper] - 페이지 내용이 갱신되기를 대기합니다...
2025-09-19 22:49:48,054 - INFO - [scripts.adrule.logic.list_scraper] - 페이지 내용 갱신 확인 및 로딩 완료.
2025-09-19 22:49:48,070 - INFO - [scripts.adrule.logic.list_scraper] - --- build_detail_url analysis started for: javascript:admRulReturnSearch('플랫폼 사업자 보험사무이행지원금 산정기준','2100000252062','N');return false; ---
2025-09-19 22:49:48,070 - INFO - [scripts.adrule.logic.list_scraper] - build_detail_url: Extracted params: ['플랫폼 사업자 보험사무이행지원금 산정기준', '2100000252062', 'N']
2025-09-19 22:49:48,070 - INFO - [scripts.adrule.logic.list_scraper] - build_detail_url: Found efYd: None
2025-09-19 22:49:48,070 - INFO - [scripts.adrule.logic.list_scraper] - build_detail_url: Initial lsiSeq candidates: ['2100000252062']
2025-09-19 22:49:48,075 - INFO - [scripts.adrule.logic.list_scraper] - --- build_detail_url analysis started for: javascript:admRulReturnSearch('학생연구자에 대한 산재보험료 및 보험급여 산정의 기초가 되는 보수액 및 평균임금','2100000252360','N');return false; ---
2025-09-19 22:49:48,075 - INFO - [scripts.adrule.logic.list_scraper] - build_detail_url: Extracted params: ['학생연구자에 대한 산재보험료 및 보험급여 산정의 기초가 되는 보수액 및 평균임금', '2100000252360', 'N']
2025-09-19 22:49:48,075 - INFO - [scripts.adrule.logic.list_scraper] - build_detail_url: Found efYd: None
2025-09-19 22:49:48,075 - INFO - [scripts.adrule.logic.list_scraper] - build_detail_url: Initial lsiSeq candidates: ['2100000252360']
2025-09-19 22:49:48,081 - INFO - [scripts.adrule.logic.list_scraper] - --- build_detail_url analysis started for: javascript:admRulReturnSearch('한국고용직업분류','2100000250880','Y');return false; ---
2025-09-19 22:49:48,081 - INFO - [scripts.adrule.logic.list_scraper] - build_detail_url: Extracted params: ['한국고용직업분류', '2100000250880', 'Y']
2025-09-19 22:49:48,081 - INFO - [scripts.adrule.logic.list_scraper] - build_detail_url: Found efYd: None
2025-09-19 22:49:48,081 - INFO - [scripts.adrule.logic.list_scraper] - build_detail_url: Initial lsiSeq candidates: ['2100000250880']
2025-09-19 22:49:48,086 - INFO - [scripts.adrule.logic.list_scraper] - --- build_detail_url analysis started for: javascript:admRulReturnSearch('한국폴리텍대학 대구·구미·진주캠퍼스 임대형 민간투자사업 시설사업기본계획 고시','2100000175124','N');return false; ---
2025-09-19 22:49:48,086 - INFO - [scripts.adrule.logic.list_scraper] - build_detail_url: Extracted params: ['한국폴리텍대학 대구·구미·진주캠퍼스 임대형 민간투자사업 시설사업기본계획 고시', '2100000175124', 'N']
2025-09-19 22:49:48,086 - INFO - [scripts.adrule.logic.list_scraper] - build_detail_url: Found efYd: None
2025-09-19 22:49:48,086 - INFO - [scripts.adrule.logic.list_scraper] - build_detail_url: Initial lsiSeq candidates: ['2100000175124']
2025-09-19 22:49:48,091 - INFO - [scripts.adrule.logic.list_scraper] - --- build_detail_url analysis started for: javascript:admRulReturnSearch('한국폴리텍대학 창원2캠퍼스·영주캠퍼스 공학관 및 기숙사 증·개축 임대형 민간투자사업','2100000176058','N');return false; ---
2025-09-19 22:49:48,091 - INFO - [scripts.adrule.logic.list_scraper] - build_detail_url: Extracted params: ['한국폴리텍대학 창원2캠퍼스·영주캠퍼스 공학관 및 기숙사 증·개축 임대형 민간투자사업', '2100000176058', 'N']
2025-09-19 22:49:48,091 - INFO - [scripts.adrule.logic.list_scraper] - build_detail_url: Found efYd: None
2025-09-19 22:49:48,091 - INFO - [scripts.adrule.logic.list_scraper] - build_detail_url: Initial lsiSeq candidates: ['2100000176058']
2025-09-19 22:49:48,096 - INFO - [scripts.adrule.logic.list_scraper] - --- build_detail_url analysis started for: javascript:admRulReturnSearch('한국폴리텍대학 청주캠퍼스·아산캠퍼스 임대형 민간투자사업 시설사업기본계획 고시','2100000109529','N');return false; ---
2025-09-19 22:49:48,096 - INFO - [scripts.adrule.logic.list_scraper] - build_detail_url: Extracted params: ['한국폴리텍대학 청주캠퍼스·아산캠퍼스 임대형 민간투자사업 시설사업기본계획 고시', '2100000109529', 'N']
2025-09-19 22:49:48,096 - INFO - [scripts.adrule.logic.list_scraper] - build_detail_url: Found efYd: None
2025-09-19 22:49:48,096 - INFO - [scripts.adrule.logic.list_scraper] - build_detail_url: Initial lsiSeq candidates: ['2100000109529']
2025-09-19 22:49:48,101 - INFO - [scripts.adrule.logic.list_scraper] - --- build_detail_url analysis started for: javascript:admRulReturnSearch('한미 자유무역협정의 노동(제19장)에 대한 진정처리 등에 관한 지침','2000000017591','Y');return false; ---
2025-09-19 22:49:48,101 - INFO - [scripts.adrule.logic.list_scraper] - build_detail_url: Extracted params: []
2025-09-19 22:49:48,101 - INFO - [scripts.adrule.logic.list_scraper] - build_detail_url: Found efYd: None
2025-09-19 22:49:48,101 - INFO - [scripts.adrule.logic.list_scraper] - build_detail_url: Initial lsiSeq candidates: []
2025-09-19 22:49:48,101 - INFO - [scripts.adrule.logic.list_scraper] - build_detail_url: No valid lsiSeq candidate left. Returning None.
2025-09-19 22:49:48,101 - WARNING - [scripts.adrule.logic.list_scraper] - !!! 누락 경고 (9페이지 7번째 항목): URL 또는 법령명을 추출하지 못했습니다.
2025-09-19 22:49:48,101 - WARNING - [scripts.adrule.logic.list_scraper] -     - 법령명: ' 한미 자유무역협정의 노동(제19장)에 대한 진정처리 등에 관한 지침'
2025-09-19 22:49:48,101 - WARNING - [scripts.adrule.logic.list_scraper] -     - OnClick 속성: 'javascript:admRulReturnSearch('한미 자유무역협정의 노동(제19장)에 대한 진정처리 등에 관한 지침','2000000017591','Y');return false;'
2025-09-19 22:49:48,101 - WARNING - [scripts.adrule.logic.list_scraper] -     - 추정 원인: build_detail_url 함수가 유효한 URL을 생성하지 못했습니다.
2025-09-19 22:49:48,106 - INFO - [scripts.adrule.logic.list_scraper] - --- build_detail_url analysis started for: javascript:admRulReturnSearch('한·캐나다 자유무역협정의 노동(제18장)에 대한 진정처리 등에 관한 지침','2100000009216','Y');return false; ---
2025-09-19 22:49:48,106 - INFO - [scripts.adrule.logic.list_scraper] - build_detail_url: Extracted params: []
2025-09-19 22:49:48,106 - INFO - [scripts.adrule.logic.list_scraper] - build_detail_url: Found efYd: None
2025-09-19 22:49:48,106 - INFO - [scripts.adrule.logic.list_scraper] - build_detail_url: Initial lsiSeq candidates: []
2025-09-19 22:49:48,106 - INFO - [scripts.adrule.logic.list_scraper] - build_detail_url: No valid lsiSeq candidate left. Returning None.
2025-09-19 22:49:48,106 - WARNING - [scripts.adrule.logic.list_scraper] - !!! 누락 경고 (9페이지 8번째 항목): URL 또는 법령명을 추출하지 못했습니다.
2025-09-19 22:49:48,106 - WARNING - [scripts.adrule.logic.list_scraper] -     - 법령명: ' 한·캐나다 자유무역협정의 노동(제18장)에 대한 진정처리 등에 관한 지침'
2025-09-19 22:49:48,107 - WARNING - [scripts.adrule.logic.list_scraper] -     - OnClick 속성: 'javascript:admRulReturnSearch('한·캐나다 자유무역협정의 노동(제18장)에 대한 진정처리 등에 관한 지침','2100000009216','Y');return false;'
2025-09-19 22:49:48,107 - WARNING - [scripts.adrule.logic.list_scraper] -     - 추정 원인: build_detail_url 함수가 유효한 URL을 생성하지 못했습니다.
2025-09-19 22:49:48,112 - INFO - [scripts.adrule.logic.list_scraper] - --- build_detail_url analysis started for: javascript:admRulReturnSearch('해체공사표준안전작업지침','2100000186047','Y');return false; ---
2025-09-19 22:49:48,112 - INFO - [scripts.adrule.logic.list_scraper] - build_detail_url: Extracted params: ['해체공사표준안전작업지침', '2100000186047', 'Y']
2025-09-19 22:49:48,112 - INFO - [scripts.adrule.logic.list_scraper] - build_detail_url: Found efYd: None
2025-09-19 22:49:48,112 - INFO - [scripts.adrule.logic.list_scraper] - build_detail_url: Initial lsiSeq candidates: ['2100000186047']
2025-09-19 22:49:48,117 - INFO - [scripts.adrule.logic.list_scraper] - --- build_detail_url analysis started for: javascript:admRulReturnSearch('행정정보공동이용망을 통한 고용민원사무 처리 운영 규정','2100000234610','Y');return false; ---
2025-09-19 22:49:48,117 - INFO - [scripts.adrule.logic.list_scraper] - build_detail_url: Extracted params: ['행정정보공동이용망을 통한 고용민원사무 처리 운영 규정', '2100000234610', 'Y']
2025-09-19 22:49:48,117 - INFO - [scripts.adrule.logic.list_scraper] - build_detail_url: Found efYd: None
2025-09-19 22:49:48,117 - INFO - [scripts.adrule.logic.list_scraper] - build_detail_url: Initial lsiSeq candidates: ['2100000234610']
2025-09-19 22:49:48,122 - INFO - [scripts.adrule.logic.list_scraper] - --- build_detail_url analysis started for: javascript:admRulReturnSearch('현장 실무인재 양성을 위한 직업능력개발훈련 운영규정','2100000235080','Y');return false; ---
2025-09-19 22:49:48,122 - INFO - [scripts.adrule.logic.list_scraper] - build_detail_url: Extracted params: ['현장 실무인재 양성을 위한 직업능력개발훈련 운영규정', '2100000235080', 'Y']
2025-09-19 22:49:48,122 - INFO - [scripts.adrule.logic.list_scraper] - build_detail_url: Found efYd: None
2025-09-19 22:49:48,122 - INFO - [scripts.adrule.logic.list_scraper] - build_detail_url: Initial lsiSeq candidates: ['2100000235080']
2025-09-19 22:49:48,126 - INFO - [scripts.adrule.logic.list_scraper] - --- build_detail_url analysis started for: javascript:admRulReturnSearch('현장실습생에 대한 산업재해보상보험 적용범위','2100000243830','Y');return false; ---
2025-09-19 22:49:48,127 - INFO - [scripts.adrule.logic.list_scraper] - build_detail_url: Extracted params: ['현장실습생에 대한 산업재해보상보험 적용범위', '2100000243830', 'Y']
2025-09-19 22:49:48,127 - INFO - [scripts.adrule.logic.list_scraper] - build_detail_url: Found efYd: None
2025-09-19 22:49:48,127 - INFO - [scripts.adrule.logic.list_scraper] - build_detail_url: Initial lsiSeq candidates: ['2100000243830']
2025-09-19 22:49:48,132 - INFO - [scripts.adrule.logic.list_scraper] - --- build_detail_url analysis started for: javascript:admRulReturnSearch('화학물질 및 물리적 인자의 노출기준','2100000186058','Y');return false; ---
2025-09-19 22:49:48,132 - INFO - [scripts.adrule.logic.list_scraper] - build_detail_url: Extracted params: ['화학물질 및 물리적 인자의 노출기준', '2100000186058', 'Y']
2025-09-19 22:49:48,132 - INFO - [scripts.adrule.logic.list_scraper] - build_detail_url: Found efYd: None
2025-09-19 22:49:48,132 - INFO - [scripts.adrule.logic.list_scraper] - build_detail_url: Initial lsiSeq candidates: ['2100000186058']
2025-09-19 22:49:48,137 - INFO - [scripts.adrule.logic.list_scraper] - --- build_detail_url analysis started for: javascript:admRulReturnSearch('화학물질의 분류·표시 및 물질안전보건자료에 관한 기준','2100000262720','Y');return false; ---
2025-09-19 22:49:48,138 - INFO - [scripts.adrule.logic.list_scraper] - build_detail_url: Extracted params: ['화학물질의 분류·표시 및 물질안전보건자료에 관한 기준', '2100000262720', 'Y']
2025-09-19 22:49:48,138 - INFO - [scripts.adrule.logic.list_scraper] - build_detail_url: Found efYd: None
2025-09-19 22:49:48,138 - INFO - [scripts.adrule.logic.list_scraper] - build_detail_url: Initial lsiSeq candidates: ['2100000262720']
2025-09-19 22:49:48,143 - INFO - [scripts.adrule.logic.list_scraper] - --- build_detail_url analysis started for: javascript:admRulReturnSearch('화학물질의 유해성·위험성 평가에 관한 규정','2100000217673','Y');return false; ---
2025-09-19 22:49:48,143 - INFO - [scripts.adrule.logic.list_scraper] - build_detail_url: Extracted params: ['화학물질의 유해성·위험성 평가에 관한 규정', '2100000217673', 'Y']
2025-09-19 22:49:48,143 - INFO - [scripts.adrule.logic.list_scraper] - build_detail_url: Found efYd: None
2025-09-19 22:49:48,143 - INFO - [scripts.adrule.logic.list_scraper] - build_detail_url: Initial lsiSeq candidates: ['2100000217673']
2025-09-19 22:49:48,160 - INFO - [scripts.adrule.logic.list_scraper] - --- build_detail_url analysis started for: javascript:admRulReturnSearch('확정급여형퇴직연금제도의 재정검증결과 통보양식 고시','2100000247580','N');return false; ---
2025-09-19 22:49:48,160 - INFO - [scripts.adrule.logic.list_scraper] - build_detail_url: Extracted params: ['확정급여형퇴직연금제도의 재정검증결과 통보양식 고시', '2100000247580', 'N']
2025-09-19 22:49:48,160 - INFO - [scripts.adrule.logic.list_scraper] - build_detail_url: Found efYd: None
2025-09-19 22:49:48,160 - INFO - [scripts.adrule.logic.list_scraper] - build_detail_url: Initial lsiSeq candidates: ['2100000247580']
2025-09-19 22:49:48,166 - INFO - [scripts.adrule.logic.list_scraper] - --- build_detail_url analysis started for: javascript:admRulReturnSearch('회계업무처리에 관한 규정','2100000198951','Y');return false; ---
2025-09-19 22:49:48,166 - INFO - [scripts.adrule.logic.list_scraper] - build_detail_url: Extracted params: ['회계업무처리에 관한 규정', '2100000198951', 'Y']
2025-09-19 22:49:48,166 - INFO - [scripts.adrule.logic.list_scraper] - build_detail_url: Found efYd: None
2025-09-19 22:49:48,166 - INFO - [scripts.adrule.logic.list_scraper] - build_detail_url: Initial lsiSeq candidates: ['2100000198951']
2025-09-19 22:49:48,171 - INFO - [scripts.adrule.logic.list_scraper] - --- build_detail_url analysis started for: javascript:admRulReturnSearch('훈련지시대상 훈련과정 및 직종 고시','2100000209212','N');return false; ---
2025-09-19 22:49:48,171 - INFO - [scripts.adrule.logic.list_scraper] - build_detail_url: Extracted params: ['훈련지시대상 훈련과정 및 직종 고시', '2100000209212', 'N']
2025-09-19 22:49:48,171 - INFO - [scripts.adrule.logic.list_scraper] - build_detail_url: Found efYd: None
2025-09-19 22:49:48,171 - INFO - [scripts.adrule.logic.list_scraper] - build_detail_url: Initial lsiSeq candidates: ['2100000209212']
2025-09-19 22:49:48,171 - INFO - [scripts.adrule.logic.list_scraper] - 현재 페이지에서 18개의 링크를 발견, 16개를 최종 추가했습니다.
2025-09-19 22:49:48,171 - INFO - [scripts.adrule.logic.list_scraper] - 브라우저를 닫습니다.
2025-09-19 22:49:48,209 - INFO - [scripts.adrule.logic.list_scraper] - 스크레이핑 완료. 총 398개의 URL을 수집했습니다.
2025-09-19 22:49:48,211 - INFO - [__main__] - 총 398개의 URL을 './bin/../data/raw/adrule/1492000/urls.jsonl' 파일에 저장했습니다.
