doc_id,title,subtitle,source_url
377780,(진폐증)유족위로금부지급결정처분취소,[서울행정법원 2011구합2781],https://www.law.go.kr/LSW/precInfoP.do?mode=0&precSeq=377780
394270,2010년도 산재·고용보험 조사 징수처분 취소,[서울행정법원 2015구합66141],https://www.law.go.kr/LSW/precInfoP.do?mode=0&precSeq=394270
216079,가처분이의,,https://www.law.go.kr/LSW/precInfoP.do?mode=0&precSeq=216079
138652,가처분이의,[대법원 2009. 4. 17. 자 2008마759 결정],https://www.law.go.kr/LSW/precInfoP.do?mode=0&precSeq=138652
150010,가처분이의,[대법원 2011. 5. 6. 자 2010마1193 결정],https://www.law.go.kr/LSW/precInfoP.do?mode=0&precSeq=150010
166719,가처분이의,[대법원 2012. 11. 12. 자 2012마858 결정],https://www.law.go.kr/LSW/precInfoP.do?mode=0&precSeq=166719
69620,가처분이의,[창원지법 진주지원 2003. 11. 7. 선고 2003카합62 판결: 항소],https://www.law.go.kr/LSW/precInfoP.do?mode=0&precSeq=69620
389918,간병급여 부지급 처분 취소 청구,"본 컨텐츠는
 근로복지공단 산재판례 에서 수집한 데이터로, 관련 문의는 해당 기관으로 부탁드립니다.",https://www.law.go.kr/LSW/precInfoP.do?mode=0&precSeq=389918
415592,간병급여등급결정처분 취소,"본 컨텐츠는
 근로복지공단 산재판례 에서 수집한 데이터로, 관련 문의는 해당 기관으로 부탁드립니다.",https://www.law.go.kr/LSW/precInfoP.do?mode=0&precSeq=415592
363544,간병급여부지급결정처분취소,"본 컨텐츠는
 근로복지공단 산재판례 에서 수집한 데이터로, 관련 문의는 해당 기관으로 부탁드립니다.",https://www.law.go.kr/LSW/precInfoP.do?mode=0&precSeq=363544
363478,간병급여부지급처분취소,"본 컨텐츠는
 근로복지공단 산재판례 에서 수집한 데이터로, 관련 문의는 해당 기관으로 부탁드립니다.",https://www.law.go.kr/LSW/precInfoP.do?mode=0&precSeq=363478
371866,간병급여부지급처분취소,[서울행정법원 2010구단163],https://www.law.go.kr/LSW/precInfoP.do?mode=0&precSeq=371866
397186,간병급여부지급처분취소청구,[서울행정법원 2016구단55622],https://www.law.go.kr/LSW/precInfoP.do?mode=0&precSeq=397186
142695,간병료부당이득금결정등,,https://www.law.go.kr/LSW/precInfoP.do?mode=0&precSeq=142695
369158,간병료지급유보처분취소,[광주지방법원 2009구합89],https://www.law.go.kr/LSW/precInfoP.do?mode=0&precSeq=369158
209328,감시적근로종사자에대한적용제외승인취소청구의소,[대구지법 2019. 8. 29. 선고 2018구합25044 판결 : 항소],https://www.law.go.kr/LSW/precInfoP.do?mode=0&precSeq=209328
170180,개별요율적용 신청반려처분 취소,[대법원 2013. 6. 27. 선고 2012두11782 판결],https://www.law.go.kr/LSW/precInfoP.do?mode=0&precSeq=170180
171102,개별요율적용신청 반려처분 취소,[서울고등법원 2012. 4. 20. 선고 2011누32685 판결],https://www.law.go.kr/LSW/precInfoP.do?mode=0&precSeq=171102
171124,개별요율적용신청 반려처분 취소,[서울행정법원 2011. 8. 25. 선고 2011구합10423 판결],https://www.law.go.kr/LSW/precInfoP.do?mode=0&precSeq=171124
386928,개별요율적용신청 반려처분취소,[서울고등법원 2013누22217],https://www.law.go.kr/LSW/precInfoP.do?mode=0&precSeq=386928
408350,개별요율적용신청반려처분취소,"본 컨텐츠는
 근로복지공단 산재판례 에서 수집한 데이터로, 관련 문의는 해당 기관으로 부탁드립니다.",https://www.law.go.kr/LSW/precInfoP.do?mode=0&precSeq=408350
606447,개인연금청구,[전주지법 2025. 4. 21. 선고 2024나5939 판결 : 상고],https://www.law.go.kr/LSW/precInfoP.do?mode=0&precSeq=606447
114706,개인택시운송사업면허제외처분취소,,https://www.law.go.kr/LSW/precInfoP.do?mode=0&precSeq=114706
390092,거부처분취소,[울산지방법원 2014구합5761],https://www.law.go.kr/LSW/precInfoP.do?mode=0&precSeq=390092
218833,건물명도(인도)ㆍ단체협약약정금청구,"[부산고등법원 2021. 5. 12. 선고 2018나53934, 53941 판결 : 상고]",https://www.law.go.kr/LSW/precInfoP.do?mode=0&precSeq=218833
69105,건설근로자공제회가입절차이행등,[대법원 2007. 11. 30. 선고 2006다29624 판결],https://www.law.go.kr/LSW/precInfoP.do?mode=0&precSeq=69105
70387,건설근로자공제회가입절차이행등,[대전고법 2006. 4. 19. 선고 2005나242 판결 : 상고],https://www.law.go.kr/LSW/precInfoP.do?mode=0&precSeq=70387
219921,건설산업기본법위반,[대법원 2022. 2. 24. 선고 2018도3821 판결],https://www.law.go.kr/LSW/precInfoP.do?mode=0&precSeq=219921
199243,건축시공기술사자격취소처분취소,[대법원 1995. 6. 16. 선고 95누1798 판결],https://www.law.go.kr/LSW/precInfoP.do?mode=0&precSeq=199243
124854,결의처분시정명령취소,[대법원 2008. 12. 24. 선고 2006두15400 판결],https://www.law.go.kr/LSW/precInfoP.do?mode=0&precSeq=124854
127702,결의처분시정명령취소,[서울고등법원 2006. 8. 18. 선고 2005누16019 판결],https://www.law.go.kr/LSW/precInfoP.do?mode=0&precSeq=127702
171934,계약이행보증금청구,[대법원 2013. 8. 22. 선고 2012다94278 판결],https://www.law.go.kr/LSW/precInfoP.do?mode=0&precSeq=171934
179751,계약해지및위탁·인정제한등처분취소,[대법원 2014. 12. 24. 선고 2013두21564 판결],https://www.law.go.kr/LSW/precInfoP.do?mode=0&precSeq=179751
83161,고령자고용촉진장려금,[대법원 2004. 3. 25. 선고 2003다67359 판결],https://www.law.go.kr/LSW/precInfoP.do?mode=0&precSeq=83161
160464,고용 보험 조기 재취업 수당 부지급 처분 취소,[서울고등법원 2009. 9. 1. 선고 2009누3400 판결],https://www.law.go.kr/LSW/precInfoP.do?mode=0&precSeq=160464
160372,고용 보험 조기 재취업 수당 부지급 처분 취소,[수원지방법원 2008. 12. 15. 선고 2008구합8216 판결],https://www.law.go.kr/LSW/precInfoP.do?mode=0&precSeq=160372
159916,고용 보험 조기 재취업수당 부지급 처분취소,[대법원 2011. 12. 8. 선고 2009두19892 판결],https://www.law.go.kr/LSW/precInfoP.do?mode=0&precSeq=159916
374082,고용 산재보험료부과처분취소,[서울고등법원 2010누10640],https://www.law.go.kr/LSW/precInfoP.do?mode=0&precSeq=374082
381820,고용 산재보험료확정보험료부과처분취소,[서울행정법원 2012구합20038],https://www.law.go.kr/LSW/precInfoP.do?mode=0&precSeq=381820
404986,"고용, 산업재해보상보험료부과처분취소",[서울행정법원 2018구합56909],https://www.law.go.kr/LSW/precInfoP.do?mode=0&precSeq=404986
413116,"고용,산재보험 취득취소 처분 취소청구의 소",[서울행정법원 2021구단61973],https://www.law.go.kr/LSW/precInfoP.do?mode=0&precSeq=413116
389800,"고용,산재보험사업종류변경신고불승인처분취소,산재보험료부과처분취소",[서울행정법원 2014구합15689],https://www.law.go.kr/LSW/precInfoP.do?mode=0&precSeq=389800
401604,고용·산업재해보상보험 보험관계 성립처분 취소,[울산지방법원 2017구합613],https://www.law.go.kr/LSW/precInfoP.do?mode=0&precSeq=401604
408082,고용·산재보험 사업종류 변경처분 취소 청구,[부산지방법원 2019구합20311],https://www.law.go.kr/LSW/precInfoP.do?mode=0&precSeq=408082
403480,고용·산재보험료 부과처분취소 등,[광주지방법원 2018구단10548],https://www.law.go.kr/LSW/precInfoP.do?mode=0&precSeq=403480
373564,고용·산재보험료부과처분취소,[광주지방법원 2010구합313],https://www.law.go.kr/LSW/precInfoP.do?mode=0&precSeq=373564
368902,고용·산재보험료부과처분취소,[서울행정법원 2009구합45266],https://www.law.go.kr/LSW/precInfoP.do?mode=0&precSeq=368902
381684,고용및산업재해보상보험료징수처분취소등,"본 컨텐츠는
 근로복지공단 산재판례 에서 수집한 데이터로, 관련 문의는 해당 기관으로 부탁드립니다.",https://www.law.go.kr/LSW/precInfoP.do?mode=0&precSeq=381684
364652,고용및산재보험료부과처분취소,"본 컨텐츠는
 근로복지공단 산재판례 에서 수집한 데이터로, 관련 문의는 해당 기관으로 부탁드립니다.",https://www.law.go.kr/LSW/precInfoP.do?mode=0&precSeq=364652
391802,고용및산재보험료징수처분취소,"본 컨텐츠는
 근로복지공단 산재판례 에서 수집한 데이터로, 관련 문의는 해당 기관으로 부탁드립니다.",https://www.law.go.kr/LSW/precInfoP.do?mode=0&precSeq=391802
387220,고용및산재보험료징수처분취소,[서울고등법원 2013누29768],https://www.law.go.kr/LSW/precInfoP.do?mode=0&precSeq=387220
382132,고용및산재보험료징수처분취소,[서울행정법원 2012구합34587],https://www.law.go.kr/LSW/precInfoP.do?mode=0&precSeq=382132
401512,고용보험 가입불인정 처분 취소청구,[제주지방법원 2017구합5502],https://www.law.go.kr/LSW/precInfoP.do?mode=0&precSeq=401512
416186,고용보험 요율 변경 처분 취소 등,"본 컨텐츠는
 근로복지공단 산재판례 에서 수집한 데이터로, 관련 문의는 해당 기관으로 부탁드립니다.",https://www.law.go.kr/LSW/precInfoP.do?mode=0&precSeq=416186
411340,고용보험 자격상실사유 정정처분 취소,[서울행정법원 2020구합68233],https://www.law.go.kr/LSW/precInfoP.do?mode=0&precSeq=411340
416116,고용보험 피보험자격 불인정처분취소,"본 컨텐츠는
 근로복지공단 산재판례 에서 수집한 데이터로, 관련 문의는 해당 기관으로 부탁드립니다.",https://www.law.go.kr/LSW/precInfoP.do?mode=0&precSeq=416116
406700,고용보험 피보험자격 상실사유 정정처분취소,[광주지방법원 2019구단111],https://www.law.go.kr/LSW/precInfoP.do?mode=0&precSeq=406700
408530,고용보험 피보험자격 정정신청 불승인 처분취소,[서울행정법원 2019구합78524],https://www.law.go.kr/LSW/precInfoP.do?mode=0&precSeq=408530
408086,고용보험 피보험자격 확인 재결 취소,[서울행정법원 2019구합2169],https://www.law.go.kr/LSW/precInfoP.do?mode=0&precSeq=408086
411046,고용보험 피보험자격 확인 청구에 대한 결정 무효,"본 컨텐츠는
 근로복지공단 산재판례 에서 수집한 데이터로, 관련 문의는 해당 기관으로 부탁드립니다.",https://www.law.go.kr/LSW/precInfoP.do?mode=0&precSeq=411046
408616,고용보험 피보험자격 확인처분 취소,[서울행정법원 2019구합85379],https://www.law.go.kr/LSW/precInfoP.do?mode=0&precSeq=408616
408498,고용보험 피보험자격 확인청구 불인정 처분취소 등,[부산지방법원 2019구합768],https://www.law.go.kr/LSW/precInfoP.do?mode=0&precSeq=408498
412032,고용보험 피보험자격불인정처분의 취소청구,[서울고등법원 2020누61043],https://www.law.go.kr/LSW/precInfoP.do?mode=0&precSeq=412032
233065,고용보험가입불인정처분취소청구,[광주고법(제주) 2018. 10. 24. 선고 2018누1338 판결 : 상고],https://www.law.go.kr/LSW/precInfoP.do?mode=0&precSeq=233065
233061,고용보험가입불인정처분취소청구,[대법원 2022. 10. 27. 선고 2018두63235 판결],https://www.law.go.kr/LSW/precInfoP.do?mode=0&precSeq=233061
416192,고용보험관계정정처분취소,[서울행정법원 2022구합72212],https://www.law.go.kr/LSW/precInfoP.do?mode=0&precSeq=416192
394002,고용보험료 등 부과처분 및 보험급여액징수결정처분 취소,[울산지방법원 2015구합5058],https://www.law.go.kr/LSW/precInfoP.do?mode=0&precSeq=394002
414002,고용보험료 등 부과처분 취소,"본 컨텐츠는
 근로복지공단 산재판례 에서 수집한 데이터로, 관련 문의는 해당 기관으로 부탁드립니다.",https://www.law.go.kr/LSW/precInfoP.do?mode=0&precSeq=414002
401328,고용보험료 등 부과처분 취소,[창원지방법원 2017구합198],https://www.law.go.kr/LSW/precInfoP.do?mode=0&precSeq=401328
404818,고용보험료 및 산업재해보상보험료 등 징수,[부산지방법원 2018구합20239],https://www.law.go.kr/LSW/precInfoP.do?mode=0&precSeq=404818
404858,고용보험료 및 산업재해보상보험료 등 징수처분 취소,[서울행정법원 2018구합4427],https://www.law.go.kr/LSW/precInfoP.do?mode=0&precSeq=404858
393860,고용보험료 및 산업재해보상보험료 징수 처분취소,[광주지방법원 2015구합1366],https://www.law.go.kr/LSW/precInfoP.do?mode=0&precSeq=393860
403412,고용보험료 및 산업재해보상보험료 징수 처분취소,[대전지방법원 2018구단100368],https://www.law.go.kr/LSW/precInfoP.do?mode=0&precSeq=403412
362710,고용보험료 및 산업재해보상보험료부과처분취소,[전주지방법원 2007구합2316],https://www.law.go.kr/LSW/precInfoP.do?mode=0&precSeq=362710
404954,고용보험료 및 산재보험료 징수처분 취소,[인천지방법원 2018구합54679],https://www.law.go.kr/LSW/precInfoP.do?mode=0&precSeq=404954
395526,고용보험료 및 산재보험료부과처분취소,"본 컨텐츠는
 근로복지공단 산재판례 에서 수집한 데이터로, 관련 문의는 해당 기관으로 부탁드립니다.",https://www.law.go.kr/LSW/precInfoP.do?mode=0&precSeq=395526
168077,고용보험료 부과처분 무효확인 및 취소,[대법원 2013. 2. 28. 선고 2012두22904 판결],https://www.law.go.kr/LSW/precInfoP.do?mode=0&precSeq=168077
400334,고용보험료등부과처분취소,[광주지방법원 2017구단2526],https://www.law.go.kr/LSW/precInfoP.do?mode=0&precSeq=400334
364830,고용보험료등부과처분취소,[대구지방법원 2008구합2448],https://www.law.go.kr/LSW/precInfoP.do?mode=0&precSeq=364830
193185,고용보험료등부과처분취소,[대법원 2014. 2. 13. 선고 2011두6745 판결],https://www.law.go.kr/LSW/precInfoP.do?mode=0&precSeq=193185
173361,고용보험료등부과처분취소,[서울고등법원 2011. 2. 9. 선고 2010누26966 판결],https://www.law.go.kr/LSW/precInfoP.do?mode=0&precSeq=173361
71118,고용보험료등부과처분취소,[서울행법 2008. 6. 25. 선고 2007구합1972 판결 : 확정],https://www.law.go.kr/LSW/precInfoP.do?mode=0&precSeq=71118
365332,고용보험료등부과처분취소,[서울행정법원 2008구합9515],https://www.law.go.kr/LSW/precInfoP.do?mode=0&precSeq=365332
173329,고용보험료등부과처분취소,,https://www.law.go.kr/LSW/precInfoP.do?mode=0&precSeq=173329
381988,고용보험료등징수처분취소,[서울행정법원 2012구합27244],https://www.law.go.kr/LSW/precInfoP.do?mode=0&precSeq=381988
373610,고용보험료등환급거부처분취소,[서울행정법원 2010구합34026],https://www.law.go.kr/LSW/precInfoP.do?mode=0&precSeq=373610
82211,고용보험료등환급청구,,https://www.law.go.kr/LSW/precInfoP.do?mode=0&precSeq=82211
364744,고용보험료및산업재해보상보험료결정취소,"본 컨텐츠는
 근로복지공단 산재판례 에서 수집한 데이터로, 관련 문의는 해당 기관으로 부탁드립니다.",https://www.law.go.kr/LSW/precInfoP.do?mode=0&precSeq=364744
414620,고용보험료및산업재해보상보험료징수처분등,"본 컨텐츠는
 근로복지공단 산재판례 에서 수집한 데이터로, 관련 문의는 해당 기관으로 부탁드립니다.",https://www.law.go.kr/LSW/precInfoP.do?mode=0&precSeq=414620
409920,고용보험료및산업재해보상보험료징수처분등,[대구지방법원 2020구단1723],https://www.law.go.kr/LSW/precInfoP.do?mode=0&precSeq=409920
394016,고용보험료및산업재해보상보험료징수처분취소,[인천지방법원 2015구합52160],https://www.law.go.kr/LSW/precInfoP.do?mode=0&precSeq=394016
362756,고용보험료및산재보험료부과처분취소,"본 컨텐츠는
 근로복지공단 산재판례 에서 수집한 데이터로, 관련 문의는 해당 기관으로 부탁드립니다.",https://www.law.go.kr/LSW/precInfoP.do?mode=0&precSeq=362756
228035,고용보험료부과처분취소,[광주지법 2007. 12. 13. 선고 2007구합3176 판결 : 항소],https://www.law.go.kr/LSW/precInfoP.do?mode=0&precSeq=228035
65108,고용보험료부과처분취소,[대법원 2008. 6. 12. 선고 2007두19638 판결],https://www.law.go.kr/LSW/precInfoP.do?mode=0&precSeq=65108
64954,고용보험료부과처분취소,[대법원 2008. 7. 24. 선고 2007두23453 판결],https://www.law.go.kr/LSW/precInfoP.do?mode=0&precSeq=64954
365838,고용보험료부과처분취소,"본 컨텐츠는
 근로복지공단 산재판례 에서 수집한 데이터로, 관련 문의는 해당 기관으로 부탁드립니다.",https://www.law.go.kr/LSW/precInfoP.do?mode=0&precSeq=365838
365852,고용보험료부과처분취소,"본 컨텐츠는
 근로복지공단 산재판례 에서 수집한 데이터로, 관련 문의는 해당 기관으로 부탁드립니다.",https://www.law.go.kr/LSW/precInfoP.do?mode=0&precSeq=365852
212251,고용보험료부과처분취소,,https://www.law.go.kr/LSW/precInfoP.do?mode=0&precSeq=212251
373276,고용보험료부과처분취소,[서울행정법원 2010구합18079],https://www.law.go.kr/LSW/precInfoP.do?mode=0&precSeq=373276
382124,고용보험료부과처분취소,[서울행정법원 2012구합34198],https://www.law.go.kr/LSW/precInfoP.do?mode=0&precSeq=382124
386342,고용보험료부과처분취소,[서울행정법원 2013구합6534],https://www.law.go.kr/LSW/precInfoP.do?mode=0&precSeq=386342
362762,고용보험료부과처분취소,"본 컨텐츠는
 근로복지공단 산재판례 에서 수집한 데이터로, 관련 문의는 해당 기관으로 부탁드립니다.",https://www.law.go.kr/LSW/precInfoP.do?mode=0&precSeq=362762
365260,고용보험료부과처분취소,"본 컨텐츠는
 근로복지공단 산재판례 에서 수집한 데이터로, 관련 문의는 해당 기관으로 부탁드립니다.",https://www.law.go.kr/LSW/precInfoP.do?mode=0&precSeq=365260
394656,고용보험료징수처분취소,"본 컨텐츠는
 근로복지공단 산재판례 에서 수집한 데이터로, 관련 문의는 해당 기관으로 부탁드립니다.",https://www.law.go.kr/LSW/precInfoP.do?mode=0&precSeq=394656
377860,고용보험료차액금등부과처분취소,[서울행정법원 2011구합32836],https://www.law.go.kr/LSW/precInfoP.do?mode=0&precSeq=377860
378588,고용보험및산재보험의보험료부과처분취소,[서울고등법원 2011누20590],https://www.law.go.kr/LSW/precInfoP.do?mode=0&precSeq=378588
175332,고용보험수급자격불인정처분취소,[서울행법 2014. 7. 3. 선고 2014구합2270 판결 : 확정],https://www.law.go.kr/LSW/precInfoP.do?mode=0&precSeq=175332
174939,고용보험수급자격불인정처분취소,[울산지법 2014. 4. 24. 선고 2013구합2840 판결 : 확정],https://www.law.go.kr/LSW/precInfoP.do?mode=0&precSeq=174939
394020,고용보험승인취소처분,[울산지방법원 2015구합527],https://www.law.go.kr/LSW/precInfoP.do?mode=0&precSeq=394020
411270,고용보험자격상실사유정정청구거부처분취소의소,[서울행정법원 2020구합62945],https://www.law.go.kr/LSW/precInfoP.do?mode=0&precSeq=411270
416392,고용보험피보험자격 직권취소처분 취소 등,[서울고등법원 2022누31398],https://www.law.go.kr/LSW/precInfoP.do?mode=0&precSeq=416392
416072,고용보험피보험자격불인정처분취소,"본 컨텐츠는
 근로복지공단 산재판례 에서 수집한 데이터로, 관련 문의는 해당 기관으로 부탁드립니다.",https://www.law.go.kr/LSW/precInfoP.do?mode=0&precSeq=416072
405254,고용보험피보험자격상실신고무효확인,"본 컨텐츠는
 근로복지공단 산재판례 에서 수집한 데이터로, 관련 문의는 해당 기관으로 부탁드립니다.",https://www.law.go.kr/LSW/precInfoP.do?mode=0&precSeq=405254
413706,고용보험피보험자격에대한고용보험심사관결정에대한취소,[대전지방법원 2021구합175],https://www.law.go.kr/LSW/precInfoP.do?mode=0&precSeq=413706
413800,고용보험피보험자격직권정정처분취소청구의소,[서울행정법원 2021구합52525],https://www.law.go.kr/LSW/precInfoP.do?mode=0&precSeq=413800
147839,고용보험피보험자격직권취소처분취소,[대법원 2011. 1. 13. 선고 2010두20348 판결],https://www.law.go.kr/LSW/precInfoP.do?mode=0&precSeq=147839
148147,고용보험피보험자격직권취소처분취소,[서울행정법원 2010. 5. 7. 선고 2009구합47705 판결],https://www.law.go.kr/LSW/precInfoP.do?mode=0&precSeq=148147
414278,고용보험피보험자격취득불인정처분취소,[대구지방법원 2021구합922],https://www.law.go.kr/LSW/precInfoP.do?mode=0&precSeq=414278
408174,고용보험피보험자격취득확인청구불인정처분취소,[서울행정법원 2019구합5236],https://www.law.go.kr/LSW/precInfoP.do?mode=0&precSeq=408174
413692,고용보험피보험자격취소처분취소,"본 컨텐츠는
 근로복지공단 산재판례 에서 수집한 데이터로, 관련 문의는 해당 기관으로 부탁드립니다.",https://www.law.go.kr/LSW/precInfoP.do?mode=0&precSeq=413692
411474,고용보험피보험자격확인 불인정 처분 취소,[서울행정법원 2020구합79318],https://www.law.go.kr/LSW/precInfoP.do?mode=0&precSeq=411474
413696,고용보험피보험자격확인처분취소,[서울행정법원 2021구합1039],https://www.law.go.kr/LSW/precInfoP.do?mode=0&precSeq=413696
411608,고용보험피보험자격확인청구 결정처분 취소,[부산지방법원 2020구합917],https://www.law.go.kr/LSW/precInfoP.do?mode=0&precSeq=411608
411476,고용보험피보험자격확인청구(근로자성불인정)결정 처분취소,[수원지방법원 2020구합795],https://www.law.go.kr/LSW/precInfoP.do?mode=0&precSeq=411476
412064,고용보험피보험자격확인청구불인정처분취소,[서울고등법원 2020누64707],https://www.law.go.kr/LSW/precInfoP.do?mode=0&precSeq=412064
408104,고용보험피보험자격확인청구불인정처분취소,[서울행정법원 2019구합4066],https://www.law.go.kr/LSW/precInfoP.do?mode=0&precSeq=408104
410942,고용보험피보험자격확인청구불인정처분취소청구의소,[서울행정법원 2020구단79120],https://www.law.go.kr/LSW/precInfoP.do?mode=0&precSeq=410942
414294,고용보험피보험자자격상실변경결정처분취소,[부산고등법원 2021누10060],https://www.law.go.kr/LSW/precInfoP.do?mode=0&precSeq=414294
411070,고용보험피보험자자격상실변경결정처분취소,[울산지방법원 2020구합286],https://www.law.go.kr/LSW/precInfoP.do?mode=0&precSeq=411070
401300,고용산재보험 부과처분 취소,[울산지방법원 2017구합1050],https://www.law.go.kr/LSW/precInfoP.do?mode=0&precSeq=401300
393876,고용산재보험관계 인정 성립 등 취소,[울산지방법원 2015구합1599],https://www.law.go.kr/LSW/precInfoP.do?mode=0&precSeq=393876
378100,고용산재보험료 납입고지 처분,[창원지방법원 2011구합615],https://www.law.go.kr/LSW/precInfoP.do?mode=0&precSeq=378100
373848,고용산재보험료 부과처분취소청구,[서울행정법원 2010구합46920],https://www.law.go.kr/LSW/precInfoP.do?mode=0&precSeq=373848
368632,고용산재보험료부과처분등취소,[서울행정법원 2009구합26395],https://www.law.go.kr/LSW/precInfoP.do?mode=0&precSeq=368632
411064,고용산재보험료부과처분취소,[부산지방법원 2020구합23613],https://www.law.go.kr/LSW/precInfoP.do?mode=0&precSeq=411064
389896,고용산재보험료징수처분취소,[서울행정법원 2014구합274],https://www.law.go.kr/LSW/precInfoP.do?mode=0&precSeq=389896
368736,고용산재보험료징수처분취소,[인천지방법원 2009구합328],https://www.law.go.kr/LSW/precInfoP.do?mode=0&precSeq=368736
389340,고용산재보험사업종류변경신고불승인처분취소,[서울행정법원 2014구단55000],https://www.law.go.kr/LSW/precInfoP.do?mode=0&precSeq=389340
142294,고용안정사업지원금지급중지및반환·추가징수처분취소,[대법원 2009. 8. 20. 선고 2009두6476 판결],https://www.law.go.kr/LSW/precInfoP.do?mode=0&precSeq=142294
606211,고용유지지원금반환명령처분등취소[계획된 휴직을 실제 시행하지 못했음에도 지급받은 고용유지지원금의 반환 여부와 범위가 문제된 사건],[대법원 2025. 5. 15. 선고 2024두48893 판결],https://www.law.go.kr/LSW/precInfoP.do?mode=0&precSeq=606211
193871,고용유지지원금지급거부처분취소,[대법원 2005. 9. 29. 선고 2005두7723 판결],https://www.law.go.kr/LSW/precInfoP.do?mode=0&precSeq=193871
231447,고용의무이행등,[대법원 2022. 9. 29. 선고 2018다301527 판결],https://www.law.go.kr/LSW/precInfoP.do?mode=0&precSeq=231447
235589,고용의무이행등,[대법원 2022. 9. 29. 선고 2019다299065 판결],https://www.law.go.kr/LSW/precInfoP.do?mode=0&precSeq=235589
192071,고용의무이행등,[울산지법 2013. 5. 8. 선고 2012가합2732 판결 : 확정],https://www.law.go.kr/LSW/precInfoP.do?mode=0&precSeq=192071
414418,고용정보내역정정신청반려처분취소,[부산고등법원 2021누21422],https://www.law.go.kr/LSW/precInfoP.do?mode=0&precSeq=414418
411062,고용정보내역정정신청반려처분취소,[부산지방법원 2020구합22467],https://www.law.go.kr/LSW/precInfoP.do?mode=0&precSeq=411062
232757,고용촉진지원금반환명령등취소청구,[대법원 2022. 12. 15. 선고 2018두63143 판결],https://www.law.go.kr/LSW/precInfoP.do?mode=0&precSeq=232757
411020,고용？산재보험료부과취소,"본 컨텐츠는
 근로복지공단 산재판례 에서 수집한 데이터로, 관련 문의는 해당 기관으로 부탁드립니다.",https://www.law.go.kr/LSW/precInfoP.do?mode=0&precSeq=411020
148169,공개금지가처분(전교조 조합원 명단 공개 사건),[서울남부지법 2010. 4. 15. 자 2010카합211 결정],https://www.law.go.kr/LSW/precInfoP.do?mode=0&precSeq=148169
196149,공무상요양기간연장불승인처분취소,[대법원 1998. 8. 21. 선고 98두9714 판결],https://www.law.go.kr/LSW/precInfoP.do?mode=0&precSeq=196149
194744,공무상요양불승인처분취소,,https://www.law.go.kr/LSW/precInfoP.do?mode=0&precSeq=194744
121022,공무상요양불승인처분취소,,https://www.law.go.kr/LSW/precInfoP.do?mode=0&precSeq=121022
367050,공무상요양불승인처분취소,[서울행정법원 2009구단14418],https://www.law.go.kr/LSW/precInfoP.do?mode=0&precSeq=367050
396890,공무상요양불승인처분취소,"본 컨텐츠는
 근로복지공단 산재판례 에서 수집한 데이터로, 관련 문의는 해당 기관으로 부탁드립니다.",https://www.law.go.kr/LSW/precInfoP.do?mode=0&precSeq=396890
397572,공무상요양불승인처분취소,[수원지방법원 2016구단6904],https://www.law.go.kr/LSW/precInfoP.do?mode=0&precSeq=397572
210431,공무원지위확인(국가정보원 소속 계약직공무원으로 계약기간이 만료된 원고들에 대한 퇴직처리가 남녀고용평등과 일·가정 양립 지원에 관한 법률에 위반되는지 여부 등이 문제된 사건),[대법원 2019. 10. 31. 선고 2013두20011 판결],https://www.law.go.kr/LSW/precInfoP.do?mode=0&precSeq=210431
170802,공무집행 방해,[대법원 2013. 2. 15. 선고 2010도11281 판결],https://www.law.go.kr/LSW/precInfoP.do?mode=0&precSeq=170802
206100,공정대표의무위반시정재심판정취소,[대법원 2018. 12. 27. 선고 2016두41224 판결],https://www.law.go.kr/LSW/precInfoP.do?mode=0&precSeq=206100
206094,공정대표의무위반시정재심판정취소,[대법원 2018. 12. 27. 선고 2016두41248 판결],https://www.law.go.kr/LSW/precInfoP.do?mode=0&precSeq=206094
210443,공정대표의무위반시정재심판정취소,[대법원 2019. 10. 31. 선고 2017두37772 판결],https://www.law.go.kr/LSW/precInfoP.do?mode=0&precSeq=210443
606175,공정대표의무위반시정재심판정취소[사용자의 노동조합에 대한 차량 임차비용 지원 행위가 공정대표의무 위반에 해당하는지가 문제된 사건],[대법원 2025. 5. 15. 선고 2022두64693 판결],https://www.law.go.kr/LSW/precInfoP.do?mode=0&precSeq=606175
225131,공정대표의무위반심판취소,[대법원 2019. 4. 23. 선고 2016두42654 판결],https://www.law.go.kr/LSW/precInfoP.do?mode=0&precSeq=225131
167938,공제급여 청구,,https://www.law.go.kr/LSW/precInfoP.do?mode=0&precSeq=167938
124891,공탁금출급청구권확인,,https://www.law.go.kr/LSW/precInfoP.do?mode=0&precSeq=124891
373128,과다부과 산재보험료 부과 취소,[부산지방법원 2010구합1089],https://www.law.go.kr/LSW/precInfoP.do?mode=0&precSeq=373128
387126,과다지급액환수처분취소,[서울고등법원 2013누2794],https://www.law.go.kr/LSW/precInfoP.do?mode=0&precSeq=387126
182346,과반수노동조합에대한이의결정재심결정취소,[대법원 2016. 3. 24. 선고 2013두19370 판결],https://www.law.go.kr/LSW/precInfoP.do?mode=0&precSeq=182346
166365,과징금부과처분취소,[대법원 2012. 10. 25. 선고 2011두22938 판결],https://www.law.go.kr/LSW/precInfoP.do?mode=0&precSeq=166365
382168,과태료취소,[서울행정법원 2012구합3750],https://www.law.go.kr/LSW/precInfoP.do?mode=0&precSeq=382168
136132,광고대금,[대법원 2009. 3. 12. 선고 2008다86744 판결],https://www.law.go.kr/LSW/precInfoP.do?mode=0&precSeq=136132
203015,교섭단위분리결정재심결정취소,[대법원 2018. 9. 13. 선고 2015두39361 판결],https://www.law.go.kr/LSW/precInfoP.do?mode=0&precSeq=203015
238267,교섭단위분리결정재심결정취소,[대법원 2022. 12. 16. 선고 2022두53631 판결],https://www.law.go.kr/LSW/precInfoP.do?mode=0&precSeq=238267
214501,교섭단위분리결정재심판정취소청구의소,[서울행법 2020. 8. 13. 선고 2020구합50188 판결 : 확정],https://www.law.go.kr/LSW/precInfoP.do?mode=0&precSeq=214501
204193,교섭단위분리재심결정취소[방송연기자의 노동조합법상 근로자성 인정 여부가 문제된 사건],[대법원 2018. 10. 12. 선고 2015두38092 판결],https://www.law.go.kr/LSW/precInfoP.do?mode=0&precSeq=204193
204562,교섭대표노동조합공정대표의무위반시정재심신청판정취소,[대법원 2018. 9. 13. 선고 2017두40655 판결],https://www.law.go.kr/LSW/precInfoP.do?mode=0&precSeq=204562
180330,교섭대표노동조합지위확인,[대법원 2016. 2. 18. 선고 2014다11550 판결],https://www.law.go.kr/LSW/precInfoP.do?mode=0&precSeq=180330
208828,교섭요구사실의공고에대한재심결정취소,[대법원 2019. 2. 14. 선고 2016두41361 판결],https://www.law.go.kr/LSW/precInfoP.do?mode=0&precSeq=208828
71026,교수지위확인,,https://www.law.go.kr/LSW/precInfoP.do?mode=0&precSeq=71026
171639,교수지위확인등,[대법원 2013. 11. 14. 선고 2011다1194 판결],https://www.law.go.kr/LSW/precInfoP.do?mode=0&precSeq=171639
194925,교원소청심사위원회결정취소(대학교수의 학생들에 대한 언동이 성희롱에 해당하는지 및 그에 대한 피해자 진술의 증명력을 인정할 수 있는지가 문제된 사건),[대법원 2018. 4. 12. 선고 2017두74702 판결],https://www.law.go.kr/LSW/precInfoP.do?mode=0&precSeq=194925
69303,교원의노동조합설립및운영등에관한법률위반·업무방해·명예훼손·집회및시위에관한법률위반,[대법원 2008. 3. 14. 선고 2006도6049 판결],https://www.law.go.kr/LSW/precInfoP.do?mode=0&precSeq=69303
142424,구상금,,https://www.law.go.kr/LSW/precInfoP.do?mode=0&precSeq=142424
142460,구상금,,https://www.law.go.kr/LSW/precInfoP.do?mode=0&precSeq=142460
190908,구상금,,https://www.law.go.kr/LSW/precInfoP.do?mode=0&precSeq=190908
81413,구상금,,https://www.law.go.kr/LSW/precInfoP.do?mode=0&precSeq=81413
81500,구상금,,https://www.law.go.kr/LSW/precInfoP.do?mode=0&precSeq=81500
191225,구상금,,https://www.law.go.kr/LSW/precInfoP.do?mode=0&precSeq=191225
145342,구상금,,https://www.law.go.kr/LSW/precInfoP.do?mode=0&precSeq=145342
81843,구상금,[대법원 2002. 9. 4. 선고 2002다4429 판결],https://www.law.go.kr/LSW/precInfoP.do?mode=0&precSeq=81843
600931,구상금,[대법원 2002. 12. 26. 선고 2002다50149 판결],https://www.law.go.kr/LSW/precInfoP.do?mode=0&precSeq=600931
82998,구상금,[대법원 2003. 12. 26. 선고 2003다13307 판결],https://www.law.go.kr/LSW/precInfoP.do?mode=0&precSeq=82998
83627,구상금,,https://www.law.go.kr/LSW/precInfoP.do?mode=0&precSeq=83627
215949,구상금,,https://www.law.go.kr/LSW/precInfoP.do?mode=0&precSeq=215949
193774,구상금,,https://www.law.go.kr/LSW/precInfoP.do?mode=0&precSeq=193774
69442,구상금,[대법원 2008. 5. 15. 선고 2006다27093 판결],https://www.law.go.kr/LSW/precInfoP.do?mode=0&precSeq=69442
85628,구상금,[대법원 2008. 4. 10. 선고 2006다32910 판결],https://www.law.go.kr/LSW/precInfoP.do?mode=0&precSeq=85628
84925,구상금,[대법원 2007. 1. 25. 선고 2006다60793 판결],https://www.law.go.kr/LSW/precInfoP.do?mode=0&precSeq=84925
84998,구상금,,https://www.law.go.kr/LSW/precInfoP.do?mode=0&precSeq=84998
215763,구상금,,https://www.law.go.kr/LSW/precInfoP.do?mode=0&precSeq=215763
144008,구상금,[대법원 2010. 5. 13. 선고 2007다82059 판결],https://www.law.go.kr/LSW/precInfoP.do?mode=0&precSeq=144008
124902,구상금,,https://www.law.go.kr/LSW/precInfoP.do?mode=0&precSeq=124902
164976,구상금,[대법원 2010. 4. 29. 선고 2009다98928 판결],https://www.law.go.kr/LSW/precInfoP.do?mode=0&precSeq=164976
173950,구상금,,https://www.law.go.kr/LSW/precInfoP.do?mode=0&precSeq=173950
182493,구상금,[대법원 2016. 5. 26. 선고 2014다204666 판결],https://www.law.go.kr/LSW/precInfoP.do?mode=0&precSeq=182493
177704,구상금,,https://www.law.go.kr/LSW/precInfoP.do?mode=0&precSeq=177704
182373,구상금,[대법원 2015. 12. 10. 선고 2015다230228 판결],https://www.law.go.kr/LSW/precInfoP.do?mode=0&precSeq=182373
204906,구상금,,https://www.law.go.kr/LSW/precInfoP.do?mode=0&precSeq=204906
206349,구상금,,https://www.law.go.kr/LSW/precInfoP.do?mode=0&precSeq=206349
212867,구상금,,https://www.law.go.kr/LSW/precInfoP.do?mode=0&precSeq=212867
241227,구상금,[대법원 2024. 7. 25. 선고 2022다233874 판결],https://www.law.go.kr/LSW/precInfoP.do?mode=0&precSeq=241227
192848,구상금,[대법원 1977. 4. 12. 선고 76다2920 판결],https://www.law.go.kr/LSW/precInfoP.do?mode=0&precSeq=192848
93690,구상금,[대법원 1978. 1. 17. 선고 77다1641 판결],https://www.law.go.kr/LSW/precInfoP.do?mode=0&precSeq=93690
93731,구상금,,https://www.law.go.kr/LSW/precInfoP.do?mode=0&precSeq=93731
213905,구상금,,https://www.law.go.kr/LSW/precInfoP.do?mode=0&precSeq=213905
94728,구상금,,https://www.law.go.kr/LSW/precInfoP.do?mode=0&precSeq=94728
205913,구상금,,https://www.law.go.kr/LSW/precInfoP.do?mode=0&precSeq=205913
103045,구상금,,https://www.law.go.kr/LSW/precInfoP.do?mode=0&precSeq=103045
105314,구상금,,https://www.law.go.kr/LSW/precInfoP.do?mode=0&precSeq=105314
204694,구상금,,https://www.law.go.kr/LSW/precInfoP.do?mode=0&precSeq=204694
105624,구상금,,https://www.law.go.kr/LSW/precInfoP.do?mode=0&precSeq=105624
105128,구상금,,https://www.law.go.kr/LSW/precInfoP.do?mode=0&precSeq=105128
106250,구상금,,https://www.law.go.kr/LSW/precInfoP.do?mode=0&precSeq=106250
107806,구상금,,https://www.law.go.kr/LSW/precInfoP.do?mode=0&precSeq=107806
602075,구상금,,https://www.law.go.kr/LSW/precInfoP.do?mode=0&precSeq=602075
600845,구상금,[대법원 1992. 12. 8. 선고 92다23360 판결],https://www.law.go.kr/LSW/precInfoP.do?mode=0&precSeq=600845
111099,구상금,,https://www.law.go.kr/LSW/precInfoP.do?mode=0&precSeq=111099
201879,구상금,[대법원 1993. 6. 8. 선고 93다5192 판결],https://www.law.go.kr/LSW/precInfoP.do?mode=0&precSeq=201879
600919,구상금,[대법원 1996. 1. 26. 선고 95다19751 판결],https://www.law.go.kr/LSW/precInfoP.do?mode=0&precSeq=600919
115002,구상금,,https://www.law.go.kr/LSW/precInfoP.do?mode=0&precSeq=115002
600707,구상금,[대법원 1997. 1. 24. 선고 96다39080 판결],https://www.law.go.kr/LSW/precInfoP.do?mode=0&precSeq=600707
196309,구상금,[대법원 1998. 5. 8. 선고 98다6084 판결],https://www.law.go.kr/LSW/precInfoP.do?mode=0&precSeq=196309
229559,구상금,,https://www.law.go.kr/LSW/precInfoP.do?mode=0&precSeq=229559
144548,구상금,,https://www.law.go.kr/LSW/precInfoP.do?mode=0&precSeq=144548
127611,구상금,,https://www.law.go.kr/LSW/precInfoP.do?mode=0&precSeq=127611
77374,구상금,,https://www.law.go.kr/LSW/precInfoP.do?mode=0&precSeq=77374
78913,구상금,,https://www.law.go.kr/LSW/precInfoP.do?mode=0&precSeq=78913
78178,구상금,,https://www.law.go.kr/LSW/precInfoP.do?mode=0&precSeq=78178
158625,구상금,,https://www.law.go.kr/LSW/precInfoP.do?mode=0&precSeq=158625
227379,구상금,,https://www.law.go.kr/LSW/precInfoP.do?mode=0&precSeq=227379
158735,구상금,,https://www.law.go.kr/LSW/precInfoP.do?mode=0&precSeq=158735
78086,구상금,,https://www.law.go.kr/LSW/precInfoP.do?mode=0&precSeq=78086
70170,구상금,[서울남부지법 2005. 9. 22. 선고 2004나9096 판결: 상고],https://www.law.go.kr/LSW/precInfoP.do?mode=0&precSeq=70170
120624,구상금,,https://www.law.go.kr/LSW/precInfoP.do?mode=0&precSeq=120624
184152,구상금,[인천지법 2016. 6. 14. 선고 2014나53714 판결 : 확정],https://www.law.go.kr/LSW/precInfoP.do?mode=0&precSeq=184152
188003,구상금[근로복지공단이 산업재해보상보험법에 따라 지급한 보험급여에 기하여 자동차손해배상 보장법상 피해자의 보험자에 대한 위자료청구권을 대위할 수 있는지 문제된 사건],,https://www.law.go.kr/LSW/precInfoP.do?mode=0&precSeq=188003
240743,구상금[도시 일용근로자의 월 가동일수가 문제된 사건],[대법원 2024. 4. 25. 선고 2020다271650 판결],https://www.law.go.kr/LSW/precInfoP.do?mode=0&precSeq=240743
69474,구상금·부당이득금,,https://www.law.go.kr/LSW/precInfoP.do?mode=0&precSeq=69474
83804,구상금등,[대법원 2005. 4. 28. 선고 2004다12660 판결],https://www.law.go.kr/LSW/precInfoP.do?mode=0&precSeq=83804
200190,구상금등,,https://www.law.go.kr/LSW/precInfoP.do?mode=0&precSeq=200190
223935,구상금청구사건,,https://www.law.go.kr/LSW/precInfoP.do?mode=0&precSeq=223935
76057,구상금청구사건,,https://www.law.go.kr/LSW/precInfoP.do?mode=0&precSeq=76057
75519,구상금청구사건,,https://www.law.go.kr/LSW/precInfoP.do?mode=0&precSeq=75519
75752,구상금청구사건,[서울민사지법 1984. 5. 4. 선고 84가합801 제11부판결 : 항소],https://www.law.go.kr/LSW/precInfoP.do?mode=0&precSeq=75752
76854,구상금청구사건,,https://www.law.go.kr/LSW/precInfoP.do?mode=0&precSeq=76854
208789,구직급여과오급금반환처분취소,[대법원 2019. 7. 25. 선고 2016두42289 판결],https://www.law.go.kr/LSW/precInfoP.do?mode=0&precSeq=208789
179799,국가기술자격법위반,[대법원 2015. 12. 10. 선고 2014도13062 판결],https://www.law.go.kr/LSW/precInfoP.do?mode=0&precSeq=179799
120194,국가기술자격정지처분취소,[부산고법 1996. 4. 10. 선고 95구2616 판결 ： 상고기각],https://www.law.go.kr/LSW/precInfoP.do?mode=0&precSeq=120194
120194,국가기술자격정지처분취소,,https://www.law.go.kr/LSW/precInfoP.do?mode=0&precSeq=120194
197394,국가유공자등록신청거부처분취소,,https://www.law.go.kr/LSW/precInfoP.do?mode=0&precSeq=197394
117781,국가유공자유족등록거부처분취소,,https://www.law.go.kr/LSW/precInfoP.do?mode=0&precSeq=117781
157707,근로 기준법 위반,[대법원 2011. 9. 8. 선고 2011도3015 판결],https://www.law.go.kr/LSW/precInfoP.do?mode=0&precSeq=157707
159864,근로 기준법 위반,[인천지방법원 2010. 6. 4. 선고 2009고정6355 판결],https://www.law.go.kr/LSW/precInfoP.do?mode=0&precSeq=159864
159868,근로 기준법 위반(인정된 죄명:근로자 퇴직급여 보장법 위반),[인천지방법원 2010. 10. 22. 선고 2010노1638 판결],https://www.law.go.kr/LSW/precInfoP.do?mode=0&precSeq=159868
158752,근로 기준법 위반(인정된죄명:근로자 퇴직급여 보장법 위반),[대법원 2011. 10. 27. 선고 2010도14693 판결],https://www.law.go.kr/LSW/precInfoP.do?mode=0&precSeq=158752
168937,근로기준법 위반,[대법원 2012. 11. 15. 선고 2011도9077 판결],https://www.law.go.kr/LSW/precInfoP.do?mode=0&precSeq=168937
166362,근로기준법 위반,[대법원 2012. 10. 25. 선고 2012도8694 판결],https://www.law.go.kr/LSW/precInfoP.do?mode=0&precSeq=166362
167764,근로기준법 위반,[부산지방법원 동부지원 2012. 4. 12. 선고 2012고정267 판결],https://www.law.go.kr/LSW/precInfoP.do?mode=0&precSeq=167764
163322,근로기준법 위반(인정된죄명:근로자퇴직급여보장법 위반),[대구지방법원 2011. 6. 14. 선고 2011노74 판결],https://www.law.go.kr/LSW/precInfoP.do?mode=0&precSeq=163322
162431,근로기준법 위반(인정된죄명:근로자퇴직급여보장법 위반),[대법원 2011. 10. 13. 선고 2009도8248 판결],https://www.law.go.kr/LSW/precInfoP.do?mode=0&precSeq=162431
162645,근로기준법 위반(인정된죄명:근로자퇴직급여보장법 위반),[대법원 2012. 4. 13. 선고 2011도8529 판결],https://www.law.go.kr/LSW/precInfoP.do?mode=0&precSeq=162645
163716,근로기준법 위반·사기·사기미수·사문서위조·위조사문서행사,[대법원 2011. 11. 10. 선고 2011도10539 판결],https://www.law.go.kr/LSW/precInfoP.do?mode=0&precSeq=163716
144066,근로기준법위반,,https://www.law.go.kr/LSW/precInfoP.do?mode=0&precSeq=144066
70218,근로기준법위반,[대구지법 2005. 10. 13. 선고 2005노1961 판결: 상고],https://www.law.go.kr/LSW/precInfoP.do?mode=0&precSeq=70218
192704,근로기준법위반,[대구지법 2008. 11. 21. 선고 2008고정744 판결 : 항소],https://www.law.go.kr/LSW/precInfoP.do?mode=0&precSeq=192704
190018,근로기준법위반,[대구지법 김천지원 2002. 11. 29. 선고 2001고단1533 판결 : 항소기각·확정],https://www.law.go.kr/LSW/precInfoP.do?mode=0&precSeq=190018
80342,근로기준법위반,[대법원 2001. 2. 23. 선고 2000도4299 판결],https://www.law.go.kr/LSW/precInfoP.do?mode=0&precSeq=80342
80345,근로기준법위반,[대법원 2001. 2. 23. 선고 2001도204 판결],https://www.law.go.kr/LSW/precInfoP.do?mode=0&precSeq=80345
200575,근로기준법위반,[대법원 2001. 8. 21. 선고 2001도2778 판결],https://www.law.go.kr/LSW/precInfoP.do?mode=0&precSeq=200575
81549,근로기준법위반,,https://www.law.go.kr/LSW/precInfoP.do?mode=0&precSeq=81549
81734,근로기준법위반,[대법원 2002. 7. 12. 선고 2002도2211 판결],https://www.law.go.kr/LSW/precInfoP.do?mode=0&precSeq=81734
81971,근로기준법위반,,https://www.law.go.kr/LSW/precInfoP.do?mode=0&precSeq=81971
82187,근로기준법위반,[대법원 2002. 11. 26. 선고 2002도5044 판결],https://www.law.go.kr/LSW/precInfoP.do?mode=0&precSeq=82187
190062,근로기준법위반,,https://www.law.go.kr/LSW/precInfoP.do?mode=0&precSeq=190062
83916,근로기준법위반,,https://www.law.go.kr/LSW/precInfoP.do?mode=0&precSeq=83916
191928,근로기준법위반,[대법원 2005. 4. 15. 선고 2005도157 판결],https://www.law.go.kr/LSW/precInfoP.do?mode=0&precSeq=191928
69130,근로기준법위반,[대법원 2007. 11. 30. 선고 2005도2201 판결],https://www.law.go.kr/LSW/precInfoP.do?mode=0&precSeq=69130
67768,근로기준법위반,,https://www.law.go.kr/LSW/precInfoP.do?mode=0&precSeq=67768
216101,근로기준법위반,[대법원 2006. 5. 11. 선고 2005도8364 판결],https://www.law.go.kr/LSW/precInfoP.do?mode=0&precSeq=216101
69051,근로기준법위반,,https://www.law.go.kr/LSW/precInfoP.do?mode=0&precSeq=69051
216155,근로기준법위반,[대법원 2006. 2. 9. 선고 2005도9230 판결],https://www.law.go.kr/LSW/precInfoP.do?mode=0&precSeq=216155
84868,근로기준법위반,[대법원 2006. 12. 7. 선고 2006도300 판결],https://www.law.go.kr/LSW/precInfoP.do?mode=0&precSeq=84868
68173,근로기준법위반,,https://www.law.go.kr/LSW/precInfoP.do?mode=0&precSeq=68173
68566,근로기준법위반,[대법원 2007. 3. 30. 선고 2006도6479 판결],https://www.law.go.kr/LSW/precInfoP.do?mode=0&precSeq=68566
64691,근로기준법위반,[대법원 2008. 9. 25. 선고 2006도7660 판결],https://www.law.go.kr/LSW/precInfoP.do?mode=0&precSeq=64691
216309,근로기준법위반,,https://www.law.go.kr/LSW/precInfoP.do?mode=0&precSeq=216309
216063,근로기준법위반,[대법원 2007. 6. 28. 선고 2007도1539 판결],https://www.law.go.kr/LSW/precInfoP.do?mode=0&precSeq=216063
68674,근로기준법위반,,https://www.law.go.kr/LSW/precInfoP.do?mode=0&precSeq=68674
136196,근로기준법위반,[대법원 2009. 6. 11. 선고 2007도3037 판결],https://www.law.go.kr/LSW/precInfoP.do?mode=0&precSeq=136196
69089,근로기준법위반,[대법원 2007. 11. 16. 선고 2007도3725 판결],https://www.law.go.kr/LSW/precInfoP.do?mode=0&precSeq=69089
85275,근로기준법위반,[대법원 2007. 8. 23. 선고 2007도4171 판결],https://www.law.go.kr/LSW/precInfoP.do?mode=0&precSeq=85275
68955,근로기준법위반,,https://www.law.go.kr/LSW/precInfoP.do?mode=0&precSeq=68955
138632,근로기준법위반,[대법원 2009. 4. 23. 선고 2008도11087 판결],https://www.law.go.kr/LSW/precInfoP.do?mode=0&precSeq=138632
69357,근로기준법위반,[대법원 2008. 3. 27. 선고 2008도364 판결],https://www.law.go.kr/LSW/precInfoP.do?mode=0&precSeq=69357
222901,근로기준법위반,[대법원 2008. 10. 9. 선고 2008도5984 판결],https://www.law.go.kr/LSW/precInfoP.do?mode=0&precSeq=222901
65124,근로기준법위반,,https://www.law.go.kr/LSW/precInfoP.do?mode=0&precSeq=65124
143547,근로기준법위반,[대법원 2010. 4. 15. 선고 2009도13833 판결],https://www.law.go.kr/LSW/precInfoP.do?mode=0&precSeq=143547
150879,근로기준법위반,[대법원 2011. 5. 26. 선고 2009도2357 판결],https://www.law.go.kr/LSW/precInfoP.do?mode=0&precSeq=150879
141127,근로기준법위반,[대법원 2009. 3. 12. 선고 2009도311 판결],https://www.law.go.kr/LSW/precInfoP.do?mode=0&precSeq=141127
140874,근로기준법위반,[대법원 2009. 11. 12. 선고 2009도7908 판결],https://www.law.go.kr/LSW/precInfoP.do?mode=0&precSeq=140874
177765,근로기준법위반,,https://www.law.go.kr/LSW/precInfoP.do?mode=0&precSeq=177765
172309,근로기준법위반,[대법원 2013. 12. 26. 선고 2012도5875 판결],https://www.law.go.kr/LSW/precInfoP.do?mode=0&precSeq=172309
174109,근로기준법위반,,https://www.law.go.kr/LSW/precInfoP.do?mode=0&precSeq=174109
209139,근로기준법위반,[대법원 2013. 11. 28. 선고 2013도1959 판결],https://www.law.go.kr/LSW/precInfoP.do?mode=0&precSeq=209139
179549,근로기준법위반,[대법원 2015. 11. 12. 선고 2013도8417 판결],https://www.law.go.kr/LSW/precInfoP.do?mode=0&precSeq=179549
232871,근로기준법위반,[대법원 2022. 12. 29. 선고 2018도2720 판결],https://www.law.go.kr/LSW/precInfoP.do?mode=0&precSeq=232871
238423,근로기준법위반,[대법원 2023. 4. 27. 선고 2020도10392 판결],https://www.law.go.kr/LSW/precInfoP.do?mode=0&precSeq=238423
219943,근로기준법위반,[대법원 2022. 2. 11. 선고 2020도68 판결],https://www.law.go.kr/LSW/precInfoP.do?mode=0&precSeq=219943
228495,근로기준법위반,,https://www.law.go.kr/LSW/precInfoP.do?mode=0&precSeq=228495
607825,근로기준법위반,[대법원 2025. 7. 17. 선고 2021도11886 판결],https://www.law.go.kr/LSW/precInfoP.do?mode=0&precSeq=607825
232603,근로기준법위반,[대법원 2022. 5. 26. 선고 2022도2188 판결],https://www.law.go.kr/LSW/precInfoP.do?mode=0&precSeq=232603
238955,근로기준법위반,[대법원 2023. 8. 31. 선고 2023도6323 판결],https://www.law.go.kr/LSW/precInfoP.do?mode=0&precSeq=238955
92818,근로기준법위반,[대법원 1975. 12. 9. 선고 75도2599 판결],https://www.law.go.kr/LSW/precInfoP.do?mode=0&precSeq=92818
103019,근로기준법위반,[대법원 1987. 4. 14. 선고 87도153 판결],https://www.law.go.kr/LSW/precInfoP.do?mode=0&precSeq=103019
189937,근로기준법위반,[대법원 1993. 7. 13. 선고 92도2089 판결],https://www.law.go.kr/LSW/precInfoP.do?mode=0&precSeq=189937
189853,근로기준법위반,[대법원 1992. 12. 24. 선고 92도2341 판결],https://www.law.go.kr/LSW/precInfoP.do?mode=0&precSeq=189853
192001,근로기준법위반,,https://www.law.go.kr/LSW/precInfoP.do?mode=0&precSeq=192001
115654,근로기준법위반,[대법원 1997. 8. 29. 선고 97도1091 판결],https://www.law.go.kr/LSW/precInfoP.do?mode=0&precSeq=115654
115808,근로기준법위반,[대법원 1997. 9. 30. 선고 97도1490 판결],https://www.law.go.kr/LSW/precInfoP.do?mode=0&precSeq=115808
116024,근로기준법위반,,https://www.law.go.kr/LSW/precInfoP.do?mode=0&precSeq=116024
117091,근로기준법위반,[대법원 1998. 10. 15. 선고 98도1759 전원합의체 판결],https://www.law.go.kr/LSW/precInfoP.do?mode=0&precSeq=117091
229803,근로기준법위반,[대법원 2000. 3. 14. 선고 99도1243 판결],https://www.law.go.kr/LSW/precInfoP.do?mode=0&precSeq=229803
230185,근로기준법위반,,https://www.law.go.kr/LSW/precInfoP.do?mode=0&precSeq=230185
78353,근로기준법위반,[대전지방법원 2007. 1. 25. 선고 2006노2115 판결],https://www.law.go.kr/LSW/precInfoP.do?mode=0&precSeq=78353
138251,근로기준법위반,[부산지방법원 2007. 3. 30. 선고 2006노2727 판결],https://www.law.go.kr/LSW/precInfoP.do?mode=0&precSeq=138251
70729,근로기준법위반,[서울남부지법 2007. 3. 30. 선고 2006노879 판결 : 확정],https://www.law.go.kr/LSW/precInfoP.do?mode=0&precSeq=70729
77392,근로기준법위반,[서울중앙지방법원 2005. 11. 16. 선고 2005노377 판결],https://www.law.go.kr/LSW/precInfoP.do?mode=0&precSeq=77392
69975,근로기준법위반,,https://www.law.go.kr/LSW/precInfoP.do?mode=0&precSeq=69975
64519,근로기준법위반,[수원지방법원 2006. 10. 12. 선고 2006노2559 판결],https://www.law.go.kr/LSW/precInfoP.do?mode=0&precSeq=64519
152331,근로기준법위반,[수원지방법원 2009. 2. 10. 선고 2008노4285 판결],https://www.law.go.kr/LSW/precInfoP.do?mode=0&precSeq=152331
152342,근로기준법위반,[수원지방법원 성남지원 2008. 9. 4. 선고 2008고단38 판결],https://www.law.go.kr/LSW/precInfoP.do?mode=0&precSeq=152342
146458,근로기준법위반,,https://www.law.go.kr/LSW/precInfoP.do?mode=0&precSeq=146458
64846,근로기준법위반,[수원지법 2008. 6. 3. 선고 2007노4706 판결 : 확정],https://www.law.go.kr/LSW/precInfoP.do?mode=0&precSeq=64846
70265,근로기준법위반,[울산지법 2005. 11. 18. 선고 2005노818 판결 : 상고],https://www.law.go.kr/LSW/precInfoP.do?mode=0&precSeq=70265
64680,근로기준법위반,[의정부지방법원 2008. 6. 12. 선고 2008노106 판결],https://www.law.go.kr/LSW/precInfoP.do?mode=0&precSeq=64680
69972,근로기준법위반,,https://www.law.go.kr/LSW/precInfoP.do?mode=0&precSeq=69972
78465,근로기준법위반,[전주지방법원 2007. 5. 3. 선고 2006노916 판결],https://www.law.go.kr/LSW/precInfoP.do?mode=0&precSeq=78465
77593,근로기준법위반,[춘천지방법원 2005. 10. 21. 선고 2005노257 판결],https://www.law.go.kr/LSW/precInfoP.do?mode=0&precSeq=77593
194202,근로기준법위반,[춘천지법 2018. 1. 17. 선고 2017고단979 판결 : 항소],https://www.law.go.kr/LSW/precInfoP.do?mode=0&precSeq=194202
70812,근로기준법위반,[춘천지법 원주지원 2007. 5. 9. 선고 2006고정613 판결 : 항소],https://www.law.go.kr/LSW/precInfoP.do?mode=0&precSeq=70812
175600,근로기준법위반(인정된죄명:근로자퇴직급여보장법위반),[대법원 2013. 12. 26. 선고 2012도10902 판결],https://www.law.go.kr/LSW/precInfoP.do?mode=0&precSeq=175600
240953,근로기준법위반[구 근로기준법(2019. 4. 30. 법률 제16415호로 개정되기 전의 것) 제44조의2 위반의 고의가 문제된 사건],[대법원 2024. 6. 27. 선고 2024도4055 판결],https://www.law.go.kr/LSW/precInfoP.do?mode=0&precSeq=240953
240745,근로기준법위반[근로기준법 제111조의 ‘확정된 구제명령 또는 구제명령을 내용으로 하는 재심판정을 이행하지 아니한 자’의 범위가 문제된 사건],[대법원 2024. 4. 25. 선고 2024도1309 판결],https://www.law.go.kr/LSW/precInfoP.do?mode=0&precSeq=240745
240951,근로기준법위반[기간제 근로계약의 근로조건 명시의무가 문제된 사건],[대법원 2024. 6. 27. 선고 2020도16541 판결],https://www.law.go.kr/LSW/precInfoP.do?mode=0&precSeq=240951
220429,근로기준법위반[사용자인 피고인이 인사규정상 정년을 변경한 것이 취업규칙을 근로자에게 불리하게 변경한 것인지가 문제된 사안],[대법원 2022. 4. 14. 선고 2020도9257 판결],https://www.law.go.kr/LSW/precInfoP.do?mode=0&precSeq=220429
69131,근로기준법위반·강제집행면탈·명예훼손·라디오에의한명예훼손,[대법원 2007. 11. 30. 선고 2006도7329 판결],https://www.law.go.kr/LSW/precInfoP.do?mode=0&precSeq=69131
70101,근로기준법위반·근로자참여및협력증진에관한법률위반·노동조합및노동관계조정법위반,[전주지법 2005. 6. 14. 선고 2005노195 판결 : 상고],https://www.law.go.kr/LSW/precInfoP.do?mode=0&precSeq=70101
177590,근로기준법위반·근로자퇴직급여보장법위반,[대법원 2015. 2. 12. 선고 2014도12753 판결],https://www.law.go.kr/LSW/precInfoP.do?mode=0&precSeq=177590
205749,근로기준법위반·근로자퇴직급여보장법위반,[대법원 2018. 4. 24. 선고 2015도15317 판결],https://www.law.go.kr/LSW/precInfoP.do?mode=0&precSeq=205749
241697,근로기준법위반·근로자퇴직급여보장법위반,[대법원 2023. 11. 2. 선고 2018도965 판결],https://www.law.go.kr/LSW/precInfoP.do?mode=0&precSeq=241697
227249,근로기준법위반·근로자퇴직급여보장법위반,[대법원 2022. 3. 31. 선고 2019도10297 판결],https://www.law.go.kr/LSW/precInfoP.do?mode=0&precSeq=227249
232821,근로기준법위반·근로자퇴직급여보장법위반,[대법원 2022. 6. 30. 선고 2022도742 판결],https://www.law.go.kr/LSW/precInfoP.do?mode=0&precSeq=232821
606941,근로기준법위반·근로자퇴직급여보장법위반,[수원지법 2025. 5. 30. 선고 2024노3424 판결 : 환송],https://www.law.go.kr/LSW/precInfoP.do?mode=0&precSeq=606941
225551,근로기준법위반·근로자퇴직급여보장법위반,[울산지법 2019. 9. 20. 선고 2019노29 판결 : 상고],https://www.law.go.kr/LSW/precInfoP.do?mode=0&precSeq=225551
180294,근로기준법위반·근로자퇴직급여보장법위반,[창원지법 2016. 1. 27. 선고 2015노1996 판결 : 상고],https://www.law.go.kr/LSW/precInfoP.do?mode=0&precSeq=180294
238199,근로기준법위반·근로자퇴직급여보장법위반[1주간 12시간의 연장근로한도 위반 여부가 문제된 사건],[대법원 2023. 12. 7. 선고 2020도15393 판결],https://www.law.go.kr/LSW/precInfoP.do?mode=0&precSeq=238199
187878,근로기준법위반·근로자퇴직급여보장법위반[포괄임금약정에 관한 사건],[대법원 2016. 10. 13. 선고 2016도1060 판결],https://www.law.go.kr/LSW/precInfoP.do?mode=0&precSeq=187878
80118,근로기준법위반·노동쟁의조정법위반,[대법원 2000. 11. 28. 선고 99도317 판결],https://www.law.go.kr/LSW/precInfoP.do?mode=0&precSeq=80118
216197,근로기준법위반·노동조합및노동관계조정법위반,[대법원 2006. 2. 24. 선고 2005도8606 판결],https://www.law.go.kr/LSW/precInfoP.do?mode=0&precSeq=216197
64784,근로기준법위반·노동조합및노동관계조정법위반,[대법원 2008. 9. 25. 선고 2006도7233 판결],https://www.law.go.kr/LSW/precInfoP.do?mode=0&precSeq=64784
85641,근로기준법위반·노동조합및노동관계조정법위반,[대법원 2008. 4. 10. 선고 2007도1199 판결],https://www.law.go.kr/LSW/precInfoP.do?mode=0&precSeq=85641
69225,근로기준법위반·노동조합및노동관계조정법위반,[대법원 2008. 1. 24. 선고 2007도6861 판결],https://www.law.go.kr/LSW/precInfoP.do?mode=0&precSeq=69225
192311,근로기준법위반·노동조합및노동관계조정법위반,[대법원 2009. 12. 10. 선고 2009도8239 판결],https://www.law.go.kr/LSW/precInfoP.do?mode=0&precSeq=192311
185370,근로기준법위반·노동조합및노동관계조정법위반,[대법원 2017. 7. 11. 선고 2013도7896 판결],https://www.law.go.kr/LSW/precInfoP.do?mode=0&precSeq=185370
82179,근로기준법위반·노동조합및노동관계조정법위반·근로자참여및협력증진에관한법률위반,[대법원 2002. 11. 26. 선고 2002도649 판결],https://www.law.go.kr/LSW/precInfoP.do?mode=0&precSeq=82179
83795,근로기준법위반·노동조합및노동관계조정법위반·근로자참여및협력증진에관한법률위반,[대법원 2005. 4. 14. 선고 2004도1108 판결],https://www.law.go.kr/LSW/precInfoP.do?mode=0&precSeq=83795
146315,근로기준법위반·도박개장,[대법원 2010. 9. 30. 선고 2010도6403 판결],https://www.law.go.kr/LSW/precInfoP.do?mode=0&precSeq=146315
146601,근로기준법위반·도박개장,[창원지방법원 2010. 2. 4. 선고 2009고단381 판결],https://www.law.go.kr/LSW/precInfoP.do?mode=0&precSeq=146601
146615,근로기준법위반·도박개장,,https://www.law.go.kr/LSW/precInfoP.do?mode=0&precSeq=146615
235109,근로기준법위반·최저임금법위반[근로기준법상 가산임금 규정이 적용되는 근로기준법 제11조 제1항의 ‘상시 5명 이상의 근로자를 사용하는 사업 또는 사업장’에 해당하는지 여부가 문제된 사건],[대법원 2023. 6. 15. 선고 2020도16228 판결],https://www.law.go.kr/LSW/precInfoP.do?mode=0&precSeq=235109
67597,근로기준법위반·폭력행위등처벌에관한법률위반(야간·공동폭행)·노동조합및노동관계조정법위반,[대법원 2005. 6. 9. 선고 2004도7218 판결],https://www.law.go.kr/LSW/precInfoP.do?mode=0&precSeq=67597
217011,근로기준법위반ㆍ근로자퇴직급여보장법위반ㆍ최저임금법위반,[대법원 2021. 2. 25. 선고 2020도17654 판결],https://www.law.go.kr/LSW/precInfoP.do?mode=0&precSeq=217011
214919,근로기준법위반ㆍ노동조합및노동관계조정법위반,[대법원 2020. 9. 3. 선고 2015도15618 판결],https://www.law.go.kr/LSW/precInfoP.do?mode=0&precSeq=214919
76085,근로기준법위반등피고사건,[서울형사지법 1985. 1. 15. 선고 84노3203 제9부판결 : 확정],https://www.law.go.kr/LSW/precInfoP.do?mode=0&precSeq=76085
599691,근로소득세경정거부처분취소[복지포인트가 구 소득세법(2016. 12. 20. 법률 제14389호로 개정되기 전의 것)상 근로소득에 해당하는지 여부가 문제된 사건],[대법원 2024. 12. 24. 선고 2024두34122 판결],https://www.law.go.kr/LSW/precInfoP.do?mode=0&precSeq=599691
106350,근로수당,,https://www.law.go.kr/LSW/precInfoP.do?mode=0&precSeq=106350
178726,근로시간면제한도고시무효확인,[대법원 2014. 3. 27. 선고 2011두8420 판결],https://www.law.go.kr/LSW/precInfoP.do?mode=0&precSeq=178726
146095,근로시간면제한도의결무효확인,[서울행법 2010. 8. 19. 선고 2010구합20348 판결 : 항소],https://www.law.go.kr/LSW/precInfoP.do?mode=0&precSeq=146095
218259,근로에관한소송,,https://www.law.go.kr/LSW/precInfoP.do?mode=0&precSeq=218259
240299,근로에관한소송,,https://www.law.go.kr/LSW/precInfoP.do?mode=0&precSeq=240299
179932,근로에관한소송,[서울북부지법 2015. 12. 10. 선고 2014가합25188 판결 : 확정],https://www.law.go.kr/LSW/precInfoP.do?mode=0&precSeq=179932
241583,근로에관한소송[대기발령을 받은 근로자가 대기발령 사유가 없거나 대기발령이 부당히 장기간 유지되어 무효라고 주장한 사건],[대법원 2024. 9. 12. 선고 2024다250873 판결],https://www.law.go.kr/LSW/precInfoP.do?mode=0&precSeq=241583
405982,근로자성 회복,"본 컨텐츠는
 근로복지공단 산재판례 에서 수집한 데이터로, 관련 문의는 해당 기관으로 부탁드립니다.",https://www.law.go.kr/LSW/precInfoP.do?mode=0&precSeq=405982
414264,근로자성불인정취소,[서울행정법원 2021구합88951],https://www.law.go.kr/LSW/precInfoP.do?mode=0&precSeq=414264
405046,근로자성회복,"본 컨텐츠는
 근로복지공단 산재판례 에서 수집한 데이터로, 관련 문의는 해당 기관으로 부탁드립니다.",https://www.law.go.kr/LSW/precInfoP.do?mode=0&precSeq=405046
120724,근로자지위보전가처분,[부산지법 1998. 10. 9. 자 98카합5827 결정：이의],https://www.law.go.kr/LSW/precInfoP.do?mode=0&precSeq=120724
241639,근로자지위부존재확인[대리운전업체가 대리운전 기사를 상대로 「노동조합 및 노동관계조정법」(이하 ‘노동조합법’)상 근로자지위부존재확인을 청구한 사건],[대법원 2024. 9. 27. 선고 2020다267491 판결],https://www.law.go.kr/LSW/precInfoP.do?mode=0&precSeq=241639
216191,근로자지위부존재확인등,,https://www.law.go.kr/LSW/precInfoP.do?mode=0&precSeq=216191
68191,근로자지위부존재확인등,[대법원 2006. 10. 13. 선고 2005다64385 판결],https://www.law.go.kr/LSW/precInfoP.do?mode=0&precSeq=68191
204606,근로자지위확인,[대법원 2018. 6. 19. 선고 2017두54975 판결],https://www.law.go.kr/LSW/precInfoP.do?mode=0&precSeq=204606
125211,근로자지위확인,[울산지법 2008. 12. 10. 선고 2007가합6730 판결 : 항소],https://www.law.go.kr/LSW/precInfoP.do?mode=0&precSeq=125211
166074,근로자지위확인 등,[서울고등법원 2010. 4. 16. 선고 2009나89797 판결],https://www.law.go.kr/LSW/precInfoP.do?mode=0&precSeq=166074
145338,근로자지위확인등,[대법원 2007. 12. 27. 선고 2007다51017 판결],https://www.law.go.kr/LSW/precInfoP.do?mode=0&precSeq=145338
85615,근로자지위확인등,,https://www.law.go.kr/LSW/precInfoP.do?mode=0&precSeq=85615
164351,근로자지위확인등,[대법원 2012. 6. 28. 선고 2010다38007 판결],https://www.law.go.kr/LSW/precInfoP.do?mode=0&precSeq=164351
179027,근로자지위확인등,[대법원 2015. 2. 26. 선고 2011다78316 판결],https://www.law.go.kr/LSW/precInfoP.do?mode=0&precSeq=179027
179028,근로자지위확인등,,https://www.law.go.kr/LSW/precInfoP.do?mode=0&precSeq=179028
179846,근로자지위확인등,[대법원 2015. 10. 29. 선고 2014다46969 판결],https://www.law.go.kr/LSW/precInfoP.do?mode=0&precSeq=179846
207145,근로자지위확인등,,https://www.law.go.kr/LSW/precInfoP.do?mode=0&precSeq=207145
226257,근로자지위확인등,,https://www.law.go.kr/LSW/precInfoP.do?mode=0&precSeq=226257
239195,근로자지위확인등,[대법원 2024. 1. 4. 선고 2021다169 판결],https://www.law.go.kr/LSW/precInfoP.do?mode=0&precSeq=239195
225947,근로자지위확인등,[서울중앙지법 2020. 1. 9. 선고 2016가합565278 판결 : 항소],https://www.law.go.kr/LSW/precInfoP.do?mode=0&precSeq=225947
241373,근로자지위확인등·근로자지위확인등,"[대법원 2024. 3. 12. 선고 2019다222829, 222836 판결]",https://www.law.go.kr/LSW/precInfoP.do?mode=0&precSeq=241373
605281,근로자지위확인등·근로자지위확인등[「파견근로자 보호 등에 관한 법률」(이하 ‘파견법’)상 직접고용의무 이행과 임금 등 차액 상당의 손해배상금 지급을 구하는 사건],"[대법원 2025. 3. 27. 선고 2021다245528, 245535 판결]",https://www.law.go.kr/LSW/precInfoP.do?mode=0&precSeq=605281
186230,근로자지위확인의소,[대법원 2017. 11. 9. 선고 2015두57611 판결],https://www.law.go.kr/LSW/precInfoP.do?mode=0&precSeq=186230
195424,근로자지위확인의소,[대법원 2017. 10. 26. 선고 2016두33278 판결],https://www.law.go.kr/LSW/precInfoP.do?mode=0&precSeq=195424
169624,근로자직업능력개발법등 위반에 대한 행정 처분 취소,[대법원 2013. 6. 13. 선고 2011두7175 판결],https://www.law.go.kr/LSW/precInfoP.do?mode=0&precSeq=169624
170861,근로자직업능력개발법등 위반에 대한 행정처분 취소,[서울고등법원 2011. 2. 16. 선고 2010누29774 판결],https://www.law.go.kr/LSW/precInfoP.do?mode=0&precSeq=170861
124863,근로자참여및협력증진에관한법률위반,[대법원 2008. 12. 24. 선고 2008도8280 판결],https://www.law.go.kr/LSW/precInfoP.do?mode=0&precSeq=124863
605935,근로자참여및협력증진에관한법률위반[노사협의회 의장인 피고인이 ‘정기회의’를 개최하지 않은 사건],[대법원 2025. 5. 1. 선고 2025도2059 판결],https://www.law.go.kr/LSW/precInfoP.do?mode=0&precSeq=605935
235959,근로자퇴직급여보장법위반,[대법원 2023. 7. 13. 선고 2023도188 판결],https://www.law.go.kr/LSW/precInfoP.do?mode=0&precSeq=235959
238781,근로자퇴직급여보장법위반,[대법원 2023. 12. 7. 선고 2023도2318 판결],https://www.law.go.kr/LSW/precInfoP.do?mode=0&precSeq=238781
185524,근로자퇴직급여보장법위반,[부산지법 2017. 7. 14. 선고 2016고단7856 판결 : 항소],https://www.law.go.kr/LSW/precInfoP.do?mode=0&precSeq=185524
237595,근로자퇴직급여보장법위반[의료소비자생활협동조합의 봉직의가 근로기준법상 ‘근로자’에 해당하는지 여부가 문제되는 사건],[대법원 2023. 9. 21. 선고 2021도11675 판결],https://www.law.go.kr/LSW/precInfoP.do?mode=0&precSeq=237595
232013,근무형태변경시행무효확인,[대법원 2022. 3. 11. 선고 2018다255488 판결],https://www.law.go.kr/LSW/precInfoP.do?mode=0&precSeq=232013
387442,급여결정및부당이득징수처분취소,[서울고등법원 2013누4264],https://www.law.go.kr/LSW/precInfoP.do?mode=0&precSeq=387442
387682,급여결정및부당이득징수처분취소,[서울고등법원 2013누613],https://www.law.go.kr/LSW/precInfoP.do?mode=0&precSeq=387682
195067,급여등,,https://www.law.go.kr/LSW/precInfoP.do?mode=0&precSeq=195067
206593,기술사고시불합격처분취소,[대법원 1985. 9. 10. 선고 85누434 판결],https://www.law.go.kr/LSW/precInfoP.do?mode=0&precSeq=206593
203286,기술사자격정지처분무효확인,[대법원 1992. 5. 12. 선고 91누11247 판결],https://www.law.go.kr/LSW/precInfoP.do?mode=0&precSeq=203286
394414,기타(공무상재해/산업재해),[서울행정법원 2015구합74432],https://www.law.go.kr/LSW/precInfoP.do?mode=0&precSeq=394414
241785,기타(금전)[우리사주조합원이 우리사주 예탁일부터 1년 이내에 퇴직하여 우리사주조합원의 자격을 상실한 경우 그 이전에 그 우리사주에 관하여 지급된 배당소득에 대하여 소득세를 과세할 수 있는지 여부가 문제된 사건],[대법원 2024. 10. 8. 선고 2024다254820 판결],https://www.law.go.kr/LSW/precInfoP.do?mode=0&precSeq=241785
408656,기타(일반행정),"본 컨텐츠는
 근로복지공단 산재판례 에서 수집한 데이터로, 관련 문의는 해당 기관으로 부탁드립니다.",https://www.law.go.kr/LSW/precInfoP.do?mode=0&precSeq=408656
397570,기타(일반행정)요양급여불승인결정의처분취소청구,[대구지방법원 2016구단68],https://www.law.go.kr/LSW/precInfoP.do?mode=0&precSeq=397570
82448,남녀고용평등법위반,[대법원 2003. 3. 14. 선고 2002도3883 판결],https://www.law.go.kr/LSW/precInfoP.do?mode=0&precSeq=82448
83363,노동위원회법위반,[대법원 2004. 7. 8. 선고 2003도6413 판결],https://www.law.go.kr/LSW/precInfoP.do?mode=0&precSeq=83363
196592,노동쟁의중재재심결정처분취소,,https://www.law.go.kr/LSW/precInfoP.do?mode=0&precSeq=196592
115859,노동쟁의중재재심결정처분취소,[대법원 1997. 10. 10. 선고 97누4951 판결],https://www.law.go.kr/LSW/precInfoP.do?mode=0&precSeq=115859
115793,노동쟁의중재재심결정처분취소,[대법원 1997. 9. 30. 선고 97누676 판결],https://www.law.go.kr/LSW/precInfoP.do?mode=0&precSeq=115793
116082,노동쟁의중재재심결정처분취소,[대법원 1997. 11. 25. 선고 97누8762 판결],https://www.law.go.kr/LSW/precInfoP.do?mode=0&precSeq=116082
115418,노동쟁의중재재심결정취소,[대법원 1997. 6. 27. 선고 97누1273 판결],https://www.law.go.kr/LSW/precInfoP.do?mode=0&precSeq=115418
179805,노동쟁의중재재정재심결정취소,[대법원 2015. 2. 26. 선고 2012두22003 판결],https://www.law.go.kr/LSW/precInfoP.do?mode=0&precSeq=179805
116239,노동쟁의중재재정처분취소,,https://www.law.go.kr/LSW/precInfoP.do?mode=0&precSeq=116239
172463,노동조합 및 노동관계조정법 위반,[대법원 2013. 5. 23. 선고 2010도15499 판결],https://www.law.go.kr/LSW/precInfoP.do?mode=0&precSeq=172463
157906,노동조합 설립 신고반려 처분 취소,[대법원 2011. 3. 24. 선고 2007두4483 판결],https://www.law.go.kr/LSW/precInfoP.do?mode=0&precSeq=157906
81760,노동조합결의처분시정명령취소,[대법원 2002. 7. 26. 선고 2001두5361 판결],https://www.law.go.kr/LSW/precInfoP.do?mode=0&precSeq=81760
190678,노동조합규약시정명령취소,[대법원 2013. 9. 27. 선고 2011두15404 판결],https://www.law.go.kr/LSW/precInfoP.do?mode=0&precSeq=190678
190088,노동조합및노동관계조정법위반,,https://www.law.go.kr/LSW/precInfoP.do?mode=0&precSeq=190088
67316,노동조합및노동관계조정법위반,[대법원 2004. 7. 22. 선고 2002도7464 판결],https://www.law.go.kr/LSW/precInfoP.do?mode=0&precSeq=67316
83859,노동조합및노동관계조정법위반,[대법원 2005. 5. 13. 선고 2003도3505 판결],https://www.law.go.kr/LSW/precInfoP.do?mode=0&precSeq=83859
67428,노동조합및노동관계조정법위반,[대법원 2004. 8. 30. 선고 2004도3891 판결],https://www.law.go.kr/LSW/precInfoP.do?mode=0&precSeq=67428
64652,노동조합및노동관계조정법위반,[대법원 2008. 11. 13. 선고 2008도4831 판결],https://www.law.go.kr/LSW/precInfoP.do?mode=0&precSeq=64652
69429,노동조합및노동관계조정법위반,[대법원 2008. 4. 24. 선고 2008도618 판결],https://www.law.go.kr/LSW/precInfoP.do?mode=0&precSeq=69429
228305,노동조합및노동관계조정법위반,[대법원 2010. 6. 10. 선고 2009도12180 판결],https://www.law.go.kr/LSW/precInfoP.do?mode=0&precSeq=228305
149524,노동조합및노동관계조정법위반,[대법원 2010. 11. 11. 선고 2009도4558 판결],https://www.law.go.kr/LSW/precInfoP.do?mode=0&precSeq=149524
215643,노동조합및노동관계조정법위반,[대법원 2009. 12. 24. 선고 2009도9347 판결],https://www.law.go.kr/LSW/precInfoP.do?mode=0&precSeq=215643
148156,노동조합및노동관계조정법위반,[대법원 2011. 2. 10. 선고 2010도10721 판결],https://www.law.go.kr/LSW/precInfoP.do?mode=0&precSeq=148156
146651,노동조합및노동관계조정법위반,[대법원 2010. 7. 22. 선고 2010도3249 판결],https://www.law.go.kr/LSW/precInfoP.do?mode=0&precSeq=146651
184787,노동조합및노동관계조정법위반,[대법원 2016. 12. 27. 선고 2014도15054 판결],https://www.law.go.kr/LSW/precInfoP.do?mode=0&precSeq=184787
199918,노동조합및노동관계조정법위반,[대법원 2017. 6. 29. 선고 2014도7129 판결],https://www.law.go.kr/LSW/precInfoP.do?mode=0&precSeq=199918
185414,노동조합및노동관계조정법위반,[대법원 2017. 7. 18. 선고 2016도3185 판결],https://www.law.go.kr/LSW/precInfoP.do?mode=0&precSeq=185414
226715,노동조합및노동관계조정법위반,[대법원 2021. 1. 14. 자 2017마5737 결정],https://www.law.go.kr/LSW/precInfoP.do?mode=0&precSeq=226715
144567,노동조합및노동관계조정법위반,[대전지방법원 천안지원 2009. 5. 21. 선고 2008고정720 판결],https://www.law.go.kr/LSW/precInfoP.do?mode=0&precSeq=144567
125405,노동조합및노동관계조정법위반,[서울동부지방법원 2008. 5. 15. 선고 2007노1331 판결],https://www.law.go.kr/LSW/precInfoP.do?mode=0&precSeq=125405
142714,노동조합및노동관계조정법위반,[인천지방법원 2009. 8. 28. 선고 2009노1896 판결],https://www.law.go.kr/LSW/precInfoP.do?mode=0&precSeq=142714
234711,노동조합및노동관계조정법위반·근로기준법위반·남녀고용평등과일·가정양립지원에관한법률위반,[대법원 2023. 4. 27. 선고 2020도16431 판결],https://www.law.go.kr/LSW/precInfoP.do?mode=0&precSeq=234711
215903,노동조합및노동관계조정법위반·산업안전보건법위반,[대법원 2006. 9. 8. 선고 2006도388 판결],https://www.law.go.kr/LSW/precInfoP.do?mode=0&precSeq=215903
222705,노동조합및노동관계조정법위반·업무방해·폭력행위등처벌에관한법률위반(공동강요)·폭력행위등처벌에관한법률위반(공동주거침입)(피고인6에대하여인정된죄명:주거침입)·재물손괴,[대법원 2022. 6. 9. 선고 2016도11744 판결],https://www.law.go.kr/LSW/precInfoP.do?mode=0&precSeq=222705
201351,노동조합사무실제공등(공정대표의무 사건)[공정대표의무 사건],[대법원 2018. 8. 30. 선고 2017다218642 판결],https://www.law.go.kr/LSW/precInfoP.do?mode=0&precSeq=201351
217649,노동조합설립무효확인,[대법원 2021. 2. 25. 선고 2017다51610 판결],https://www.law.go.kr/LSW/precInfoP.do?mode=0&precSeq=217649
179756,노동조합설립반려처분취소,[대법원 2015. 1. 29. 선고 2012두28247 판결],https://www.law.go.kr/LSW/precInfoP.do?mode=0&precSeq=179756
83112,노동조합설립신고반려처분취소,[대법원 2004. 2. 27. 선고 2001두8568 판결],https://www.law.go.kr/LSW/precInfoP.do?mode=0&precSeq=83112
173318,노동조합설립신고반려처분취소,[대법원 2014. 4. 10. 선고 2011두6998 판결],https://www.law.go.kr/LSW/precInfoP.do?mode=0&precSeq=173318
153094,노동조합설립신고반려처분취소,[대전지법 2011. 6. 22. 선고 2011구합1124 판결 : 확정],https://www.law.go.kr/LSW/precInfoP.do?mode=0&precSeq=153094
172358,노동조합설립신고반려처분취소,[부산지법 2013. 10. 24. 선고 2013구합1929 판결 : 항소],https://www.law.go.kr/LSW/precInfoP.do?mode=0&precSeq=172358
145401,노동조합설립신고반려처분취소,[서울행법 2010. 7. 23. 선고 2010구합11276 판결 : 항소],https://www.law.go.kr/LSW/precInfoP.do?mode=0&precSeq=145401
214529,노동조합설립신고반려처분취소,[서울행법 2020. 8. 20. 선고 2015구합68857 판결 : 항소],https://www.law.go.kr/LSW/precInfoP.do?mode=0&precSeq=214529
115551,노동조합설립신고사항변경신고반려처분취소,[대법원 1997. 7. 25. 선고 95누4377 판결],https://www.law.go.kr/LSW/precInfoP.do?mode=0&precSeq=115551
178577,노동조합설립신고서반려처분취소,[대법원 2015. 6. 25. 선고 2007두4995 전원합의체 판결],https://www.law.go.kr/LSW/precInfoP.do?mode=0&precSeq=178577
70668,노동조합설립신고서반려처분취소,[서울고법 2007. 2. 1. 선고 2006누6774 판결 : 상고],https://www.law.go.kr/LSW/precInfoP.do?mode=0&precSeq=70668
115862,노동조합설립신고증교부(수리)처분취소,[대법원 1997. 10. 14. 선고 96누9829 판결],https://www.law.go.kr/LSW/precInfoP.do?mode=0&precSeq=115862
82981,노동조합설립신고증교부처분취소,[대법원 2003. 12. 12. 선고 2002두7975 판결],https://www.law.go.kr/LSW/precInfoP.do?mode=0&precSeq=82981
210203,노동조합설립신고필증교부처분취소,[서울행법 2005. 4. 21. 선고 2004구합35356 판결 : 항소],https://www.law.go.kr/LSW/precInfoP.do?mode=0&precSeq=210203
71371,노동조합원활동금지가처분,"[인천지법 부천지원 2001. 4. 13. 자 2001카합160 결정：항고기각, 확정]",https://www.law.go.kr/LSW/precInfoP.do?mode=0&precSeq=71371
225819,노무비청구의소,[대법원 2019. 12. 12. 선고 2019다253175 판결],https://www.law.go.kr/LSW/precInfoP.do?mode=0&precSeq=225819
220927,노임,[대법원 2000. 9. 8. 선고 2000다22591 판결],https://www.law.go.kr/LSW/precInfoP.do?mode=0&precSeq=220927
68964,노임,[대법원 2007. 9. 20. 선고 2007다32993 판결],https://www.law.go.kr/LSW/precInfoP.do?mode=0&precSeq=68964
205799,노임,[대법원 1985. 12. 24. 선고 84다카254 판결],https://www.law.go.kr/LSW/precInfoP.do?mode=0&precSeq=205799
113176,노임,[대법원 1996. 2. 9. 선고 94다19501 판결],https://www.law.go.kr/LSW/precInfoP.do?mode=0&precSeq=113176
195083,노임등,[대법원 1999. 5. 28. 선고 99다2881 판결],https://www.law.go.kr/LSW/precInfoP.do?mode=0&precSeq=195083
125220,노조설립신고반려처분,[서울행법 2008. 12. 2. 선고 2008구합32744 판결 : 확정],https://www.law.go.kr/LSW/precInfoP.do?mode=0&precSeq=125220
145443,뇌물공여·건설산업기본법위반·국가기술자격법위반·건설기술관리법위반·전기공사업법위반,[서울고등법원 2010. 3. 5. 선고 2009노3566 판결],https://www.law.go.kr/LSW/precInfoP.do?mode=0&precSeq=145443
145432,뇌물공여·배임증재·건설산업기본법위반·국가기술자격법위반·건설기술관리법위반·전기공사업법위반·뇌물수수·배임수재,[서울중앙지방법원 2009. 12. 4. 선고 2009고합986 판결],https://www.law.go.kr/LSW/precInfoP.do?mode=0&precSeq=145432
198495,단체교섭및조합활동보장가처분,[수원지법안양지원 2018. 5. 1. 자 2018카합10031 결정 : 이의신청],https://www.law.go.kr/LSW/precInfoP.do?mode=0&precSeq=198495
69549,단체교섭응낙,[인천지법 2003. 8. 28. 선고 2002가합9543 판결: 항소],https://www.law.go.kr/LSW/precInfoP.do?mode=0&precSeq=69549
169485,단체교섭응낙 가처분,[대법원 2013. 5. 9. 자 2013마359 결정],https://www.law.go.kr/LSW/precInfoP.do?mode=0&precSeq=169485
144353,단체교섭응낙가처분,[서울중앙지법 2010. 6. 4. 자 2010카합182 결정 : 확정],https://www.law.go.kr/LSW/precInfoP.do?mode=0&precSeq=144353
193198,단체교섭응낙청구·단체교섭응낙청구,"[대법원 2016. 1. 14. 선고 2013다84643, 84650 판결]",https://www.law.go.kr/LSW/precInfoP.do?mode=0&precSeq=193198
225387,단체교섭의무부존재확인등,[대법원 2019. 7. 25. 선고 2016다274607 판결],https://www.law.go.kr/LSW/precInfoP.do?mode=0&precSeq=225387
238677,단체교섭이행청구등의소,[서울고법 2023. 6. 2. 선고 2022나2035436 판결 : 상고],https://www.law.go.kr/LSW/precInfoP.do?mode=0&precSeq=238677
73427,단체교섭조정결정취소청구사건,[서울고법 1973. 12. 28. 선고 73구205 제1특별부판결 : 확정],https://www.law.go.kr/LSW/precInfoP.do?mode=0&precSeq=73427
157326,단체협약 시정명령 취소,[서울고법 2011. 8. 10. 선고 2010누37782 판결 : 확정],https://www.law.go.kr/LSW/precInfoP.do?mode=0&precSeq=157326
226589,단체협약무효확인및손해배상(기),[대법원 2020. 10. 29. 선고 2017다263192 판결],https://www.law.go.kr/LSW/precInfoP.do?mode=0&precSeq=226589
209152,단체협약시정명령취소,[대법원 2017. 8. 18. 선고 2012두10017 판결],https://www.law.go.kr/LSW/precInfoP.do?mode=0&precSeq=209152
180240,단체협약시정명령취소,[대법원 2016. 1. 28. 선고 2012두12457 판결],https://www.law.go.kr/LSW/precInfoP.do?mode=0&precSeq=180240
115028,단체협약시정명령취소,[대법원 1997. 4. 11. 선고 96누3005 판결],https://www.law.go.kr/LSW/precInfoP.do?mode=0&precSeq=115028
241629,단체협약시정명령취소[노동조합의 운영비원조금지조항이 형벌에 관한 법률조항에 해당하여 헌법불합치결정에 따라 소급하여 효력을 상실하는지 여부가 문제된 사건],[대법원 2024. 9. 27. 선고 2018재두178 판결],https://www.law.go.kr/LSW/precInfoP.do?mode=0&precSeq=241629
182869,단체협약시정명령취소[단체협약 시정명령 사건],[대법원 2016. 3. 10. 선고 2013두3160 판결],https://www.law.go.kr/LSW/precInfoP.do?mode=0&precSeq=182869
204268,단체협약의해석에대한견해제시재심판정취소청구의소,[대법원 2018. 11. 29. 선고 2018두41532 판결],https://www.law.go.kr/LSW/precInfoP.do?mode=0&precSeq=204268
84032,단체협약해석재심판정취소,[대법원 2005. 9. 9. 선고 2003두896 판결],https://www.law.go.kr/LSW/precInfoP.do?mode=0&precSeq=84032
230915,단체협약해석재심판정취소,[대법원 2022. 3. 11. 선고 2021두31832 판결],https://www.law.go.kr/LSW/precInfoP.do?mode=0&precSeq=230915
71609,당사의제규정변경공시에관한무효,[부산고법 2002. 7. 31. 선고 2002나762 판결：확정],https://www.law.go.kr/LSW/precInfoP.do?mode=0&precSeq=71609
70385,당선자지위보전가처분,[대구고법 2006. 4. 7. 자 2005라65 결정 : 상고],https://www.law.go.kr/LSW/precInfoP.do?mode=0&precSeq=70385
143676,대기발령무효확인등,[대법원 2009. 12. 24. 선고 2009다53949 판결],https://www.law.go.kr/LSW/precInfoP.do?mode=0&precSeq=143676
197019,대기처분무효확인,[대법원 2018. 5. 30. 선고 2014다9632 판결],https://www.law.go.kr/LSW/precInfoP.do?mode=0&precSeq=197019
194913,대여금,[울산지법 2018. 3. 29. 선고 2017가단16791 판결 : 확정],https://www.law.go.kr/LSW/precInfoP.do?mode=0&precSeq=194913
71217,대여금·구상금,,https://www.law.go.kr/LSW/precInfoP.do?mode=0&precSeq=71217
210181,대여금등,[인천지법 부천지원 2005. 5. 27. 선고 2004가합3207 판결 : 항소],https://www.law.go.kr/LSW/precInfoP.do?mode=0&precSeq=210181
160660,대의원 대회 결의 효력 정지및 조합원 지위 보전등 가처분,[울산지법 2011. 12. 9. 자 2011카합722 결정 : 항고],https://www.law.go.kr/LSW/precInfoP.do?mode=0&precSeq=160660
190396,대의원회결의부존재확인,,https://www.law.go.kr/LSW/precInfoP.do?mode=0&precSeq=190396
386854,대체지급보험금여부지급처분취소,[서울고등법원 2013누20358],https://www.law.go.kr/LSW/precInfoP.do?mode=0&precSeq=386854
394314,대체지급보험급여부지급처분취소,"본 컨텐츠는
 근로복지공단 산재판례 에서 수집한 데이터로, 관련 문의는 해당 기관으로 부탁드립니다.",https://www.law.go.kr/LSW/precInfoP.do?mode=0&precSeq=394314
81713,면직처분무효확인,,https://www.law.go.kr/LSW/precInfoP.do?mode=0&precSeq=81713
211651,면직처분무효확인청구의소,[서울고법 2020. 3. 31. 선고 2019나2029554 판결 : 상고],https://www.law.go.kr/LSW/precInfoP.do?mode=0&precSeq=211651
69102,면직처분확인등,[대법원 2007. 11. 30. 선고 2005다21647 판결],https://www.law.go.kr/LSW/precInfoP.do?mode=0&precSeq=69102
129674,명예퇴직금,[서울고법 1997. 1. 22. 선고 96나21289 판결：확정],https://www.law.go.kr/LSW/precInfoP.do?mode=0&precSeq=129674
228043,명예퇴직금,[서울중앙지법 2005. 11. 24. 선고 2005가합50541 판결 : 확정],https://www.law.go.kr/LSW/precInfoP.do?mode=0&precSeq=228043
71516,명예퇴직금반환,[서울고법 2001. 5. 17. 선고 2001나46398 판결：확정],https://www.law.go.kr/LSW/precInfoP.do?mode=0&precSeq=71516
190372,명예퇴직수당지급,[대법원 1999. 12. 21. 선고 99다42933 판결],https://www.law.go.kr/LSW/precInfoP.do?mode=0&precSeq=190372
81791,명예희망퇴직금·부당이득금,,https://www.law.go.kr/LSW/precInfoP.do?mode=0&precSeq=81791
173343,무고·부정수표단속법위반·근로기준법위반,[수원지방법원 2011. 10. 26. 선고 2010노2332 판결],https://www.law.go.kr/LSW/precInfoP.do?mode=0&precSeq=173343
173378,무고·부정수표단속법위반·근로기준법위반,"[수원지방법원 안양지원 2010. 5. 12. 선고 2009고단1770,2009고정681(병합) 판결]",https://www.law.go.kr/LSW/precInfoP.do?mode=0&precSeq=173378
204908,무급휴직무효확인,[대법원 2018. 4. 12. 선고 2015다24843 판결],https://www.law.go.kr/LSW/precInfoP.do?mode=0&precSeq=204908
367964,미결수감기간에대한휴업급여미지급처분취소,[서울행정법원 2009구단6226],https://www.law.go.kr/LSW/precInfoP.do?mode=0&precSeq=367964
403952,미지급 보험급여 부지급 처분 취소,[서울행정법원 2018구단51525],https://www.law.go.kr/LSW/precInfoP.do?mode=0&precSeq=403952
397496,미지급급장해급여부지급처분취소,[서울행정법원 2016구단65339],https://www.law.go.kr/LSW/precInfoP.do?mode=0&precSeq=397496
417076,미지급보험급여 및 위로금 부지급 처분취소,[서울행정법원 2023구단53044],https://www.law.go.kr/LSW/precInfoP.do?mode=0&precSeq=417076
416134,미지급보험급여 부지급 처분취소,"본 컨텐츠는
 근로복지공단 산재판례 에서 수집한 데이터로, 관련 문의는 해당 기관으로 부탁드립니다.",https://www.law.go.kr/LSW/precInfoP.do?mode=0&precSeq=416134
416520,미지급보험급여(장해급여)차액부지급처분취소,[서울고등법원 2022누40897],https://www.law.go.kr/LSW/precInfoP.do?mode=0&precSeq=416520
415556,미지급보험급여및위로금부지급처분취소,"본 컨텐츠는
 근로복지공단 산재판례 에서 수집한 데이터로, 관련 문의는 해당 기관으로 부탁드립니다.",https://www.law.go.kr/LSW/precInfoP.do?mode=0&precSeq=415556
415850,미지급보험급여및위로금부지급처분취소,"본 컨텐츠는
 근로복지공단 산재판례 에서 수집한 데이터로, 관련 문의는 해당 기관으로 부탁드립니다.",https://www.law.go.kr/LSW/precInfoP.do?mode=0&precSeq=415850
417068,미지급보험급여및위로금부지급처분취소,[서울행정법원 2023구단52270],https://www.law.go.kr/LSW/precInfoP.do?mode=0&precSeq=417068
415872,미지급보험급여및위로금부지급처분취소 청구의 소,"본 컨텐츠는
 근로복지공단 산재판례 에서 수집한 데이터로, 관련 문의는 해당 기관으로 부탁드립니다.",https://www.law.go.kr/LSW/precInfoP.do?mode=0&precSeq=415872
391730,미지급보험급여및유족급여부지급처분취소,[서울고등법원 2014누74369],https://www.law.go.kr/LSW/precInfoP.do?mode=0&precSeq=391730
416968,미지급보험급여부지급처분취소,[대법원 2022두61113],https://www.law.go.kr/LSW/precInfoP.do?mode=0&precSeq=416968
399076,미지급보험급여부지급처분취소,[서울고등법원 2016누54925],https://www.law.go.kr/LSW/precInfoP.do?mode=0&precSeq=399076
414954,미지급보험급여부지급처분취소,"본 컨텐츠는
 근로복지공단 산재판례 에서 수집한 데이터로, 관련 문의는 해당 기관으로 부탁드립니다.",https://www.law.go.kr/LSW/precInfoP.do?mode=0&precSeq=414954
416484,미지급보험급여부지급처분취소,[서울고등법원 2022누38047],https://www.law.go.kr/LSW/precInfoP.do?mode=0&precSeq=416484
396992,미지급보험급여부지급처분취소,[서울행정법원 2016구단50924],https://www.law.go.kr/LSW/precInfoP.do?mode=0&precSeq=396992
397518,미지급보험급여부지급처분취소,[서울행정법원 2016구단65674],https://www.law.go.kr/LSW/precInfoP.do?mode=0&precSeq=397518
398244,미지급보험급여부지급처분취소,[서울행정법원 2016구합71928],https://www.law.go.kr/LSW/precInfoP.do?mode=0&precSeq=398244
415536,미지급보험급여부지급처분취소,"본 컨텐츠는
 근로복지공단 산재판례 에서 수집한 데이터로, 관련 문의는 해당 기관으로 부탁드립니다.",https://www.law.go.kr/LSW/precInfoP.do?mode=0&precSeq=415536
415596,미지급보험급여부지급처분취소,"본 컨텐츠는
 근로복지공단 산재판례 에서 수집한 데이터로, 관련 문의는 해당 기관으로 부탁드립니다.",https://www.law.go.kr/LSW/precInfoP.do?mode=0&precSeq=415596
415652,미지급보험급여부지급처분취소,"본 컨텐츠는
 근로복지공단 산재판례 에서 수집한 데이터로, 관련 문의는 해당 기관으로 부탁드립니다.",https://www.law.go.kr/LSW/precInfoP.do?mode=0&precSeq=415652
415752,미지급보험급여부지급처분취소,"본 컨텐츠는
 근로복지공단 산재판례 에서 수집한 데이터로, 관련 문의는 해당 기관으로 부탁드립니다.",https://www.law.go.kr/LSW/precInfoP.do?mode=0&precSeq=415752
415754,미지급보험급여부지급처분취소,"본 컨텐츠는
 근로복지공단 산재판례 에서 수집한 데이터로, 관련 문의는 해당 기관으로 부탁드립니다.",https://www.law.go.kr/LSW/precInfoP.do?mode=0&precSeq=415754
415826,미지급보험급여부지급처분취소,"본 컨텐츠는
 근로복지공단 산재판례 에서 수집한 데이터로, 관련 문의는 해당 기관으로 부탁드립니다.",https://www.law.go.kr/LSW/precInfoP.do?mode=0&precSeq=415826
415834,미지급보험급여부지급처분취소,"본 컨텐츠는
 근로복지공단 산재판례 에서 수집한 데이터로, 관련 문의는 해당 기관으로 부탁드립니다.",https://www.law.go.kr/LSW/precInfoP.do?mode=0&precSeq=415834
415582,미지급보험급여부지급처분취소 청구의 소,"본 컨텐츠는
 근로복지공단 산재판례 에서 수집한 데이터로, 관련 문의는 해당 기관으로 부탁드립니다.",https://www.law.go.kr/LSW/precInfoP.do?mode=0&precSeq=415582
415688,미지급보험급여차액부지급처분취소,"본 컨텐츠는
 근로복지공단 산재판례 에서 수집한 데이터로, 관련 문의는 해당 기관으로 부탁드립니다.",https://www.law.go.kr/LSW/precInfoP.do?mode=0&precSeq=415688
398240,미지급위로금지급거부처분취소,[서울행정법원 2016구합71805],https://www.law.go.kr/LSW/precInfoP.do?mode=0&precSeq=398240
414866,미지급장해급여 및 미지급장해위로금 부지급처분취소,[서울고등법원 2021누64148],https://www.law.go.kr/LSW/precInfoP.do?mode=0&precSeq=414866
217401,미지급퇴직금,[대법원 1996. 5. 14. 선고 95다19256 판결],https://www.law.go.kr/LSW/precInfoP.do?mode=0&precSeq=217401
380890,미지급휴업급여,"본 컨텐츠는
 근로복지공단 산재판례 에서 수집한 데이터로, 관련 문의는 해당 기관으로 부탁드립니다.",https://www.law.go.kr/LSW/precInfoP.do?mode=0&precSeq=380890
394670,미지급휴업급여부지급처분취소,[광주고등법원전주부 2015누1170],https://www.law.go.kr/LSW/precInfoP.do?mode=0&precSeq=394670
393370,반려 처분 취소의 소,[서울행정법원 2015구단57829],https://www.law.go.kr/LSW/precInfoP.do?mode=0&precSeq=393370
212257,배당이의,,https://www.law.go.kr/LSW/precInfoP.do?mode=0&precSeq=212257
69497,배당이의,,https://www.law.go.kr/LSW/precInfoP.do?mode=0&precSeq=69497
70912,배당이의,,https://www.law.go.kr/LSW/precInfoP.do?mode=0&precSeq=70912
120264,배당이의,,https://www.law.go.kr/LSW/precInfoP.do?mode=0&precSeq=120264
126289,배당이의,[대법원 2002. 12. 10. 선고 2002다48399 판결],https://www.law.go.kr/LSW/precInfoP.do?mode=0&precSeq=126289
81525,배당이의,[대법원 2002. 5. 14. 선고 2002다4870 판결],https://www.law.go.kr/LSW/precInfoP.do?mode=0&precSeq=81525
83266,배당이의,[대법원 2004. 5. 27. 선고 2002다65905 판결],https://www.law.go.kr/LSW/precInfoP.do?mode=0&precSeq=83266
193881,배당이의,[대법원 2005. 10. 13. 선고 2004다26799 판결],https://www.law.go.kr/LSW/precInfoP.do?mode=0&precSeq=193881
67709,배당이의,[대법원 2005. 9. 29. 선고 2005다34391 판결],https://www.law.go.kr/LSW/precInfoP.do?mode=0&precSeq=67709
84854,배당이의,[대법원 2006. 12. 7. 선고 2005다77558 판결],https://www.law.go.kr/LSW/precInfoP.do?mode=0&precSeq=84854
85737,배당이의,[대법원 2008. 6. 26. 선고 2006다1930 판결],https://www.law.go.kr/LSW/precInfoP.do?mode=0&precSeq=85737
68651,배당이의,[대법원 2007. 5. 10. 선고 2007다19 판결],https://www.law.go.kr/LSW/precInfoP.do?mode=0&precSeq=68651
148215,배당이의,,https://www.law.go.kr/LSW/precInfoP.do?mode=0&precSeq=148215
124850,배당이의,[대법원 2008. 12. 24. 선고 2008다65242 판결],https://www.law.go.kr/LSW/precInfoP.do?mode=0&precSeq=124850
165632,배당이의,[대법원 2012. 4. 13. 선고 2011다42188 판결],https://www.law.go.kr/LSW/precInfoP.do?mode=0&precSeq=165632
159940,배당이의,[대법원 2011. 12. 8. 선고 2011다68777 판결],https://www.law.go.kr/LSW/precInfoP.do?mode=0&precSeq=159940
175521,배당이의,,https://www.law.go.kr/LSW/precInfoP.do?mode=0&precSeq=175521
179110,배당이의,[대법원 2015. 8. 19. 선고 2015다204762 판결],https://www.law.go.kr/LSW/precInfoP.do?mode=0&precSeq=179110
232735,배당이의,[대법원 2022. 12. 1. 선고 2018다300586 판결],https://www.law.go.kr/LSW/precInfoP.do?mode=0&precSeq=232735
231931,배당이의,[대법원 2022. 8. 31. 선고 2019다200737 판결],https://www.law.go.kr/LSW/precInfoP.do?mode=0&precSeq=231931
220869,배당이의,[대법원 2022. 4. 28. 선고 2020다299955 판결],https://www.law.go.kr/LSW/precInfoP.do?mode=0&precSeq=220869
235597,배당이의,[대법원 2022. 9. 29. 선고 2021다269364 판결],https://www.law.go.kr/LSW/precInfoP.do?mode=0&precSeq=235597
114680,배당이의,,https://www.law.go.kr/LSW/precInfoP.do?mode=0&precSeq=114680
77441,배당이의,[대전지방법원 2005. 2. 4. 선고 2004나7857 판결],https://www.law.go.kr/LSW/precInfoP.do?mode=0&precSeq=77441
160479,배당이의,[부산고등법원 2011. 7. 14. 선고 (창원)2011나712 판결],https://www.law.go.kr/LSW/precInfoP.do?mode=0&precSeq=160479
120994,배당이의,[부산고법 1999. 8. 20. 선고 99나2362 판결 : 상고],https://www.law.go.kr/LSW/precInfoP.do?mode=0&precSeq=120994
65136,배당이의,[부산지방법원 2005. 11. 25. 선고 2005나6652 판결],https://www.law.go.kr/LSW/precInfoP.do?mode=0&precSeq=65136
78005,배당이의,[서울고등법원 2005. 10. 28. 선고 2005나20073 판결],https://www.law.go.kr/LSW/precInfoP.do?mode=0&precSeq=78005
148365,배당이의,[제주지방법원 2007. 9. 5. 선고 2007가단9930 판결],https://www.law.go.kr/LSW/precInfoP.do?mode=0&precSeq=148365
120722,배당이의,,https://www.law.go.kr/LSW/precInfoP.do?mode=0&precSeq=120722
163588,배당이의,[창원지법 2012. 4. 5. 선고 2011가합5752 판결 : 항소],https://www.law.go.kr/LSW/precInfoP.do?mode=0&precSeq=163588
71470,배당이의,"[청주지법 충주지원 2001. 12. 7. 선고 2000가합1594 판결：항소기각, 상고]",https://www.law.go.kr/LSW/precInfoP.do?mode=0&precSeq=71470
167281,배당이의·부당이득금반환,"[대법원 2012. 5. 24. 선고 2010다107071,107088 판결]",https://www.law.go.kr/LSW/precInfoP.do?mode=0&precSeq=167281
214829,법외노조통보처분취소,[서울행정법원 2014. 6. 19. 선고 2013구합26309 판결],https://www.law.go.kr/LSW/precInfoP.do?mode=0&precSeq=214829
226511,법외노조통보처분취소[고용노동부장관의 전국교직원노동조합에 대한 법외노조 통보처분의 적법성이 문제된 사건],[대법원 2020. 9. 3. 선고 2016두32992 전원합의체 판결],https://www.law.go.kr/LSW/precInfoP.do?mode=0&precSeq=226511
237873,법인세경정거부처분취소,[대법원 2023. 10. 12. 선고 2023두45736 판결],https://www.law.go.kr/LSW/precInfoP.do?mode=0&precSeq=237873
219745,변호사법위반,,https://www.law.go.kr/LSW/precInfoP.do?mode=0&precSeq=219745
219747,변호사법위반,[대법원 2022. 1. 13. 선고 2015도6329 판결],https://www.law.go.kr/LSW/precInfoP.do?mode=0&precSeq=219747
155373,보상금,,https://www.law.go.kr/LSW/precInfoP.do?mode=0&precSeq=155373
95389,보상금,[대법원 1980. 10. 14. 선고 79다2260 판결],https://www.law.go.kr/LSW/precInfoP.do?mode=0&precSeq=95389
191634,보상금등,,https://www.law.go.kr/LSW/precInfoP.do?mode=0&precSeq=191634
69576,보증금,,https://www.law.go.kr/LSW/precInfoP.do?mode=0&precSeq=69576
187677,보직변경발령무효확인등,[대법원 2015. 8. 13. 선고 2012다43522 판결],https://www.law.go.kr/LSW/precInfoP.do?mode=0&precSeq=187677
159854,보험 급여 징수금 부과 처분취소,,https://www.law.go.kr/LSW/precInfoP.do?mode=0&precSeq=159854
408332,보험관계 성립신고 반려처분 취소 청구의 소,[서울행정법원 2019구합62758],https://www.law.go.kr/LSW/precInfoP.do?mode=0&precSeq=408332
386086,보험관계변경신고서반려처분취소,[서울행정법원 2013구합31189],https://www.law.go.kr/LSW/precInfoP.do?mode=0&precSeq=386086
165025,보험금,[대법원 1987. 7. 21. 선고 87다카831 판결],https://www.law.go.kr/LSW/precInfoP.do?mode=0&precSeq=165025
105852,보험금,,https://www.law.go.kr/LSW/precInfoP.do?mode=0&precSeq=105852
106651,보험금,[대법원 1990. 4. 27. 선고 89다카24070 판결],https://www.law.go.kr/LSW/precInfoP.do?mode=0&precSeq=106651
202876,보험금,[대법원 1992. 8. 18. 선고 91다38297 판결],https://www.law.go.kr/LSW/precInfoP.do?mode=0&precSeq=202876
204852,보험금,[대법원 1991. 5. 14. 선고 91다6634 판결],https://www.law.go.kr/LSW/precInfoP.do?mode=0&precSeq=204852
602071,보험금,,https://www.law.go.kr/LSW/precInfoP.do?mode=0&precSeq=602071
199443,보험금,,https://www.law.go.kr/LSW/precInfoP.do?mode=0&precSeq=199443
200365,보험금,,https://www.law.go.kr/LSW/precInfoP.do?mode=0&precSeq=200365
110923,보험금,[대법원 1994. 10. 25. 선고 94다21979 판결],https://www.law.go.kr/LSW/precInfoP.do?mode=0&precSeq=110923
199537,보험금,,https://www.law.go.kr/LSW/precInfoP.do?mode=0&precSeq=199537
117506,보험금,,https://www.law.go.kr/LSW/precInfoP.do?mode=0&precSeq=117506
408184,보험금 급여 징수금 결정,[제주지방법원 2019구합525],https://www.law.go.kr/LSW/precInfoP.do?mode=0&precSeq=408184
115754,보험금지급채무부존재,,https://www.law.go.kr/LSW/precInfoP.do?mode=0&precSeq=115754
602301,보험금채무부존재확인,,https://www.law.go.kr/LSW/precInfoP.do?mode=0&precSeq=602301
398364,보험급여 부지급 결정 취소,[서울행정법원 2016구합8050],https://www.law.go.kr/LSW/precInfoP.do?mode=0&precSeq=398364
413362,보험급여 부지급 처분 취소 청구의 소,[서울행정법원 2021구단70908],https://www.law.go.kr/LSW/precInfoP.do?mode=0&precSeq=413362
158538,보험급여 징수금 부과 처분 취소,[대법원 2011. 10. 13. 선고 2009두18905 판결],https://www.law.go.kr/LSW/precInfoP.do?mode=0&precSeq=158538
159781,보험급여 징수금 부과 처분취소,[서울행정법원 2009. 1. 8. 선고 2008구합32386 판결],https://www.law.go.kr/LSW/precInfoP.do?mode=0&precSeq=159781
409690,보험급여결정처분 취소 청구의 소,[대전지방법원 2020구단101340],https://www.law.go.kr/LSW/precInfoP.do?mode=0&precSeq=409690
362488,보험급여결정처분취소,"본 컨텐츠는
 근로복지공단 산재판례 에서 수집한 데이터로, 관련 문의는 해당 기관으로 부탁드립니다.",https://www.law.go.kr/LSW/precInfoP.do?mode=0&precSeq=362488
362170,보험급여금대체지급부지급처분취소,[부산지방법원 2007구단1778],https://www.law.go.kr/LSW/precInfoP.do?mode=0&precSeq=362170
194126,보험급여금대체지급부지급취소,,https://www.law.go.kr/LSW/precInfoP.do?mode=0&precSeq=194126
78120,보험급여금대체지급부지급취소,,https://www.law.go.kr/LSW/precInfoP.do?mode=0&precSeq=78120
369044,보험급여대체지급부지급처분취소,[서울행정법원 2009구합55072],https://www.law.go.kr/LSW/precInfoP.do?mode=0&precSeq=369044
362300,보험급여대체지급청구및장의비부지급처분취소,"본 컨텐츠는
 근로복지공단 산재판례 에서 수집한 데이터로, 관련 문의는 해당 기관으로 부탁드립니다.",https://www.law.go.kr/LSW/precInfoP.do?mode=0&precSeq=362300
394262,보험급여대체지급청구서(유족급여및장의비)반려처분취소,"본 컨텐츠는
 근로복지공단 산재판례 에서 수집한 데이터로, 관련 문의는 해당 기관으로 부탁드립니다.",https://www.law.go.kr/LSW/precInfoP.do?mode=0&precSeq=394262
388970,보험급여대체청구처분취소,[대전지방법원 2014구단293],https://www.law.go.kr/LSW/precInfoP.do?mode=0&precSeq=388970
374678,보험급여미지급금,[서울고등법원 2010누278],https://www.law.go.kr/LSW/precInfoP.do?mode=0&precSeq=374678
365220,보험급여미지급금,[서울행정법원 2008구합50223],https://www.law.go.kr/LSW/precInfoP.do?mode=0&precSeq=365220
95503,보험급여부지급결정처분취소,,https://www.law.go.kr/LSW/precInfoP.do?mode=0&precSeq=95503
100443,보험급여부지급결정처분취소,,https://www.law.go.kr/LSW/precInfoP.do?mode=0&precSeq=100443
363860,보험급여부지급결정취소,[대구지방법원 2008구단230],https://www.law.go.kr/LSW/precInfoP.do?mode=0&precSeq=363860
75905,보험급여부지급결정취소청구사건,,https://www.law.go.kr/LSW/precInfoP.do?mode=0&precSeq=75905
117676,보험급여액징수결정처분취소,,https://www.law.go.kr/LSW/precInfoP.do?mode=0&precSeq=117676
215979,보험급여액징수부과처분취소,[대법원 2006. 10. 13. 선고 2006두7669 판결],https://www.law.go.kr/LSW/precInfoP.do?mode=0&precSeq=215979
77880,보험급여액징수부과처분취소,,https://www.law.go.kr/LSW/precInfoP.do?mode=0&precSeq=77880
381890,보험급여액징수부과처분취소,[서울행정법원 2012구합23563],https://www.law.go.kr/LSW/precInfoP.do?mode=0&precSeq=381890
84818,보험급여액징수처분취소,,https://www.law.go.kr/LSW/precInfoP.do?mode=0&precSeq=84818
368466,보험급여액징수처분취소,[서울행정법원 2009구합19526],https://www.law.go.kr/LSW/precInfoP.do?mode=0&precSeq=368466
382310,보험급여징수금부과처분취소,[광주지방법원 2012구합5626],https://www.law.go.kr/LSW/precInfoP.do?mode=0&precSeq=382310
162336,보험급여징수금부과처분취소,[대법원 2011. 10. 13. 선고 2011두10126 판결],https://www.law.go.kr/LSW/precInfoP.do?mode=0&precSeq=162336
199491,보험급여징수금부과처분취소,[대법원 1995. 2. 28. 선고 94누3186 판결],https://www.law.go.kr/LSW/precInfoP.do?mode=0&precSeq=199491
381932,보험급여징수금부과처분취소,[서울행정법원 2012구합25019],https://www.law.go.kr/LSW/precInfoP.do?mode=0&precSeq=381932
64916,보험급여징수처분취소,[대법원 2008. 7. 10. 선고 2007두3589 판결],https://www.law.go.kr/LSW/precInfoP.do?mode=0&precSeq=64916
116693,보험급여징수처분취소,,https://www.law.go.kr/LSW/precInfoP.do?mode=0&precSeq=116693
395400,보험급여징수처분취소,[서울고등법원 2015누52335],https://www.law.go.kr/LSW/precInfoP.do?mode=0&precSeq=395400
396842,보험급여청구권 소멸시효 불승인처분취소,[서울행정법원 2016구단2758],https://www.law.go.kr/LSW/precInfoP.do?mode=0&precSeq=396842
151946,보험급여청구기각판정취소,[대구고등법원 1990. 2. 21. 선고 88구668 판결],https://www.law.go.kr/LSW/precInfoP.do?mode=0&precSeq=151946
108525,보험급여청구기각판정취소,[대법원 1991. 4. 26. 선고 90누2772 판결],https://www.law.go.kr/LSW/precInfoP.do?mode=0&precSeq=108525
368816,보험료경정청구반려처분취소,[서울행정법원 2009구합38756],https://www.law.go.kr/LSW/precInfoP.do?mode=0&precSeq=368816
391452,보험료등 경감신청 거부처분 취소,[대구고등법원 2014누6365],https://www.law.go.kr/LSW/precInfoP.do?mode=0&precSeq=391452
389842,보험료등 경감신청 거부처분 취소,[대구지방법원 2014구합20041],https://www.law.go.kr/LSW/precInfoP.do?mode=0&precSeq=389842
83111,보험료등부과처분취소,,https://www.law.go.kr/LSW/precInfoP.do?mode=0&precSeq=83111
382156,보험료부과처분 취소,"본 컨텐츠는
 근로복지공단 산재판례 에서 수집한 데이터로, 관련 문의는 해당 기관으로 부탁드립니다.",https://www.law.go.kr/LSW/precInfoP.do?mode=0&precSeq=382156
102338,보험료부과처분취소,,https://www.law.go.kr/LSW/precInfoP.do?mode=0&precSeq=102338
379622,보험료부과처분취소,[부산고등법원창원재판부 2011누924],https://www.law.go.kr/LSW/precInfoP.do?mode=0&precSeq=379622
375022,보험료부과처분취소,[서울고등법원 2010누40528],https://www.law.go.kr/LSW/precInfoP.do?mode=0&precSeq=375022
368764,보험료부과처분취소,[울산지방법원 2009구합3471],https://www.law.go.kr/LSW/precInfoP.do?mode=0&precSeq=368764
368694,보험료부과처분취소,[전주지방법원 2009구합3061],https://www.law.go.kr/LSW/precInfoP.do?mode=0&precSeq=368694
393898,보험료부과처분취소,"본 컨텐츠는
 근로복지공단 산재판례 에서 수집한 데이터로, 관련 문의는 해당 기관으로 부탁드립니다.",https://www.law.go.kr/LSW/precInfoP.do?mode=0&precSeq=393898
398132,보험료사전부과처분취소,[울산지방법원 2016구합6553],https://www.law.go.kr/LSW/precInfoP.do?mode=0&precSeq=398132
104912,보험료인정결정취소,,https://www.law.go.kr/LSW/precInfoP.do?mode=0&precSeq=104912
397670,보험료조사징수통지처분취소,"본 컨텐츠는
 근로복지공단 산재판례 에서 수집한 데이터로, 관련 문의는 해당 기관으로 부탁드립니다.",https://www.law.go.kr/LSW/precInfoP.do?mode=0&precSeq=397670
183668,보험료채무부존재확인,[대법원 2016. 10. 13. 선고 2016다221658 판결],https://www.law.go.kr/LSW/precInfoP.do?mode=0&precSeq=183668
121389,보험료추가부과처분취소,[대법원 1991. 12. 24. 선고 91누2328 판결],https://www.law.go.kr/LSW/precInfoP.do?mode=0&precSeq=121389
119082,보험료추가부과처분취소,,https://www.law.go.kr/LSW/precInfoP.do?mode=0&precSeq=119082
408136,보험사무대행기관인가취소처분 취소청구,[서울행정법원 2019구합51239],https://www.law.go.kr/LSW/precInfoP.do?mode=0&precSeq=408136
96823,보험요율고시무효확인등,,https://www.law.go.kr/LSW/precInfoP.do?mode=0&precSeq=96823
151661,보험요율고시무효확인등,[서울고등법원 1982. 2. 25. 선고 81구347 판결],https://www.law.go.kr/LSW/precInfoP.do?mode=0&precSeq=151661
161146,복리 후생비 지급등,[의정부지법 고양지원 2012. 2. 3. 선고 2011가합3374 판결 : 항소],https://www.law.go.kr/LSW/precInfoP.do?mode=0&precSeq=161146
414194,부과고지사업자 조사부과 사전통지 처분 취소,"본 컨텐츠는
 근로복지공단 산재판례 에서 수집한 데이터로, 관련 문의는 해당 기관으로 부탁드립니다.",https://www.law.go.kr/LSW/precInfoP.do?mode=0&precSeq=414194
161693,부당 노동 행위 구제 재심 판정 취소,[대법원 2011. 7. 28. 선고 2009두9574 판결],https://www.law.go.kr/LSW/precInfoP.do?mode=0&precSeq=161693
158774,부당 노동행위 구제 재심판정 취소,[대법원 2011. 10. 27. 선고 2010두17205 판결],https://www.law.go.kr/LSW/precInfoP.do?mode=0&precSeq=158774
161580,부당 해고 및 부당 노동 행위 구제 재심판정 취소,[대법원 2011. 7. 28. 선고 2009두5374 판결],https://www.law.go.kr/LSW/precInfoP.do?mode=0&precSeq=161580
204563,부당감급구제재심판정취소,,https://www.law.go.kr/LSW/precInfoP.do?mode=0&precSeq=204563
187471,부당감급및부당노동행위구제재심판정취소,[서울행법 2014. 3. 20. 선고 2013구합9373 판결 : 항소],https://www.law.go.kr/LSW/precInfoP.do?mode=0&precSeq=187471
222813,부당강등구제재심판정취소,,https://www.law.go.kr/LSW/precInfoP.do?mode=0&precSeq=222813
206095,부당강등구제재심판정취소청구의소,[대법원 2018. 12. 27. 선고 2016두51443 판결],https://www.law.go.kr/LSW/precInfoP.do?mode=0&precSeq=206095
115422,부당노동행위구제재심신청기각판정취소,[대법원 1997. 7. 8. 선고 96누6431 판결],https://www.law.go.kr/LSW/precInfoP.do?mode=0&precSeq=115422
82983,부당노동행위구제재심판정취소,[대법원 2003. 12. 12. 선고 2002두12809 판결],https://www.law.go.kr/LSW/precInfoP.do?mode=0&precSeq=82983
137922,부당노동행위구제재심판정취소,[대법원 2009. 6. 23. 선고 2007두12859 판결],https://www.law.go.kr/LSW/precInfoP.do?mode=0&precSeq=137922
125064,부당노동행위구제재심판정취소,[대법원 2008. 10. 9. 선고 2007두15506 판결],https://www.law.go.kr/LSW/precInfoP.do?mode=0&precSeq=125064
131320,부당노동행위구제재심판정취소,[대법원 2009. 3. 26. 선고 2007두25695 판결],https://www.law.go.kr/LSW/precInfoP.do?mode=0&precSeq=131320
143373,부당노동행위구제재심판정취소,[대법원 2010. 3. 25. 선고 2007두8881 판결],https://www.law.go.kr/LSW/precInfoP.do?mode=0&precSeq=143373
193744,부당노동행위구제재심판정취소,,https://www.law.go.kr/LSW/precInfoP.do?mode=0&precSeq=193744
184776,부당노동행위구제재심판정취소,[대법원 2016. 12. 29. 선고 2015두1175 판결],https://www.law.go.kr/LSW/precInfoP.do?mode=0&precSeq=184776
186094,부당노동행위구제재심판정취소,[대법원 2017. 10. 31. 선고 2016두36956 판결],https://www.law.go.kr/LSW/precInfoP.do?mode=0&precSeq=186094
206097,부당노동행위구제재심판정취소,[대법원 2018. 12. 27. 선고 2017두37031 판결],https://www.law.go.kr/LSW/precInfoP.do?mode=0&precSeq=206097
221781,부당노동행위구제재심판정취소,[대법원 2022. 5. 12. 선고 2017두54005 판결],https://www.law.go.kr/LSW/precInfoP.do?mode=0&precSeq=221781
599785,부당노동행위구제재심판정취소,[대법원 2024. 7. 11. 선고 2018두44661 판결],https://www.law.go.kr/LSW/precInfoP.do?mode=0&precSeq=599785
189815,부당노동행위구제재심판정취소,[대법원 1992. 12. 8. 선고 91누11025 판결],https://www.law.go.kr/LSW/precInfoP.do?mode=0&precSeq=189815
196500,부당노동행위구제재심판정취소,[대법원 1998. 2. 10. 선고 96누10188 판결],https://www.law.go.kr/LSW/precInfoP.do?mode=0&precSeq=196500
115340,부당노동행위구제재심판정취소,[대법원 1997. 6. 24. 선고 96누16063 판결],https://www.law.go.kr/LSW/precInfoP.do?mode=0&precSeq=115340
115282,부당노동행위구제재심판정취소,[대법원 1997. 6. 13. 선고 96누17738 판결],https://www.law.go.kr/LSW/precInfoP.do?mode=0&precSeq=115282
115147,부당노동행위구제재심판정취소,[대법원 1997. 5. 7. 선고 96누2057 판결],https://www.law.go.kr/LSW/precInfoP.do?mode=0&precSeq=115147
114959,부당노동행위구제재심판정취소,[대법원 1997. 3. 28. 선고 96누4220 판결],https://www.law.go.kr/LSW/precInfoP.do?mode=0&precSeq=114959
115421,부당노동행위구제재심판정취소,[대법원 1997. 7. 8. 선고 96누5087 판결],https://www.law.go.kr/LSW/precInfoP.do?mode=0&precSeq=115421
114764,부당노동행위구제재심판정취소,,https://www.law.go.kr/LSW/precInfoP.do?mode=0&precSeq=114764
195221,부당노동행위구제재심판정취소,[대법원 1998. 12. 23. 선고 97누18035 판결],https://www.law.go.kr/LSW/precInfoP.do?mode=0&precSeq=195221
192321,부당노동행위구제재심판정취소,[대법원 1999. 11. 12. 선고 97누19946 판결],https://www.law.go.kr/LSW/precInfoP.do?mode=0&precSeq=192321
115708,부당노동행위구제재심판정취소,[대법원 1997. 9. 5. 선고 97누3644 판결],https://www.law.go.kr/LSW/precInfoP.do?mode=0&precSeq=115708
196310,부당노동행위구제재심판정취소,[대법원 1998. 5. 8. 선고 97누7448 판결],https://www.law.go.kr/LSW/precInfoP.do?mode=0&precSeq=196310
196281,부당노동행위구제재심판정취소,[대법원 1998. 5. 22. 선고 97누8076 판결],https://www.law.go.kr/LSW/precInfoP.do?mode=0&precSeq=196281
117822,부당노동행위구제재심판정취소,[대법원 1999. 6. 22. 선고 98두137 판결],https://www.law.go.kr/LSW/precInfoP.do?mode=0&precSeq=117822
118217,부당노동행위구제재심판정취소,[대법원 1999. 11. 9. 선고 99두4273 판결],https://www.law.go.kr/LSW/precInfoP.do?mode=0&precSeq=118217
138465,부당노동행위구제재심판정취소,[서울고등법원 2007. 6. 1. 선고 2006누27238 판결],https://www.law.go.kr/LSW/precInfoP.do?mode=0&precSeq=138465
134233,부당노동행위구제재심판정취소,[서울고등법원 2007. 11. 22. 선고 2007누9909 판결],https://www.law.go.kr/LSW/precInfoP.do?mode=0&precSeq=134233
69827,부당노동행위구제재심판정취소,[서울행법 2004. 7. 22. 선고 2003구합32923 판결: 확정],https://www.law.go.kr/LSW/precInfoP.do?mode=0&precSeq=69827
70400,부당노동행위구제재심판정취소,[서울행법 2006. 4. 20. 선고 2005구합3707 판결 : 항소],https://www.law.go.kr/LSW/precInfoP.do?mode=0&precSeq=70400
64824,부당노동행위구제재심판정취소,[서울행법 2008. 9. 2. 선고 2007구합30710 판결 : 항소],https://www.law.go.kr/LSW/precInfoP.do?mode=0&precSeq=64824
606449,부당노동행위구제재심판정취소,[서울행법 2025. 4. 18. 선고 2024구합52434 판결 : 항소],https://www.law.go.kr/LSW/precInfoP.do?mode=0&precSeq=606449
228041,부당노동행위구제재심판정취소,[서울행정법원 2006. 5. 16. 선고 2005구합11968 판결],https://www.law.go.kr/LSW/precInfoP.do?mode=0&precSeq=228041
138452,부당노동행위구제재심판정취소,[서울행정법원 2006. 9. 14. 선고 2005구합35902 판결],https://www.law.go.kr/LSW/precInfoP.do?mode=0&precSeq=138452
194868,부당노동행위구제재심판정취소[근로시간 면제 제도 사건],[대법원 2016. 4. 28. 선고 2014두11137 판결],https://www.law.go.kr/LSW/precInfoP.do?mode=0&precSeq=194868
207138,부당노동행위구제재심판정취소[지배·개입의 부당노동행위 여부가 문제 된 사건],[대법원 2019. 4. 25. 선고 2017두33510 판결],https://www.law.go.kr/LSW/precInfoP.do?mode=0&precSeq=207138
605727,"부당노동행위구제재심판정취소·부당노동행위구제재심판정취소[하위 인사고과 부여, 승격 탈락 및 이에 따른 임금 지급에 대한 부당노동행위 구제신청에서 제척기간 도과 여부가 문제된 사건]","[대법원 2025. 4. 3. 선고 2023두41864, 41871 판결]",https://www.law.go.kr/LSW/precInfoP.do?mode=0&precSeq=605727
225259,부당노동행위구제처분취소등,[대법원 2019. 6. 13. 선고 2019두33828 판결],https://www.law.go.kr/LSW/precInfoP.do?mode=0&precSeq=225259
208414,부당노동행위구제처분취소등(자동차회사 판매대리점주가 카마스터와의 판매용역계약을 해지한 행위가 부당노동행위인지 여부가 다투어진 사건),[대법원 2019. 6. 13. 선고 2019두33712 판결],https://www.law.go.kr/LSW/precInfoP.do?mode=0&precSeq=208414
211087,부당노동행위등구제재심판정취소,[대법원 1999. 3. 26. 선고 98두4672 판결],https://www.law.go.kr/LSW/precInfoP.do?mode=0&precSeq=211087
118099,부당노동행위등구제재심판정취소,,https://www.law.go.kr/LSW/precInfoP.do?mode=0&precSeq=118099
67611,부당노동행위및부당해고구제재심판정취소,[대법원 2005. 6. 23. 선고 2003두12790 판결],https://www.law.go.kr/LSW/precInfoP.do?mode=0&precSeq=67611
85392,부당노동행위및부당해고구제재심판정취소,[대법원 2007. 11. 15. 선고 2005두4120 판결],https://www.law.go.kr/LSW/precInfoP.do?mode=0&precSeq=85392
64460,부당노동행위및부당해고구제재심판정취소,[대법원 2008. 9. 25. 선고 2006두18423 판결],https://www.law.go.kr/LSW/precInfoP.do?mode=0&precSeq=64460
78614,부당노동행위및부당해고구제재심판정취소,[서울고등법원 2005. 4. 7. 선고 2004누11826 판결],https://www.law.go.kr/LSW/precInfoP.do?mode=0&precSeq=78614
183959,부당노동행위재심판정취소,[대법원 2016. 12. 29. 선고 2015두1151 판결],https://www.law.go.kr/LSW/precInfoP.do?mode=0&precSeq=183959
194694,부당대기구제재심판정취소,[대법원 2002. 12. 26. 선고 2000두8011 판결],https://www.law.go.kr/LSW/precInfoP.do?mode=0&precSeq=194694
120892,부당대기발령구제재심판정취소,[서울행법 1999. 6. 15. 선고 98구20024 판결 ： 항소],https://www.law.go.kr/LSW/precInfoP.do?mode=0&precSeq=120892
120892,부당대기발령구제재심판정취소,,https://www.law.go.kr/LSW/precInfoP.do?mode=0&precSeq=120892
203026,부당비행정지구제재심판정취소(취업규칙에서 소속 직원들이 수염 기르는 것을 전면 금지하는 것이 항공기 기장의 일반적 행동자유권을 침해하는지 문제된 사건),[대법원 2018. 9. 13. 선고 2017두38560 판결],https://www.law.go.kr/LSW/precInfoP.do?mode=0&precSeq=203026
215795,부당승무정지구제재심판정취소,[대법원 2009. 12. 10. 선고 2008두22136 판결],https://www.law.go.kr/LSW/precInfoP.do?mode=0&precSeq=215795
141516,부당승무정지구제재심판정취소,[대법원 2009. 6. 11. 선고 2009두3583 판결],https://www.law.go.kr/LSW/precInfoP.do?mode=0&precSeq=141516
408366,부당이득(원액) 징수결정 처분취소,"본 컨텐츠는
 근로복지공단 산재판례 에서 수집한 데이터로, 관련 문의는 해당 기관으로 부탁드립니다.",https://www.law.go.kr/LSW/precInfoP.do?mode=0&precSeq=408366
172865,부당이득금,[대구지방법원 2013. 1. 29. 선고 2012가단205198 판결],https://www.law.go.kr/LSW/precInfoP.do?mode=0&precSeq=172865
172888,부당이득금,[대구지방법원 2013. 7. 24. 선고 2013나300404 판결],https://www.law.go.kr/LSW/precInfoP.do?mode=0&precSeq=172888
71643,부당이득금,[대구지법 2002. 12. 11. 선고 2002나11456 판결：확정],https://www.law.go.kr/LSW/precInfoP.do?mode=0&precSeq=71643
229371,부당이득금,[대법원 2000. 6. 9. 선고 2000다15869 판결],https://www.law.go.kr/LSW/precInfoP.do?mode=0&precSeq=229371
190911,부당이득금,[대법원 2000. 9. 29. 선고 2000다32475 판결],https://www.law.go.kr/LSW/precInfoP.do?mode=0&precSeq=190911
81569,부당이득금,,https://www.law.go.kr/LSW/precInfoP.do?mode=0&precSeq=81569
81872,부당이득금,,https://www.law.go.kr/LSW/precInfoP.do?mode=0&precSeq=81872
82781,부당이득금,[대법원 2003. 9. 2. 선고 2002다52084 판결],https://www.law.go.kr/LSW/precInfoP.do?mode=0&precSeq=82781
83375,부당이득금,[대법원 2004. 7. 22. 선고 2002다52312 판결],https://www.law.go.kr/LSW/precInfoP.do?mode=0&precSeq=83375
82336,부당이득금,[대법원 2003. 1. 24. 선고 2002다64254 판결],https://www.law.go.kr/LSW/precInfoP.do?mode=0&precSeq=82336
145332,부당이득금,[대법원 2006. 10. 26. 선고 2005다34469 판결],https://www.law.go.kr/LSW/precInfoP.do?mode=0&precSeq=145332
64547,부당이득금,,https://www.law.go.kr/LSW/precInfoP.do?mode=0&precSeq=64547
143953,부당이득금,[대법원 2010. 2. 25. 선고 2009다97314 판결],https://www.law.go.kr/LSW/precInfoP.do?mode=0&precSeq=143953
172071,부당이득금,[대법원 2013. 12. 12. 선고 2013다210299 판결],https://www.law.go.kr/LSW/precInfoP.do?mode=0&precSeq=172071
187546,부당이득금,,https://www.law.go.kr/LSW/precInfoP.do?mode=0&precSeq=187546
184775,부당이득금,[대법원 2017. 2. 3. 선고 2016다15549 판결],https://www.law.go.kr/LSW/precInfoP.do?mode=0&precSeq=184775
228539,부당이득금,,https://www.law.go.kr/LSW/precInfoP.do?mode=0&precSeq=228539
215135,부당이득금,[대법원 2021. 4. 1. 선고 2018다218335 판결],https://www.law.go.kr/LSW/precInfoP.do?mode=0&precSeq=215135
241521,부당이득금,,https://www.law.go.kr/LSW/precInfoP.do?mode=0&precSeq=241521
241523,부당이득금,,https://www.law.go.kr/LSW/precInfoP.do?mode=0&precSeq=241523
230183,부당이득금,[대법원 2000. 1. 18. 선고 99다48986 판결],https://www.law.go.kr/LSW/precInfoP.do?mode=0&precSeq=230183
71366,부당이득금,,https://www.law.go.kr/LSW/precInfoP.do?mode=0&precSeq=71366
125387,부당이득금,,https://www.law.go.kr/LSW/precInfoP.do?mode=0&precSeq=125387
394440,부당이득금 부과 처분 취소 청구의 소,[서울행정법원 2015구합76926],https://www.law.go.kr/LSW/precInfoP.do?mode=0&precSeq=394440
167602,부당이득금 부과처분 취소,[서울행정법원 2011. 2. 18. 선고 2010구합37674 판결],https://www.law.go.kr/LSW/precInfoP.do?mode=0&precSeq=167602
397680,부당이득금 징수 결정 처분취소 청구,[광주지방법원 2016구합10565],https://www.law.go.kr/LSW/precInfoP.do?mode=0&precSeq=397680
398502,부당이득금 징수결정 처분취소,[대전고등법원 2016누10624],https://www.law.go.kr/LSW/precInfoP.do?mode=0&precSeq=398502
404944,부당이득금 징수처분 취소,[서울행정법원 2018구합54118],https://www.law.go.kr/LSW/precInfoP.do?mode=0&precSeq=404944
231917,부당이득금[해고의 유효 여부와 해고예고수당 지급의무의 성립],[대법원 2018. 9. 13. 선고 2017다16778 판결],https://www.law.go.kr/LSW/precInfoP.do?mode=0&precSeq=231917
379262,부당이득금납부고지처분취소,"본 컨텐츠는
 근로복지공단 산재판례 에서 수집한 데이터로, 관련 문의는 해당 기관으로 부탁드립니다.",https://www.law.go.kr/LSW/precInfoP.do?mode=0&precSeq=379262
379914,부당이득금납부고지처분취소,[대법원 2011두23269],https://www.law.go.kr/LSW/precInfoP.do?mode=0&precSeq=379914
395990,부당이득금납입고지취소,[대법원 2015두3515],https://www.law.go.kr/LSW/precInfoP.do?mode=0&precSeq=395990
391750,부당이득금납입고지취소,[서울고등법원 2014누7741],https://www.law.go.kr/LSW/precInfoP.do?mode=0&precSeq=391750
210865,부당이득금등,[대법원 2019. 10. 31. 선고 2016다31831 판결],https://www.law.go.kr/LSW/precInfoP.do?mode=0&precSeq=210865
225639,부당이득금등반환[사납금 인상분 소급 반환청구 사건],[대법원 2019. 10. 18. 선고 2015다60207 판결],https://www.law.go.kr/LSW/precInfoP.do?mode=0&precSeq=225639
184825,부당이득금반환,[대법원 2017. 5. 11. 선고 2012다200486 판결],https://www.law.go.kr/LSW/precInfoP.do?mode=0&precSeq=184825
193340,부당이득금반환,[대법원 2018. 1. 24. 선고 2014다203045 판결],https://www.law.go.kr/LSW/precInfoP.do?mode=0&precSeq=193340
193343,부당이득금반환,[대법원 2018. 1. 25. 선고 2015다57645 판결],https://www.law.go.kr/LSW/precInfoP.do?mode=0&precSeq=193343
204296,부당이득금반환,,https://www.law.go.kr/LSW/precInfoP.do?mode=0&precSeq=204296
108259,부당이득금반환,,https://www.law.go.kr/LSW/precInfoP.do?mode=0&precSeq=108259
114791,부당이득금반환,,https://www.law.go.kr/LSW/precInfoP.do?mode=0&precSeq=114791
114922,부당이득금반환,,https://www.law.go.kr/LSW/precInfoP.do?mode=0&precSeq=114922
195201,부당이득금반환,[대법원 1999. 2. 5. 선고 97다48388 판결],https://www.law.go.kr/LSW/precInfoP.do?mode=0&precSeq=195201
195278,부당이득금반환,,https://www.law.go.kr/LSW/precInfoP.do?mode=0&precSeq=195278
120852,부당이득금반환,[서울고법 1999. 2. 9. 선고 98나36193 판결：상고취하],https://www.law.go.kr/LSW/precInfoP.do?mode=0&precSeq=120852
371506,부당이득금반환,"본 컨텐츠는
 근로복지공단 산재판례 에서 수집한 데이터로, 관련 문의는 해당 기관으로 부탁드립니다.",https://www.law.go.kr/LSW/precInfoP.do?mode=0&precSeq=371506
371508,부당이득금반환,"본 컨텐츠는
 근로복지공단 산재판례 에서 수집한 데이터로, 관련 문의는 해당 기관으로 부탁드립니다.",https://www.law.go.kr/LSW/precInfoP.do?mode=0&precSeq=371508
371510,부당이득금반환,"본 컨텐츠는
 근로복지공단 산재판례 에서 수집한 데이터로, 관련 문의는 해당 기관으로 부탁드립니다.",https://www.law.go.kr/LSW/precInfoP.do?mode=0&precSeq=371510
371512,부당이득금반환,[서울남부지방법원 2010가합21772],https://www.law.go.kr/LSW/precInfoP.do?mode=0&precSeq=371512
69581,부당이득금반환,[수원지법 2003. 9. 24. 선고 2002나18463 판결: 상고여부 미정],https://www.law.go.kr/LSW/precInfoP.do?mode=0&precSeq=69581
212253,부당이득금반환,[수원지법 2000. 6. 21. 선고 99나9803 판결：확정],https://www.law.go.kr/LSW/precInfoP.do?mode=0&precSeq=212253
373406,부당이득금반환,[울산지방법원 2010구합2344],https://www.law.go.kr/LSW/precInfoP.do?mode=0&precSeq=373406
129702,부당이득금반환,[인천지법 1997. 5. 9. 선고 96나5476 판결：확정],https://www.law.go.kr/LSW/precInfoP.do?mode=0&precSeq=129702
70601,부당이득금반환,,https://www.law.go.kr/LSW/precInfoP.do?mode=0&precSeq=70601
143907,부당이득금반환,[청주지법 2010. 4. 21. 선고 2009가합1761 판결 : 항소],https://www.law.go.kr/LSW/precInfoP.do?mode=0&precSeq=143907
234929,부당이득금반환·부당이득금[근로자에게 불이익하게 변경하면서 근로자의 과반수로 조직된 노동조합의 동의를 받지 않은 취업규칙의 효력이 문제된 사건],"[대법원 2023. 5. 11. 선고 2017다35588, 35595 전원합의체 판결]",https://www.law.go.kr/LSW/precInfoP.do?mode=0&precSeq=234929
185357,부당이득금반환결정처분취소,[대법원 2017. 7. 11. 선고 2013두25498 판결],https://www.law.go.kr/LSW/precInfoP.do?mode=0&precSeq=185357
238029,부당이득금반환등,[대법원 2023. 11. 16. 선고 2018다283049 판결],https://www.law.go.kr/LSW/precInfoP.do?mode=0&precSeq=238029
393870,부당이득금배액징수결정처분취소,[인천지방법원 2015구합1513],https://www.law.go.kr/LSW/precInfoP.do?mode=0&precSeq=393870
372026,부당이득금원금만징수,[서울행정법원 2010구단19105],https://www.law.go.kr/LSW/precInfoP.do?mode=0&precSeq=372026
395362,부당이득금재결정납부고지처분취소,[광주고등법원 2015누5046],https://www.law.go.kr/LSW/precInfoP.do?mode=0&precSeq=395362
397672,부당이득금징수결정처분취소,[대전지방법원 2016구합103193],https://www.law.go.kr/LSW/precInfoP.do?mode=0&precSeq=397672
373332,부당이득금징수결정처분취소,[서울행정법원 2010구합20232],https://www.law.go.kr/LSW/precInfoP.do?mode=0&precSeq=373332
380378,부당이득금징수결정처분취소,[서울행정법원 2012구단11822],https://www.law.go.kr/LSW/precInfoP.do?mode=0&precSeq=380378
381870,부당이득금징수결정처분취소,"본 컨텐츠는
 근로복지공단 산재판례 에서 수집한 데이터로, 관련 문의는 해당 기관으로 부탁드립니다.",https://www.law.go.kr/LSW/precInfoP.do?mode=0&precSeq=381870
374950,부당이득금징수결정취소,[서울고등법원 2010누37751],https://www.law.go.kr/LSW/precInfoP.do?mode=0&precSeq=374950
382030,부당이득금징수결정취소등,"본 컨텐츠는
 근로복지공단 산재판례 에서 수집한 데이터로, 관련 문의는 해당 기관으로 부탁드립니다.",https://www.law.go.kr/LSW/precInfoP.do?mode=0&precSeq=382030
365046,부당이득금징수처분등취소,"본 컨텐츠는
 근로복지공단 산재판례 에서 수집한 데이터로, 관련 문의는 해당 기관으로 부탁드립니다.",https://www.law.go.kr/LSW/precInfoP.do?mode=0&precSeq=365046
416646,부당이득금징수처분취소,[대구고등법원 2022누5305],https://www.law.go.kr/LSW/precInfoP.do?mode=0&precSeq=416646
183062,부당이득금징수처분취소,[대법원 2016. 7. 27. 선고 2016두36079 판결],https://www.law.go.kr/LSW/precInfoP.do?mode=0&precSeq=183062
368472,부당이득금징수처분취소,"본 컨텐츠는
 근로복지공단 산재판례 에서 수집한 데이터로, 관련 문의는 해당 기관으로 부탁드립니다.",https://www.law.go.kr/LSW/precInfoP.do?mode=0&precSeq=368472
397678,부당이득금징수처분취소,[대전지방법원 2016구합105304],https://www.law.go.kr/LSW/precInfoP.do?mode=0&precSeq=397678
386860,부당이득금징수처분취소,[부산고등법원 2013누20493],https://www.law.go.kr/LSW/precInfoP.do?mode=0&precSeq=386860
397744,부당이득금징수처분취소,[부산지방법원 2016구합21467],https://www.law.go.kr/LSW/precInfoP.do?mode=0&precSeq=397744
395614,부당이득금징수처분취소,[서울고등법원 2015누62271],https://www.law.go.kr/LSW/precInfoP.do?mode=0&precSeq=395614
414578,부당이득금징수처분취소,[서울고등법원 2021누40357],https://www.law.go.kr/LSW/precInfoP.do?mode=0&precSeq=414578
373504,부당이득금징수처분취소,[서울행정법원 2010구합28236],https://www.law.go.kr/LSW/precInfoP.do?mode=0&precSeq=373504
378094,부당이득금징수처분취소,[서울행정법원 2011구합6066],https://www.law.go.kr/LSW/precInfoP.do?mode=0&precSeq=378094
393570,부당이득금징수처분취소,[서울행정법원 2015구단61743],https://www.law.go.kr/LSW/precInfoP.do?mode=0&precSeq=393570
397882,부당이득금징수처분취소,[서울행정법원 2016구합5273],https://www.law.go.kr/LSW/precInfoP.do?mode=0&precSeq=397882
397922,부당이득금징수처분취소,[서울행정법원 2016구합54374],https://www.law.go.kr/LSW/precInfoP.do?mode=0&precSeq=397922
398008,부당이득금징수처분취소,[서울행정법원 2016구합58512],https://www.law.go.kr/LSW/precInfoP.do?mode=0&precSeq=398008
398342,부당이득금징수처분취소,[서울행정법원 2016구합78806],https://www.law.go.kr/LSW/precInfoP.do?mode=0&precSeq=398342
401066,부당이득금징수처분취소,[서울행정법원 2017구단72303],https://www.law.go.kr/LSW/precInfoP.do?mode=0&precSeq=401066
404972,부당이득금징수처분취소,"본 컨텐츠는
 근로복지공단 산재판례 에서 수집한 데이터로, 관련 문의는 해당 기관으로 부탁드립니다.",https://www.law.go.kr/LSW/precInfoP.do?mode=0&precSeq=404972
407628,부당이득금징수처분취소,[서울행정법원 2019구단65125],https://www.law.go.kr/LSW/precInfoP.do?mode=0&precSeq=407628
411442,부당이득금징수처분취소,"본 컨텐츠는
 근로복지공단 산재판례 에서 수집한 데이터로, 관련 문의는 해당 기관으로 부탁드립니다.",https://www.law.go.kr/LSW/precInfoP.do?mode=0&precSeq=411442
416172,부당이득금징수처분취소,"본 컨텐츠는
 근로복지공단 산재판례 에서 수집한 데이터로, 관련 문의는 해당 기관으로 부탁드립니다.",https://www.law.go.kr/LSW/precInfoP.do?mode=0&precSeq=416172
398252,부당이득금징수처분취소,[의정부지방법원 2016구합7229],https://www.law.go.kr/LSW/precInfoP.do?mode=0&precSeq=398252
395538,부당이득금징수처분취소등,[서울고등법원 2015누59145],https://www.law.go.kr/LSW/precInfoP.do?mode=0&precSeq=395538
391778,부당이득금환수고지처분취소,[서울고등법원 2014누8386],https://www.law.go.kr/LSW/precInfoP.do?mode=0&precSeq=391778
393960,부당이득급징수처분취소,[춘천지방법원 2015구합4271],https://www.law.go.kr/LSW/precInfoP.do?mode=0&precSeq=393960
179695,부당이득반환등,,https://www.law.go.kr/LSW/precInfoP.do?mode=0&precSeq=179695
379346,부당이득반환청구,[서울고등법원 2011누4505],https://www.law.go.kr/LSW/precInfoP.do?mode=0&precSeq=379346
173319,부당이득징수결정처분취소,,https://www.law.go.kr/LSW/precInfoP.do?mode=0&precSeq=173319
186814,부당이득징수결정처분취소,,https://www.law.go.kr/LSW/precInfoP.do?mode=0&precSeq=186814
136400,부당이득징수결정처분취소,[서울고등법원 2009. 1. 14. 선고 2008누18153 판결],https://www.law.go.kr/LSW/precInfoP.do?mode=0&precSeq=136400
395340,부당이득징수결정처분취소,[서울고등법원 2015누49483],https://www.law.go.kr/LSW/precInfoP.do?mode=0&precSeq=395340
242119,부당이득징수결정처분취소,[서울행법 2024. 8. 21. 선고 2023구단73901 판결 : 항소],https://www.law.go.kr/LSW/precInfoP.do?mode=0&precSeq=242119
373256,부당이득징수결정처분취소,"본 컨텐츠는
 근로복지공단 산재판례 에서 수집한 데이터로, 관련 문의는 해당 기관으로 부탁드립니다.",https://www.law.go.kr/LSW/precInfoP.do?mode=0&precSeq=373256
396864,부당이득징수결정처분취소,[서울행정법원 2016구단31169],https://www.law.go.kr/LSW/precInfoP.do?mode=0&precSeq=396864
185573,부당이득징수결정취소,[대법원 2017. 8. 29. 선고 2017두44718 판결],https://www.law.go.kr/LSW/precInfoP.do?mode=0&precSeq=185573
390580,부당이득징수처분등취소,[광주고등법원 2014누150],https://www.law.go.kr/LSW/precInfoP.do?mode=0&precSeq=390580
378326,부당이득징수처분취소,[광주고등법원 2011누1299],https://www.law.go.kr/LSW/precInfoP.do?mode=0&precSeq=378326
393826,부당이득징수처분취소,[대전지방법원 2015구합112],https://www.law.go.kr/LSW/precInfoP.do?mode=0&precSeq=393826
368668,부당이득환수결정처분취소,"본 컨텐츠는
 근로복지공단 산재판례 에서 수집한 데이터로, 관련 문의는 해당 기관으로 부탁드립니다.",https://www.law.go.kr/LSW/precInfoP.do?mode=0&precSeq=368668
133946,부당인사발령구제재심판정취소,[대법원 2009. 4. 23. 선고 2007두20157 판결],https://www.law.go.kr/LSW/precInfoP.do?mode=0&precSeq=133946
241577,부당인사발령및부당대기발령구제재심판정취소[대기발령에 대해 노동위원회에 구제신청을 할 이익이 인정되는지 여부가 문제된 사건],[대법원 2024. 9. 13. 선고 2024두40493 판결],https://www.law.go.kr/LSW/precInfoP.do?mode=0&precSeq=241577
226745,부당전보구제재심판정취소,,https://www.law.go.kr/LSW/precInfoP.do?mode=0&precSeq=226745
154251,부당전보무효확인등,[대법원 2007. 2. 23. 선고 2005다3991 판결],https://www.law.go.kr/LSW/precInfoP.do?mode=0&precSeq=154251
172075,부당전적구제재심판정취소,[대법원 2013. 12. 12. 선고 2011두4282 판결],https://www.law.go.kr/LSW/precInfoP.do?mode=0&precSeq=172075
223311,부당전직구제재심판정취소청구의소[원고 회사가 육아휴직을 사용한 참가인을 복직시키면서 기존의 ‘발탁매니저’가 아닌 ‘영업담당’으로 인사발령한 것이 남녀고용평등과 일·가정 양립지원에 관한 법률 제19조 제4항의 ‘휴직 전과 같은 업무 또는 같은 수준의 임금을 지급하는 직무’에 복귀시킬 의무 위반에 해당하는지 여부가 문제된 사건],[대법원 2022. 6. 30. 선고 2017두76005 판결],https://www.law.go.kr/LSW/precInfoP.do?mode=0&precSeq=223311
184778,부당정직구제재심판정취소,[대법원 2016. 12. 29. 선고 2015두776 판결],https://www.law.go.kr/LSW/precInfoP.do?mode=0&precSeq=184778
116792,부당정직구제재심판정취소,,https://www.law.go.kr/LSW/precInfoP.do?mode=0&precSeq=116792
118048,부당정직구제재심판정취소·부당전보구제재심판정취소,"[대법원 1999. 9. 3. 선고 97누2528, 2535 판결]",https://www.law.go.kr/LSW/precInfoP.do?mode=0&precSeq=118048
194968,부당정직등구제재심판정취소,[대법원 1998. 12. 22. 선고 97누5435 판결],https://www.law.go.kr/LSW/precInfoP.do?mode=0&precSeq=194968
209188,부당징계구제재심판정취소,,https://www.law.go.kr/LSW/precInfoP.do?mode=0&precSeq=209188
227863,부당징계구제재심판정취소,[대법원 2020. 10. 15. 선고 2019두40345 판결],https://www.law.go.kr/LSW/precInfoP.do?mode=0&precSeq=227863
607829,부당징계구제재심판정취소,[대법원 2025. 7. 18. 선고 2023두61370 판결],https://www.law.go.kr/LSW/precInfoP.do?mode=0&precSeq=607829
136540,부당징계구제재심판정취소,[서울행법 2007. 12. 14. 선고 2007구합30987 판결 : 확정],https://www.law.go.kr/LSW/precInfoP.do?mode=0&precSeq=136540
205595,부당징계무효확인,[대법원 2014. 2. 13. 선고 2011다78804 판결],https://www.law.go.kr/LSW/precInfoP.do?mode=0&precSeq=205595
205712,부당징계및부당전환배치구제재심판정취소,,https://www.law.go.kr/LSW/precInfoP.do?mode=0&precSeq=205712
157284,부당해고 구제 재심 판정취소,[대법원 2011. 1. 27. 선고 2008두13972 판결],https://www.law.go.kr/LSW/precInfoP.do?mode=0&precSeq=157284
166984,부당해고 구제 재심판정 취소,[대법원 2012. 12. 26. 선고 2012두18585 판결],https://www.law.go.kr/LSW/precInfoP.do?mode=0&precSeq=166984
158722,부당해고 구제 재심판정 취소,[서울행정법원 2008. 5. 13. 선고 2007구합26711 판결],https://www.law.go.kr/LSW/precInfoP.do?mode=0&precSeq=158722
167357,부당해고 구제명령 재심판정 취소,[대법원 2012. 6. 28. 선고 2012두4036 판결],https://www.law.go.kr/LSW/precInfoP.do?mode=0&precSeq=167357
167344,부당해고 및 부당노동행위 구제재심판정 취소·부당해고 및 부당노동행위 구제재심판정 취소,"[서울행법 2012. 11. 1. 선고 2011구합20239,26770 판결 : 항소]",https://www.law.go.kr/LSW/precInfoP.do?mode=0&precSeq=167344
68708,부당해고·부당대기발령등구제재심판정취소,[대법원 2007. 5. 31. 선고 2007두1460 판결],https://www.law.go.kr/LSW/precInfoP.do?mode=0&precSeq=68708
161805,부당해고구제 재심판정 취소,[대법원 2011. 7. 28. 선고 2009두7790 판결],https://www.law.go.kr/LSW/precInfoP.do?mode=0&precSeq=161805
168401,부당해고구제 재심판정 취소,[서울행정법원 2011. 12. 1. 선고 2011구합25920 판결],https://www.law.go.kr/LSW/precInfoP.do?mode=0&precSeq=168401
167233,부당해고구제 재심판정 취소 등,[대법원 2012. 6. 14. 선고 2010두8225 판결],https://www.law.go.kr/LSW/precInfoP.do?mode=0&precSeq=167233
145473,부당해고구제재심판정중직위해제부분취소,,https://www.law.go.kr/LSW/precInfoP.do?mode=0&precSeq=145473
81714,부당해고구제재심판정취소,[대법원 2002. 7. 9. 선고 2000두9373 판결],https://www.law.go.kr/LSW/precInfoP.do?mode=0&precSeq=81714
81583,부당해고구제재심판정취소,[대법원 2002. 5. 28. 선고 2001두10455 판결],https://www.law.go.kr/LSW/precInfoP.do?mode=0&precSeq=81583
67129,부당해고구제재심판정취소,"[대법원 2003. 9. 26. 선고 2001두10776, 10783 판결]",https://www.law.go.kr/LSW/precInfoP.do?mode=0&precSeq=67129
81626,부당해고구제재심판정취소,[대법원 2002. 6. 14. 선고 2001두11076 판결],https://www.law.go.kr/LSW/precInfoP.do?mode=0&precSeq=81626
67349,부당해고구제재심판정취소,,https://www.law.go.kr/LSW/precInfoP.do?mode=0&precSeq=67349
81529,부당해고구제재심판정취소,[대법원 2002. 5. 14. 선고 2001두6579 판결],https://www.law.go.kr/LSW/precInfoP.do?mode=0&precSeq=81529
82709,부당해고구제재심판정취소,[대법원 2003. 7. 8. 선고 2001두8018 판결],https://www.law.go.kr/LSW/precInfoP.do?mode=0&precSeq=82709
82267,부당해고구제재심판정취소,[대법원 2002. 12. 27. 선고 2002두9063 판결],https://www.law.go.kr/LSW/precInfoP.do?mode=0&precSeq=82267
139245,부당해고구제재심판정취소,[대법원 2004. 1. 15. 선고 2003두11339 판결],https://www.law.go.kr/LSW/precInfoP.do?mode=0&precSeq=139245
68296,부당해고구제재심판정취소,[대법원 2005. 4. 15. 선고 2003두12639 판결],https://www.law.go.kr/LSW/precInfoP.do?mode=0&precSeq=68296
67283,부당해고구제재심판정취소,[대법원 2004. 6. 25. 선고 2003두15317 판결],https://www.law.go.kr/LSW/precInfoP.do?mode=0&precSeq=67283
194339,부당해고구제재심판정취소,[대법원 2003. 9. 23. 선고 2003두3420 판결],https://www.law.go.kr/LSW/precInfoP.do?mode=0&precSeq=194339
67372,부당해고구제재심판정취소,,https://www.law.go.kr/LSW/precInfoP.do?mode=0&precSeq=67372
67792,부당해고구제재심판정취소,[대법원 2005. 11. 25. 선고 2003두8210 판결],https://www.law.go.kr/LSW/precInfoP.do?mode=0&precSeq=67792
83908,부당해고구제재심판정취소,[대법원 2005. 6. 10. 선고 2004두10548 판결],https://www.law.go.kr/LSW/precInfoP.do?mode=0&precSeq=83908
69002,부당해고구제재심판정취소,,https://www.law.go.kr/LSW/precInfoP.do?mode=0&precSeq=69002
142115,부당해고구제재심판정취소,[대법원 2007. 9. 7. 선고 2005두16901 판결],https://www.law.go.kr/LSW/precInfoP.do?mode=0&precSeq=142115
193788,부당해고구제재심판정취소,,https://www.law.go.kr/LSW/precInfoP.do?mode=0&precSeq=193788
85290,부당해고구제재심판정취소,[대법원 2007. 9. 6. 선고 2005두8788 판결],https://www.law.go.kr/LSW/precInfoP.do?mode=0&precSeq=85290
193940,부당해고구제재심판정취소,,https://www.law.go.kr/LSW/precInfoP.do?mode=0&precSeq=193940
68092,부당해고구제재심판정취소,[대법원 2006. 7. 28. 선고 2006두3476 판결],https://www.law.go.kr/LSW/precInfoP.do?mode=0&precSeq=68092
68789,부당해고구제재심판정취소,[대법원 2007. 6. 28. 선고 2006두5304 판결],https://www.law.go.kr/LSW/precInfoP.do?mode=0&precSeq=68789
64606,부당해고구제재심판정취소,[대법원 2008. 9. 11. 선고 2007두10174 판결],https://www.law.go.kr/LSW/precInfoP.do?mode=0&precSeq=64606
69001,부당해고구제재심판정취소,[대법원 2007. 10. 11. 선고 2007두11566 판결],https://www.law.go.kr/LSW/precInfoP.do?mode=0&precSeq=69001
144849,부당해고구제재심판정취소,,https://www.law.go.kr/LSW/precInfoP.do?mode=0&precSeq=144849
64607,부당해고구제재심판정취소,[대법원 2008. 9. 11. 선고 2007두19249 판결],https://www.law.go.kr/LSW/precInfoP.do?mode=0&precSeq=64607
136153,부당해고구제재심판정취소,[대법원 2009. 3. 12. 선고 2007두22306 판결],https://www.law.go.kr/LSW/precInfoP.do?mode=0&precSeq=136153
85773,부당해고구제재심판정취소,[대법원 2008. 7. 10. 선고 2007두22498 판결],https://www.law.go.kr/LSW/precInfoP.do?mode=0&precSeq=85773
140255,부당해고구제재심판정취소,[대법원 2009. 5. 28. 선고 2007두979 판결],https://www.law.go.kr/LSW/precInfoP.do?mode=0&precSeq=140255
135801,부당해고구제재심판정취소,[대법원 2009. 5. 28. 선고 2009두2238 판결],https://www.law.go.kr/LSW/precInfoP.do?mode=0&precSeq=135801
145652,부당해고구제재심판정취소,[대법원 2010. 5. 27. 선고 2010두1743 판결],https://www.law.go.kr/LSW/precInfoP.do?mode=0&precSeq=145652
163718,부당해고구제재심판정취소,[대법원 2011. 11. 10. 선고 2010두24128 판결],https://www.law.go.kr/LSW/precInfoP.do?mode=0&precSeq=163718
163876,부당해고구제재심판정취소,,https://www.law.go.kr/LSW/precInfoP.do?mode=0&precSeq=163876
205589,부당해고구제재심판정취소,[대법원 2014. 2. 13. 선고 2011두12528 판결],https://www.law.go.kr/LSW/precInfoP.do?mode=0&precSeq=205589
174841,부당해고구제재심판정취소,[대법원 2014. 2. 13. 선고 2011두19550 판결],https://www.law.go.kr/LSW/precInfoP.do?mode=0&precSeq=174841
173150,부당해고구제재심판정취소,[대법원 2014. 3. 27. 선고 2011두20406 판결],https://www.law.go.kr/LSW/precInfoP.do?mode=0&precSeq=173150
170758,부당해고구제재심판정취소,[대법원 2013. 2. 14. 선고 2011두24361 판결],https://www.law.go.kr/LSW/precInfoP.do?mode=0&precSeq=170758
174842,부당해고구제재심판정취소,[대법원 2014. 2. 13. 선고 2012두1402 판결],https://www.law.go.kr/LSW/precInfoP.do?mode=0&precSeq=174842
175541,부당해고구제재심판정취소,[대법원 2014. 7. 24. 선고 2012두16442 판결],https://www.law.go.kr/LSW/precInfoP.do?mode=0&precSeq=175541
178140,부당해고구제재심판정취소,,https://www.law.go.kr/LSW/precInfoP.do?mode=0&precSeq=178140
172964,부당해고구제재심판정취소,[대법원 2013. 10. 31. 선고 2013두13198 판결],https://www.law.go.kr/LSW/precInfoP.do?mode=0&precSeq=172964
184034,부당해고구제재심판정취소,[대법원 2016. 7. 22. 선고 2013두24396 판결],https://www.law.go.kr/LSW/precInfoP.do?mode=0&precSeq=184034
209198,부당해고구제재심판정취소,[대법원 2014. 6. 12. 선고 2013두25382 판결],https://www.law.go.kr/LSW/precInfoP.do?mode=0&precSeq=209198
184536,부당해고구제재심판정취소,,https://www.law.go.kr/LSW/precInfoP.do?mode=0&precSeq=184536
178129,부당해고구제재심판정취소,[대법원 2015. 5. 28. 선고 2013두3351 판결],https://www.law.go.kr/LSW/precInfoP.do?mode=0&precSeq=178129
174825,부당해고구제재심판정취소,[대법원 2014. 6. 12. 선고 2014두4931 판결],https://www.law.go.kr/LSW/precInfoP.do?mode=0&precSeq=174825
179218,부당해고구제재심판정취소,[대법원 2015. 9. 10. 선고 2015두41401 판결],https://www.law.go.kr/LSW/precInfoP.do?mode=0&precSeq=179218
179619,부당해고구제재심판정취소,[대법원 2015. 11. 27. 선고 2015두48136 판결],https://www.law.go.kr/LSW/precInfoP.do?mode=0&precSeq=179619
184555,부당해고구제재심판정취소,[대법원 2016. 11. 24. 선고 2015두54759 판결],https://www.law.go.kr/LSW/precInfoP.do?mode=0&precSeq=184555
185883,부당해고구제재심판정취소,[대법원 2017. 10. 12. 선고 2015두59907 판결],https://www.law.go.kr/LSW/precInfoP.do?mode=0&precSeq=185883
237121,부당해고구제재심판정취소,[대법원 2017. 2. 3. 선고 2016두50563 판결],https://www.law.go.kr/LSW/precInfoP.do?mode=0&precSeq=237121
186813,부당해고구제재심판정취소,[대법원 2017. 6. 29. 선고 2016두52194 판결],https://www.law.go.kr/LSW/precInfoP.do?mode=0&precSeq=186813
211773,부당해고구제재심판정취소,[대법원 2020. 6. 25. 선고 2016두56042 판결],https://www.law.go.kr/LSW/precInfoP.do?mode=0&precSeq=211773
226857,부당해고구제재심판정취소,,https://www.law.go.kr/LSW/precInfoP.do?mode=0&precSeq=226857
204607,부당해고구제재심판정취소,[대법원 2018. 6. 15. 선고 2016두62795 판결],https://www.law.go.kr/LSW/precInfoP.do?mode=0&precSeq=204607
225611,부당해고구제재심판정취소,[대법원 2019. 10. 17. 선고 2016두63705 판결],https://www.law.go.kr/LSW/precInfoP.do?mode=0&precSeq=225611
217381,부당해고구제재심판정취소,[대법원 2021. 7. 29. 선고 2016두64876 판결],https://www.law.go.kr/LSW/precInfoP.do?mode=0&precSeq=217381
212907,부당해고구제재심판정취소,[대법원 2020. 8. 20. 선고 2017두52153 판결],https://www.law.go.kr/LSW/precInfoP.do?mode=0&precSeq=212907
195502,부당해고구제재심판정취소,[대법원 2017. 11. 23. 선고 2017두56179 판결],https://www.law.go.kr/LSW/precInfoP.do?mode=0&precSeq=195502
225755,부당해고구제재심판정취소,[대법원 2019. 11. 28. 선고 2017두57318 판결],https://www.law.go.kr/LSW/precInfoP.do?mode=0&precSeq=225755
207530,부당해고구제재심판정취소,,https://www.law.go.kr/LSW/precInfoP.do?mode=0&precSeq=207530
222703,부당해고구제재심판정취소,,https://www.law.go.kr/LSW/precInfoP.do?mode=0&precSeq=222703
211799,부당해고구제재심판정취소,[대법원 2020. 8. 20. 선고 2018두34480 판결],https://www.law.go.kr/LSW/precInfoP.do?mode=0&precSeq=211799
226867,부당해고구제재심판정취소,,https://www.law.go.kr/LSW/precInfoP.do?mode=0&precSeq=226867
211803,부당해고구제재심판정취소,[대법원 2020. 8. 20. 선고 2018두51201 판결],https://www.law.go.kr/LSW/precInfoP.do?mode=0&precSeq=211803
237113,부당해고구제재심판정취소,[대법원 2023. 6. 15. 선고 2019두40260 판결],https://www.law.go.kr/LSW/precInfoP.do?mode=0&precSeq=237113
235087,부당해고구제재심판정취소,[대법원 2019. 10. 31. 선고 2019두45647 판결],https://www.law.go.kr/LSW/precInfoP.do?mode=0&precSeq=235087
219597,부당해고구제재심판정취소,[대법원 2020. 11. 26. 선고 2020두31361 판결],https://www.law.go.kr/LSW/precInfoP.do?mode=0&precSeq=219597
231825,부당해고구제재심판정취소,[대법원 2022. 5. 12. 선고 2020두35592 판결],https://www.law.go.kr/LSW/precInfoP.do?mode=0&precSeq=231825
219449,부당해고구제재심판정취소,[대법원 2021. 7. 8. 선고 2020두40945 판결],https://www.law.go.kr/LSW/precInfoP.do?mode=0&precSeq=219449
223821,부당해고구제재심판정취소,[대법원 2022. 7. 14. 선고 2020두54852 판결],https://www.law.go.kr/LSW/precInfoP.do?mode=0&precSeq=223821
219431,부당해고구제재심판정취소,[대법원 2021. 7. 29. 선고 2020두58274 판결],https://www.law.go.kr/LSW/precInfoP.do?mode=0&precSeq=219431
238863,부당해고구제재심판정취소,,https://www.law.go.kr/LSW/precInfoP.do?mode=0&precSeq=238863
217383,부당해고구제재심판정취소,[대법원 2021. 7. 29. 선고 2021두36103 판결],https://www.law.go.kr/LSW/precInfoP.do?mode=0&precSeq=217383
218447,부당해고구제재심판정취소,[대법원 2021. 10. 28. 선고 2021두45114 판결],https://www.law.go.kr/LSW/precInfoP.do?mode=0&precSeq=218447
232945,부당해고구제재심판정취소,[대법원 2022. 7. 14. 선고 2021두46285 판결],https://www.law.go.kr/LSW/precInfoP.do?mode=0&precSeq=232945
232943,부당해고구제재심판정취소,[대법원 2022. 7. 14. 선고 2021두60687 판결],https://www.law.go.kr/LSW/precInfoP.do?mode=0&precSeq=232943
239027,부당해고구제재심판정취소,[대법원 2022. 10. 14. 선고 2022두41362 판결],https://www.law.go.kr/LSW/precInfoP.do?mode=0&precSeq=239027
604131,부당해고구제재심판정취소,,https://www.law.go.kr/LSW/precInfoP.do?mode=0&precSeq=604131
200931,부당해고구제재심판정취소,[대법원 1993. 4. 9. 선고 92누15765 판결],https://www.law.go.kr/LSW/precInfoP.do?mode=0&precSeq=200931
604087,부당해고구제재심판정취소,[대법원 1993. 1. 26. 선고 92누8200 판결],https://www.law.go.kr/LSW/precInfoP.do?mode=0&precSeq=604087
202646,부당해고구제재심판정취소,[대법원 1992. 10. 27. 선고 92누9722 판결],https://www.law.go.kr/LSW/precInfoP.do?mode=0&precSeq=202646
197413,부당해고구제재심판정취소,[대법원 1996. 8. 23. 선고 94누13589 판결],https://www.law.go.kr/LSW/precInfoP.do?mode=0&precSeq=197413
114898,부당해고구제재심판정취소,[대법원 1997. 3. 14. 선고 95누16684 판결],https://www.law.go.kr/LSW/precInfoP.do?mode=0&precSeq=114898
115106,부당해고구제재심판정취소,,https://www.law.go.kr/LSW/precInfoP.do?mode=0&precSeq=115106
114763,부당해고구제재심판정취소,,https://www.law.go.kr/LSW/precInfoP.do?mode=0&precSeq=114763
115098,부당해고구제재심판정취소,[대법원 1997. 4. 25. 선고 96누5421 판결],https://www.law.go.kr/LSW/precInfoP.do?mode=0&precSeq=115098
115934,부당해고구제재심판정취소,[대법원 1997. 10. 28. 선고 96누5780 판결],https://www.law.go.kr/LSW/precInfoP.do?mode=0&precSeq=115934
115101,부당해고구제재심판정취소,[대법원 1997. 4. 25. 선고 96누9508 판결],https://www.law.go.kr/LSW/precInfoP.do?mode=0&precSeq=115101
116242,부당해고구제재심판정취소,[대법원 1997. 12. 26. 선고 97누11126 판결],https://www.law.go.kr/LSW/precInfoP.do?mode=0&precSeq=116242
117226,부당해고구제재심판정취소,[대법원 1998. 11. 27. 선고 97누14132 판결],https://www.law.go.kr/LSW/precInfoP.do?mode=0&precSeq=117226
115787,부당해고구제재심판정취소,[대법원 1997. 9. 26. 선고 97누1600 판결],https://www.law.go.kr/LSW/precInfoP.do?mode=0&precSeq=115787
117187,부당해고구제재심판정취소,[대법원 1998. 11. 10. 선고 97누18189 판결],https://www.law.go.kr/LSW/precInfoP.do?mode=0&precSeq=117187
79077,부당해고구제재심판정취소,[대법원 1999. 11. 26. 선고 98두10424 판결],https://www.law.go.kr/LSW/precInfoP.do?mode=0&precSeq=79077
192197,부당해고구제재심판정취소,[대법원 1999. 9. 3. 선고 98두18848 판결],https://www.law.go.kr/LSW/precInfoP.do?mode=0&precSeq=192197
117628,부당해고구제재심판정취소,[대법원 1999. 4. 23. 선고 98두618 판결],https://www.law.go.kr/LSW/precInfoP.do?mode=0&precSeq=117628
196250,부당해고구제재심판정취소,[대법원 1998. 5. 29. 선고 98두625 판결],https://www.law.go.kr/LSW/precInfoP.do?mode=0&precSeq=196250
79167,부당해고구제재심판정취소,[대법원 1999. 12. 21. 선고 98두7787 판결],https://www.law.go.kr/LSW/precInfoP.do?mode=0&precSeq=79167
117669,부당해고구제재심판정취소,[대법원 1999. 5. 11. 선고 98두9233 판결],https://www.law.go.kr/LSW/precInfoP.do?mode=0&precSeq=117669
195122,부당해고구제재심판정취소,[대법원 1999. 4. 27. 선고 99두202 판결],https://www.law.go.kr/LSW/precInfoP.do?mode=0&precSeq=195122
118187,부당해고구제재심판정취소,,https://www.law.go.kr/LSW/precInfoP.do?mode=0&precSeq=118187
191561,부당해고구제재심판정취소,[대법원 2001. 7. 27. 선고 99두2680 판결],https://www.law.go.kr/LSW/precInfoP.do?mode=0&precSeq=191561
229683,부당해고구제재심판정취소,[대법원 2000. 4. 11. 선고 99두2963 판결],https://www.law.go.kr/LSW/precInfoP.do?mode=0&precSeq=229683
229281,부당해고구제재심판정취소,[대법원 2000. 6. 23. 선고 99두4235 판결],https://www.law.go.kr/LSW/precInfoP.do?mode=0&precSeq=229281
118220,부당해고구제재심판정취소,[대법원 1999. 11. 12. 선고 99두5191 판결],https://www.law.go.kr/LSW/precInfoP.do?mode=0&precSeq=118220
229129,부당해고구제재심판정취소,[대법원 2000. 8. 22. 선고 99두6910 판결],https://www.law.go.kr/LSW/precInfoP.do?mode=0&precSeq=229129
190360,부당해고구제재심판정취소,,https://www.law.go.kr/LSW/precInfoP.do?mode=0&precSeq=190360
220917,부당해고구제재심판정취소,[대법원 2000. 9. 5. 선고 99두8657 판결],https://www.law.go.kr/LSW/precInfoP.do?mode=0&precSeq=220917
226899,부당해고구제재심판정취소,[대전고법 2021. 6. 18. 선고 2020누12481 판결 : 상고],https://www.law.go.kr/LSW/precInfoP.do?mode=0&precSeq=226899
65173,부당해고구제재심판정취소,[서울고등법원 2007. 10. 10. 선고 2006누9285 판결],https://www.law.go.kr/LSW/precInfoP.do?mode=0&precSeq=65173
173350,부당해고구제재심판정취소,[서울고등법원 2011. 4. 14. 선고 2010누33971 판결],https://www.law.go.kr/LSW/precInfoP.do?mode=0&precSeq=173350
70291,부당해고구제재심판정취소,[서울고법 2006. 1. 12. 선고 2004누8851 판결 : 상고],https://www.law.go.kr/LSW/precInfoP.do?mode=0&precSeq=70291
119493,부당해고구제재심판정취소,[서울고법 1992. 9. 17. 선고 91구19434 제10특별부판결 : 상고기각],https://www.law.go.kr/LSW/precInfoP.do?mode=0&precSeq=119493
120421,부당해고구제재심판정취소,,https://www.law.go.kr/LSW/precInfoP.do?mode=0&precSeq=120421
70287,부당해고구제재심판정취소,[서울행법 2005. 12. 27. 선고 2005구합13605 판결 : 항소],https://www.law.go.kr/LSW/precInfoP.do?mode=0&precSeq=70287
70461,부당해고구제재심판정취소,[서울행법 2006. 6. 22. 선고 2005구합28645 판결 : 항소],https://www.law.go.kr/LSW/precInfoP.do?mode=0&precSeq=70461
70609,부당해고구제재심판정취소,[서울행법 2006. 9. 26. 선고 2006구합20655 판결 : 항소],https://www.law.go.kr/LSW/precInfoP.do?mode=0&precSeq=70609
70946,부당해고구제재심판정취소,,https://www.law.go.kr/LSW/precInfoP.do?mode=0&precSeq=70946
70840,부당해고구제재심판정취소,[서울행법 2007. 7. 19. 선고 2006구합36339 판결 : 확정],https://www.law.go.kr/LSW/precInfoP.do?mode=0&precSeq=70840
70841,부당해고구제재심판정취소,[서울행법 2007. 7. 26. 선고 2006구합45852 판결 : 항소],https://www.law.go.kr/LSW/precInfoP.do?mode=0&precSeq=70841
71117,부당해고구제재심판정취소,[서울행법 2008. 6. 19. 선고 2007구합26322 판결 : 항소],https://www.law.go.kr/LSW/precInfoP.do?mode=0&precSeq=71117
71064,부당해고구제재심판정취소,[서울행법 2008. 4. 22. 선고 2007구합43198 판결 : 항소],https://www.law.go.kr/LSW/precInfoP.do?mode=0&precSeq=71064
64826,부당해고구제재심판정취소,[서울행법 2008. 9. 4. 선고 2008구합15367 판결 : 항소],https://www.law.go.kr/LSW/precInfoP.do?mode=0&precSeq=64826
133484,부당해고구제재심판정취소,[서울행법 2009. 3. 13. 선고 2008구합34979 판결 : 항소],https://www.law.go.kr/LSW/precInfoP.do?mode=0&precSeq=133484
142473,부당해고구제재심판정취소,[서울행법 2009. 11. 27. 선고 2009구합12785 판결 : 항소],https://www.law.go.kr/LSW/precInfoP.do?mode=0&precSeq=142473
179631,부당해고구제재심판정취소,[서울행법 2015. 11. 12. 선고 2015구합57727 판결 : 항소],https://www.law.go.kr/LSW/precInfoP.do?mode=0&precSeq=179631
206277,부당해고구제재심판정취소,[서울행법 2019. 3. 21. 선고 2018구합50376 판결 : 항소],https://www.law.go.kr/LSW/precInfoP.do?mode=0&precSeq=206277
226219,부당해고구제재심판정취소,[서울행법 2020. 3. 26. 선고 2018구합79889 판결 : 항소],https://www.law.go.kr/LSW/precInfoP.do?mode=0&precSeq=226219
226171,부당해고구제재심판정취소,[서울행법 2020. 3. 5. 선고 2019구합58186 판결 : 확정],https://www.law.go.kr/LSW/precInfoP.do?mode=0&precSeq=226171
120894,부당해고구제재심판정취소,[서울행법 1999. 2. 25. 선고 98구23849 판결：항소기각·상고],https://www.law.go.kr/LSW/precInfoP.do?mode=0&precSeq=120894
78506,부당해고구제재심판정취소,[서울행정법원 2004. 11. 2. 선고 2004구합23117 판결],https://www.law.go.kr/LSW/precInfoP.do?mode=0&precSeq=78506
137990,부당해고구제재심판정취소,[서울행정법원 2008. 6. 3. 선고 2007구합41598 판결],https://www.law.go.kr/LSW/precInfoP.do?mode=0&precSeq=137990
164839,부당해고구제재심판정취소,[서울행정법원 2010. 10. 1. 선고 2010구합7130 판결],https://www.law.go.kr/LSW/precInfoP.do?mode=0&precSeq=164839
408560,부당해고구제재심판정취소,[서울행정법원 2019구합80824],https://www.law.go.kr/LSW/precInfoP.do?mode=0&precSeq=408560
237043,부당해고구제재심판정취소[‘정년에 도달한 근로자가 기간제 근로자로 재고용되지 못한 것’과 ‘정년 도달 후 기간제 근로계약을 체결한 근로자가 근로계약을 갱신하지 못한 것’이 각각 부당해고에 해당하는지 여부가 문제된 사건],[대법원 2023. 6. 29. 선고 2018두62492 판결],https://www.law.go.kr/LSW/precInfoP.do?mode=0&precSeq=237043
605067,부당해고구제재심판정취소[금전보상명령신청의 구제이익 존부가 문제된 사건],[대법원 2025. 3. 13. 선고 2024두54683 판결],https://www.law.go.kr/LSW/precInfoP.do?mode=0&precSeq=605067
237909,부당해고구제재심판정취소[기간제로 근무하다가 정년에 도달한 근로자에 대한 기간제(촉탁직) 재고용 거절의 효력이 문제된 사건],[대법원 2023. 11. 2. 선고 2023두41727 판결],https://www.law.go.kr/LSW/precInfoP.do?mode=0&precSeq=237909
233859,부당해고구제재심판정취소[묵시적 의사표시에 의한 해고를 인정하기 위한 기준이 문제된 사건],[대법원 2023. 2. 2. 선고 2022두57695 판결],https://www.law.go.kr/LSW/precInfoP.do?mode=0&precSeq=233859
220431,부당해고구제재심판정취소[보험회사 위탁계약형 지점장의 근로기준법상 근로자성 인정 여부가 쟁점이 된 사건],[대법원 2022. 4. 14. 선고 2021두33715 판결],https://www.law.go.kr/LSW/precInfoP.do?mode=0&precSeq=220431
226111,부당해고구제재심판정취소[부당해고구제재심판정의 취소소송 중 정년이 된 경우 소의 이익이 문제 된 사건],[대법원 2020. 2. 20. 선고 2019두52386 전원합의체 판결],https://www.law.go.kr/LSW/precInfoP.do?mode=0&precSeq=226111
238041,부당해고구제재심판정취소[사업주의 육아기 근로자에 대한 일·가정 양립을 위한 배려의무 위반 여부가 문제된 사건],[대법원 2023. 11. 16. 선고 2019두59349 판결],https://www.law.go.kr/LSW/precInfoP.do?mode=0&precSeq=238041
222729,부당해고구제재심판정취소[서면해고통지에 구체적인 비위행위가 기재되지 않고 축약기재되어 그 적법성이 문제된 사안],,https://www.law.go.kr/LSW/precInfoP.do?mode=0&precSeq=222729
241221,부당해고구제재심판정취소[온라인 플랫폼에 기반한 차량 대여 및 기사 제공 서비스에서 운전업무를 수행한 기사의 근로자성 및 서비스 운영주체의 사용자성 판단이 문제된 사건],[대법원 2024. 7. 25. 선고 2024두32973 판결],https://www.law.go.kr/LSW/precInfoP.do?mode=0&precSeq=241221
241883,부당해고구제재심판정취소[외국기업이 국내에서 법인을 설립하여 사업을 영위한 사안에서 근로기준법상 ‘상시 5명 이상의 근로자를 사용하는 사업 또는 사업장’에 해당하는지가 문제 된 사건],[대법원 2024. 10. 25. 선고 2023두37391 판결],https://www.law.go.kr/LSW/precInfoP.do?mode=0&precSeq=241883
225781,부당해고구제재심판정취소[유니온 숍 협정에 체결된 사업장에서 신규 입사하여 소수노동조합에 가입한 근로자를 해고한 것이 부당해고라고 다투는 사건],[대법원 2019. 11. 28. 선고 2019두47377 판결],https://www.law.go.kr/LSW/precInfoP.do?mode=0&precSeq=225781
236371,부당해고구제재심판정취소[정규직 전환 채용 기대권의 인정 여부 및 채용 거절의 합리적 이유 존부가 문제된 사안],[대법원 2023. 6. 15. 선고 2021두39034 판결],https://www.law.go.kr/LSW/precInfoP.do?mode=0&precSeq=236371
187886,부당해고구제재심판정취소[정규직 전환에 대한 기대권 사건],[대법원 2016. 11. 10. 선고 2014두45765 판결],https://www.law.go.kr/LSW/precInfoP.do?mode=0&precSeq=187886
241971,부당해고구제재심판정취소[정년 도달에 따라 근로관계가 당연종료되었는지 여부가 문제된 사건],[대법원 2024. 11. 20. 선고 2024두41038 판결],https://www.law.go.kr/LSW/precInfoP.do?mode=0&precSeq=241971
225763,부당해고구제재심판정취소[정리해고의 정당성이 다투어진 사건],[대법원 2019. 11. 28. 선고 2018두44647 판결],https://www.law.go.kr/LSW/precInfoP.do?mode=0&precSeq=225763
214335,부당해고구제재심판정취소[징계위원회 구성상 하자를 다투는 사건],[대법원 2020. 11. 26. 선고 2017두70793 판결],https://www.law.go.kr/LSW/precInfoP.do?mode=0&precSeq=214335
213799,부당해고구제재심판정취소등,[대법원 2020. 8. 27. 선고 2017두61874 판결],https://www.law.go.kr/LSW/precInfoP.do?mode=0&precSeq=213799
82915,부당해고등구제재심판정취소,[대법원 2003. 11. 13. 선고 2003두4119 판결],https://www.law.go.kr/LSW/precInfoP.do?mode=0&precSeq=82915
68281,부당해고등구제재심판정취소,,https://www.law.go.kr/LSW/precInfoP.do?mode=0&precSeq=68281
141492,부당해고등구제재심판정취소,[대법원 2009. 6. 25. 선고 2007두10891 판결],https://www.law.go.kr/LSW/precInfoP.do?mode=0&precSeq=141492
115723,부당해고등구제재심판정취소,[대법원 1997. 9. 12. 선고 97누7165 판결],https://www.law.go.kr/LSW/precInfoP.do?mode=0&precSeq=115723
115538,부당해고무효확인청구,[대법원 1997. 7. 25. 선고 97다7066 판결],https://www.law.go.kr/LSW/precInfoP.do?mode=0&precSeq=115538
83003,부당해고및부당노동행위구제재심판정취소,,https://www.law.go.kr/LSW/precInfoP.do?mode=0&precSeq=83003
82644,부당해고및부당노동행위구제재심판정취소,[대법원 2003. 6. 10. 선고 2001두3136 판결],https://www.law.go.kr/LSW/precInfoP.do?mode=0&precSeq=82644
68111,부당해고및부당노동행위구제재심판정취소,[대법원 2006. 8. 25. 선고 2006두5151 판결],https://www.law.go.kr/LSW/precInfoP.do?mode=0&precSeq=68111
149551,부당해고및부당노동행위구제재심판정취소,[대법원 2011. 4. 14. 선고 2007두1729 판결],https://www.law.go.kr/LSW/precInfoP.do?mode=0&precSeq=149551
140168,부당해고및부당노동행위구제재심판정취소,[대법원 2009. 3. 12. 선고 2008두2088 판결],https://www.law.go.kr/LSW/precInfoP.do?mode=0&precSeq=140168
133504,부당해고및부당노동행위구제재심판정취소,[대법원 2009. 4. 9. 선고 2008두22211 판결],https://www.law.go.kr/LSW/precInfoP.do?mode=0&precSeq=133504
145256,부당해고및부당노동행위구제재심판정취소,[대법원 2010. 7. 22. 선고 2008두4367 판결],https://www.law.go.kr/LSW/precInfoP.do?mode=0&precSeq=145256
186665,부당해고및부당노동행위구제재심판정취소,[대법원 2012. 7. 5. 선고 2009두16763 판결],https://www.law.go.kr/LSW/precInfoP.do?mode=0&precSeq=186665
215595,부당해고및부당노동행위구제재심판정취소,,https://www.law.go.kr/LSW/precInfoP.do?mode=0&precSeq=215595
195413,부당해고및부당노동행위구제재심판정취소,[대법원 2017. 11. 14. 선고 2017두52924 판결],https://www.law.go.kr/LSW/precInfoP.do?mode=0&precSeq=195413
212613,부당해고및부당노동행위구제재심판정취소,[대법원 2020. 11. 5. 선고 2018두54705 판결],https://www.law.go.kr/LSW/precInfoP.do?mode=0&precSeq=212613
198442,부당해고및부당노동행위구제재심판정취소ㆍ부당해고및부당노동행위구제재심판정취소(학습지교사들이 노동조합 및 노동관계조정법상 근로자에 해당하는지 문제된 사건),"[대법원 2018. 6. 15. 선고 2014두12598, 12604 판결]",https://www.law.go.kr/LSW/precInfoP.do?mode=0&precSeq=198442
219853,부당해고및부당노동행위구제재심판정취소의소,,https://www.law.go.kr/LSW/precInfoP.do?mode=0&precSeq=219853
167862,부당해고및부당정직구제재심판정취소,[대법원 2013. 2. 15. 선고 2010두20362 판결],https://www.law.go.kr/LSW/precInfoP.do?mode=0&precSeq=167862
230141,부동산강제경매기각,[대법원 2000. 2. 12. 자 99마5143 결정],https://www.law.go.kr/LSW/precInfoP.do?mode=0&precSeq=230141
71227,부동산실명법,,https://www.law.go.kr/LSW/precInfoP.do?mode=0&precSeq=71227
158573,부정 수급액의 반환및 추가 징수등 취소,,https://www.law.go.kr/LSW/precInfoP.do?mode=0&precSeq=158573
157255,부정 수급액의 반환및 추가징수등 취소,[대법원 2011. 8. 18. 선고 2010두28373 판결],https://www.law.go.kr/LSW/precInfoP.do?mode=0&precSeq=157255
166770,부정경쟁방지 및 영업비밀보호에 관한 법률위반(영업비밀 누설등)·국가기술자격법 위반·입찰방해,[대법원 2012. 5. 10. 선고 2012도675 판결],https://www.law.go.kr/LSW/precInfoP.do?mode=0&precSeq=166770
120978,분회장직무정지가처분,[서울지법 남부지원 1999. 11. 18. 자 99카합2759 결정 : 확정],https://www.law.go.kr/LSW/precInfoP.do?mode=0&precSeq=120978
387542,불승인에 대한 취소,[서울고등법원 2013누49953],https://www.law.go.kr/LSW/precInfoP.do?mode=0&precSeq=387542
194377,불신임결의무효확인등,[대법원 2002. 12. 26. 선고 2002다57201 판결],https://www.law.go.kr/LSW/precInfoP.do?mode=0&precSeq=194377
411406,"비공개한정보,공개요구","본 컨텐츠는
 근로복지공단 산재판례 에서 수집한 데이터로, 관련 문의는 해당 기관으로 부탁드립니다.",https://www.law.go.kr/LSW/precInfoP.do?mode=0&precSeq=411406
160233,비용 지급 제한 처분등 취소,[서울행법 2011. 9. 22. 선고 2011구합14289 판결 : 항소],https://www.law.go.kr/LSW/precInfoP.do?mode=0&precSeq=160233
145745,사기·근로기준법위반,[대법원 2010. 5. 27. 선고 2009도7722 판결],https://www.law.go.kr/LSW/precInfoP.do?mode=0&precSeq=145745
80477,사기·근로기준법위반·직업안정법위반,[대법원 2001. 4. 13. 선고 2000도4901 판결],https://www.law.go.kr/LSW/precInfoP.do?mode=0&precSeq=80477
178705,사내근로복지기금출연청구,[대법원 2015. 2. 12. 선고 2013다212905 판결],https://www.law.go.kr/LSW/precInfoP.do?mode=0&precSeq=178705
382316,사업자등록무효확인등,[창원지방법원 2012구합575],https://www.law.go.kr/LSW/precInfoP.do?mode=0&precSeq=382316
404862,사업장자격상실처분취소,"본 컨텐츠는
 근로복지공단 산재판례 에서 수집한 데이터로, 관련 문의는 해당 기관으로 부탁드립니다.",https://www.law.go.kr/LSW/precInfoP.do?mode=0&precSeq=404862
405018,사업종류 변경 처분 등 취소 청구의 소,[울산지방법원 2018구합5882],https://www.law.go.kr/LSW/precInfoP.do?mode=0&precSeq=405018
405040,사업종류 변경 처분 등 취소 청구의 소,[울산지방법원 2018구합6052],https://www.law.go.kr/LSW/precInfoP.do?mode=0&precSeq=405040
385976,사업종류변경반려처분취소,[인천지방법원 2013구합233],https://www.law.go.kr/LSW/precInfoP.do?mode=0&precSeq=385976
373618,사업종류변경신청거부처분취소,[서울행정법원 2010구합34392],https://www.law.go.kr/LSW/precInfoP.do?mode=0&precSeq=373618
373498,사업종류변경신청서반려처분취소,[대전지방법원 2010구합2816],https://www.law.go.kr/LSW/precInfoP.do?mode=0&precSeq=373498
118741,사업종류변경처분등취소청구사건,,https://www.law.go.kr/LSW/precInfoP.do?mode=0&precSeq=118741
211307,사업종류변경처분등취소청구의소[사업주가 근로복지공단의 사업종류 변경결정의 취소를 구하는 사건],[대법원 2020. 4. 9. 선고 2019두61137 판결],https://www.law.go.kr/LSW/precInfoP.do?mode=0&precSeq=211307
414254,사업종류변경처분취소청구,"본 컨텐츠는
 근로복지공단 산재판례 에서 수집한 데이터로, 관련 문의는 해당 기관으로 부탁드립니다.",https://www.law.go.kr/LSW/precInfoP.do?mode=0&precSeq=414254
417156,사업종류지정처분취소청구,[서울행정법원 2023구합60292],https://www.law.go.kr/LSW/precInfoP.do?mode=0&precSeq=417156
187507,사업주직업능력개발훈련과정인정취소처분등취소,[대법원 2014. 10. 30. 선고 2013두1980 판결],https://www.law.go.kr/LSW/precInfoP.do?mode=0&precSeq=187507
64988,사용자지위확인,[대법원 2008. 9. 11. 선고 2006다40935 판결],https://www.law.go.kr/LSW/precInfoP.do?mode=0&precSeq=64988
219765,사해행위취소,[대법원 2021. 11. 25. 선고 2016다263355 판결],https://www.law.go.kr/LSW/precInfoP.do?mode=0&precSeq=219765
84422,사해행위취소등,[대법원 2006. 4. 13. 선고 2005다70090 판결],https://www.law.go.kr/LSW/precInfoP.do?mode=0&precSeq=84422
77498,사해행위취소등,[부산고등법원 2005. 10. 20. 선고 2004나15980 판결],https://www.law.go.kr/LSW/precInfoP.do?mode=0&precSeq=77498
78794,사해행위취소등,[서울고등법원 2006. 4. 27. 선고 2005나49609 판결],https://www.law.go.kr/LSW/precInfoP.do?mode=0&precSeq=78794
78818,사해행위취소등,,https://www.law.go.kr/LSW/precInfoP.do?mode=0&precSeq=78818
160303,산업 재해 보상 보험료 부과 처분 취소,[대법원 2011. 6. 24. 선고 2008두20222 판결],https://www.law.go.kr/LSW/precInfoP.do?mode=0&precSeq=160303
363694,산업 재해요양불승인처분취소,[서울행정법원 2008구단17250],https://www.law.go.kr/LSW/precInfoP.do?mode=0&precSeq=363694
363710,산업 재해요양불승인처분취소,[서울행정법원 2008구단17502],https://www.law.go.kr/LSW/precInfoP.do?mode=0&precSeq=363710
164795,산업안전보건법 위반,[대법원 2012. 1. 27. 선고 2010도8885 판결],https://www.law.go.kr/LSW/precInfoP.do?mode=0&precSeq=164795
162484,산업안전보건법 위반·업무상과실치사,,https://www.law.go.kr/LSW/precInfoP.do?mode=0&precSeq=162484
78188,산업안전보건법위반,[대구지방법원 2006. 11. 16. 선고 2006노1762 판결],https://www.law.go.kr/LSW/precInfoP.do?mode=0&precSeq=78188
143319,산업안전보건법위반,[대구지방법원 2009. 4. 24. 선고 2008노3443 판결],https://www.law.go.kr/LSW/precInfoP.do?mode=0&precSeq=143319
70105,산업안전보건법위반,,https://www.law.go.kr/LSW/precInfoP.do?mode=0&precSeq=70105
70694,산업안전보건법위반,[대구지법 2007. 2. 13. 선고 2006고정3671 판결 : 항소],https://www.law.go.kr/LSW/precInfoP.do?mode=0&precSeq=70694
84257,산업안전보건법위반,[대법원 2006. 1. 12. 선고 2004도8875 판결],https://www.law.go.kr/LSW/precInfoP.do?mode=0&precSeq=84257
85009,산업안전보건법위반,[대법원 2007. 3. 29. 선고 2006도8874 판결],https://www.law.go.kr/LSW/precInfoP.do?mode=0&precSeq=85009
64806,산업안전보건법위반,[대법원 2008. 8. 11. 선고 2007도7987 판결],https://www.law.go.kr/LSW/precInfoP.do?mode=0&precSeq=64806
215703,산업안전보건법위반,[대법원 2010. 2. 25. 선고 2009도3835 판결],https://www.law.go.kr/LSW/precInfoP.do?mode=0&precSeq=215703
178715,산업안전보건법위반,,https://www.law.go.kr/LSW/precInfoP.do?mode=0&precSeq=178715
173774,산업안전보건법위반,[대법원 2014. 5. 29. 선고 2014도3542 판결],https://www.law.go.kr/LSW/precInfoP.do?mode=0&precSeq=173774
211309,산업안전보건법위반,,https://www.law.go.kr/LSW/precInfoP.do?mode=0&precSeq=211309
218369,산업안전보건법위반,[대법원 2021. 4. 29. 선고 2019도12986 판결],https://www.law.go.kr/LSW/precInfoP.do?mode=0&precSeq=218369
152862,산업안전보건법위반,[대법원 1995. 5. 26. 선고 95도230 판결],https://www.law.go.kr/LSW/precInfoP.do?mode=0&precSeq=152862
77303,산업안전보건법위반,,https://www.law.go.kr/LSW/precInfoP.do?mode=0&precSeq=77303
241987,"산업안전보건법위반[인천항 갑문 보수공사에서 작업을 하던 근로자가 추락하여 사망한 사건에서, 도급인인 및 그 안전보건관리총괄책임자의 산업안전보건법 위반죄 성립 여부가 문제된 사건]",[대법원 2024. 11. 14. 선고 2023도14674 판결],https://www.law.go.kr/LSW/precInfoP.do?mode=0&precSeq=241987
220437,산업안전보건법위반[타워크레인을 임차한 회사가 타워크레인이 손상된 채 작업을 진행한 사건],[대법원 2022. 4. 14. 선고 2019도14416 판결],https://www.law.go.kr/LSW/precInfoP.do?mode=0&precSeq=220437
146158,산업안전보건법위반·업무상과실치사,[대법원 2010. 9. 9. 선고 2008도7834 판결],https://www.law.go.kr/LSW/precInfoP.do?mode=0&precSeq=146158
149521,산업안전보건법위반·업무상과실치사,[대법원 2010. 11. 11. 선고 2009도13252 판결],https://www.law.go.kr/LSW/precInfoP.do?mode=0&precSeq=149521
146399,산업안전보건법위반·업무상과실치사,[춘천지방법원 2008. 1. 24. 선고 2007고정257 판결],https://www.law.go.kr/LSW/precInfoP.do?mode=0&precSeq=146399
238861,산업안전보건법위반·업무상과실치사·중대재해처벌등에관한법률위반(산업재해치사),[대법원 2023. 12. 28. 선고 2023도12316 판결],https://www.law.go.kr/LSW/precInfoP.do?mode=0&precSeq=238861
606945,산업안전보건법위반·업무상과실치사·중대재해처벌등에관한법률위반(산업재해치사),[창원지법 2025. 6. 13. 선고 2024노2513 판결 : 상고],https://www.law.go.kr/LSW/precInfoP.do?mode=0&precSeq=606945
238011,산업안전보건법위반·업무상과실치사·중대재해처벌등에관한법률위반(산업재해치사),,https://www.law.go.kr/LSW/precInfoP.do?mode=0&precSeq=238011
391476,산업재보상보험료등 부과처분취소,[광주고등법원 2014누6479],https://www.law.go.kr/LSW/precInfoP.do?mode=0&precSeq=391476
384262,산업재보상보험료등 부과처분취소,[광주지방법원 2013구단10],https://www.law.go.kr/LSW/precInfoP.do?mode=0&precSeq=384262
404834,산업재해 보상 보험급여액 징수 처분 취소 청구의소,[서울행정법원 2018구합2827],https://www.law.go.kr/LSW/precInfoP.do?mode=0&precSeq=404834
397792,산업재해 보상보험급여액징수처분취소,[서울행정법원 2016구합469],https://www.law.go.kr/LSW/precInfoP.do?mode=0&precSeq=397792
403560,산업재해 불인정 결정 처분 취소,[서울행정법원 2018구단11824],https://www.law.go.kr/LSW/precInfoP.do?mode=0&precSeq=403560
206052,산업재해보상금기각처분취소,,https://www.law.go.kr/LSW/precInfoP.do?mode=0&precSeq=206052
199440,산업재해보상금부지급처분취소,,https://www.law.go.kr/LSW/precInfoP.do?mode=0&precSeq=199440
393928,산업재해보상보험 개별실적요율 적용거부처분 취소,[부산지방법원 2015구합24971],https://www.law.go.kr/LSW/precInfoP.do?mode=0&precSeq=393928
401804,산업재해보상보험 보험료 부과처분 취소,[서울행정법원 2017구합78568],https://www.law.go.kr/LSW/precInfoP.do?mode=0&precSeq=401804
411022,산업재해보상보험 불승인취소,"본 컨텐츠는
 근로복지공단 산재판례 에서 수집한 데이터로, 관련 문의는 해당 기관으로 부탁드립니다.",https://www.law.go.kr/LSW/precInfoP.do?mode=0&precSeq=411022
394254,산업재해보상보험 사업종류 변경거부처분 취소 청구,"본 컨텐츠는
 근로복지공단 산재판례 에서 수집한 데이터로, 관련 문의는 해당 기관으로 부탁드립니다.",https://www.law.go.kr/LSW/precInfoP.do?mode=0&precSeq=394254
405042,산업재해보상보험 사업종류 변경신청 반려처분취소 청구의 소,[수원지방법원 2018구합60589],https://www.law.go.kr/LSW/precInfoP.do?mode=0&precSeq=405042
393904,산업재해보상보험 사업종류 변경처분 등 취소,[창원지방법원 2015구합21641],https://www.law.go.kr/LSW/precInfoP.do?mode=0&precSeq=393904
393900,산업재해보상보험 사업종류 변경처분 취소청구의 소,[창원지방법원 2015구합21160],https://www.law.go.kr/LSW/precInfoP.do?mode=0&precSeq=393900
397844,산업재해보상보험 사업종류변경거부처분취소,"본 컨텐츠는
 근로복지공단 산재판례 에서 수집한 데이터로, 관련 문의는 해당 기관으로 부탁드립니다.",https://www.law.go.kr/LSW/precInfoP.do?mode=0&precSeq=397844
416092,산업재해보상보험 사업종류변경처분 취소,[울산지방법원 2022구합5810],https://www.law.go.kr/LSW/precInfoP.do?mode=0&precSeq=416092
393372,산업재해보상보험 요양불승인처분 취소,[서울행정법원 2015구단57836],https://www.law.go.kr/LSW/precInfoP.do?mode=0&precSeq=393372
389798,산업재해보상보험 요양불승인처분취소,"본 컨텐츠는
 근로복지공단 산재판례 에서 수집한 데이터로, 관련 문의는 해당 기관으로 부탁드립니다.",https://www.law.go.kr/LSW/precInfoP.do?mode=0&precSeq=389798
415884,산업재해보상보험관계 성립통지 및 산업재해보상보험료징수처분 취소,"본 컨텐츠는
 근로복지공단 산재판례 에서 수집한 데이터로, 관련 문의는 해당 기관으로 부탁드립니다.",https://www.law.go.kr/LSW/precInfoP.do?mode=0&precSeq=415884
370718,산업재해보상보험관계성립신고서반려처분취소등,[부산고등법원 2009누805],https://www.law.go.kr/LSW/precInfoP.do?mode=0&precSeq=370718
101467,산업재해보상보험금추징처분취소,,https://www.law.go.kr/LSW/precInfoP.do?mode=0&precSeq=101467
154773,산업재해보상보험급여부지급결정취소,,https://www.law.go.kr/LSW/precInfoP.do?mode=0&precSeq=154773
408286,산업재해보상보험급여액 징수처분 취소,[서울행정법원 2019구합59974],https://www.law.go.kr/LSW/precInfoP.do?mode=0&precSeq=408286
389772,산업재해보상보험급여액 징수처분 취소,[창원지방법원 2014구합1343],https://www.law.go.kr/LSW/precInfoP.do?mode=0&precSeq=389772
397690,산업재해보상보험급여액 징수처분등,[인천지방법원 2016구합1145],https://www.law.go.kr/LSW/precInfoP.do?mode=0&precSeq=397690
386006,산업재해보상보험급여액 징수처분취소,[대구지방법원 2013구합248],https://www.law.go.kr/LSW/precInfoP.do?mode=0&precSeq=386006
386002,산업재해보상보험급여액 징수처분취소,[창원지방법원 2013구합2462],https://www.law.go.kr/LSW/precInfoP.do?mode=0&precSeq=386002
403496,산업재해보상보험급여액징수처분취소,[대구지방법원 2018구단10816],https://www.law.go.kr/LSW/precInfoP.do?mode=0&precSeq=403496
81716,산업재해보상보험급여액징수처분취소,,https://www.law.go.kr/LSW/precInfoP.do?mode=0&precSeq=81716
64628,산업재해보상보험급여액징수처분취소,,https://www.law.go.kr/LSW/precInfoP.do?mode=0&precSeq=64628
361482,산업재해보상보험급여액징수처분취소,[부산고등법원 (창원)2018누10258],https://www.law.go.kr/LSW/precInfoP.do?mode=0&precSeq=361482
382284,산업재해보상보험급여액징수처분취소,[서울행정법원 2012구합4579],https://www.law.go.kr/LSW/precInfoP.do?mode=0&precSeq=382284
405016,산업재해보상보험급여액징수처분취소,[서울행정법원 2018구합58745],https://www.law.go.kr/LSW/precInfoP.do?mode=0&precSeq=405016
397594,산업재해보상보험급여액징수처분취소,[수원지방법원 2016구단7570],https://www.law.go.kr/LSW/precInfoP.do?mode=0&precSeq=397594
380426,산업재해보상보험급여징수처분취소,[부산지방법원 2012구단1277],https://www.law.go.kr/LSW/precInfoP.do?mode=0&precSeq=380426
368686,산업재해보상보험료 등 부가처분취소,[부산지방법원 2009구합2987],https://www.law.go.kr/LSW/precInfoP.do?mode=0&precSeq=368686
373366,산업재해보상보험료 부과처분 등 취소,[광주지방법원 2010구합2197],https://www.law.go.kr/LSW/precInfoP.do?mode=0&precSeq=373366
373486,산업재해보상보험료 부과처분 등 취소,[청주지방법원 2010구합2765],https://www.law.go.kr/LSW/precInfoP.do?mode=0&precSeq=373486
362780,산업재해보상보험료 부과처분취소,[울산지방법원 2007구합2917],https://www.law.go.kr/LSW/precInfoP.do?mode=0&precSeq=362780
373846,산업재해보상보험료 부과처분취소청구,[서울행정법원 2010구합46845],https://www.law.go.kr/LSW/precInfoP.do?mode=0&precSeq=373846
371280,산업재해보상보험료경정청구반려처분취소등,[대법원 2009두3965],https://www.law.go.kr/LSW/precInfoP.do?mode=0&precSeq=371280
362784,산업재해보상보험료경정청구반려처분취소등,[서울행정법원 2007구합29741],https://www.law.go.kr/LSW/precInfoP.do?mode=0&precSeq=362784
368720,산업재해보상보험료경정청구서반려처분취소,[광주지방법원 2009구합3200],https://www.law.go.kr/LSW/precInfoP.do?mode=0&precSeq=368720
194135,산업재해보상보험료등부과처분취소,"[대법원 2007. 3. 29. 선고 2005두13018, 13025 판결]",https://www.law.go.kr/LSW/precInfoP.do?mode=0&precSeq=194135
68434,산업재해보상보험료등부과처분취소,,https://www.law.go.kr/LSW/precInfoP.do?mode=0&precSeq=68434
78184,산업재해보상보험료등부과처분취소,,https://www.law.go.kr/LSW/precInfoP.do?mode=0&precSeq=78184
228033,산업재해보상보험료등부과처분취소,[서울행법 2007. 12. 20. 선고 2001구20581 판결 : 항소],https://www.law.go.kr/LSW/precInfoP.do?mode=0&precSeq=228033
368818,산업재해보상보험료등부과처분취소,[서울행정법원 2009구합38886],https://www.law.go.kr/LSW/precInfoP.do?mode=0&precSeq=368818
373126,산업재해보상보험료등부과처분취소,[서울행정법원 2010구합1064],https://www.law.go.kr/LSW/precInfoP.do?mode=0&precSeq=373126
381810,산업재해보상보험료등부과처분취소,"본 컨텐츠는
 근로복지공단 산재판례 에서 수집한 데이터로, 관련 문의는 해당 기관으로 부탁드립니다.",https://www.law.go.kr/LSW/precInfoP.do?mode=0&precSeq=381810
382120,산업재해보상보험료등부과처분취소,[서울행정법원 2012구합33959],https://www.law.go.kr/LSW/precInfoP.do?mode=0&precSeq=382120
382298,산업재해보상보험료등부과처분취소,[서울행정법원 2012구합5077],https://www.law.go.kr/LSW/precInfoP.do?mode=0&precSeq=382298
381276,산업재해보상보험료및고용보험료부과처분취소,[부산지방법원 2012구단45],https://www.law.go.kr/LSW/precInfoP.do?mode=0&precSeq=381276
155798,산업재해보상보험료부과처분,,https://www.law.go.kr/LSW/precInfoP.do?mode=0&precSeq=155798
384268,산업재해보상보험료부과처분 취소,[대전지방법원 2013구단100134],https://www.law.go.kr/LSW/precInfoP.do?mode=0&precSeq=384268
70433,산업재해보상보험료부과처분등,[부산지법 2006. 5. 17. 선고 2005구단1859 판결 : 소취하],https://www.law.go.kr/LSW/precInfoP.do?mode=0&precSeq=70433
370436,산업재해보상보험료부과처분등취소,[서울고등법원 2009누4458],https://www.law.go.kr/LSW/precInfoP.do?mode=0&precSeq=370436
364668,산업재해보상보험료부과처분등취소,[서울행정법원 2008구합12344],https://www.law.go.kr/LSW/precInfoP.do?mode=0&precSeq=364668
381688,산업재해보상보험료부과처분무효확인,[서울행정법원 2012구합14774],https://www.law.go.kr/LSW/precInfoP.do?mode=0&precSeq=381688
118835,산업재해보상보험료부과처분취소,,https://www.law.go.kr/LSW/precInfoP.do?mode=0&precSeq=118835
85003,산업재해보상보험료부과처분취소,,https://www.law.go.kr/LSW/precInfoP.do?mode=0&precSeq=85003
145131,산업재해보상보험료부과처분취소,[대법원 2010. 4. 29. 선고 2009두16169 판결],https://www.law.go.kr/LSW/precInfoP.do?mode=0&precSeq=145131
375632,산업재해보상보험료부과처분취소,[대법원 2010두21532],https://www.law.go.kr/LSW/precInfoP.do?mode=0&precSeq=375632
383934,산업재해보상보험료부과처분취소,[대법원 2012두22416],https://www.law.go.kr/LSW/precInfoP.do?mode=0&precSeq=383934
383936,산업재해보상보험료부과처분취소,[대법원 2012두22423],https://www.law.go.kr/LSW/precInfoP.do?mode=0&precSeq=383936
388218,산업재해보상보험료부과처분취소,[대법원 2013두2815],https://www.law.go.kr/LSW/precInfoP.do?mode=0&precSeq=388218
92403,산업재해보상보험료부과처분취소,,https://www.law.go.kr/LSW/precInfoP.do?mode=0&precSeq=92403
94875,산업재해보상보험료부과처분취소,[대법원 1980. 2. 26. 선고 79누365 판결],https://www.law.go.kr/LSW/precInfoP.do?mode=0&precSeq=94875
98745,산업재해보상보험료부과처분취소,,https://www.law.go.kr/LSW/precInfoP.do?mode=0&precSeq=98745
98191,산업재해보상보험료부과처분취소,,https://www.law.go.kr/LSW/precInfoP.do?mode=0&precSeq=98191
106764,산업재해보상보험료부과처분취소,,https://www.law.go.kr/LSW/precInfoP.do?mode=0&precSeq=106764
117188,산업재해보상보험료부과처분취소,,https://www.law.go.kr/LSW/precInfoP.do?mode=0&precSeq=117188
71487,산업재해보상보험료부과처분취소,,https://www.law.go.kr/LSW/precInfoP.do?mode=0&precSeq=71487
78183,산업재해보상보험료부과처분취소,,https://www.law.go.kr/LSW/precInfoP.do?mode=0&precSeq=78183
366478,산업재해보상보험료부과처분취소,[서울고등법원 2008누9920],https://www.law.go.kr/LSW/precInfoP.do?mode=0&precSeq=366478
369616,산업재해보상보험료부과처분취소,[서울고등법원 2009누1961],https://www.law.go.kr/LSW/precInfoP.do?mode=0&precSeq=369616
374836,산업재해보상보험료부과처분취소,[서울고등법원 2010누3406],https://www.law.go.kr/LSW/precInfoP.do?mode=0&precSeq=374836
382940,산업재해보상보험료부과처분취소,"본 컨텐츠는
 근로복지공단 산재판례 에서 수집한 데이터로, 관련 문의는 해당 기관으로 부탁드립니다.",https://www.law.go.kr/LSW/precInfoP.do?mode=0&precSeq=382940
383032,산업재해보상보험료부과처분취소,[서울고등법원 2012누27161],https://www.law.go.kr/LSW/precInfoP.do?mode=0&precSeq=383032
383140,산업재해보상보험료부과처분취소,"본 컨텐츠는
 근로복지공단 산재판례 에서 수집한 데이터로, 관련 문의는 해당 기관으로 부탁드립니다.",https://www.law.go.kr/LSW/precInfoP.do?mode=0&precSeq=383140
361488,산업재해보상보험료부과처분취소,[서울행정법원 2000구7314],https://www.law.go.kr/LSW/precInfoP.do?mode=0&precSeq=361488
361532,산업재해보상보험료부과처분취소,[서울행정법원 2006구단11241],https://www.law.go.kr/LSW/precInfoP.do?mode=0&precSeq=361532
362746,산업재해보상보험료부과처분취소,"본 컨텐츠는
 근로복지공단 산재판례 에서 수집한 데이터로, 관련 문의는 해당 기관으로 부탁드립니다.",https://www.law.go.kr/LSW/precInfoP.do?mode=0&precSeq=362746
362808,산업재해보상보험료부과처분취소,[서울행정법원 2007구합33283],https://www.law.go.kr/LSW/precInfoP.do?mode=0&precSeq=362808
362844,산업재해보상보험료부과처분취소,"본 컨텐츠는
 근로복지공단 산재판례 에서 수집한 데이터로, 관련 문의는 해당 기관으로 부탁드립니다.",https://www.law.go.kr/LSW/precInfoP.do?mode=0&precSeq=362844
364682,산업재해보상보험료부과처분취소,[서울행정법원 2008구합1375],https://www.law.go.kr/LSW/precInfoP.do?mode=0&precSeq=364682
365236,산업재해보상보험료부과처분취소,"본 컨텐츠는
 근로복지공단 산재판례 에서 수집한 데이터로, 관련 문의는 해당 기관으로 부탁드립니다.",https://www.law.go.kr/LSW/precInfoP.do?mode=0&precSeq=365236
368266,산업재해보상보험료부과처분취소,[서울행정법원 2009구합10499],https://www.law.go.kr/LSW/precInfoP.do?mode=0&precSeq=368266
368706,산업재해보상보험료부과처분취소,"본 컨텐츠는
 근로복지공단 산재판례 에서 수집한 데이터로, 관련 문의는 해당 기관으로 부탁드립니다.",https://www.law.go.kr/LSW/precInfoP.do?mode=0&precSeq=368706
369068,산업재해보상보험료부과처분취소,[서울행정법원 2009구합56884],https://www.law.go.kr/LSW/precInfoP.do?mode=0&precSeq=369068
381586,산업재해보상보험료부과처분취소,[서울행정법원 2012구합10192],https://www.law.go.kr/LSW/precInfoP.do?mode=0&precSeq=381586
381602,산업재해보상보험료부과처분취소,"본 컨텐츠는
 근로복지공단 산재판례 에서 수집한 데이터로, 관련 문의는 해당 기관으로 부탁드립니다.",https://www.law.go.kr/LSW/precInfoP.do?mode=0&precSeq=381602
381950,산업재해보상보험료부과처분취소,[서울행정법원 2012구합25958],https://www.law.go.kr/LSW/precInfoP.do?mode=0&precSeq=381950
382342,산업재해보상보험료부과처분취소,[서울행정법원 2012구합6704],https://www.law.go.kr/LSW/precInfoP.do?mode=0&precSeq=382342
364810,산업재해보상보험료부과처분취소,[창원지방법원 2008구합2222],https://www.law.go.kr/LSW/precInfoP.do?mode=0&precSeq=364810
381938,산업재해보상보험료부과처분취소등,[창원지방법원 2012구합2519],https://www.law.go.kr/LSW/precInfoP.do?mode=0&precSeq=381938
75807,산업재해보상보험료부과처분취소청구사건,,https://www.law.go.kr/LSW/precInfoP.do?mode=0&precSeq=75807
366342,산업재해보상보험료부과처분취소청구의소,[서울고등법원 2008누5225],https://www.law.go.kr/LSW/precInfoP.do?mode=0&precSeq=366342
406218,산업재해보상보험료의 환불 청구,"본 컨텐츠는
 근로복지공단 산재판례 에서 수집한 데이터로, 관련 문의는 해당 기관으로 부탁드립니다.",https://www.law.go.kr/LSW/precInfoP.do?mode=0&precSeq=406218
405014,산업재해보상보험료의 환불 청구,[서울행정법원 2018구합58677],https://www.law.go.kr/LSW/precInfoP.do?mode=0&precSeq=405014
118737,산업재해보상보험법상의사업종류변경불승인처분취소청구사건,,https://www.law.go.kr/LSW/precInfoP.do?mode=0&precSeq=118737
180194,산업재해보상보험법위반·공공기관의개인정보보호에관한법률위반,,https://www.law.go.kr/LSW/precInfoP.do?mode=0&precSeq=180194
108083,산업재해보상보험보험료부과처분취소,,https://www.law.go.kr/LSW/precInfoP.do?mode=0&precSeq=108083
373874,산업재해보상보험사업종류변경거부처분취소,[서울행정법원 2010구합47916],https://www.law.go.kr/LSW/precInfoP.do?mode=0&precSeq=373874
362770,산업재해보상보험사업종류변경등취소,[서울행정법원 2007구합28205],https://www.law.go.kr/LSW/precInfoP.do?mode=0&precSeq=362770
371224,산업재해보상보험사업종류변경신청반려처분취소,[대법원 2009두24047],https://www.law.go.kr/LSW/precInfoP.do?mode=0&precSeq=371224
390310,산업재해보상보험사업종류변경신청반려처분취소,[서울행정법원 2014구합7114],https://www.law.go.kr/LSW/precInfoP.do?mode=0&precSeq=390310
388144,산업재해보상보험사업종류변경신청반려처분취소등,[대법원 2013두22703],https://www.law.go.kr/LSW/precInfoP.do?mode=0&precSeq=388144
373696,산업재해보상보험사업종류변경처분취소,[서울행정법원 2010구합38783],https://www.law.go.kr/LSW/precInfoP.do?mode=0&precSeq=373696
378078,산업재해보상보험사업종류변경처분취소,[서울행정법원 2011구합549],https://www.law.go.kr/LSW/precInfoP.do?mode=0&precSeq=378078
363650,산업재해보상보험요양불승인처분취소,[서울행정법원 2008구단16745],https://www.law.go.kr/LSW/precInfoP.do?mode=0&precSeq=363650
94444,산업재해보상보험요양신청기각처분취소,[대법원 1979. 8. 14. 선고 79누148 판결],https://www.law.go.kr/LSW/precInfoP.do?mode=0&precSeq=94444
397718,산업재해보상보험유족급여및장의비부지급처분취소,[서울행정법원 2016구합1905],https://www.law.go.kr/LSW/precInfoP.do?mode=0&precSeq=397718
382192,산업재해보상보험적용대상사업종류변경처분취소,[서울행정법원 2012구합38992],https://www.law.go.kr/LSW/precInfoP.do?mode=0&precSeq=382192
380396,산업재해보상불승인처분취소,[부산지방법원 2012구단1215],https://www.law.go.kr/LSW/precInfoP.do?mode=0&precSeq=380396
415976,산업재해보험급여 적용사업장에관한처분취소 청구의소,"본 컨텐츠는
 근로복지공단 산재판례 에서 수집한 데이터로, 관련 문의는 해당 기관으로 부탁드립니다.",https://www.law.go.kr/LSW/precInfoP.do?mode=0&precSeq=415976
204561,산업재해보험료등부과처분취소,[대법원 2018. 9. 13. 선고 2014두5576 판결],https://www.law.go.kr/LSW/precInfoP.do?mode=0&precSeq=204561
72738,산업재해보험료부과처분무효확인청구사건,,https://www.law.go.kr/LSW/precInfoP.do?mode=0&precSeq=72738
393794,산업재해불승인처분취소,[서울행정법원 2015구단9660],https://www.law.go.kr/LSW/precInfoP.do?mode=0&precSeq=393794
396790,산업재해요양불승인처분취소,[대구지방법원 2016구단2200],https://www.law.go.kr/LSW/precInfoP.do?mode=0&precSeq=396790
64949,산업재해요양불승인처분취소,,https://www.law.go.kr/LSW/precInfoP.do?mode=0&precSeq=64949
379938,산업재해요양불승인처분취소,[대법원 2011두24408],https://www.law.go.kr/LSW/precInfoP.do?mode=0&precSeq=379938
201052,산업재해요양불승인처분취소,,https://www.law.go.kr/LSW/precInfoP.do?mode=0&precSeq=201052
380560,산업재해요양불승인처분취소,"본 컨텐츠는
 근로복지공단 산재판례 에서 수집한 데이터로, 관련 문의는 해당 기관으로 부탁드립니다.",https://www.law.go.kr/LSW/precInfoP.do?mode=0&precSeq=380560
363196,산업재해요양불승인처분취소,[부산지방법원 2008구단1096],https://www.law.go.kr/LSW/precInfoP.do?mode=0&precSeq=363196
363800,산업재해요양불승인처분취소,[부산지방법원 2008구단2044],https://www.law.go.kr/LSW/precInfoP.do?mode=0&precSeq=363800
365524,산업재해요양불승인처분취소,"본 컨텐츠는
 근로복지공단 산재판례 에서 수집한 데이터로, 관련 문의는 해당 기관으로 부탁드립니다.",https://www.law.go.kr/LSW/precInfoP.do?mode=0&precSeq=365524
374528,산업재해요양불승인처분취소,[서울고등법원 2010누23288],https://www.law.go.kr/LSW/precInfoP.do?mode=0&precSeq=374528
361630,산업재해요양불승인처분취소,[서울행정법원 2006구단6577],https://www.law.go.kr/LSW/precInfoP.do?mode=0&precSeq=361630
361978,산업재해요양불승인처분취소,"본 컨텐츠는
 근로복지공단 산재판례 에서 수집한 데이터로, 관련 문의는 해당 기관으로 부탁드립니다.",https://www.law.go.kr/LSW/precInfoP.do?mode=0&precSeq=361978
362220,산업재해요양불승인처분취소,"본 컨텐츠는
 근로복지공단 산재판례 에서 수집한 데이터로, 관련 문의는 해당 기관으로 부탁드립니다.",https://www.law.go.kr/LSW/precInfoP.do?mode=0&precSeq=362220
363252,산업재해요양불승인처분취소,[서울행정법원 2008구단11542],https://www.law.go.kr/LSW/precInfoP.do?mode=0&precSeq=363252
363930,산업재해요양불승인처분취소,"본 컨텐츠는
 근로복지공단 산재판례 에서 수집한 데이터로, 관련 문의는 해당 기관으로 부탁드립니다.",https://www.law.go.kr/LSW/precInfoP.do?mode=0&precSeq=363930
364362,산업재해요양불승인처분취소,[서울행정법원 2008구단6847],https://www.law.go.kr/LSW/precInfoP.do?mode=0&precSeq=364362
372248,산업재해요양불승인처분취소,[서울행정법원 2010구단2329],https://www.law.go.kr/LSW/precInfoP.do?mode=0&precSeq=372248
372726,산업재해요양불승인처분취소,[서울행정법원 2010구단4455],https://www.law.go.kr/LSW/precInfoP.do?mode=0&precSeq=372726
380474,산업재해요양불승인처분취소,[서울행정법원 2012구단13781],https://www.law.go.kr/LSW/precInfoP.do?mode=0&precSeq=380474
364676,산업재해요양불승인처분취소,[울산지방법원 2008구합1348],https://www.law.go.kr/LSW/precInfoP.do?mode=0&precSeq=364676
105876,산업재해요양신청불승인결정취소,,https://www.law.go.kr/LSW/precInfoP.do?mode=0&precSeq=105876
411018,산업재해요양신청불승인취소,"본 컨텐츠는
 근로복지공단 산재판례 에서 수집한 데이터로, 관련 문의는 해당 기관으로 부탁드립니다.",https://www.law.go.kr/LSW/precInfoP.do?mode=0&precSeq=411018
364092,산업재해유족보상 및 장의비부지급처분취소,[대구지방법원 2008구단4058],https://www.law.go.kr/LSW/precInfoP.do?mode=0&precSeq=364092
206913,산업재해장해급여부지급처분취소,,https://www.law.go.kr/LSW/precInfoP.do?mode=0&precSeq=206913
389356,산업재해장해등급처분취소,[인천지방법원 2014구단554],https://www.law.go.kr/LSW/precInfoP.do?mode=0&precSeq=389356
372358,산업재해장해보상부지급처분취소,[서울행정법원 2010구단255],https://www.law.go.kr/LSW/precInfoP.do?mode=0&precSeq=372358
160345,산재 보험료및 고용 보험료 부과 처분 취소,[서울고등법원 2009. 11. 17. 선고 2009누7525 판결],https://www.law.go.kr/LSW/precInfoP.do?mode=0&precSeq=160345
158391,산재 진료비 부당이득금 납부고지 처분취소,,https://www.law.go.kr/LSW/precInfoP.do?mode=0&precSeq=158391
390308,산재(고용)보험 보험관계변경신고서 반려처분취소,[서울행정법원 2014구합71030],https://www.law.go.kr/LSW/precInfoP.do?mode=0&precSeq=390308
384868,"산재,고용보험료추가징수처분취소",[부산지방법원 2013구단2185],https://www.law.go.kr/LSW/precInfoP.do?mode=0&precSeq=384868
381740,산재·고용보험료 등 부과처분취소,"본 컨텐츠는
 근로복지공단 산재판례 에서 수집한 데이터로, 관련 문의는 해당 기관으로 부탁드립니다.",https://www.law.go.kr/LSW/precInfoP.do?mode=0&precSeq=381740
382118,산재고용보험료부과처분취소,[서울행정법원 2012구합33850],https://www.law.go.kr/LSW/precInfoP.do?mode=0&precSeq=382118
398356,산재근로자적용사업장변경처분취소,[서울행정법원 2016구합80120],https://www.law.go.kr/LSW/precInfoP.do?mode=0&precSeq=398356
388514,산재및고용보험료부과처분취소,[광주지방법원 2014구단10656],https://www.law.go.kr/LSW/precInfoP.do?mode=0&precSeq=388514
362838,산재및고용보험료부과취소,"본 컨텐츠는
 근로복지공단 산재판례 에서 수집한 데이터로, 관련 문의는 해당 기관으로 부탁드립니다.",https://www.law.go.kr/LSW/precInfoP.do?mode=0&precSeq=362838
364870,산재및고용보험료연체금등부과처분취소,[서울행정법원 2008구합26220],https://www.law.go.kr/LSW/precInfoP.do?mode=0&precSeq=364870
204160,산재보상법재심사에관한판정취소,[대법원 1991. 11. 12. 선고 91누5624 판결],https://www.law.go.kr/LSW/precInfoP.do?mode=0&precSeq=204160
398032,산재보험 보험관계변경신고서반려처분취소,[울산지방법원 2016구합6003],https://www.law.go.kr/LSW/precInfoP.do?mode=0&precSeq=398032
401570,산재보험 보험관계변경신청 거부처분 취소의 소,[울산지방법원 2017구합5878],https://www.law.go.kr/LSW/precInfoP.do?mode=0&precSeq=401570
399516,산재보험 요양결정 취소처분 취소 및 부당이득징수처분취소,[서울고등법원 2016누81712],https://www.law.go.kr/LSW/precInfoP.do?mode=0&precSeq=399516
393586,산재보험 요양결정 취소처분 취소 및 부당이득징수처분취소,[서울행정법원 2015구단62456],https://www.law.go.kr/LSW/precInfoP.do?mode=0&precSeq=393586
408300,산재보험관계 변경신고서 반려처분 취소의 소,[서울행정법원 2019구합60868],https://www.law.go.kr/LSW/precInfoP.do?mode=0&precSeq=408300
385030,산재보험관계적용제외 및 요양불승인처분취소,[수원지방법원 2013구단3140],https://www.law.go.kr/LSW/precInfoP.do?mode=0&precSeq=385030
84637,산재보험구상금징수처분취소,[대법원 2006. 8. 24. 선고 2004두10081 판결],https://www.law.go.kr/LSW/precInfoP.do?mode=0&precSeq=84637
77759,산재보험구상금징수처분취소,,https://www.law.go.kr/LSW/precInfoP.do?mode=0&precSeq=77759
201841,산재보험금지급결정취소,,https://www.law.go.kr/LSW/precInfoP.do?mode=0&precSeq=201841
409674,산재보험급여 징수처분 취소 청구의 소,[대전지방법원 2020구단100163],https://www.law.go.kr/LSW/precInfoP.do?mode=0&precSeq=409674
364542,산재보험급여 징수처분취소,[대구지방법원 2008구단896],https://www.law.go.kr/LSW/precInfoP.do?mode=0&precSeq=364542
381796,산재보험급여액 징수처분 취소,"본 컨텐츠는
 근로복지공단 산재판례 에서 수집한 데이터로, 관련 문의는 해당 기관으로 부탁드립니다.",https://www.law.go.kr/LSW/precInfoP.do?mode=0&precSeq=381796
408482,산재보험급여액 징수처분 취소 등,[서울행정법원 2019구합75983],https://www.law.go.kr/LSW/precInfoP.do?mode=0&precSeq=408482
395788,산재보험급여액 징수처분취소,[대구고등법원 2015누7006],https://www.law.go.kr/LSW/precInfoP.do?mode=0&precSeq=395788
368908,산재보험급여액징수금부과처분취소,[서울행정법원 2009구합46023],https://www.law.go.kr/LSW/precInfoP.do?mode=0&precSeq=368908
373518,산재보험급여액징수금부과처분취소,[서울행정법원 2010구합29154],https://www.law.go.kr/LSW/precInfoP.do?mode=0&precSeq=373518
373980,산재보험급여액징수금부과처분취소,"본 컨텐츠는
 근로복지공단 산재판례 에서 수집한 데이터로, 관련 문의는 해당 기관으로 부탁드립니다.",https://www.law.go.kr/LSW/precInfoP.do?mode=0&precSeq=373980
372722,산재보험급여액징수부과처분취소,[대구지방법원 2010구단4402],https://www.law.go.kr/LSW/precInfoP.do?mode=0&precSeq=372722
386610,산재보험급여액징수처분취소,[대구고등법원 2013누1349],https://www.law.go.kr/LSW/precInfoP.do?mode=0&precSeq=386610
381716,산재보험급여액징수처분취소,[대구지방법원 2012구합1619],https://www.law.go.kr/LSW/precInfoP.do?mode=0&precSeq=381716
396478,산재보험급여액징수처분취소,[대구지방법원 2016구단10447],https://www.law.go.kr/LSW/precInfoP.do?mode=0&precSeq=396478
396492,산재보험급여액징수처분취소,[대구지방법원 2016구단10706],https://www.law.go.kr/LSW/precInfoP.do?mode=0&precSeq=396492
174126,산재보험급여액징수처분취소,,https://www.law.go.kr/LSW/precInfoP.do?mode=0&precSeq=174126
370724,산재보험급여액징수처분취소,[서울고등법원 2009누8115],https://www.law.go.kr/LSW/precInfoP.do?mode=0&precSeq=370724
368448,산재보험급여액징수처분취소,[서울행정법원 2009구합18684],https://www.law.go.kr/LSW/precInfoP.do?mode=0&precSeq=368448
368576,산재보험급여액징수처분취소,"본 컨텐츠는
 근로복지공단 산재판례 에서 수집한 데이터로, 관련 문의는 해당 기관으로 부탁드립니다.",https://www.law.go.kr/LSW/precInfoP.do?mode=0&precSeq=368576
368888,산재보험급여액징수처분취소,[서울행정법원 2009구합4470],https://www.law.go.kr/LSW/precInfoP.do?mode=0&precSeq=368888
405092,산재보험급여액징수처분취소,[서울행정법원 2018구합63563],https://www.law.go.kr/LSW/precInfoP.do?mode=0&precSeq=405092
380634,산재보험급여액징수처분취소,"본 컨텐츠는
 근로복지공단 산재판례 에서 수집한 데이터로, 관련 문의는 해당 기관으로 부탁드립니다.",https://www.law.go.kr/LSW/precInfoP.do?mode=0&precSeq=380634
394258,산재보험급여액징수처분취소,"본 컨텐츠는
 근로복지공단 산재판례 에서 수집한 데이터로, 관련 문의는 해당 기관으로 부탁드립니다.",https://www.law.go.kr/LSW/precInfoP.do?mode=0&precSeq=394258
365246,산재보험급여액징수처분취소,[춘천지방법원 2008구합530],https://www.law.go.kr/LSW/precInfoP.do?mode=0&precSeq=365246
373378,산재보험급여액징수통지처분등취소,[서울행정법원 2010구합22399],https://www.law.go.kr/LSW/precInfoP.do?mode=0&precSeq=373378
368930,산재보험급여액징수통지처분취소,[서울행정법원 2009구합4753],https://www.law.go.kr/LSW/precInfoP.do?mode=0&precSeq=368930
394180,산재보험급여액징수통지처분취소,[서울행정법원 2015구합61917],https://www.law.go.kr/LSW/precInfoP.do?mode=0&precSeq=394180
397940,산재보험급여징수결정처분취소,[서울행정법원 2016구합551],https://www.law.go.kr/LSW/precInfoP.do?mode=0&precSeq=397940
368758,산재보험급여징수부과금결정처분취소,"본 컨텐츠는
 근로복지공단 산재판례 에서 수집한 데이터로, 관련 문의는 해당 기관으로 부탁드립니다.",https://www.law.go.kr/LSW/precInfoP.do?mode=0&precSeq=368758
394558,산재보험급징수처분취소,[서울행정법원 2015구합8350],https://www.law.go.kr/LSW/precInfoP.do?mode=0&precSeq=394558
408260,산재보험료 등 부과처분 취소,[서울행정법원 2019구합57688],https://www.law.go.kr/LSW/precInfoP.do?mode=0&precSeq=408260
408126,산재보험료 및 고용보험료 부과처분 취소,[서울행정법원 2019구합50786],https://www.law.go.kr/LSW/precInfoP.do?mode=0&precSeq=408126
164572,산재보험료 및 고용보험료부과처분취소,[대법원 2011. 12. 22. 선고 2010두16189 판결],https://www.law.go.kr/LSW/precInfoP.do?mode=0&precSeq=164572
167778,산재보험료 부과처분 취소,[서울고등법원 2010. 6. 11. 선고 2009누29129 판결],https://www.law.go.kr/LSW/precInfoP.do?mode=0&precSeq=167778
401306,산재보험료 부과처분 취소,[의정부지방법원 2017구합11294],https://www.law.go.kr/LSW/precInfoP.do?mode=0&precSeq=401306
369126,산재보험료 부존재확인,[울산지방법원 2009구합724],https://www.law.go.kr/LSW/precInfoP.do?mode=0&precSeq=369126
364742,산재보험료과오납분반환반려처분취소,[춘천지방법원 2008구합1748],https://www.law.go.kr/LSW/precInfoP.do?mode=0&precSeq=364742
365118,산재보험료납입청구취소,[서울행정법원 2008구합42598],https://www.law.go.kr/LSW/precInfoP.do?mode=0&precSeq=365118
368512,산재보험료등 부과처분취소,[대구지방법원 2009구합2179],https://www.law.go.kr/LSW/precInfoP.do?mode=0&precSeq=368512
71404,산재보험료등부과처분취소,,https://www.law.go.kr/LSW/precInfoP.do?mode=0&precSeq=71404
365232,산재보험료등부과처분취소,"본 컨텐츠는
 근로복지공단 산재판례 에서 수집한 데이터로, 관련 문의는 해당 기관으로 부탁드립니다.",https://www.law.go.kr/LSW/precInfoP.do?mode=0&precSeq=365232
368656,산재보험료등부과처분취소,[서울행정법원 2009구합28162],https://www.law.go.kr/LSW/precInfoP.do?mode=0&precSeq=368656
377532,산재보험료등부과처분취소,[서울행정법원 2011구합18038],https://www.law.go.kr/LSW/precInfoP.do?mode=0&precSeq=377532
397838,산재보험료등부과처분취소,[인천지방법원 2016구합51164],https://www.law.go.kr/LSW/precInfoP.do?mode=0&precSeq=397838
398386,산재보험료등부과처분취소 청구의소,[서울행정법원 2016구합81918],https://www.law.go.kr/LSW/precInfoP.do?mode=0&precSeq=398386
215183,산재보험료및고용보험료부과처분취소,[대법원 2011. 11. 24. 선고 2009두22980 판결],https://www.law.go.kr/LSW/precInfoP.do?mode=0&precSeq=215183
383202,산재보험료및고용보험료부과처분취소,[서울고등법원 2012누32927],https://www.law.go.kr/LSW/precInfoP.do?mode=0&precSeq=383202
381626,산재보험료및고용보험료부과처분취소,[서울행정법원 2012구합12129],https://www.law.go.kr/LSW/precInfoP.do?mode=0&precSeq=381626
393912,산재보험료반환청구,"본 컨텐츠는
 근로복지공단 산재판례 에서 수집한 데이터로, 관련 문의는 해당 기관으로 부탁드립니다.",https://www.law.go.kr/LSW/precInfoP.do?mode=0&precSeq=393912
111447,산재보험료부과처분등취소,,https://www.law.go.kr/LSW/precInfoP.do?mode=0&precSeq=111447
196414,산재보험료부과처분무효확인등,,https://www.law.go.kr/LSW/precInfoP.do?mode=0&precSeq=196414
139676,산재보험료부과처분취소,[광주고등법원 2009. 4. 17. 선고 2008누2438 판결],https://www.law.go.kr/LSW/precInfoP.do?mode=0&precSeq=139676
381990,산재보험료부과처분취소,[광주지방법원 2012구합2726],https://www.law.go.kr/LSW/precInfoP.do?mode=0&precSeq=381990
396534,산재보험료부과처분취소,[광주지방법원 2016구단11448],https://www.law.go.kr/LSW/precInfoP.do?mode=0&precSeq=396534
365502,산재보험료부과처분취소,[대구고등법원 2008누1468],https://www.law.go.kr/LSW/precInfoP.do?mode=0&precSeq=365502
386670,산재보험료부과처분취소,[대구고등법원 2013누1493],https://www.law.go.kr/LSW/precInfoP.do?mode=0&precSeq=386670
399204,산재보험료부과처분취소,[대구고등법원 2016누6338],https://www.law.go.kr/LSW/precInfoP.do?mode=0&precSeq=399204
120427,산재보험료부과처분취소,,https://www.law.go.kr/LSW/precInfoP.do?mode=0&precSeq=120427
363824,산재보험료부과처분취소,[대구지방법원 2008구단2175],https://www.law.go.kr/LSW/precInfoP.do?mode=0&precSeq=363824
384890,산재보험료부과처분취소,[대구지방법원 2013구단227],https://www.law.go.kr/LSW/precInfoP.do?mode=0&precSeq=384890
388454,산재보험료부과처분취소,[대구지방법원 2014구단10122],https://www.law.go.kr/LSW/precInfoP.do?mode=0&precSeq=388454
396476,산재보험료부과처분취소,[대구지방법원 2016구단10430],https://www.law.go.kr/LSW/precInfoP.do?mode=0&precSeq=396476
84367,산재보험료부과처분취소,[대법원 2006. 2. 23. 자 2005부4 결정],https://www.law.go.kr/LSW/precInfoP.do?mode=0&precSeq=84367
141517,산재보험료부과처분취소,[대법원 2009. 6. 11. 선고 2009두3729 판결],https://www.law.go.kr/LSW/precInfoP.do?mode=0&precSeq=141517
138981,산재보험료부과처분취소,[대법원 2009. 8. 20. 선고 2009두7363 판결],https://www.law.go.kr/LSW/precInfoP.do?mode=0&precSeq=138981
166473,산재보험료부과처분취소,,https://www.law.go.kr/LSW/precInfoP.do?mode=0&precSeq=166473
204620,산재보험료부과처분취소,[대법원 2018. 4. 26. 선고 2017두74719 판결],https://www.law.go.kr/LSW/precInfoP.do?mode=0&precSeq=204620
110772,산재보험료부과처분취소,[대법원 1994. 9. 23. 선고 93누20207 판결],https://www.law.go.kr/LSW/precInfoP.do?mode=0&precSeq=110772
113726,산재보험료부과처분취소,,https://www.law.go.kr/LSW/precInfoP.do?mode=0&precSeq=113726
115026,산재보험료부과처분취소,,https://www.law.go.kr/LSW/precInfoP.do?mode=0&precSeq=115026
229895,산재보험료부과처분취소,,https://www.law.go.kr/LSW/precInfoP.do?mode=0&precSeq=229895
385674,산재보험료부과처분취소,[대전지방법원 2013구합100278],https://www.law.go.kr/LSW/precInfoP.do?mode=0&precSeq=385674
365708,산재보험료부과처분취소,[부산고등법원 2008누2101],https://www.law.go.kr/LSW/precInfoP.do?mode=0&precSeq=365708
397730,산재보험료부과처분취소,[부산지방법원 2016구합20556],https://www.law.go.kr/LSW/precInfoP.do?mode=0&precSeq=397730
364836,산재보험료부과처분취소,[서울행정법원 2008구합24590],https://www.law.go.kr/LSW/precInfoP.do?mode=0&precSeq=364836
365086,산재보험료부과처분취소,"본 컨텐츠는
 근로복지공단 산재판례 에서 수집한 데이터로, 관련 문의는 해당 기관으로 부탁드립니다.",https://www.law.go.kr/LSW/precInfoP.do?mode=0&precSeq=365086
369050,산재보험료부과처분취소,[서울행정법원 2009구합55959],https://www.law.go.kr/LSW/precInfoP.do?mode=0&precSeq=369050
373384,산재보험료부과처분취소,[서울행정법원 2010구합22580],https://www.law.go.kr/LSW/precInfoP.do?mode=0&precSeq=373384
373900,산재보험료부과처분취소,[서울행정법원 2010구합5158],https://www.law.go.kr/LSW/precInfoP.do?mode=0&precSeq=373900
382130,산재보험료부과처분취소,[서울행정법원 2012구합34556],https://www.law.go.kr/LSW/precInfoP.do?mode=0&precSeq=382130
393984,산재보험료부과처분취소,[서울행정법원 2015구합5009],https://www.law.go.kr/LSW/precInfoP.do?mode=0&precSeq=393984
394472,산재보험료부과처분취소,[서울행정법원 2015구합78854],https://www.law.go.kr/LSW/precInfoP.do?mode=0&precSeq=394472
398382,산재보험료부과처분취소,[서울행정법원 2016구합81789],https://www.law.go.kr/LSW/precInfoP.do?mode=0&precSeq=398382
404890,산재보험료부과처분취소,"본 컨텐츠는
 근로복지공단 산재판례 에서 수집한 데이터로, 관련 문의는 해당 기관으로 부탁드립니다.",https://www.law.go.kr/LSW/precInfoP.do?mode=0&precSeq=404890
405074,산재보험료부과처분취소,[서울행정법원 2018구합62126],https://www.law.go.kr/LSW/precInfoP.do?mode=0&precSeq=405074
411292,산재보험료부과처분취소,[서울행정법원 2020구합64811],https://www.law.go.kr/LSW/precInfoP.do?mode=0&precSeq=411292
364782,산재보험료부과처분취소,[울산지방법원 2008구합1997],https://www.law.go.kr/LSW/precInfoP.do?mode=0&precSeq=364782
364790,산재보험료부과처분취소,[울산지방법원 2008구합2044],https://www.law.go.kr/LSW/precInfoP.do?mode=0&precSeq=364790
404968,산재보험료부과처분취소,[울산지방법원 2018구합5554],https://www.law.go.kr/LSW/precInfoP.do?mode=0&precSeq=404968
405286,산재보험료부과처분취소,[울산지방법원 2018구합8058],https://www.law.go.kr/LSW/precInfoP.do?mode=0&precSeq=405286
139709,산재보험료부과처분취소,[전주지방법원 2008. 11. 20. 선고 2008구합690 판결],https://www.law.go.kr/LSW/precInfoP.do?mode=0&precSeq=139709
386076,산재보험료부과처분취소,[창원지방법원 2013구합3007],https://www.law.go.kr/LSW/precInfoP.do?mode=0&precSeq=386076
397834,산재보험료부과처분취소,[춘천지방법원 2016구합50974],https://www.law.go.kr/LSW/precInfoP.do?mode=0&precSeq=397834
195410,산재보험료부과처분취소(스마트폰 애플리케이션 배달대행업체의 배달원이 산업재해보상보험법 시행령상 '택배원'에 해당되어 특수형태근로종사자로 인정될 수 있는지가 문제된 사건),[대법원 2018. 4. 26. 선고 2016두49372 판결],https://www.law.go.kr/LSW/precInfoP.do?mode=0&precSeq=195410
64950,산재보험료부과처분취소등,[대법원 2008. 7. 24. 선고 2006두20808 판결],https://www.law.go.kr/LSW/precInfoP.do?mode=0&precSeq=64950
368582,산재보험료부과처분취소등,[서울행정법원 2009구합2405],https://www.law.go.kr/LSW/precInfoP.do?mode=0&precSeq=368582
177826,산재보험료부과처분취소소송등,,https://www.law.go.kr/LSW/precInfoP.do?mode=0&precSeq=177826
390354,산재보험료와 고용보험료 및 산재보험급여액 부과 처분 취소,[제주지방법원 2014구합728],https://www.law.go.kr/LSW/precInfoP.do?mode=0&precSeq=390354
101344,산재보험료징수결정취소,,https://www.law.go.kr/LSW/precInfoP.do?mode=0&precSeq=101344
101175,산재보험료징수결정취소,,https://www.law.go.kr/LSW/precInfoP.do?mode=0&precSeq=101175
100921,산재보험료징수결정취소,,https://www.law.go.kr/LSW/precInfoP.do?mode=0&precSeq=100921
101035,산재보험료징수결정취소,,https://www.law.go.kr/LSW/precInfoP.do?mode=0&precSeq=101035
84458,산재보험료징수처분취소,[대법원 2006. 4. 28. 선고 2003두3789 판결],https://www.law.go.kr/LSW/precInfoP.do?mode=0&precSeq=84458
379828,산재보험료처분취소,[대법원 2011두18489],https://www.law.go.kr/LSW/precInfoP.do?mode=0&precSeq=379828
108706,산재보험법상사업종류를석회석광업으로적용한처분취소,,https://www.law.go.kr/LSW/precInfoP.do?mode=0&precSeq=108706
408122,산재보험보험관계변경처분취소의 소,[서울행정법원 2019구합50533],https://www.law.go.kr/LSW/precInfoP.do?mode=0&precSeq=408122
408330,산재보험보험관계성립신고서반려처분취소,"본 컨텐츠는
 근로복지공단 산재판례 에서 수집한 데이터로, 관련 문의는 해당 기관으로 부탁드립니다.",https://www.law.go.kr/LSW/precInfoP.do?mode=0&precSeq=408330
384442,산재보험보험관계인정성립처분에 대한 이의,[수원지방법원 2013구단11677],https://www.law.go.kr/LSW/precInfoP.do?mode=0&precSeq=384442
393924,산재보험사업종류변경거부처분취소,[부산지방법원 2015구합24445],https://www.law.go.kr/LSW/precInfoP.do?mode=0&precSeq=393924
414284,산재보험사업종류변경신청거부처분취소,[울산지방법원 2021구합9945],https://www.law.go.kr/LSW/precInfoP.do?mode=0&precSeq=414284
397748,산재보험사업종류변경신청반려처분 취소,[부산지방법원 2016구합22033],https://www.law.go.kr/LSW/precInfoP.do?mode=0&precSeq=397748
377958,산재보험사업종류변경신청반려처분등 취소,"본 컨텐츠는
 근로복지공단 산재판례 에서 수집한 데이터로, 관련 문의는 해당 기관으로 부탁드립니다.",https://www.law.go.kr/LSW/precInfoP.do?mode=0&precSeq=377958
393980,산재보험사업종류변경신청반려처분취소,[광주지방법원 2015구합493],https://www.law.go.kr/LSW/precInfoP.do?mode=0&precSeq=393980
397750,산재보험사업종류변경신청반려처분취소,"본 컨텐츠는
 근로복지공단 산재판례 에서 수집한 데이터로, 관련 문의는 해당 기관으로 부탁드립니다.",https://www.law.go.kr/LSW/precInfoP.do?mode=0&precSeq=397750
397752,산재보험사업종류변경신청반려처분취소,"본 컨텐츠는
 근로복지공단 산재판례 에서 수집한 데이터로, 관련 문의는 해당 기관으로 부탁드립니다.",https://www.law.go.kr/LSW/precInfoP.do?mode=0&precSeq=397752
365278,산재보험사업종류변경신청반려처분취소,[서울행정법원 2008구합7069],https://www.law.go.kr/LSW/precInfoP.do?mode=0&precSeq=365278
368562,산재보험사업종류변경신청반려처분취소,[서울행정법원 2009구합23488],https://www.law.go.kr/LSW/precInfoP.do?mode=0&precSeq=368562
373296,산재보험사업종류변경신청반려처분취소,[서울행정법원 2010구합18826],https://www.law.go.kr/LSW/precInfoP.do?mode=0&precSeq=373296
385784,산재보험사업종류변경신청반려처분취소,[서울행정법원 2013구합13952],https://www.law.go.kr/LSW/precInfoP.do?mode=0&precSeq=385784
390342,산재보험사업종류변경신청반려처분취소,[서울행정법원 2014구합72293],https://www.law.go.kr/LSW/precInfoP.do?mode=0&precSeq=390342
398122,산재보험사업종류변경신청반려처분취소,[서울행정법원 2016구합65176],https://www.law.go.kr/LSW/precInfoP.do?mode=0&precSeq=398122
414102,산재보험사업종류변경신청반려처분취소,[서울행정법원 2021구합69714],https://www.law.go.kr/LSW/precInfoP.do?mode=0&precSeq=414102
408588,산재보험사업종류변경신청반려처분취소청구,[서울행정법원 2019구합83397],https://www.law.go.kr/LSW/precInfoP.do?mode=0&precSeq=408588
368994,산재보험사업종류변경처분취소등,[부산지방법원 2009구합5153],https://www.law.go.kr/LSW/precInfoP.do?mode=0&precSeq=368994
101298,산재보험요양결정취소처분취소등,,https://www.law.go.kr/LSW/precInfoP.do?mode=0&precSeq=101298
385436,산재보험요양결정취소처분취소등 청구의 소,"본 컨텐츠는
 근로복지공단 산재판례 에서 수집한 데이터로, 관련 문의는 해당 기관으로 부탁드립니다.",https://www.law.go.kr/LSW/precInfoP.do?mode=0&precSeq=385436
75810,산재보험요양결정취소처분취소청구사건,,https://www.law.go.kr/LSW/precInfoP.do?mode=0&precSeq=75810
380520,산재보험요양급여불승인처분취소,[대구지방법원 2012구단1476],https://www.law.go.kr/LSW/precInfoP.do?mode=0&precSeq=380520
389236,산재보험요양급여불승인처분취소,[서울행정법원 2014구단53127],https://www.law.go.kr/LSW/precInfoP.do?mode=0&precSeq=389236
373418,산재보험요양담당의료기관지정취소처분취소,[광주지방법원 2010구합238],https://www.law.go.kr/LSW/precInfoP.do?mode=0&precSeq=373418
387328,산재보험요양승인결정취소처분 등,[부산고등법원 2013누3191],https://www.law.go.kr/LSW/precInfoP.do?mode=0&precSeq=387328
397340,산재보험요양승인취소처분취소 등,[서울행정법원 2016구단60143],https://www.law.go.kr/LSW/precInfoP.do?mode=0&precSeq=397340
387752,산재보험요양승인취소처분취소등,[서울고등법원 2013누7447],https://www.law.go.kr/LSW/precInfoP.do?mode=0&precSeq=387752
381864,산재보험요양승인취소처분취소등,"본 컨텐츠는
 근로복지공단 산재판례 에서 수집한 데이터로, 관련 문의는 해당 기관으로 부탁드립니다.",https://www.law.go.kr/LSW/precInfoP.do?mode=0&precSeq=381864
375324,산재보험의료기관지정취소,"본 컨텐츠는
 근로복지공단 산재판례 에서 수집한 데이터로, 관련 문의는 해당 기관으로 부탁드립니다.",https://www.law.go.kr/LSW/precInfoP.do?mode=0&precSeq=375324
369122,산재보험의료기관지정취소,[인천지방법원 2009구합717],https://www.law.go.kr/LSW/precInfoP.do?mode=0&precSeq=369122
372332,산재보험재요양신청불승인처분취소,[서울행정법원 2010구단2480],https://www.law.go.kr/LSW/precInfoP.do?mode=0&precSeq=372332
183037,산재보험적용사업장변경불승인처분취소,[대법원 2016. 7. 14. 선고 2014두47426 판결],https://www.law.go.kr/LSW/precInfoP.do?mode=0&precSeq=183037
385810,산재보험적용사업장변경불승인처분취소,"본 컨텐츠는
 근로복지공단 산재판례 에서 수집한 데이터로, 관련 문의는 해당 기관으로 부탁드립니다.",https://www.law.go.kr/LSW/precInfoP.do?mode=0&precSeq=385810
380708,산재보험최초요양불승인처분취소,[서울행정법원 2012구단18458],https://www.law.go.kr/LSW/precInfoP.do?mode=0&precSeq=380708
395682,산재보험최초요양승인취소 및 부당이득금,"본 컨텐츠는
 근로복지공단 산재판례 에서 수집한 데이터로, 관련 문의는 해당 기관으로 부탁드립니다.",https://www.law.go.kr/LSW/precInfoP.do?mode=0&precSeq=395682
67629,산재보험최초요양신청반려처분취소,[대법원 2005. 7. 14. 선고 2004두11961 판결],https://www.law.go.kr/LSW/precInfoP.do?mode=0&precSeq=67629
362552,산재보험평균임금산정,[서울행정법원 2007구단9153],https://www.law.go.kr/LSW/precInfoP.do?mode=0&precSeq=362552
367798,산재보험확정보험료경정처분취소,[대구지방법원 2009구단4475],https://www.law.go.kr/LSW/precInfoP.do?mode=0&precSeq=367798
390112,산재보험확정보험료경정청구반려처분취소,[서울행정법원 2014구합588],https://www.law.go.kr/LSW/precInfoP.do?mode=0&precSeq=390112
414360,산재보험휴업급여부당이익징수결정취소,[수원고등법원 2021누11414],https://www.law.go.kr/LSW/precInfoP.do?mode=0&precSeq=414360
397720,산재사업종류변경처분취소,[수원지방법원 2016구합2008],https://www.law.go.kr/LSW/precInfoP.do?mode=0&precSeq=397720
392442,산재승인처분 취소청구,[광주지방법원 2015구단10448],https://www.law.go.kr/LSW/precInfoP.do?mode=0&precSeq=392442
206566,산재심사재결처분취소,,https://www.law.go.kr/LSW/precInfoP.do?mode=0&precSeq=206566
397692,산재요양 불승인 처분취소,[청주지방법원 2016구합11495],https://www.law.go.kr/LSW/precInfoP.do?mode=0&precSeq=397692
225221,산재요양급여비용환수처분취소등,,https://www.law.go.kr/LSW/precInfoP.do?mode=0&precSeq=225221
212345,산재요양담당의료기관지정해제처분취소,,https://www.law.go.kr/LSW/precInfoP.do?mode=0&precSeq=212345
364962,산재요양불승인처분취소,[광주지방법원 2008구합3197],https://www.law.go.kr/LSW/precInfoP.do?mode=0&precSeq=364962
386654,산재요양불승인처분취소,"본 컨텐츠는
 근로복지공단 산재판례 에서 수집한 데이터로, 관련 문의는 해당 기관으로 부탁드립니다.",https://www.law.go.kr/LSW/precInfoP.do?mode=0&precSeq=386654
191568,산재요양불승인처분취소,,https://www.law.go.kr/LSW/precInfoP.do?mode=0&precSeq=191568
205715,산재요양불승인처분취소,,https://www.law.go.kr/LSW/precInfoP.do?mode=0&precSeq=205715
195006,산재요양불승인처분취소,,https://www.law.go.kr/LSW/precInfoP.do?mode=0&precSeq=195006
383496,산재요양불승인처분취소,"본 컨텐츠는
 근로복지공단 산재판례 에서 수집한 데이터로, 관련 문의는 해당 기관으로 부탁드립니다.",https://www.law.go.kr/LSW/precInfoP.do?mode=0&precSeq=383496
380934,산재요양불승인처분취소,"본 컨텐츠는
 근로복지공단 산재판례 에서 수집한 데이터로, 관련 문의는 해당 기관으로 부탁드립니다.",https://www.law.go.kr/LSW/precInfoP.do?mode=0&precSeq=380934
393766,산재요양불승인처분취소,"본 컨텐츠는
 근로복지공단 산재판례 에서 수집한 데이터로, 관련 문의는 해당 기관으로 부탁드립니다.",https://www.law.go.kr/LSW/precInfoP.do?mode=0&precSeq=393766
386974,산재요양불승인처분취소,[서울고등법원 2013누24084],https://www.law.go.kr/LSW/precInfoP.do?mode=0&precSeq=386974
387016,산재요양불승인처분취소,[서울고등법원 2013누25155],https://www.law.go.kr/LSW/precInfoP.do?mode=0&precSeq=387016
119923,산재요양불승인처분취소,,https://www.law.go.kr/LSW/precInfoP.do?mode=0&precSeq=119923
380334,산재요양불승인처분취소,[서울행정법원 2012구단10393],https://www.law.go.kr/LSW/precInfoP.do?mode=0&precSeq=380334
384848,산재요양불승인처분취소,[서울행정법원 2013구단21246],https://www.law.go.kr/LSW/precInfoP.do?mode=0&precSeq=384848
392424,산재요양불승인처분취소,[서울행정법원 2015구단10301],https://www.law.go.kr/LSW/precInfoP.do?mode=0&precSeq=392424
396480,산재요양승인결정취소 및 부당이득징수결정취소,[창원지방법원 2016구단10474],https://www.law.go.kr/LSW/precInfoP.do?mode=0&precSeq=396480
385430,산재요양승인결정취소및부당이득금징수결정처분취소,"본 컨텐츠는
 근로복지공단 산재판례 에서 수집한 데이터로, 관련 문의는 해당 기관으로 부탁드립니다.",https://www.law.go.kr/LSW/precInfoP.do?mode=0&precSeq=385430
373358,산재진료비 부당이득금 결정 및 납부고지 처분 무효확인,[광주지방법원 2010구합2142],https://www.law.go.kr/LSW/precInfoP.do?mode=0&precSeq=373358
170803,산재진료비 부당이득금 납부고지 처분 취소,,https://www.law.go.kr/LSW/precInfoP.do?mode=0&precSeq=170803
373362,산재진료비 부당이득금 납부고지처분취소,[광주지방법원 2010구합2159],https://www.law.go.kr/LSW/precInfoP.do?mode=0&precSeq=373362
362334,산재처리및관련처분 등,[부산지방법원 2007구단3644],https://www.law.go.kr/LSW/precInfoP.do?mode=0&precSeq=362334
388622,산재최초요양급여승인취소처분취소,[서울행정법원 2014구단12652],https://www.law.go.kr/LSW/precInfoP.do?mode=0&precSeq=388622
414032,상병 일부 불승인 처분 취소,"본 컨텐츠는
 근로복지공단 산재판례 에서 수집한 데이터로, 관련 문의는 해당 기관으로 부탁드립니다.",https://www.law.go.kr/LSW/precInfoP.do?mode=0&precSeq=414032
363448,상병명변경승인처분취소,"본 컨텐츠는
 근로복지공단 산재판례 에서 수집한 데이터로, 관련 문의는 해당 기관으로 부탁드립니다.",https://www.law.go.kr/LSW/precInfoP.do?mode=0&precSeq=363448
381420,상병명변경승인처분취소,[서울행정법원 2012구단6974],https://www.law.go.kr/LSW/precInfoP.do?mode=0&precSeq=381420
361744,상병명변경승인처분취소,[울산지방법원 2006구합853],https://www.law.go.kr/LSW/precInfoP.do?mode=0&precSeq=361744
414022,상병변경승인처분취소,"본 컨텐츠는
 근로복지공단 산재판례 에서 수집한 데이터로, 관련 문의는 해당 기관으로 부탁드립니다.",https://www.law.go.kr/LSW/precInfoP.do?mode=0&precSeq=414022
401342,상병보상연금 부지급 처분 취소 청구,[부산지방법원 2017구합21204],https://www.law.go.kr/LSW/precInfoP.do?mode=0&precSeq=401342
190889,상병보상연금부지급처분취소,,https://www.law.go.kr/LSW/precInfoP.do?mode=0&precSeq=190889
81243,상병보상연금부지급처분취소,,https://www.law.go.kr/LSW/precInfoP.do?mode=0&precSeq=81243
64951,상병보상연금부지급처분취소,,https://www.law.go.kr/LSW/precInfoP.do?mode=0&precSeq=64951
387446,상병보상연금차액반려처분취소,[대전고등법원 2013누435],https://www.law.go.kr/LSW/precInfoP.do?mode=0&precSeq=387446
379824,상병보상연금청구불승인처분취소,[대법원 2011두18397],https://www.law.go.kr/LSW/precInfoP.do?mode=0&precSeq=379824
374900,상병보상연금청구불승인처분취소,[서울고등법원 2010누36116],https://www.law.go.kr/LSW/precInfoP.do?mode=0&precSeq=374900
380878,상병보상연금최저임금지급처리처분취소,"본 컨텐츠는
 근로복지공단 산재판례 에서 수집한 데이터로, 관련 문의는 해당 기관으로 부탁드립니다.",https://www.law.go.kr/LSW/precInfoP.do?mode=0&precSeq=380878
368578,상병일부불승인처분 취소,"본 컨텐츠는
 근로복지공단 산재판례 에서 수집한 데이터로, 관련 문의는 해당 기관으로 부탁드립니다.",https://www.law.go.kr/LSW/precInfoP.do?mode=0&precSeq=368578
369356,상병일부불승인처분취소,[서울고등법원 2009누13780],https://www.law.go.kr/LSW/precInfoP.do?mode=0&precSeq=369356
362544,상병일부불승인처분취소,"본 컨텐츠는
 근로복지공단 산재판례 에서 수집한 데이터로, 관련 문의는 해당 기관으로 부탁드립니다.",https://www.law.go.kr/LSW/precInfoP.do?mode=0&precSeq=362544
363674,상병일부불승인처분취소,[서울행정법원 2008구단16981],https://www.law.go.kr/LSW/precInfoP.do?mode=0&precSeq=363674
364632,상병일부불승인처분취소,[서울행정법원 2008구단9945],https://www.law.go.kr/LSW/precInfoP.do?mode=0&precSeq=364632
371828,상병일부불승인처분취소,[서울행정법원 2010구단15615],https://www.law.go.kr/LSW/precInfoP.do?mode=0&precSeq=371828
371846,상병일부불승인처분취소,[서울행정법원 2010구단15912],https://www.law.go.kr/LSW/precInfoP.do?mode=0&precSeq=371846
372004,상병일부불승인처분취소,"본 컨텐츠는
 근로복지공단 산재판례 에서 수집한 데이터로, 관련 문의는 해당 기관으로 부탁드립니다.",https://www.law.go.kr/LSW/precInfoP.do?mode=0&precSeq=372004
380328,상병일부불승인처분취소,[서울행정법원 2012구단10263],https://www.law.go.kr/LSW/precInfoP.do?mode=0&precSeq=380328
384876,상병일부불승인처분취소,[서울행정법원 2013구단22249],https://www.law.go.kr/LSW/precInfoP.do?mode=0&precSeq=384876
396694,상병일부불승인처분취소,"본 컨텐츠는
 근로복지공단 산재판례 에서 수집한 데이터로, 관련 문의는 해당 기관으로 부탁드립니다.",https://www.law.go.kr/LSW/precInfoP.do?mode=0&precSeq=396694
396796,상병일부불승인처분취소,[서울행정법원 2016구단22356],https://www.law.go.kr/LSW/precInfoP.do?mode=0&precSeq=396796
396824,상병일부불승인처분취소,[서울행정법원 2016구단26280],https://www.law.go.kr/LSW/precInfoP.do?mode=0&precSeq=396824
415498,상병일부불승인처분취소,"본 컨텐츠는
 근로복지공단 산재판례 에서 수집한 데이터로, 관련 문의는 해당 기관으로 부탁드립니다.",https://www.law.go.kr/LSW/precInfoP.do?mode=0&precSeq=415498
415762,상병일부불승인처분취소,"본 컨텐츠는
 근로복지공단 산재판례 에서 수집한 데이터로, 관련 문의는 해당 기관으로 부탁드립니다.",https://www.law.go.kr/LSW/precInfoP.do?mode=0&precSeq=415762
415792,상병일부불승인처분취소,"본 컨텐츠는
 근로복지공단 산재판례 에서 수집한 데이터로, 관련 문의는 해당 기관으로 부탁드립니다.",https://www.law.go.kr/LSW/precInfoP.do?mode=0&precSeq=415792
415798,상병일부불승인처분취소,"본 컨텐츠는
 근로복지공단 산재판례 에서 수집한 데이터로, 관련 문의는 해당 기관으로 부탁드립니다.",https://www.law.go.kr/LSW/precInfoP.do?mode=0&precSeq=415798
417074,상병일부불승인처분취소,[서울행정법원 2023구단52676],https://www.law.go.kr/LSW/precInfoP.do?mode=0&precSeq=417074
396794,상병일부불승인처분취소,[수원지방법원 2016구단2223],https://www.law.go.kr/LSW/precInfoP.do?mode=0&precSeq=396794
384408,상병일부불승인처분취소,[인천지방법원 2013구단1109],https://www.law.go.kr/LSW/precInfoP.do?mode=0&precSeq=384408
380440,상병일부불승인처분취소 등,[창원지방법원 2012구단1304],https://www.law.go.kr/LSW/precInfoP.do?mode=0&precSeq=380440
372326,상병일부불승인처분취소 청구,[대구지방법원 2010구단2468],https://www.law.go.kr/LSW/precInfoP.do?mode=0&precSeq=372326
411678,상실사유 정정처분 취소,[광주고등법원전주재판부 2020누1327],https://www.law.go.kr/LSW/precInfoP.do?mode=0&precSeq=411678
408084,상실사유 정정처분 취소,[전주지방법원 2019구합2067],https://www.law.go.kr/LSW/precInfoP.do?mode=0&precSeq=408084
207043,상여금,[대법원 1981. 11. 24. 선고 81다카174 판결],https://www.law.go.kr/LSW/precInfoP.do?mode=0&precSeq=207043
190906,상여금,[대법원 2000. 9. 29. 선고 99다67536 판결],https://www.law.go.kr/LSW/precInfoP.do?mode=0&precSeq=190906
70740,생리휴가근로수당,[서울고법 2007. 5. 4. 선고 2006나60054 판결 : 확정],https://www.law.go.kr/LSW/precInfoP.do?mode=0&precSeq=70740
70424,생리휴가근로수당,[서울중앙지법 2006. 5. 18. 선고 2005가합57290 판결 : 항소],https://www.law.go.kr/LSW/precInfoP.do?mode=0&precSeq=70424
194418,석탄생산감축지원금청구,[대법원 2003. 3. 14. 선고 2002두13024 판결],https://www.law.go.kr/LSW/precInfoP.do?mode=0&precSeq=194418
225909,선급금보증금,[대법원 2019. 12. 27. 선고 2017다245613 판결],https://www.law.go.kr/LSW/precInfoP.do?mode=0&precSeq=225909
153116,선원재해보상금,[인천지법 2011. 4. 13. 선고 2009가합22910 판결 : 확정],https://www.law.go.kr/LSW/precInfoP.do?mode=0&precSeq=153116
67387,설립신고서반려처분취소,,https://www.law.go.kr/LSW/precInfoP.do?mode=0&precSeq=67387
209679,설치비지원결정취소처분등취소청구의소,[대법원 2019. 9. 26. 선고 2017두48406 판결],https://www.law.go.kr/LSW/precInfoP.do?mode=0&precSeq=209679
413704,소액체당금지급거부처분취소,"본 컨텐츠는
 근로복지공단 산재판례 에서 수집한 데이터로, 관련 문의는 해당 기관으로 부탁드립니다.",https://www.law.go.kr/LSW/precInfoP.do?mode=0&precSeq=413704
400440,소액체당금지급거부처분취소,[서울행정법원 2017구단37751],https://www.law.go.kr/LSW/precInfoP.do?mode=0&precSeq=400440
172718,손해배상,[대법원 2014. 2. 27. 선고 2011다109531 판결],https://www.law.go.kr/LSW/precInfoP.do?mode=0&precSeq=172718
171492,손해배상,[대법원 2013. 10. 11. 선고 2012다12870 판결],https://www.law.go.kr/LSW/precInfoP.do?mode=0&precSeq=171492
175351,손해배상,[대법원 2014. 8. 28. 선고 2013다18684 판결],https://www.law.go.kr/LSW/precInfoP.do?mode=0&precSeq=175351
93726,손해배상,[대법원 1978. 2. 14. 선고 76다2119 전원합의체 판결],https://www.law.go.kr/LSW/precInfoP.do?mode=0&precSeq=93726
207409,손해배상,,https://www.law.go.kr/LSW/precInfoP.do?mode=0&precSeq=207409
94613,손해배상,[대법원 1979. 10. 30. 선고 79다1211 판결],https://www.law.go.kr/LSW/precInfoP.do?mode=0&precSeq=94613
95819,손해배상,[대법원 1981. 6. 23. 선고 80다2316 판결],https://www.law.go.kr/LSW/precInfoP.do?mode=0&precSeq=95819
140564,손해배상,,https://www.law.go.kr/LSW/precInfoP.do?mode=0&precSeq=140564
206443,손해배상,,https://www.law.go.kr/LSW/precInfoP.do?mode=0&precSeq=206443
96084,손해배상,,https://www.law.go.kr/LSW/precInfoP.do?mode=0&precSeq=96084
104209,손해배상,"[대법원 1988. 4. 12. 선고, 87다카1609 판결]",https://www.law.go.kr/LSW/precInfoP.do?mode=0&precSeq=104209
172138,손해배상,[서울고등법원 2011. 12. 23. 선고 2010나124917 판결],https://www.law.go.kr/LSW/precInfoP.do?mode=0&precSeq=172138
173553,손해배상,[서울서부지방법원 2011. 11. 18. 선고 2011나5695 판결],https://www.law.go.kr/LSW/precInfoP.do?mode=0&precSeq=173553
219067,손해배상(국),[대법원 2021. 10. 14. 선고 2021다227100 판결],https://www.law.go.kr/LSW/precInfoP.do?mode=0&precSeq=219067
69504,손해배상(기),[광주고법 2003. 7. 16. 선고 2002나10553 판결 : 확정],https://www.law.go.kr/LSW/precInfoP.do?mode=0&precSeq=69504
179457,손해배상(기),[대구고법 2015. 5. 21. 선고 2009나564 판결 : 상고],https://www.law.go.kr/LSW/precInfoP.do?mode=0&precSeq=179457
191647,손해배상(기),,https://www.law.go.kr/LSW/precInfoP.do?mode=0&precSeq=191647
83376,손해배상(기),[대법원 2004. 7. 22. 선고 2002다57362 판결],https://www.law.go.kr/LSW/precInfoP.do?mode=0&precSeq=83376
215971,손해배상(기),,https://www.law.go.kr/LSW/precInfoP.do?mode=0&precSeq=215971
193907,손해배상(기),[대법원 2005. 11. 24. 선고 2005다39136 판결],https://www.law.go.kr/LSW/precInfoP.do?mode=0&precSeq=193907
68918,손해배상(기),[대법원 2007. 9. 6. 선고 2005다39808 판결],https://www.law.go.kr/LSW/precInfoP.do?mode=0&precSeq=68918
149342,손해배상(기),[대법원 2011. 3. 24. 선고 2009다29366 판결],https://www.law.go.kr/LSW/precInfoP.do?mode=0&precSeq=149342
146664,손해배상(기),,https://www.law.go.kr/LSW/precInfoP.do?mode=0&precSeq=146664
149172,손해배상(기),[대법원 2011. 3. 10. 선고 2010다13282 판결],https://www.law.go.kr/LSW/precInfoP.do?mode=0&precSeq=149172
187235,손해배상(기),[대법원 2014. 4. 24. 선고 2010다24534 판결],https://www.law.go.kr/LSW/precInfoP.do?mode=0&precSeq=187235
173936,손해배상(기),[대법원 2014. 1. 16. 선고 2013다69385 판결],https://www.law.go.kr/LSW/precInfoP.do?mode=0&precSeq=173936
600935,손해배상(기),[대법원 2014. 9. 25. 선고 2014다213387 판결],https://www.law.go.kr/LSW/precInfoP.do?mode=0&precSeq=600935
184417,손해배상(기),[대법원 2016. 12. 1. 선고 2016다240093 판결],https://www.law.go.kr/LSW/precInfoP.do?mode=0&precSeq=184417
239723,손해배상(기),[대법원 2023. 6. 15. 선고 2019다38543 판결],https://www.law.go.kr/LSW/precInfoP.do?mode=0&precSeq=239723
239655,손해배상(기),[대법원 2022. 11. 10. 선고 2022다261534 판결],https://www.law.go.kr/LSW/precInfoP.do?mode=0&precSeq=239655
239587,손해배상(기),[대법원 2023. 2. 2. 선고 2022다273964 판결],https://www.law.go.kr/LSW/precInfoP.do?mode=0&precSeq=239587
116294,손해배상(기),[대법원 1998. 2. 10. 선고 95다39533 판결],https://www.law.go.kr/LSW/precInfoP.do?mode=0&precSeq=116294
114747,손해배상(기),,https://www.law.go.kr/LSW/precInfoP.do?mode=0&precSeq=114747
115077,손해배상(기),[대법원 1997. 4. 25. 선고 96다53086 판결],https://www.law.go.kr/LSW/precInfoP.do?mode=0&precSeq=115077
191151,손해배상(기),[대법원 2001. 1. 19. 선고 99다72422 판결],https://www.law.go.kr/LSW/precInfoP.do?mode=0&precSeq=191151
77833,손해배상(기),[부산고등법원 2005. 4. 20. 선고 2004나10558 판결],https://www.law.go.kr/LSW/precInfoP.do?mode=0&precSeq=77833
71455,손해배상(기),[부산고법 2001. 9. 14. 선고 2001나3122 판결：상고기각],https://www.law.go.kr/LSW/precInfoP.do?mode=0&precSeq=71455
148864,손해배상(기),[부산지법 2011. 2. 17. 선고 2010가합10002 판결 : 항소],https://www.law.go.kr/LSW/precInfoP.do?mode=0&precSeq=148864
231053,손해배상(기),[부산지법 2022. 4. 5. 선고 2021가소10678 판결 : 확정],https://www.law.go.kr/LSW/precInfoP.do?mode=0&precSeq=231053
120155,손해배상(기),[부산지법 1996. 2. 1. 선고 95가합11262 판결 ： 확정],https://www.law.go.kr/LSW/precInfoP.do?mode=0&precSeq=120155
120155,손해배상(기),,https://www.law.go.kr/LSW/precInfoP.do?mode=0&precSeq=120155
77773,손해배상(기),[서울고등법원 2004. 9. 1. 선고 2002나70626 판결],https://www.law.go.kr/LSW/precInfoP.do?mode=0&precSeq=77773
77804,손해배상(기),[서울고등법원 2006. 4. 18. 선고 2005나75578 판결],https://www.law.go.kr/LSW/precInfoP.do?mode=0&precSeq=77804
149557,손해배상(기),[서울고등법원 2009. 3. 20. 선고 2007나122775 판결],https://www.law.go.kr/LSW/precInfoP.do?mode=0&precSeq=149557
209947,손해배상(기),[서울고법 2005. 4. 22. 선고 2004나61992 판결 : 상고],https://www.law.go.kr/LSW/precInfoP.do?mode=0&precSeq=209947
221499,손해배상(기),[서울고법 1999. 2. 12. 선고 98나9276 판결 : 확정],https://www.law.go.kr/LSW/precInfoP.do?mode=0&precSeq=221499
228709,손해배상(기),,https://www.law.go.kr/LSW/precInfoP.do?mode=0&precSeq=228709
77672,손해배상(기),[서울중앙지방법원 2005. 4. 27. 선고 2004나30148 판결],https://www.law.go.kr/LSW/precInfoP.do?mode=0&precSeq=77672
148371,손해배상(기),,https://www.law.go.kr/LSW/precInfoP.do?mode=0&precSeq=148371
607817,손해배상(기),[서울중앙지법 2025. 6. 13. 선고 2024가합93129 판결 : 항소],https://www.law.go.kr/LSW/precInfoP.do?mode=0&precSeq=607817
71535,손해배상(기),"[서울지법 동부지원 2002. 5. 3. 선고 2001가합6471 판결：항소, 화해]",https://www.law.go.kr/LSW/precInfoP.do?mode=0&precSeq=71535
237003,손해배상(기),[울산지법 2013. 10. 10. 선고 2010가합8446 판결 : 항소],https://www.law.go.kr/LSW/precInfoP.do?mode=0&precSeq=237003
69840,손해배상(기),,https://www.law.go.kr/LSW/precInfoP.do?mode=0&precSeq=69840
164902,손해배상(기) 등,[부산고법 2009. 2. 3. 선고 2007나4288 판결 : 상고],https://www.law.go.kr/LSW/precInfoP.do?mode=0&precSeq=164902
237117,손해배상(기)[위법한 쟁의행위로 인한 노동조합원 등에 대한 손해배상청구에서 책임제한이 문제된 사건],[대법원 2023. 6. 15. 선고 2017다46274 판결],https://www.law.go.kr/LSW/precInfoP.do?mode=0&precSeq=237117
209150,손해배상(기)[직장 내 성희롱 피해 근로자가 회사를 상대로 남녀고용평등법상 불리한 조치 등을 이유로 손해배상책임을 묻는 사건],[대법원 2017. 12. 22. 선고 2016다202947 판결],https://www.law.go.kr/LSW/precInfoP.do?mode=0&precSeq=209150
218165,손해배상(기)[직장 내 성희롱에 대하여 사용자책임 등을 묻는 사건],[대법원 2021. 9. 16. 선고 2021다219529 판결],https://www.law.go.kr/LSW/precInfoP.do?mode=0&precSeq=218165
600493,손해배상(기)[포괄임금계약의 최저임금법 위반 여부를 판단하는 방법이 문제된 사건],[대법원 2024. 12. 26. 선고 2020다300299 판결],https://www.law.go.kr/LSW/precInfoP.do?mode=0&precSeq=600493
179853,손해배상(기)·공사대금,"[대법원 2015. 10. 29. 선고 2015다214691,214707 판결]",https://www.law.go.kr/LSW/precInfoP.do?mode=0&precSeq=179853
70009,손해배상(기)·약정금,,https://www.law.go.kr/LSW/precInfoP.do?mode=0&precSeq=70009
115770,손해배상(기)·해고무효확인등,[대법원 1997. 9. 30. 선고 97다10956 판결],https://www.law.go.kr/LSW/precInfoP.do?mode=0&precSeq=115770
194052,손해배상(기)등,[대법원 2006. 10. 26. 선고 2004다11070 판결],https://www.law.go.kr/LSW/precInfoP.do?mode=0&precSeq=194052
206330,손해배상(기)등,[대법원 2018. 11. 29. 선고 2016다11226 판결],https://www.law.go.kr/LSW/precInfoP.do?mode=0&precSeq=206330
206331,손해배상(기)등,[대법원 2018. 11. 29. 선고 2016다12748 판결],https://www.law.go.kr/LSW/precInfoP.do?mode=0&precSeq=206331
171107,손해배상(기)등·위약금,"[서울고등법원 2013. 1. 10. 선고 2012나48567(본소),2012나48574(반소) 판결]",https://www.law.go.kr/LSW/precInfoP.do?mode=0&precSeq=171107
223063,손해배상(기)청구사건,[서울민사지법 1994. 4. 18. 선고 93가합77840 제18부판결 : 항소],https://www.law.go.kr/LSW/precInfoP.do?mode=0&precSeq=223063
221509,손해배상(산),,https://www.law.go.kr/LSW/precInfoP.do?mode=0&precSeq=221509
192385,손해배상(산),,https://www.law.go.kr/LSW/precInfoP.do?mode=0&precSeq=192385
190938,손해배상(산),[대법원 2000. 10. 6. 선고 2000다30240 판결],https://www.law.go.kr/LSW/precInfoP.do?mode=0&precSeq=190938
194730,손해배상(산),[대법원 2002. 11. 26. 선고 2000다7301 판결],https://www.law.go.kr/LSW/precInfoP.do?mode=0&precSeq=194730
124980,손해배상(산),[대법원 2008. 11. 27. 선고 2008다40847 판결],https://www.law.go.kr/LSW/precInfoP.do?mode=0&precSeq=124980
171816,손해배상(산),[대법원 2013. 11. 28. 선고 2011다60247 판결],https://www.law.go.kr/LSW/precInfoP.do?mode=0&precSeq=171816
203976,손해배상(산),,https://www.law.go.kr/LSW/precInfoP.do?mode=0&precSeq=203976
204889,손해배상(산),,https://www.law.go.kr/LSW/precInfoP.do?mode=0&precSeq=204889
211751,손해배상(산),,https://www.law.go.kr/LSW/precInfoP.do?mode=0&precSeq=211751
105325,손해배상(산),,https://www.law.go.kr/LSW/precInfoP.do?mode=0&precSeq=105325
105385,손해배상(산),[대법원 1989. 7. 11. 선고 88다카25571 판결],https://www.law.go.kr/LSW/precInfoP.do?mode=0&precSeq=105385
204792,손해배상(산),,https://www.law.go.kr/LSW/precInfoP.do?mode=0&precSeq=204792
203298,손해배상(산),,https://www.law.go.kr/LSW/precInfoP.do?mode=0&precSeq=203298
201890,손해배상(산),[대법원 1993. 5. 27. 선고 92다20316 판결],https://www.law.go.kr/LSW/precInfoP.do?mode=0&precSeq=201890
201592,손해배상(산),,https://www.law.go.kr/LSW/precInfoP.do?mode=0&precSeq=201592
111031,손해배상(산),,https://www.law.go.kr/LSW/precInfoP.do?mode=0&precSeq=111031
198042,손해배상(산),[대법원 1995. 12. 12. 선고 95다37346 판결],https://www.law.go.kr/LSW/precInfoP.do?mode=0&precSeq=198042
113971,손해배상(산),[대법원 1996. 7. 26. 선고 95다45156 판결],https://www.law.go.kr/LSW/precInfoP.do?mode=0&precSeq=113971
195188,손해배상(산),[대법원 1999. 2. 23. 선고 97다12082 판결],https://www.law.go.kr/LSW/precInfoP.do?mode=0&precSeq=195188
116278,손해배상(산),[대법원 1998. 1. 23. 선고 97다44676 판결],https://www.law.go.kr/LSW/precInfoP.do?mode=0&precSeq=116278
119294,손해배상(산),[서울민사지법 1992. 4. 21. 선고 90가합39151 제36부판결 : 확정],https://www.law.go.kr/LSW/precInfoP.do?mode=0&precSeq=119294
237171,손해배상(산)·손해배상(산),"[서울중앙지법 2023. 5. 12. 선고 2022나11684, 11691 판결 : 확정]",https://www.law.go.kr/LSW/precInfoP.do?mode=0&precSeq=237171
137762,손해배상(산)등,,https://www.law.go.kr/LSW/precInfoP.do?mode=0&precSeq=137762
371712,손해배상(산)청구,"본 컨텐츠는
 근로복지공단 산재판례 에서 수집한 데이터로, 관련 문의는 해당 기관으로 부탁드립니다.",https://www.law.go.kr/LSW/precInfoP.do?mode=0&precSeq=371712
229555,손해배상(자),,https://www.law.go.kr/LSW/precInfoP.do?mode=0&precSeq=229555
191195,손해배상(자),[대법원 2001. 2. 9. 선고 2000다57498 판결],https://www.law.go.kr/LSW/precInfoP.do?mode=0&precSeq=191195
127247,손해배상(자),[대법원 2005. 3. 17. 선고 2003다2802 전원합의체 판결],https://www.law.go.kr/LSW/precInfoP.do?mode=0&precSeq=127247
68282,손해배상(자),,https://www.law.go.kr/LSW/precInfoP.do?mode=0&precSeq=68282
67779,손해배상(자),[대법원 2005. 11. 10. 선고 2005다39884 판결],https://www.law.go.kr/LSW/precInfoP.do?mode=0&precSeq=67779
167271,손해배상(자),,https://www.law.go.kr/LSW/precInfoP.do?mode=0&precSeq=167271
184542,손해배상(자),[대법원 2016. 12. 29. 선고 2016다236285 판결],https://www.law.go.kr/LSW/precInfoP.do?mode=0&precSeq=184542
232997,손해배상(자),,https://www.law.go.kr/LSW/precInfoP.do?mode=0&precSeq=232997
601535,손해배상(자),,https://www.law.go.kr/LSW/precInfoP.do?mode=0&precSeq=601535
114805,손해배상(자),,https://www.law.go.kr/LSW/precInfoP.do?mode=0&precSeq=114805
222743,손해배상(자),[대법원 1998. 4. 24. 선고 97다58491 판결],https://www.law.go.kr/LSW/precInfoP.do?mode=0&precSeq=222743
115894,손해배상(자)·보험금,[대법원 1997. 10. 24. 선고 96다33037 판결],https://www.law.go.kr/LSW/precInfoP.do?mode=0&precSeq=115894
201274,손해배상등,[대법원 2018. 7. 26. 선고 2016다205908 판결],https://www.law.go.kr/LSW/precInfoP.do?mode=0&precSeq=201274
601095,손해배상등,,https://www.law.go.kr/LSW/precInfoP.do?mode=0&precSeq=601095
94116,손해배상등,[대법원 1978. 12. 13. 선고 78다2007 판결],https://www.law.go.kr/LSW/precInfoP.do?mode=0&precSeq=94116
206429,손해배상등,,https://www.law.go.kr/LSW/precInfoP.do?mode=0&precSeq=206429
240173,손해배상등,[서울중앙지방법원 2015. 10. 29. 선고 2014가합17034 판결],https://www.law.go.kr/LSW/precInfoP.do?mode=0&precSeq=240173
226499,손해배상등[고용계약 체결의 청약에 대해 승낙의 의사표시를 구하는 사건],[대법원 2020. 8. 27. 선고 2016다248998 전원합의체 판결],https://www.law.go.kr/LSW/precInfoP.do?mode=0&precSeq=226499
237707,손해배상등청구사건,[서울고법 1981. 3. 6. 선고 80나2968 제2민사부판결 : 권리상고],https://www.law.go.kr/LSW/precInfoP.do?mode=0&precSeq=237707
76219,손해배상청구사건,,https://www.law.go.kr/LSW/precInfoP.do?mode=0&precSeq=76219
190899,수당,[대법원 2000. 9. 22. 선고 99다7367 판결],https://www.law.go.kr/LSW/precInfoP.do?mode=0&precSeq=190899
210845,수당금,,https://www.law.go.kr/LSW/precInfoP.do?mode=0&precSeq=210845
196326,수당등,[대법원 1998. 4. 24. 선고 97다28421 판결],https://www.law.go.kr/LSW/precInfoP.do?mode=0&precSeq=196326
120157,수당등,,https://www.law.go.kr/LSW/precInfoP.do?mode=0&precSeq=120157
71405,"수동펌프, 동력펌프, 가정용펌프 등의 펌프 또는 펌프장치를 제조하는 사업",,https://www.law.go.kr/LSW/precInfoP.do?mode=0&precSeq=71405
206265,시간강사료반환처분등무효확인[비전업 시간강사 강사료 차등지급 사건],[대법원 2019. 3. 14. 선고 2015두46321 판결],https://www.law.go.kr/LSW/precInfoP.do?mode=0&precSeq=206265
114690,시간외근로수당,,https://www.law.go.kr/LSW/precInfoP.do?mode=0&precSeq=114690
175326,시정명령취소,[대법원 2014. 8. 26. 선고 2012두6063 판결],https://www.law.go.kr/LSW/precInfoP.do?mode=0&precSeq=175326
166761,신규 고용촉진장려금 반환명령 취소청구,[부산고등법원 2010. 4. 16. 선고 2009누6001 판결],https://www.law.go.kr/LSW/precInfoP.do?mode=0&precSeq=166761
136205,신규고용촉진장려금등반환및추가징수처분취소청구,,https://www.law.go.kr/LSW/precInfoP.do?mode=0&precSeq=136205
138198,신규고용촉진장려금등반환및추가징수처분취소청구,[부산고등법원 2009. 1. 9. 선고 2008누2897 판결],https://www.law.go.kr/LSW/precInfoP.do?mode=0&precSeq=138198
171795,신규고용촉진장려금반환명령등취소,[대법원 2013. 11. 28. 선고 2012두16565 판결],https://www.law.go.kr/LSW/precInfoP.do?mode=0&precSeq=171795
172910,신규고용촉진장려금반환명령등취소,,https://www.law.go.kr/LSW/precInfoP.do?mode=0&precSeq=172910
165438,신규고용촉진장려금반환명령취소청구,[대법원 2012. 9. 13. 선고 2010두9600 판결],https://www.law.go.kr/LSW/precInfoP.do?mode=0&precSeq=165438
71099,신규고용촉진장려금지급거부처분취소,[서울행법 2008. 5. 23. 선고 2008구합4824 판결 : 항소],https://www.law.go.kr/LSW/precInfoP.do?mode=0&precSeq=71099
397230,신청상병불승인처분취소,[서울행정법원 2016구단56649],https://www.law.go.kr/LSW/precInfoP.do?mode=0&precSeq=397230
393416,신청상병요양불승인처분취소,[서울행정법원 2015구단58686],https://www.law.go.kr/LSW/precInfoP.do?mode=0&precSeq=393416
105873,신체장해등급변경신청거부처분취소,,https://www.law.go.kr/LSW/precInfoP.do?mode=0&precSeq=105873
207130,실업급여지급제한·반환명령결정처분취소청구,,https://www.law.go.kr/LSW/precInfoP.do?mode=0&precSeq=207130
213631,실업급여지급제한및반환명령처분취소,[대법원 2020. 5. 14. 선고 2020두31323 판결],https://www.law.go.kr/LSW/precInfoP.do?mode=0&precSeq=213631
194389,실업급여지급중지및반환처분재결취소,,https://www.law.go.kr/LSW/precInfoP.do?mode=0&precSeq=194389
177579,실업급여회수청구,[대구지법 2014. 12. 24. 선고 2014구합1590 판결 : 확정],https://www.law.go.kr/LSW/precInfoP.do?mode=0&precSeq=177579
393750,심사결정취소,"본 컨텐츠는
 근로복지공단 산재판례 에서 수집한 데이터로, 관련 문의는 해당 기관으로 부탁드립니다.",https://www.law.go.kr/LSW/precInfoP.do?mode=0&precSeq=393750
199793,압류처분취소,,https://www.law.go.kr/LSW/precInfoP.do?mode=0&precSeq=199793
416056,압류처분취소,"본 컨텐츠는
 근로복지공단 산재판례 에서 수집한 데이터로, 관련 문의는 해당 기관으로 부탁드립니다.",https://www.law.go.kr/LSW/precInfoP.do?mode=0&precSeq=416056
170800,야간근무수당등 임금,[대법원 2013. 1. 24. 선고 2011다81022 판결],https://www.law.go.kr/LSW/precInfoP.do?mode=0&precSeq=170800
223253,"야간주거침입절도,사문서위조(일부 변경된 죄명：공문서위조),위조사문서행사(일부 변경된 죄명：위조공문서행사),사기미수",[대전지법 1996. 5. 11. 선고 96고단334 판결：항소],https://www.law.go.kr/LSW/precInfoP.do?mode=0&precSeq=223253
191485,약속어음금,[대법원 2001. 6. 26. 선고 99다5484 판결],https://www.law.go.kr/LSW/precInfoP.do?mode=0&precSeq=191485
83218,약정금,[대법원 2004. 4. 28. 선고 2001다31233 판결],https://www.law.go.kr/LSW/precInfoP.do?mode=0&precSeq=83218
64539,약정금,,https://www.law.go.kr/LSW/precInfoP.do?mode=0&precSeq=64539
216843,약정금,[대법원 2021. 6. 24. 선고 2016다200200 판결],https://www.law.go.kr/LSW/precInfoP.do?mode=0&precSeq=216843
602021,약정금,,https://www.law.go.kr/LSW/precInfoP.do?mode=0&precSeq=602021
77529,약정금,[대전고등법원 2005. 12. 7. 선고 2005나1276 판결],https://www.law.go.kr/LSW/precInfoP.do?mode=0&precSeq=77529
125361,약정금,,https://www.law.go.kr/LSW/precInfoP.do?mode=0&precSeq=125361
607837,약정금청구,[대법원 2025. 7. 17. 선고 2023다318420 판결],https://www.law.go.kr/LSW/precInfoP.do?mode=0&precSeq=607837
75836,약정금청구사건,,https://www.law.go.kr/LSW/precInfoP.do?mode=0&precSeq=75836
166358,양도소득세부과처분취소,[대법원 2012. 10. 25. 선고 2010두17281 판결],https://www.law.go.kr/LSW/precInfoP.do?mode=0&precSeq=166358
134341,양수금,,https://www.law.go.kr/LSW/precInfoP.do?mode=0&precSeq=134341
136375,양수금,,https://www.law.go.kr/LSW/precInfoP.do?mode=0&precSeq=136375
160173,업무 방해·노동 조합및 노동관계 조정법 위반·집회및 시위에 관한 법률 위반,[대법원 2012. 1. 27. 선고 2009도8917 판결],https://www.law.go.kr/LSW/precInfoP.do?mode=0&precSeq=160173
80708,업무방해,,https://www.law.go.kr/LSW/precInfoP.do?mode=0&precSeq=80708
82989,업무방해,[대법원 2003. 12. 11. 선고 2001도3429 판결],https://www.law.go.kr/LSW/precInfoP.do?mode=0&precSeq=82989
126537,업무방해,[대법원 2003. 7. 22. 선고 2002도7225 판결],https://www.law.go.kr/LSW/precInfoP.do?mode=0&precSeq=126537
83484,업무방해,,https://www.law.go.kr/LSW/precInfoP.do?mode=0&precSeq=83484
167491,업무방해,[대법원 2013. 1. 10. 선고 2011도15497 판결],https://www.law.go.kr/LSW/precInfoP.do?mode=0&precSeq=167491
177492,업무방해,[대법원 2014. 11. 13. 선고 2011도393 판결],https://www.law.go.kr/LSW/precInfoP.do?mode=0&precSeq=177492
175321,업무방해,[대법원 2014. 8. 20. 선고 2011도468 판결],https://www.law.go.kr/LSW/precInfoP.do?mode=0&precSeq=175321
238999,업무방해,[대법원 2023. 6. 29. 선고 2018도1917 판결],https://www.law.go.kr/LSW/precInfoP.do?mode=0&precSeq=238999
81010,업무방해,[대법원 2001. 10. 25. 선고 99도4837 전원합의체 판결],https://www.law.go.kr/LSW/precInfoP.do?mode=0&precSeq=81010
80522,업무방해,[대법원 2001. 4. 24. 선고 99도4893 판결],https://www.law.go.kr/LSW/precInfoP.do?mode=0&precSeq=80522
167390,업무방해,[대전지법 2012. 11. 8. 선고 2011노369 판결 : 상고],https://www.law.go.kr/LSW/precInfoP.do?mode=0&precSeq=167390
168474,업무방해,[서울서부지방법원 2011. 11. 3. 선고 2011노513 판결],https://www.law.go.kr/LSW/precInfoP.do?mode=0&precSeq=168474
134226,업무방해,"[울산지법 2009. 4. 17. 선고 2008노404,975,976,977 판결 : 상고]",https://www.law.go.kr/LSW/precInfoP.do?mode=0&precSeq=134226
166326,업무방해(파업으로 인한 업무방해 사건),[대법원 2011. 3. 17. 선고 2007도482 전원합의체 판결],https://www.law.go.kr/LSW/precInfoP.do?mode=0&precSeq=166326
83017,업무방해·노동조합및노동관계조정법위반,,https://www.law.go.kr/LSW/precInfoP.do?mode=0&precSeq=83017
68681,업무방해·노동조합및노동관계조정법위반,[대법원 2007. 5. 11. 선고 2005도8005 판결],https://www.law.go.kr/LSW/precInfoP.do?mode=0&precSeq=68681
145159,업무방해·노동조합및노동관계조정법위반,[대법원 2010. 4. 8. 선고 2007도6754 판결],https://www.law.go.kr/LSW/precInfoP.do?mode=0&precSeq=145159
64612,업무방해·노동조합및노동관계조정법위반·집회및시위에관한법률위반·국가공무원법위반(인정된죄명:청원경찰법위반),[대법원 2008. 9. 11. 선고 2004도746 판결],https://www.law.go.kr/LSW/precInfoP.do?mode=0&precSeq=64612
69200,업무방해·절도·상해·폭력행위등처벌에관한법률위반(야간·공동협박)·폭행·모욕·특수협박(일부인정된죄명:협박)·공무집행방해·집회및시위에관한법률위반,[대법원 2008. 1. 18. 선고 2007도1557 판결],https://www.law.go.kr/LSW/precInfoP.do?mode=0&precSeq=69200
226509,"업무방해·퇴거불응[사내하청업체 소속 근로자들이 사용자인 하청업체를 상대로 한 쟁의행위의 일환으로 원청업체 사업장에서 집회·시위를 하고, 대체 투입된 근로자의 업무를 방해한 사건]",[대법원 2020. 9. 3. 선고 2015도1927 판결],https://www.law.go.kr/LSW/precInfoP.do?mode=0&precSeq=226509
170794,업무방해·폭력행위등 처벌에 관한 법률 위반(야간·공동주거침입),[대법원 2013. 1. 31. 선고 2012도3475 판결],https://www.law.go.kr/LSW/precInfoP.do?mode=0&precSeq=170794
85487,업무방해·폭력행위등처벌에관한법률위반(공동주거침입),[대법원 2007. 12. 28. 선고 2007도5204 판결],https://www.law.go.kr/LSW/precInfoP.do?mode=0&precSeq=85487
83018,업무방해·폭력행위등처벌에관한법률위반·상해,[대법원 2003. 12. 26. 선고 2001도3380 판결],https://www.law.go.kr/LSW/precInfoP.do?mode=0&precSeq=83018
149393,업무방해금지등,[대전지방법원 천안지원 2009. 11. 13. 선고 2009가합2999 판결],https://www.law.go.kr/LSW/precInfoP.do?mode=0&precSeq=149393
189444,업무상과실치사,[대법원 1991. 12. 10. 선고 91도2642 판결],https://www.law.go.kr/LSW/precInfoP.do?mode=0&precSeq=189444
70027,업무상과실치사(변경된 죄명: 산업안전보건법위반),[의정부지법 2005. 3. 31. 선고 2004노1726 판결 : 확정],https://www.law.go.kr/LSW/precInfoP.do?mode=0&precSeq=70027
110344,"업무상과실치사,엄무상과실치상,엄무상과실기차전복,산업안전보건법위반",[대법원 1994. 5. 24. 선고 94도660 판결],https://www.law.go.kr/LSW/precInfoP.do?mode=0&precSeq=110344
137983,업무상과실치사·산업안전보건법위반,[대구지방법원 2008. 7. 17. 선고 2008노1468 판결],https://www.law.go.kr/LSW/precInfoP.do?mode=0&precSeq=137983
135881,업무상과실치사·산업안전보건법위반,,https://www.law.go.kr/LSW/precInfoP.do?mode=0&precSeq=135881
171820,업무상과실치사·산업안전보건법위반,[대법원 2013. 11. 28. 선고 2013도1602 판결],https://www.law.go.kr/LSW/precInfoP.do?mode=0&precSeq=171820
222649,업무상과실치사·산업안전보건법위반,,https://www.law.go.kr/LSW/precInfoP.do?mode=0&precSeq=222649
600519,업무상과실치사·산업안전보건법위반,,https://www.law.go.kr/LSW/precInfoP.do?mode=0&precSeq=600519
172788,업무상과실치사·산업안전보건법위반,[춘천지방법원 강릉지원 2013. 1. 22. 선고 2012노353 판결],https://www.law.go.kr/LSW/precInfoP.do?mode=0&precSeq=172788
223831,업무상과실치사·산업안전보건법위반·업무상과실치상,[대법원 2022. 7. 14. 선고 2020도9188 판결],https://www.law.go.kr/LSW/precInfoP.do?mode=0&precSeq=223831
232905,업무상과실치사·산업안전보건법위반·업무상과실치상,[대법원 2022. 7. 28. 선고 2021도11288 판결],https://www.law.go.kr/LSW/precInfoP.do?mode=0&precSeq=232905
181695,업무상과실치사·업무상과실치상·산업안전보건법위반,[대법원 2016. 3. 24. 선고 2015도8621 판결],https://www.law.go.kr/LSW/precInfoP.do?mode=0&precSeq=181695
232791,업무상과실치사·업무상과실치상·산업안전보건법위반,[대법원 2022. 8. 31. 선고 2021도17523 판결],https://www.law.go.kr/LSW/precInfoP.do?mode=0&precSeq=232791
146248,업무상과실치사·업무상과실치상·산업안전보건법위반·건설산업기본법위반,[대법원 2010. 6. 24. 선고 2010도2615 판결],https://www.law.go.kr/LSW/precInfoP.do?mode=0&precSeq=146248
218701,업무상과실치사ㆍ업무상과실치상ㆍ산업안전보건법위반[대형 조선소 작업 현장에서 크레인끼리 충돌하여 근로자들이 사망 및 부상당한 사건],[대법원 2021. 9. 30. 선고 2020도3996 판결],https://www.law.go.kr/LSW/precInfoP.do?mode=0&precSeq=218701
396866,업무상질병불승인처분취소,[인천지방법원 2016구단312],https://www.law.go.kr/LSW/precInfoP.do?mode=0&precSeq=396866
192017,업무상횡령·사문서위조·위조사문서행사·노동위원회법위반,[대법원 2008. 4. 10. 선고 2008도553 판결],https://www.law.go.kr/LSW/precInfoP.do?mode=0&precSeq=192017
67591,업무정지처분취소,,https://www.law.go.kr/LSW/precInfoP.do?mode=0&precSeq=67591
136380,업무추진역발령무효확인등,"[대법원 2009. 3. 26. 선고 2007다54498,54504 판결]",https://www.law.go.kr/LSW/precInfoP.do?mode=0&precSeq=136380
217407,연월차수당지급,[대법원 1996. 6. 28. 선고 95다24074 판결],https://www.law.go.kr/LSW/precInfoP.do?mode=0&precSeq=217407
205723,연장근로수당등청구의소·연장근로수당등청구의소·연장근로수당등청구의소·연장근로수당등청구의소,"[대법원 2018. 9. 28. 선고 2016다212869, 212876, 212883, 212890 판결]",https://www.law.go.kr/LSW/precInfoP.do?mode=0&precSeq=205723
230957,연차수당지급,[대법원 2022. 9. 7. 선고 2022다245419 판결],https://www.law.go.kr/LSW/precInfoP.do?mode=0&precSeq=230957
605075,영업정지처분등취소[행정청이 관급공사를 수급한 건설업자들의 하도급계약 거짓 통보를 이유로 과징금 부과 등의 처분을 한 사건],[대법원 2025. 3. 13. 선고 2020두45698 판결],https://www.law.go.kr/LSW/precInfoP.do?mode=0&precSeq=605075
388534,요앙불승인처분취소,[서울행정법원 2014구단10816],https://www.law.go.kr/LSW/precInfoP.do?mode=0&precSeq=388534
413870,요양 보험급여결정 승인처분 취소,"본 컨텐츠는
 근로복지공단 산재판례 에서 수집한 데이터로, 관련 문의는 해당 기관으로 부탁드립니다.",https://www.law.go.kr/LSW/precInfoP.do?mode=0&precSeq=413870
393398,요양 보험급여불승인결정처분 취소청구의 소,[서울행정법원 2015구단58426],https://www.law.go.kr/LSW/precInfoP.do?mode=0&precSeq=393398
401286,요양 불승인 처분 취소,[서울행정법원 2017구단971],https://www.law.go.kr/LSW/precInfoP.do?mode=0&precSeq=401286
403924,요양 불승인 처분 취소,[서울행정법원 2018구단50782],https://www.law.go.kr/LSW/precInfoP.do?mode=0&precSeq=403924
404088,요양 불승인 처분 취소,[서울행정법원 2018구단57660],https://www.law.go.kr/LSW/precInfoP.do?mode=0&precSeq=404088
404100,요양 불승인 처분 취소,[서울행정법원 2018구단58489],https://www.law.go.kr/LSW/precInfoP.do?mode=0&precSeq=404100
404242,요양 불승인 처분 취소,[서울행정법원 2018구단63351],https://www.law.go.kr/LSW/precInfoP.do?mode=0&precSeq=404242
401234,요양 불승인 처분 취소,[인천지방법원 2017구단81],https://www.law.go.kr/LSW/precInfoP.do?mode=0&precSeq=401234
403446,요양 불승인 처분 취소,[창원지방법원 2018구단10119],https://www.law.go.kr/LSW/precInfoP.do?mode=0&precSeq=403446
401270,요양 불승인처분 취소,[전주지방법원 2017구단886],https://www.law.go.kr/LSW/precInfoP.do?mode=0&precSeq=401270
403894,요양 불승인처분 취소,[전주지방법원 2018구단500],https://www.law.go.kr/LSW/precInfoP.do?mode=0&precSeq=403894
397264,요양 불승인처분 취소청구의 소,[전주지방법원 2016구단575],https://www.law.go.kr/LSW/precInfoP.do?mode=0&precSeq=397264
415842,요양 일부 불승인처분취소 청구의 소,"본 컨텐츠는
 근로복지공단 산재판례 에서 수집한 데이터로, 관련 문의는 해당 기관으로 부탁드립니다.",https://www.law.go.kr/LSW/precInfoP.do?mode=0&precSeq=415842
387270,요양(추가상병)불승인처분취소,[서울고등법원 2013누30584],https://www.law.go.kr/LSW/precInfoP.do?mode=0&precSeq=387270
384428,요양(추가상병)불승인처분취소,[서울행정법원 2013구단1143],https://www.law.go.kr/LSW/precInfoP.do?mode=0&precSeq=384428
416014,요양.보험급여결정승인처분취소,"본 컨텐츠는
 근로복지공단 산재판례 에서 수집한 데이터로, 관련 문의는 해당 기관으로 부탁드립니다.",https://www.law.go.kr/LSW/precInfoP.do?mode=0&precSeq=416014
403504,요양.보험급여결정승인처분취소청구,[대구지방법원 2018구단10915],https://www.law.go.kr/LSW/precInfoP.do?mode=0&precSeq=403504
393830,요양.보험급여결정이의 및 손해배상,[청주지방법원 2015구합1156],https://www.law.go.kr/LSW/precInfoP.do?mode=0&precSeq=393830
371872,요양.보험급여결정처분취소,[서울행정법원 2010구단16380],https://www.law.go.kr/LSW/precInfoP.do?mode=0&precSeq=371872
374458,요양.보험급여승인취소처분취소,[서울고등법원 2010누21169],https://www.law.go.kr/LSW/precInfoP.do?mode=0&precSeq=374458
371516,요양.보험급여승인취소처분취소,[서울행정법원 2010구단1012],https://www.law.go.kr/LSW/precInfoP.do?mode=0&precSeq=371516
371862,요양.보험급여일부부지급처분및휴업급여부지급처분취소,[서울행정법원 2010구단1623],https://www.law.go.kr/LSW/precInfoP.do?mode=0&precSeq=371862
415422,요양.보호급여결정취소,[대전지방법원 2022구단243],https://www.law.go.kr/LSW/precInfoP.do?mode=0&precSeq=415422
397360,요양·보험급여 결정처분취소 청구의 소,[서울행정법원 2016구단60877],https://www.law.go.kr/LSW/precInfoP.do?mode=0&precSeq=397360
184734,요양·보험급여결정승인처분취소,[대법원 2017. 4. 28. 선고 2016두56134 판결],https://www.law.go.kr/LSW/precInfoP.do?mode=0&precSeq=184734
220323,요양·보험급여결정승인처분취소청구,,https://www.law.go.kr/LSW/precInfoP.do?mode=0&precSeq=220323
388550,요양·보험급여결정처분 취소 청구의 소,[대구지방법원 2014구단11095],https://www.law.go.kr/LSW/precInfoP.do?mode=0&precSeq=388550
101078,요양결정처분취소,,https://www.law.go.kr/LSW/precInfoP.do?mode=0&precSeq=101078
366654,요양결정취소처분등취소,[서울행정법원 2009구단10010],https://www.law.go.kr/LSW/precInfoP.do?mode=0&precSeq=366654
416546,요양급여 결정 취소의 소,[서울고등법원 2022누43520],https://www.law.go.kr/LSW/precInfoP.do?mode=0&precSeq=416546
413470,요양급여 결정 취소의 소,[서울행정법원 2021구단73945],https://www.law.go.kr/LSW/precInfoP.do?mode=0&precSeq=413470
397104,요양급여 등 불승인처분 취소 청구의 소,[서울행정법원 2016구단53251],https://www.law.go.kr/LSW/precInfoP.do?mode=0&precSeq=397104
396868,요양급여 및 휴업급여 불승인처분 취소,[서울행정법원 2016구단31367],https://www.law.go.kr/LSW/precInfoP.do?mode=0&precSeq=396868
396940,요양급여 및 휴업급여 불승인처분취소,"본 컨텐츠는
 근로복지공단 산재판례 에서 수집한 데이터로, 관련 문의는 해당 기관으로 부탁드립니다.",https://www.law.go.kr/LSW/precInfoP.do?mode=0&precSeq=396940
402806,요양급여 부지급 처분 취소,[서울고등법원 2017누86301],https://www.law.go.kr/LSW/precInfoP.do?mode=0&precSeq=402806
402340,요양급여 불승인 처분 취소,[서울고등법원 2017누53714],https://www.law.go.kr/LSW/precInfoP.do?mode=0&precSeq=402340
401250,요양급여 불승인 처분 취소,[서울행정법원 2017구단82126],https://www.law.go.kr/LSW/precInfoP.do?mode=0&precSeq=401250
397506,요양급여 불승인 처분 취소 청구의 소,[서울행정법원 2016구단65452],https://www.law.go.kr/LSW/precInfoP.do?mode=0&precSeq=397506
396798,요양급여 불승인처분 취소,[서울행정법원 2016구단22721],https://www.law.go.kr/LSW/precInfoP.do?mode=0&precSeq=396798
393318,요양급여 불승인처분 취소청구,[서울행정법원 2015구단57102],https://www.law.go.kr/LSW/precInfoP.do?mode=0&precSeq=393318
393456,요양급여 불승인처분취소,[서울행정법원 2015구단59375],https://www.law.go.kr/LSW/precInfoP.do?mode=0&precSeq=393456
373552,요양급여 불승인처분취소,"본 컨텐츠는
 근로복지공단 산재판례 에서 수집한 데이터로, 관련 문의는 해당 기관으로 부탁드립니다.",https://www.law.go.kr/LSW/precInfoP.do?mode=0&precSeq=373552
415710,요양급여(간병료)부지급결정처분취소,"본 컨텐츠는
 근로복지공단 산재판례 에서 수집한 데이터로, 관련 문의는 해당 기관으로 부탁드립니다.",https://www.law.go.kr/LSW/precInfoP.do?mode=0&precSeq=415710
393412,요양급여결정취소,[서울행정법원 2015구단58563],https://www.law.go.kr/LSW/precInfoP.do?mode=0&precSeq=393412
415716,요양급여결정취소소송,"본 컨텐츠는
 근로복지공단 산재판례 에서 수집한 데이터로, 관련 문의는 해당 기관으로 부탁드립니다.",https://www.law.go.kr/LSW/precInfoP.do?mode=0&precSeq=415716
218217,요양급여및휴업급여불승인처분취소,[대법원 2021. 4. 29. 선고 2019두39314 판결],https://www.law.go.kr/LSW/precInfoP.do?mode=0&precSeq=218217
399054,요양급여부지급처분취소,[대구고등법원 2016누5311],https://www.law.go.kr/LSW/precInfoP.do?mode=0&precSeq=399054
183080,요양급여부지급처분취소,[대법원 2016. 6. 9. 선고 2016두34622 판결],https://www.law.go.kr/LSW/precInfoP.do?mode=0&precSeq=183080
199789,요양급여부지급처분취소,,https://www.law.go.kr/LSW/precInfoP.do?mode=0&precSeq=199789
394726,요양급여부지급처분취소,[대전고등법원 2015누13510],https://www.law.go.kr/LSW/precInfoP.do?mode=0&precSeq=394726
398540,요양급여부지급처분취소,[대전고등법원 2016누11481],https://www.law.go.kr/LSW/precInfoP.do?mode=0&precSeq=398540
390610,요양급여부지급처분취소,"본 컨텐츠는
 근로복지공단 산재판례 에서 수집한 데이터로, 관련 문의는 해당 기관으로 부탁드립니다.",https://www.law.go.kr/LSW/precInfoP.do?mode=0&precSeq=390610
390710,요양급여부지급처분취소,[부산고등법원창원재판부 2014누253],https://www.law.go.kr/LSW/precInfoP.do?mode=0&precSeq=390710
396782,요양급여부지급처분취소,[부산지방법원 2016구단21262],https://www.law.go.kr/LSW/precInfoP.do?mode=0&precSeq=396782
369740,요양급여부지급처분취소,[서울고등법원 2009누21927],https://www.law.go.kr/LSW/precInfoP.do?mode=0&precSeq=369740
386776,요양급여부지급처분취소,[서울고등법원 2013누18034],https://www.law.go.kr/LSW/precInfoP.do?mode=0&precSeq=386776
399096,요양급여부지급처분취소,[서울고등법원 2016누56013],https://www.law.go.kr/LSW/precInfoP.do?mode=0&precSeq=399096
362094,요양급여부지급처분취소,[서울행정법원 2007구단15707],https://www.law.go.kr/LSW/precInfoP.do?mode=0&precSeq=362094
364588,요양급여부지급처분취소,[서울행정법원 2008구단948],https://www.law.go.kr/LSW/precInfoP.do?mode=0&precSeq=364588
380968,요양급여부지급처분취소,"본 컨텐츠는
 근로복지공단 산재판례 에서 수집한 데이터로, 관련 문의는 해당 기관으로 부탁드립니다.",https://www.law.go.kr/LSW/precInfoP.do?mode=0&precSeq=380968
385212,요양급여부지급처분취소,[서울행정법원 2013구단51322],https://www.law.go.kr/LSW/precInfoP.do?mode=0&precSeq=385212
389320,요양급여부지급처분취소,[서울행정법원 2014구단54588],https://www.law.go.kr/LSW/precInfoP.do?mode=0&precSeq=389320
393266,요양급여부지급처분취소,[서울행정법원 2015구단56208],https://www.law.go.kr/LSW/precInfoP.do?mode=0&precSeq=393266
393432,요양급여부지급처분취소,[서울행정법원 2015구단58891],https://www.law.go.kr/LSW/precInfoP.do?mode=0&precSeq=393432
393446,요양급여부지급처분취소,[서울행정법원 2015구단59207],https://www.law.go.kr/LSW/precInfoP.do?mode=0&precSeq=393446
397054,요양급여부지급처분취소,[서울행정법원 2016구단52067],https://www.law.go.kr/LSW/precInfoP.do?mode=0&precSeq=397054
397108,요양급여부지급처분취소,[서울행정법원 2016구단53404],https://www.law.go.kr/LSW/precInfoP.do?mode=0&precSeq=397108
397128,요양급여부지급처분취소,[서울행정법원 2016구단53893],https://www.law.go.kr/LSW/precInfoP.do?mode=0&precSeq=397128
397146,요양급여부지급처분취소,[서울행정법원 2016구단54469],https://www.law.go.kr/LSW/precInfoP.do?mode=0&precSeq=397146
397440,요양급여부지급처분취소,[서울행정법원 2016구단63333],https://www.law.go.kr/LSW/precInfoP.do?mode=0&precSeq=397440
397558,요양급여부지급처분취소,[서울행정법원 2016구단66738],https://www.law.go.kr/LSW/precInfoP.do?mode=0&precSeq=397558
401128,요양급여부지급처분취소,[서울행정법원 2017구단75333],https://www.law.go.kr/LSW/precInfoP.do?mode=0&precSeq=401128
410682,요양급여부지급처분취소,"본 컨텐츠는
 근로복지공단 산재판례 에서 수집한 데이터로, 관련 문의는 해당 기관으로 부탁드립니다.",https://www.law.go.kr/LSW/precInfoP.do?mode=0&precSeq=410682
410854,요양급여부지급처분취소,[서울행정법원 2020구단76091],https://www.law.go.kr/LSW/precInfoP.do?mode=0&precSeq=410854
415450,요양급여부지급처분취소,"본 컨텐츠는
 근로복지공단 산재판례 에서 수집한 데이터로, 관련 문의는 해당 기관으로 부탁드립니다.",https://www.law.go.kr/LSW/precInfoP.do?mode=0&precSeq=415450
415452,요양급여부지급처분취소,"본 컨텐츠는
 근로복지공단 산재판례 에서 수집한 데이터로, 관련 문의는 해당 기관으로 부탁드립니다.",https://www.law.go.kr/LSW/precInfoP.do?mode=0&precSeq=415452
415894,요양급여부지급처분취소,"본 컨텐츠는
 근로복지공단 산재판례 에서 수집한 데이터로, 관련 문의는 해당 기관으로 부탁드립니다.",https://www.law.go.kr/LSW/precInfoP.do?mode=0&precSeq=415894
416042,요양급여부지급처분취소,"본 컨텐츠는
 근로복지공단 산재판례 에서 수집한 데이터로, 관련 문의는 해당 기관으로 부탁드립니다.",https://www.law.go.kr/LSW/precInfoP.do?mode=0&precSeq=416042
417116,요양급여부지급처분취소,[서울행정법원 2023구단57244],https://www.law.go.kr/LSW/precInfoP.do?mode=0&precSeq=417116
397650,요양급여부지급처분취소,[수원지방법원 2016구단9538],https://www.law.go.kr/LSW/precInfoP.do?mode=0&precSeq=397650
398190,요양급여부지급처분취소,[울산지방법원 2016구합6874],https://www.law.go.kr/LSW/precInfoP.do?mode=0&precSeq=398190
398206,요양급여부지급처분취소,[울산지방법원 2016구합6928],https://www.law.go.kr/LSW/precInfoP.do?mode=0&precSeq=398206
415916,요양급여부지급처분취소,"본 컨텐츠는
 근로복지공단 산재판례 에서 수집한 데이터로, 관련 문의는 해당 기관으로 부탁드립니다.",https://www.law.go.kr/LSW/precInfoP.do?mode=0&precSeq=415916
393022,요양급여부지급처분취소,[인천지방법원 2015구단50396],https://www.law.go.kr/LSW/precInfoP.do?mode=0&precSeq=393022
380316,요양급여부지급처분취소,[창원지방법원 2012구단1014],https://www.law.go.kr/LSW/precInfoP.do?mode=0&precSeq=380316
415286,요양급여부지급처분취소,"본 컨텐츠는
 근로복지공단 산재판례 에서 수집한 데이터로, 관련 문의는 해당 기관으로 부탁드립니다.",https://www.law.go.kr/LSW/precInfoP.do?mode=0&precSeq=415286
408180,요양급여부지급처분취소,[춘천지방법원 2019구합52391],https://www.law.go.kr/LSW/precInfoP.do?mode=0&precSeq=408180
393938,요양급여부지급처분취소,[춘천지방법원강릉지원 2015구합302],https://www.law.go.kr/LSW/precInfoP.do?mode=0&precSeq=393938
67746,요양급여부지급처분취소·유족급여등부지급처분취소,[대법원 2005. 10. 7. 선고 2003두14994 판결],https://www.law.go.kr/LSW/precInfoP.do?mode=0&precSeq=67746
393790,요양급여불승인결정의처분취소,[대구지방법원 2015구단962],https://www.law.go.kr/LSW/precInfoP.do?mode=0&precSeq=393790
391470,요양급여불승인결정처분취소,[서울고등법원 2014누64454],https://www.law.go.kr/LSW/precInfoP.do?mode=0&precSeq=391470
396436,요양급여불승인결정처분취소 청구,[광주지방법원 2016구단10063],https://www.law.go.kr/LSW/precInfoP.do?mode=0&precSeq=396436
372406,요양급여불승인처분,[서울행정법원 2010구단26554],https://www.law.go.kr/LSW/precInfoP.do?mode=0&precSeq=372406
410580,요양급여불승인처분 취소,"본 컨텐츠는
 근로복지공단 산재판례 에서 수집한 데이터로, 관련 문의는 해당 기관으로 부탁드립니다.",https://www.law.go.kr/LSW/precInfoP.do?mode=0&precSeq=410580
413462,요양급여불승인처분 취소,[의정부지방법원 2021구단737],https://www.law.go.kr/LSW/precInfoP.do?mode=0&precSeq=413462
393812,요양급여불승인처분 취소,[청주지방법원 2015구합10341],https://www.law.go.kr/LSW/precInfoP.do?mode=0&precSeq=393812
393894,요양급여불승인처분 취소청구의 소,[제주지방법원 2015구합206],https://www.law.go.kr/LSW/precInfoP.do?mode=0&precSeq=393894
370682,요양급여불승인처분취소,[광주고등법원 2009누743],https://www.law.go.kr/LSW/precInfoP.do?mode=0&precSeq=370682
387148,요양급여불승인처분취소,[광주고등법원 2013누283],https://www.law.go.kr/LSW/precInfoP.do?mode=0&precSeq=387148
391638,요양급여불승인처분취소,[광주고등법원전주부 2014누699],https://www.law.go.kr/LSW/precInfoP.do?mode=0&precSeq=391638
381916,요양급여불승인처분취소,[광주지방법원 2012구합2436],https://www.law.go.kr/LSW/precInfoP.do?mode=0&precSeq=381916
396546,요양급여불승인처분취소,[광주지방법원 2016구단11554],https://www.law.go.kr/LSW/precInfoP.do?mode=0&precSeq=396546
396656,요양급여불승인처분취소,"본 컨텐츠는
 근로복지공단 산재판례 에서 수집한 데이터로, 관련 문의는 해당 기관으로 부탁드립니다.",https://www.law.go.kr/LSW/precInfoP.do?mode=0&precSeq=396656
374414,요양급여불승인처분취소,[대구고등법원 2010누1966],https://www.law.go.kr/LSW/precInfoP.do?mode=0&precSeq=374414
374668,요양급여불승인처분취소,[대구고등법원 2010누2754],https://www.law.go.kr/LSW/precInfoP.do?mode=0&precSeq=374668
374698,요양급여불승인처분취소,[대구고등법원 2010누2822],https://www.law.go.kr/LSW/precInfoP.do?mode=0&precSeq=374698
386638,요양급여불승인처분취소,[대구고등법원 2013누1424],https://www.law.go.kr/LSW/precInfoP.do?mode=0&precSeq=386638
372418,요양급여불승인처분취소,[대구지방법원 2010구단2666],https://www.law.go.kr/LSW/precInfoP.do?mode=0&precSeq=372418
372730,요양급여불승인처분취소,[대구지방법원 2010구단4501],https://www.law.go.kr/LSW/precInfoP.do?mode=0&precSeq=372730
372734,요양급여불승인처분취소,[대구지방법원 2010구단4570],https://www.law.go.kr/LSW/precInfoP.do?mode=0&precSeq=372734
384650,요양급여불승인처분취소,[대구지방법원 2013구단159],https://www.law.go.kr/LSW/precInfoP.do?mode=0&precSeq=384650
396914,요양급여불승인처분취소,"본 컨텐츠는
 근로복지공단 산재판례 에서 수집한 데이터로, 관련 문의는 해당 기관으로 부탁드립니다.",https://www.law.go.kr/LSW/precInfoP.do?mode=0&precSeq=396914
397632,요양급여불승인처분취소,[대구지방법원 2016구단860],https://www.law.go.kr/LSW/precInfoP.do?mode=0&precSeq=397632
176661,요양급여불승인처분취소,,https://www.law.go.kr/LSW/precInfoP.do?mode=0&precSeq=176661
185085,요양급여불승인처분취소,[대법원 2017. 5. 30. 선고 2016두54589 판결],https://www.law.go.kr/LSW/precInfoP.do?mode=0&precSeq=185085
386728,요양급여불승인처분취소,[대전고등법원 2013누1636],https://www.law.go.kr/LSW/precInfoP.do?mode=0&precSeq=386728
390634,요양급여불승인처분취소,[부산고등법원 2014누20711],https://www.law.go.kr/LSW/precInfoP.do?mode=0&precSeq=390634
390676,요양급여불승인처분취소,[부산고등법원 2014누22472],https://www.law.go.kr/LSW/precInfoP.do?mode=0&precSeq=390676
387658,요양급여불승인처분취소,[부산고등법원창원재판부 2013누577],https://www.law.go.kr/LSW/precInfoP.do?mode=0&precSeq=387658
390452,요양급여불승인처분취소,"본 컨텐츠는
 근로복지공단 산재판례 에서 수집한 데이터로, 관련 문의는 해당 기관으로 부탁드립니다.",https://www.law.go.kr/LSW/precInfoP.do?mode=0&precSeq=390452
394660,요양급여불승인처분취소,[부산고등법원창원재판부 2015누11526],https://www.law.go.kr/LSW/precInfoP.do?mode=0&precSeq=394660
371550,요양급여불승인처분취소,[부산지방법원 2010구단1068],https://www.law.go.kr/LSW/precInfoP.do?mode=0&precSeq=371550
376052,요양급여불승인처분취소,"본 컨텐츠는
 근로복지공단 산재판례 에서 수집한 데이터로, 관련 문의는 해당 기관으로 부탁드립니다.",https://www.law.go.kr/LSW/precInfoP.do?mode=0&precSeq=376052
393598,요양급여불승인처분취소,[부산지방법원 2015구단626],https://www.law.go.kr/LSW/precInfoP.do?mode=0&precSeq=393598
396754,요양급여불승인처분취소,[부산지방법원 2016구단20801],https://www.law.go.kr/LSW/precInfoP.do?mode=0&precSeq=396754
374852,요양급여불승인처분취소,[서울고등법원 2010누34356],https://www.law.go.kr/LSW/precInfoP.do?mode=0&precSeq=374852
374870,요양급여불승인처분취소,[서울고등법원 2010누35052],https://www.law.go.kr/LSW/precInfoP.do?mode=0&precSeq=374870
375232,요양급여불승인처분취소,"본 컨텐츠는
 근로복지공단 산재판례 에서 수집한 데이터로, 관련 문의는 해당 기관으로 부탁드립니다.",https://www.law.go.kr/LSW/precInfoP.do?mode=0&precSeq=375232
386976,요양급여불승인처분취소,[서울고등법원 2013누24114],https://www.law.go.kr/LSW/precInfoP.do?mode=0&precSeq=386976
387586,요양급여불승인처분취소,[서울고등법원 2013누51734],https://www.law.go.kr/LSW/precInfoP.do?mode=0&precSeq=387586
390590,요양급여불승인처분취소,[서울고등법원 2014누1750],https://www.law.go.kr/LSW/precInfoP.do?mode=0&precSeq=390590
391386,요양급여불승인처분취소,[서울고등법원 2014누61172],https://www.law.go.kr/LSW/precInfoP.do?mode=0&precSeq=391386
391652,요양급여불승인처분취소,[서울고등법원 2014누70701],https://www.law.go.kr/LSW/precInfoP.do?mode=0&precSeq=391652
395726,요양급여불승인처분취소,"본 컨텐츠는
 근로복지공단 산재판례 에서 수집한 데이터로, 관련 문의는 해당 기관으로 부탁드립니다.",https://www.law.go.kr/LSW/precInfoP.do?mode=0&precSeq=395726
395858,요양급여불승인처분취소,[서울고등법원 2015누72391],https://www.law.go.kr/LSW/precInfoP.do?mode=0&precSeq=395858
606949,요양급여불승인처분취소,[서울행법 2025. 5. 14. 선고 2024구단60773 판결 : 항소],https://www.law.go.kr/LSW/precInfoP.do?mode=0&precSeq=606949
371720,요양급여불승인처분취소,"본 컨텐츠는
 근로복지공단 산재판례 에서 수집한 데이터로, 관련 문의는 해당 기관으로 부탁드립니다.",https://www.law.go.kr/LSW/precInfoP.do?mode=0&precSeq=371720
371804,요양급여불승인처분취소,[서울행정법원 2010구단14988],https://www.law.go.kr/LSW/precInfoP.do?mode=0&precSeq=371804
371810,요양급여불승인처분취소,[서울행정법원 2010구단15103],https://www.law.go.kr/LSW/precInfoP.do?mode=0&precSeq=371810
371820,요양급여불승인처분취소,[서울행정법원 2010구단1555],https://www.law.go.kr/LSW/precInfoP.do?mode=0&precSeq=371820
371876,요양급여불승인처분취소,[서울행정법원 2010구단16458],https://www.law.go.kr/LSW/precInfoP.do?mode=0&precSeq=371876
372362,요양급여불승인처분취소,[서울행정법원 2010구단2558],https://www.law.go.kr/LSW/precInfoP.do?mode=0&precSeq=372362
372714,요양급여불승인처분취소,[서울행정법원 2010구단4325],https://www.law.go.kr/LSW/precInfoP.do?mode=0&precSeq=372714
376524,요양급여불승인처분취소,[서울행정법원 2011구단21259],https://www.law.go.kr/LSW/precInfoP.do?mode=0&precSeq=376524
376804,요양급여불승인처분취소,[서울행정법원 2011구단27851],https://www.law.go.kr/LSW/precInfoP.do?mode=0&precSeq=376804
377290,요양급여불승인처분취소,"본 컨텐츠는
 근로복지공단 산재판례 에서 수집한 데이터로, 관련 문의는 해당 기관으로 부탁드립니다.",https://www.law.go.kr/LSW/precInfoP.do?mode=0&precSeq=377290
380318,요양급여불승인처분취소,[서울행정법원 2012구단10140],https://www.law.go.kr/LSW/precInfoP.do?mode=0&precSeq=380318
380324,요양급여불승인처분취소,[서울행정법원 2012구단10249],https://www.law.go.kr/LSW/precInfoP.do?mode=0&precSeq=380324
380368,요양급여불승인처분취소,[서울행정법원 2012구단11488],https://www.law.go.kr/LSW/precInfoP.do?mode=0&precSeq=380368
380460,요양급여불승인처분취소,[서울행정법원 2012구단13590],https://www.law.go.kr/LSW/precInfoP.do?mode=0&precSeq=380460
380464,요양급여불승인처분취소,[서울행정법원 2012구단13637],https://www.law.go.kr/LSW/precInfoP.do?mode=0&precSeq=380464
380548,요양급여불승인처분취소,"본 컨텐츠는
 근로복지공단 산재판례 에서 수집한 데이터로, 관련 문의는 해당 기관으로 부탁드립니다.",https://www.law.go.kr/LSW/precInfoP.do?mode=0&precSeq=380548
380886,요양급여불승인처분취소,"본 컨텐츠는
 근로복지공단 산재판례 에서 수집한 데이터로, 관련 문의는 해당 기관으로 부탁드립니다.",https://www.law.go.kr/LSW/precInfoP.do?mode=0&precSeq=380886
380902,요양급여불승인처분취소,"본 컨텐츠는
 근로복지공단 산재판례 에서 수집한 데이터로, 관련 문의는 해당 기관으로 부탁드립니다.",https://www.law.go.kr/LSW/precInfoP.do?mode=0&precSeq=380902
380928,요양급여불승인처분취소,"본 컨텐츠는
 근로복지공단 산재판례 에서 수집한 데이터로, 관련 문의는 해당 기관으로 부탁드립니다.",https://www.law.go.kr/LSW/precInfoP.do?mode=0&precSeq=380928
380940,요양급여불승인처분취소,[서울행정법원 2012구단24439],https://www.law.go.kr/LSW/precInfoP.do?mode=0&precSeq=380940
384330,요양급여불승인처분취소,[서울행정법원 2013구단10260],https://www.law.go.kr/LSW/precInfoP.do?mode=0&precSeq=384330
384464,요양급여불승인처분취소,[서울행정법원 2013구단12013],https://www.law.go.kr/LSW/precInfoP.do?mode=0&precSeq=384464
385632,요양급여불승인처분취소,"본 컨텐츠는
 근로복지공단 산재판례 에서 수집한 데이터로, 관련 문의는 해당 기관으로 부탁드립니다.",https://www.law.go.kr/LSW/precInfoP.do?mode=0&precSeq=385632
388680,요양급여불승인처분취소,[서울행정법원 2014구단13969],https://www.law.go.kr/LSW/precInfoP.do?mode=0&precSeq=388680
389696,요양급여불승인처분취소,[서울행정법원 2014구단9830],https://www.law.go.kr/LSW/precInfoP.do?mode=0&precSeq=389696
393168,요양급여불승인처분취소,[서울행정법원 2015구단54264],https://www.law.go.kr/LSW/precInfoP.do?mode=0&precSeq=393168
393258,요양급여불승인처분취소,[서울행정법원 2015구단56079],https://www.law.go.kr/LSW/precInfoP.do?mode=0&precSeq=393258
393392,요양급여불승인처분취소,[서울행정법원 2015구단58341],https://www.law.go.kr/LSW/precInfoP.do?mode=0&precSeq=393392
393430,요양급여불승인처분취소,"본 컨텐츠는
 근로복지공단 산재판례 에서 수집한 데이터로, 관련 문의는 해당 기관으로 부탁드립니다.",https://www.law.go.kr/LSW/precInfoP.do?mode=0&precSeq=393430
393510,요양급여불승인처분취소,[서울행정법원 2015구단60177],https://www.law.go.kr/LSW/precInfoP.do?mode=0&precSeq=393510
393630,요양급여불승인처분취소,"본 컨텐츠는
 근로복지공단 산재판례 에서 수집한 데이터로, 관련 문의는 해당 기관으로 부탁드립니다.",https://www.law.go.kr/LSW/precInfoP.do?mode=0&precSeq=393630
393800,요양급여불승인처분취소,[서울행정법원 2015구단9790],https://www.law.go.kr/LSW/precInfoP.do?mode=0&precSeq=393800
396698,요양급여불승인처분취소,[서울행정법원 2016구단19282],https://www.law.go.kr/LSW/precInfoP.do?mode=0&precSeq=396698
397654,요양급여불승인처분취소,[서울행정법원 2016구단9605],https://www.law.go.kr/LSW/precInfoP.do?mode=0&precSeq=397654
400610,요양급여불승인처분취소,[서울행정법원 2017구단53708],https://www.law.go.kr/LSW/precInfoP.do?mode=0&precSeq=400610
401022,요양급여불승인처분취소,[서울행정법원 2017구단70598],https://www.law.go.kr/LSW/precInfoP.do?mode=0&precSeq=401022
407014,요양급여불승인처분취소,[서울행정법원 2019구단3301],https://www.law.go.kr/LSW/precInfoP.do?mode=0&precSeq=407014
407826,요양급여불승인처분취소,[서울행정법원 2019구단70905],https://www.law.go.kr/LSW/precInfoP.do?mode=0&precSeq=407826
407990,요양급여불승인처분취소,"본 컨텐츠는
 근로복지공단 산재판례 에서 수집한 데이터로, 관련 문의는 해당 기관으로 부탁드립니다.",https://www.law.go.kr/LSW/precInfoP.do?mode=0&precSeq=407990
410360,요양급여불승인처분취소,[서울행정법원 2020구단58635],https://www.law.go.kr/LSW/precInfoP.do?mode=0&precSeq=410360
415496,요양급여불승인처분취소,"본 컨텐츠는
 근로복지공단 산재판례 에서 수집한 데이터로, 관련 문의는 해당 기관으로 부탁드립니다.",https://www.law.go.kr/LSW/precInfoP.do?mode=0&precSeq=415496
415558,요양급여불승인처분취소,"본 컨텐츠는
 근로복지공단 산재판례 에서 수집한 데이터로, 관련 문의는 해당 기관으로 부탁드립니다.",https://www.law.go.kr/LSW/precInfoP.do?mode=0&precSeq=415558
381336,요양급여불승인처분취소,"본 컨텐츠는
 근로복지공단 산재판례 에서 수집한 데이터로, 관련 문의는 해당 기관으로 부탁드립니다.",https://www.law.go.kr/LSW/precInfoP.do?mode=0&precSeq=381336
384644,요양급여불승인처분취소,[수원지방법원 2013구단158],https://www.law.go.kr/LSW/precInfoP.do?mode=0&precSeq=384644
392684,요양급여불승인처분취소,[수원지방법원 2015구단1711],https://www.law.go.kr/LSW/precInfoP.do?mode=0&precSeq=392684
396628,요양급여불승인처분취소,[수원지방법원 2016구단1343],https://www.law.go.kr/LSW/precInfoP.do?mode=0&precSeq=396628
382034,요양급여불승인처분취소,"본 컨텐츠는
 근로복지공단 산재판례 에서 수집한 데이터로, 관련 문의는 해당 기관으로 부탁드립니다.",https://www.law.go.kr/LSW/precInfoP.do?mode=0&precSeq=382034
393854,요양급여불승인처분취소,[울산지방법원 2015구합1339],https://www.law.go.kr/LSW/precInfoP.do?mode=0&precSeq=393854
410142,요양급여불승인처분취소,"본 컨텐츠는
 근로복지공단 산재판례 에서 수집한 데이터로, 관련 문의는 해당 기관으로 부탁드립니다.",https://www.law.go.kr/LSW/precInfoP.do?mode=0&precSeq=410142
417132,요양급여불승인처분취소,[의정부지방법원 2023구단5910],https://www.law.go.kr/LSW/precInfoP.do?mode=0&precSeq=417132
380446,요양급여불승인처분취소,[인천지방법원 2012구단1324],https://www.law.go.kr/LSW/precInfoP.do?mode=0&precSeq=380446
396498,요양급여불승인처분취소,[인천지방법원 2016구단1094],https://www.law.go.kr/LSW/precInfoP.do?mode=0&precSeq=396498
414168,요양급여불승인처분취소,"본 컨텐츠는
 근로복지공단 산재판례 에서 수집한 데이터로, 관련 문의는 해당 기관으로 부탁드립니다.",https://www.law.go.kr/LSW/precInfoP.do?mode=0&precSeq=414168
363790,요양급여불승인처분취소,[창원지방법원 2008구단1970],https://www.law.go.kr/LSW/precInfoP.do?mode=0&precSeq=363790
396690,요양급여불승인처분취소,"본 컨텐츠는
 근로복지공단 산재판례 에서 수집한 데이터로, 관련 문의는 해당 기관으로 부탁드립니다.",https://www.law.go.kr/LSW/precInfoP.do?mode=0&precSeq=396690
397250,요양급여불승인처분취소,[창원지방법원 2016구단57],https://www.law.go.kr/LSW/precInfoP.do?mode=0&precSeq=397250
415284,요양급여불승인처분취소,"본 컨텐츠는
 근로복지공단 산재판례 에서 수집한 데이터로, 관련 문의는 해당 기관으로 부탁드립니다.",https://www.law.go.kr/LSW/precInfoP.do?mode=0&precSeq=415284
417152,요양급여불승인처분취소,[청주지방법원 2023구합202],https://www.law.go.kr/LSW/precInfoP.do?mode=0&precSeq=417152
385728,요양급여불승인처분취소,[춘천지방법원 2013구합1230],https://www.law.go.kr/LSW/precInfoP.do?mode=0&precSeq=385728
394386,요양급여불승인처분취소,[춘천지방법원 2015구합729],https://www.law.go.kr/LSW/precInfoP.do?mode=0&precSeq=394386
397798,요양급여불승인처분취소,[춘천지방법원 2016구합50257],https://www.law.go.kr/LSW/precInfoP.do?mode=0&precSeq=397798
398136,요양급여불승인처분취소,[춘천지방법원 2016구합658],https://www.law.go.kr/LSW/precInfoP.do?mode=0&precSeq=398136
417170,요양급여불승인처분취소 청구의 소,[광주고등법원 2023누10333],https://www.law.go.kr/LSW/precInfoP.do?mode=0&precSeq=417170
397168,요양급여불승인처분취소 청구의 소,"본 컨텐츠는
 근로복지공단 산재판례 에서 수집한 데이터로, 관련 문의는 해당 기관으로 부탁드립니다.",https://www.law.go.kr/LSW/precInfoP.do?mode=0&precSeq=397168
404400,요양급여불승인처분취소 청구의 소,[서울행정법원 2018구단69694],https://www.law.go.kr/LSW/precInfoP.do?mode=0&precSeq=404400
413344,요양급여불승인처분취소 청구의 소,"본 컨텐츠는
 근로복지공단 산재판례 에서 수집한 데이터로, 관련 문의는 해당 기관으로 부탁드립니다.",https://www.law.go.kr/LSW/precInfoP.do?mode=0&precSeq=413344
238455,요양급여불승인처분취소청구,,https://www.law.go.kr/LSW/precInfoP.do?mode=0&precSeq=238455
394760,요양급여불승인처분취소청구,[부산고등법원 2015누20374],https://www.law.go.kr/LSW/precInfoP.do?mode=0&precSeq=394760
417158,요양급여불승인처분취소청구,[부산고등법원창원재판부 2023누10054],https://www.law.go.kr/LSW/precInfoP.do?mode=0&precSeq=417158
393546,요양급여불승인처분취소청구,[서울행정법원 2015구단61071],https://www.law.go.kr/LSW/precInfoP.do?mode=0&precSeq=393546
415310,요양급여불승인처분취소청구,"본 컨텐츠는
 근로복지공단 산재판례 에서 수집한 데이터로, 관련 문의는 해당 기관으로 부탁드립니다.",https://www.law.go.kr/LSW/precInfoP.do?mode=0&precSeq=415310
416206,요양급여승인결정 취소 등,"본 컨텐츠는
 근로복지공단 산재판례 에서 수집한 데이터로, 관련 문의는 해당 기관으로 부탁드립니다.",https://www.law.go.kr/LSW/precInfoP.do?mode=0&precSeq=416206
415396,요양급여승인결정취소,"본 컨텐츠는
 근로복지공단 산재판례 에서 수집한 데이터로, 관련 문의는 해당 기관으로 부탁드립니다.",https://www.law.go.kr/LSW/precInfoP.do?mode=0&precSeq=415396
406622,요양급여승인처분 취소,[대구지방법원 2019구단10196],https://www.law.go.kr/LSW/precInfoP.do?mode=0&precSeq=406622
380502,요양급여승인처분취소,[부산지방법원 2012구단1420],https://www.law.go.kr/LSW/precInfoP.do?mode=0&precSeq=380502
415410,요양급여승인처분취소,"본 컨텐츠는
 근로복지공단 산재판례 에서 수집한 데이터로, 관련 문의는 해당 기관으로 부탁드립니다.",https://www.law.go.kr/LSW/precInfoP.do?mode=0&precSeq=415410
383414,요양급여승인처분취소,"본 컨텐츠는
 근로복지공단 산재판례 에서 수집한 데이터로, 관련 문의는 해당 기관으로 부탁드립니다.",https://www.law.go.kr/LSW/precInfoP.do?mode=0&precSeq=383414
389348,요양급여승인처분취소,[서울행정법원 2014구단55178],https://www.law.go.kr/LSW/precInfoP.do?mode=0&precSeq=389348
416122,요양급여승인처분취소,"본 컨텐츠는
 근로복지공단 산재판례 에서 수집한 데이터로, 관련 문의는 해당 기관으로 부탁드립니다.",https://www.law.go.kr/LSW/precInfoP.do?mode=0&precSeq=416122
371522,요양급여승인취소처분취소,[서울행정법원 2010구단10283],https://www.law.go.kr/LSW/precInfoP.do?mode=0&precSeq=371522
410468,요양급여신청 불승인 처분 취소,"본 컨텐츠는
 근로복지공단 산재판례 에서 수집한 데이터로, 관련 문의는 해당 기관으로 부탁드립니다.",https://www.law.go.kr/LSW/precInfoP.do?mode=0&precSeq=410468
381510,요양급여신청거부처분취소,"본 컨텐츠는
 근로복지공단 산재판례 에서 수집한 데이터로, 관련 문의는 해당 기관으로 부탁드립니다.",https://www.law.go.kr/LSW/precInfoP.do?mode=0&precSeq=381510
373148,요양급여신청거부처분취소,[울산지방법원 2010구합1181],https://www.law.go.kr/LSW/precInfoP.do?mode=0&precSeq=373148
391050,요양급여신청불승인처분 취소,[광주고등법원 2014누5018],https://www.law.go.kr/LSW/precInfoP.do?mode=0&precSeq=391050
415308,요양급여신청불승인처분취소,"본 컨텐츠는
 근로복지공단 산재판례 에서 수집한 데이터로, 관련 문의는 해당 기관으로 부탁드립니다.",https://www.law.go.kr/LSW/precInfoP.do?mode=0&precSeq=415308
150018,요양급여신청불승인처분취소,,https://www.law.go.kr/LSW/precInfoP.do?mode=0&precSeq=150018
370302,요양급여신청불승인처분취소,[서울고등법원 2009누38451],https://www.law.go.kr/LSW/precInfoP.do?mode=0&precSeq=370302
371624,요양급여신청불승인처분취소,[서울행정법원 2010구단12210],https://www.law.go.kr/LSW/precInfoP.do?mode=0&precSeq=371624
371944,요양급여신청불승인처분취소,[서울행정법원 2010구단17932],https://www.law.go.kr/LSW/precInfoP.do?mode=0&precSeq=371944
388922,요양급여신청불승인처분취소,[서울행정법원 2014구단2495],https://www.law.go.kr/LSW/precInfoP.do?mode=0&precSeq=388922
382060,요양급여신청불승인처분취소,[전주지방법원 2012구합3054],https://www.law.go.kr/LSW/precInfoP.do?mode=0&precSeq=382060
397818,요양급여신청불승인처분취소,[춘천지방법원 2016구합50608],https://www.law.go.kr/LSW/precInfoP.do?mode=0&precSeq=397818
393786,요양급여신청불승인취소,[인천지방법원 2015구단957],https://www.law.go.kr/LSW/precInfoP.do?mode=0&precSeq=393786
386780,요양급여신청서반려처분취소,[서울고등법원 2013누18041],https://www.law.go.kr/LSW/precInfoP.do?mode=0&precSeq=386780
373326,요양급여신청서반려처분취소,[청주지방법원 2010구합2017],https://www.law.go.kr/LSW/precInfoP.do?mode=0&precSeq=373326
381344,요양급여에관한처분취소,[서울행정법원 2012구단5476],https://www.law.go.kr/LSW/precInfoP.do?mode=0&precSeq=381344
415412,요양급여일부(변경)승인처분 취소청고의 소,"본 컨텐츠는
 근로복지공단 산재판례 에서 수집한 데이터로, 관련 문의는 해당 기관으로 부탁드립니다.",https://www.law.go.kr/LSW/precInfoP.do?mode=0&precSeq=415412
391218,요양급여일부부지급결정취소,[광주고등법원 2014누5629],https://www.law.go.kr/LSW/precInfoP.do?mode=0&precSeq=391218
415414,요양급여일부승인처분 취소,[부산지방법원 2022구단21492],https://www.law.go.kr/LSW/precInfoP.do?mode=0&precSeq=415414
393120,요양급여일부승인처분취소,[서울행정법원 2015구단52893],https://www.law.go.kr/LSW/precInfoP.do?mode=0&precSeq=393120
391408,요양급여조정지급처분취소,[서울고등법원 2014누62403],https://www.law.go.kr/LSW/precInfoP.do?mode=0&precSeq=391408
387448,요양기간연장(진료계획)불승인처분취소,[서울고등법원 2013누4356],https://www.law.go.kr/LSW/precInfoP.do?mode=0&precSeq=387448
365124,요양담당의료기관지정취소,[서울행정법원 2008구합43171],https://www.law.go.kr/LSW/precInfoP.do?mode=0&precSeq=365124
134244,요양담당의료기관지정취소처분취소,,https://www.law.go.kr/LSW/precInfoP.do?mode=0&precSeq=134244
131323,요양담당의료기관지정취소처분취소,[대법원 2009. 3. 26. 선고 2008두22495 판결],https://www.law.go.kr/LSW/precInfoP.do?mode=0&precSeq=131323
361738,요양담당의료기관지정취소처분취소,[전주지방법원 2006구합566],https://www.law.go.kr/LSW/precInfoP.do?mode=0&precSeq=361738
365160,요양담당의료기관지정취소처분취소청구,[서울행정법원 2008구합45443],https://www.law.go.kr/LSW/precInfoP.do?mode=0&precSeq=365160
397406,요양등불승인처분취소,[서울행정법원 2016구단62170],https://www.law.go.kr/LSW/precInfoP.do?mode=0&precSeq=397406
397254,요양보험급여 결정 취소,[서울행정법원 2016구단57147],https://www.law.go.kr/LSW/precInfoP.do?mode=0&precSeq=397254
402238,요양보험급여결정 및 산재보험급여액징수결정처분 취소,[광주고등법원 2017누4405],https://www.law.go.kr/LSW/precInfoP.do?mode=0&precSeq=402238
396510,요양보험급여결정 및 산재보험급여액징수결정처분취소,[광주지방법원 2016구단11028],https://www.law.go.kr/LSW/precInfoP.do?mode=0&precSeq=396510
409978,요양보험급여결정승인처분 취소청구의 소,[부산지방법원 2020구단20617],https://www.law.go.kr/LSW/precInfoP.do?mode=0&precSeq=409978
404362,요양보험급여결정처분 무효확인 등,[서울행정법원 2018구단68691],https://www.law.go.kr/LSW/precInfoP.do?mode=0&precSeq=404362
386726,요양보험급여결정처분취소,[서울고등법원 2013누163],https://www.law.go.kr/LSW/precInfoP.do?mode=0&precSeq=386726
384754,요양보험급여결정처분취소,[서울행정법원 2013구단19199],https://www.law.go.kr/LSW/precInfoP.do?mode=0&precSeq=384754
363662,요양보험급여결정처분취소청구의소,[서울행정법원 2008구단16868],https://www.law.go.kr/LSW/precInfoP.do?mode=0&precSeq=363662
397584,요양보험급여결정취소,[수원지방법원 2016구단7334],https://www.law.go.kr/LSW/precInfoP.do?mode=0&precSeq=397584
384298,요양보험급여결정취소,[창원지방법원 2013구단10107],https://www.law.go.kr/LSW/precInfoP.do?mode=0&precSeq=384298
361594,요양보험급여불승인처분취소,[창원지방법원 2006구단3637],https://www.law.go.kr/LSW/precInfoP.do?mode=0&precSeq=361594
397138,요양보험급여승인결정취소,[서울행정법원 2016구단54223],https://www.law.go.kr/LSW/precInfoP.do?mode=0&precSeq=397138
405152,요양불승인 처분 취소,[울산지방법원 2018구합6748],https://www.law.go.kr/LSW/precInfoP.do?mode=0&precSeq=405152
393218,요양불승인 처분 취소,[전주지방법원 2015구단554],https://www.law.go.kr/LSW/precInfoP.do?mode=0&precSeq=393218
394640,요양불승인 처분취소,[대전고등법원 2015누11125],https://www.law.go.kr/LSW/precInfoP.do?mode=0&precSeq=394640
362752,"요양불승인, 추가상병불승인, 요양연기일부불승인","본 컨텐츠는
 근로복지공단 산재판례 에서 수집한 데이터로, 관련 문의는 해당 기관으로 부탁드립니다.",https://www.law.go.kr/LSW/precInfoP.do?mode=0&precSeq=362752
400464,요양불승인결정처분취소,[부산지방법원 2017구단453],https://www.law.go.kr/LSW/precInfoP.do?mode=0&precSeq=400464
409900,요양불승인결정처분취소,"본 컨텐츠는
 근로복지공단 산재판례 에서 수집한 데이터로, 관련 문의는 해당 기관으로 부탁드립니다.",https://www.law.go.kr/LSW/precInfoP.do?mode=0&precSeq=409900
369160,요양불승인결정처분취소,[울산지방법원 2009구합908],https://www.law.go.kr/LSW/precInfoP.do?mode=0&precSeq=369160
416258,요양불승인결정취소,[부산고등법원울산재판부 2022누10005],https://www.law.go.kr/LSW/precInfoP.do?mode=0&precSeq=416258
393264,요양불승인결정취소,[서울행정법원 2015구단56147],https://www.law.go.kr/LSW/precInfoP.do?mode=0&precSeq=393264
396536,요양불승인심사결정취소,[부산지방법원 2016구단1145],https://www.law.go.kr/LSW/precInfoP.do?mode=0&precSeq=396536
380938,요양불승인심사결정취소,[서울행정법원 2012구단24361],https://www.law.go.kr/LSW/precInfoP.do?mode=0&precSeq=380938
409662,요양불승인처분 취소,[대구지방법원 2020구단10],https://www.law.go.kr/LSW/precInfoP.do?mode=0&precSeq=409662
398534,요양불승인처분 취소,[대전고등법원 2016누11375],https://www.law.go.kr/LSW/precInfoP.do?mode=0&precSeq=398534
393772,요양불승인처분 취소,[대전지방법원 2015구단924],https://www.law.go.kr/LSW/precInfoP.do?mode=0&precSeq=393772
397602,요양불승인처분 취소,[대전지방법원 2016구단778],https://www.law.go.kr/LSW/precInfoP.do?mode=0&precSeq=397602
406976,요양불승인처분 취소,[서울행정법원 2019구단2650],https://www.law.go.kr/LSW/precInfoP.do?mode=0&precSeq=406976
407136,요양불승인처분 취소,[서울행정법원 2019구단51133],https://www.law.go.kr/LSW/precInfoP.do?mode=0&precSeq=407136
407178,요양불승인처분 취소,[서울행정법원 2019구단52266],https://www.law.go.kr/LSW/precInfoP.do?mode=0&precSeq=407178
413140,요양불승인처분 취소,[서울행정법원 2021구단62563],https://www.law.go.kr/LSW/precInfoP.do?mode=0&precSeq=413140
407108,요양불승인처분 취소,[인천지방법원 2019구단50523],https://www.law.go.kr/LSW/precInfoP.do?mode=0&precSeq=407108
407128,요양불승인처분 취소,[인천지방법원 2019구단50950],https://www.law.go.kr/LSW/precInfoP.do?mode=0&precSeq=407128
397780,요양불승인처분 취소,[청주지방법원 2016구합365],https://www.law.go.kr/LSW/precInfoP.do?mode=0&precSeq=397780
375266,요양불승인처분 취소 등,"본 컨텐츠는
 근로복지공단 산재판례 에서 수집한 데이터로, 관련 문의는 해당 기관으로 부탁드립니다.",https://www.law.go.kr/LSW/precInfoP.do?mode=0&precSeq=375266
395028,요양불승인처분 취소 청구의 소,"본 컨텐츠는
 근로복지공단 산재판례 에서 수집한 데이터로, 관련 문의는 해당 기관으로 부탁드립니다.",https://www.law.go.kr/LSW/precInfoP.do?mode=0&precSeq=395028
362602,요양불승인처분 취소청구,"본 컨텐츠는
 근로복지공단 산재판례 에서 수집한 데이터로, 관련 문의는 해당 기관으로 부탁드립니다.",https://www.law.go.kr/LSW/precInfoP.do?mode=0&precSeq=362602
396496,요양불승인처분 취소청구의 소,[대구지방법원 2016구단10812],https://www.law.go.kr/LSW/precInfoP.do?mode=0&precSeq=396496
369318,요양불승인처분등취소,[대구고등법원 2009누127],https://www.law.go.kr/LSW/precInfoP.do?mode=0&precSeq=369318
363960,요양불승인처분등취소,[부산지방법원 2008구단291],https://www.law.go.kr/LSW/precInfoP.do?mode=0&precSeq=363960
390854,요양불승인처분등취소,[서울고등법원 2014누41611],https://www.law.go.kr/LSW/precInfoP.do?mode=0&precSeq=390854
395548,요양불승인처분등취소,[서울고등법원 2015누59695],https://www.law.go.kr/LSW/precInfoP.do?mode=0&precSeq=395548
380612,요양불승인처분및부당이득징수처분취소,"본 컨텐츠는
 근로복지공단 산재판례 에서 수집한 데이터로, 관련 문의는 해당 기관으로 부탁드립니다.",https://www.law.go.kr/LSW/precInfoP.do?mode=0&precSeq=380612
365812,요양불승인처분취소,[광주고등법원 2008누2445],https://www.law.go.kr/LSW/precInfoP.do?mode=0&precSeq=365812
366426,요양불승인처분취소,[광주고등법원 2008누821],https://www.law.go.kr/LSW/precInfoP.do?mode=0&precSeq=366426
370810,요양불승인처분취소,[광주고등법원 2009누989],https://www.law.go.kr/LSW/precInfoP.do?mode=0&precSeq=370810
374384,요양불승인처분취소,[광주고등법원 2010누1902],https://www.law.go.kr/LSW/precInfoP.do?mode=0&precSeq=374384
386616,요양불승인처분취소,[광주고등법원 2013누1361],https://www.law.go.kr/LSW/precInfoP.do?mode=0&precSeq=386616
387762,요양불승인처분취소,[광주고등법원 2013누764],https://www.law.go.kr/LSW/precInfoP.do?mode=0&precSeq=387762
387850,요양불승인처분취소,[광주고등법원 2013누955],https://www.law.go.kr/LSW/precInfoP.do?mode=0&precSeq=387850
391262,요양불승인처분취소,[광주고등법원 2014누5780],https://www.law.go.kr/LSW/precInfoP.do?mode=0&precSeq=391262
391292,요양불승인처분취소,[광주고등법원 2014누5872],https://www.law.go.kr/LSW/precInfoP.do?mode=0&precSeq=391292
391620,요양불승인처분취소,[광주고등법원 2014누6950],https://www.law.go.kr/LSW/precInfoP.do?mode=0&precSeq=391620
395478,요양불승인처분취소,[광주고등법원 2015누5565],https://www.law.go.kr/LSW/precInfoP.do?mode=0&precSeq=395478
395606,요양불승인처분취소,[광주고등법원 2015누6209],https://www.law.go.kr/LSW/precInfoP.do?mode=0&precSeq=395606
405456,요양불승인처분취소,[광주고등법원 2018누1638],https://www.law.go.kr/LSW/precInfoP.do?mode=0&precSeq=405456
366412,요양불승인처분취소,[광주고등법원전주부 2008누708],https://www.law.go.kr/LSW/precInfoP.do?mode=0&precSeq=366412
387866,요양불승인처분취소,[광주고등법원전주부 2013누975],https://www.law.go.kr/LSW/precInfoP.do?mode=0&precSeq=387866
395090,요양불승인처분취소,"본 컨텐츠는
 근로복지공단 산재판례 에서 수집한 데이터로, 관련 문의는 해당 기관으로 부탁드립니다.",https://www.law.go.kr/LSW/precInfoP.do?mode=0&precSeq=395090
408786,요양불승인처분취소,[광주고등법원전주재판부 2019누1703],https://www.law.go.kr/LSW/precInfoP.do?mode=0&precSeq=408786
374582,요양불승인처분취소,"본 컨텐츠는
 근로복지공단 산재판례 에서 수집한 데이터로, 관련 문의는 해당 기관으로 부탁드립니다.",https://www.law.go.kr/LSW/precInfoP.do?mode=0&precSeq=374582
378422,요양불승인처분취소,[광주고등법원제주부 2011누15],https://www.law.go.kr/LSW/precInfoP.do?mode=0&precSeq=378422
362684,요양불승인처분취소,"본 컨텐츠는
 근로복지공단 산재판례 에서 수집한 데이터로, 관련 문의는 해당 기관으로 부탁드립니다.",https://www.law.go.kr/LSW/precInfoP.do?mode=0&precSeq=362684
362858,요양불승인처분취소,"본 컨텐츠는
 근로복지공단 산재판례 에서 수집한 데이터로, 관련 문의는 해당 기관으로 부탁드립니다.",https://www.law.go.kr/LSW/precInfoP.do?mode=0&precSeq=362858
364968,요양불승인처분취소,[광주지방법원 2008구합3234],https://www.law.go.kr/LSW/precInfoP.do?mode=0&precSeq=364968
368580,요양불승인처분취소,"본 컨텐츠는
 근로복지공단 산재판례 에서 수집한 데이터로, 관련 문의는 해당 기관으로 부탁드립니다.",https://www.law.go.kr/LSW/precInfoP.do?mode=0&precSeq=368580
368716,요양불승인처분취소,"본 컨텐츠는
 근로복지공단 산재판례 에서 수집한 데이터로, 관련 문의는 해당 기관으로 부탁드립니다.",https://www.law.go.kr/LSW/precInfoP.do?mode=0&precSeq=368716
368892,요양불승인처분취소,[광주지방법원 2009구합4494],https://www.law.go.kr/LSW/precInfoP.do?mode=0&precSeq=368892
373316,요양불승인처분취소,[광주지방법원 2010구합1972],https://www.law.go.kr/LSW/precInfoP.do?mode=0&precSeq=373316
373876,요양불승인처분취소,[광주지방법원 2010구합4797],https://www.law.go.kr/LSW/precInfoP.do?mode=0&precSeq=373876
396438,요양불승인처분취소,"본 컨텐츠는
 근로복지공단 산재판례 에서 수집한 데이터로, 관련 문의는 해당 기관으로 부탁드립니다.",https://www.law.go.kr/LSW/precInfoP.do?mode=0&precSeq=396438
396502,요양불승인처분취소,[광주지방법원 2016구단10988],https://www.law.go.kr/LSW/precInfoP.do?mode=0&precSeq=396502
396504,요양불승인처분취소,[광주지방법원 2016구단10995],https://www.law.go.kr/LSW/precInfoP.do?mode=0&precSeq=396504
396508,요양불승인처분취소,[광주지방법원 2016구단11004],https://www.law.go.kr/LSW/precInfoP.do?mode=0&precSeq=396508
396522,요양불승인처분취소,[광주지방법원 2016구단11240],https://www.law.go.kr/LSW/precInfoP.do?mode=0&precSeq=396522
406684,요양불승인처분취소,[광주지방법원 2019구단10897],https://www.law.go.kr/LSW/precInfoP.do?mode=0&precSeq=406684
406688,요양불승인처분취소,[광주지방법원 2019구단10941],https://www.law.go.kr/LSW/precInfoP.do?mode=0&precSeq=406688
365360,요양불승인처분취소,[대구고등법원 2008누1079],https://www.law.go.kr/LSW/precInfoP.do?mode=0&precSeq=365360
365526,요양불승인처분취소,[대구고등법원 2008누1536],https://www.law.go.kr/LSW/precInfoP.do?mode=0&precSeq=365526
365628,요양불승인처분취소,[대구고등법원 2008누1901],https://www.law.go.kr/LSW/precInfoP.do?mode=0&precSeq=365628
365758,요양불승인처분취소,[대구고등법원 2008누2287],https://www.law.go.kr/LSW/precInfoP.do?mode=0&precSeq=365758
365786,요양불승인처분취소,[대구고등법원 2008누2348],https://www.law.go.kr/LSW/precInfoP.do?mode=0&precSeq=365786
369220,요양불승인처분취소,[대구고등법원 2009누1076],https://www.law.go.kr/LSW/precInfoP.do?mode=0&precSeq=369220
369352,요양불승인처분취소,[대구고등법원 2009누1373],https://www.law.go.kr/LSW/precInfoP.do?mode=0&precSeq=369352
369376,요양불승인처분취소,[대구고등법원 2009누1403],https://www.law.go.kr/LSW/precInfoP.do?mode=0&precSeq=369376
369574,요양불승인처분취소,[대구고등법원 2009누1854],https://www.law.go.kr/LSW/precInfoP.do?mode=0&precSeq=369574
369688,요양불승인처분취소,[대구고등법원 2009누2079],https://www.law.go.kr/LSW/precInfoP.do?mode=0&precSeq=369688
369718,요양불승인처분취소,[대구고등법원 2009누2130],https://www.law.go.kr/LSW/precInfoP.do?mode=0&precSeq=369718
369750,요양불승인처분취소,[대구고등법원 2009누2253],https://www.law.go.kr/LSW/precInfoP.do?mode=0&precSeq=369750
374496,요양불승인처분취소,[대구고등법원 2010누2259],https://www.law.go.kr/LSW/precInfoP.do?mode=0&precSeq=374496
374640,요양불승인처분취소,[대구고등법원 2010누2679],https://www.law.go.kr/LSW/precInfoP.do?mode=0&precSeq=374640
374704,요양불승인처분취소,[대구고등법원 2010누2846],https://www.law.go.kr/LSW/precInfoP.do?mode=0&precSeq=374704
382790,요양불승인처분취소,"본 컨텐츠는
 근로복지공단 산재판례 에서 수집한 데이터로, 관련 문의는 해당 기관으로 부탁드립니다.",https://www.law.go.kr/LSW/precInfoP.do?mode=0&precSeq=382790
383654,요양불승인처분취소,"본 컨텐츠는
 근로복지공단 산재판례 에서 수집한 데이터로, 관련 문의는 해당 기관으로 부탁드립니다.",https://www.law.go.kr/LSW/precInfoP.do?mode=0&precSeq=383654
387648,요양불승인처분취소,[대구고등법원 2013누568],https://www.law.go.kr/LSW/precInfoP.do?mode=0&precSeq=387648
387712,요양불승인처분취소,[대구고등법원 2013누667],https://www.law.go.kr/LSW/precInfoP.do?mode=0&precSeq=387712
391596,요양불승인처분취소,[대구고등법원 2014누6853],https://www.law.go.kr/LSW/precInfoP.do?mode=0&precSeq=391596
395196,요양불승인처분취소,[대구고등법원 2015누4236],https://www.law.go.kr/LSW/precInfoP.do?mode=0&precSeq=395196
395346,요양불승인처분취소,"본 컨텐츠는
 근로복지공단 산재판례 에서 수집한 데이터로, 관련 문의는 해당 기관으로 부탁드립니다.",https://www.law.go.kr/LSW/precInfoP.do?mode=0&precSeq=395346
395420,요양불승인처분취소,[대구고등법원 2015누5345],https://www.law.go.kr/LSW/precInfoP.do?mode=0&precSeq=395420
395444,요양불승인처분취소,[대구고등법원 2015누5420],https://www.law.go.kr/LSW/precInfoP.do?mode=0&precSeq=395444
395674,요양불승인처분취소,"본 컨텐츠는
 근로복지공단 산재판례 에서 수집한 데이터로, 관련 문의는 해당 기관으로 부탁드립니다.",https://www.law.go.kr/LSW/precInfoP.do?mode=0&precSeq=395674
395742,요양불승인처분취소,[대구고등법원 2015누6706],https://www.law.go.kr/LSW/precInfoP.do?mode=0&precSeq=395742
395840,요양불승인처분취소,[대구고등법원 2015누7174],https://www.law.go.kr/LSW/precInfoP.do?mode=0&precSeq=395840
414436,요양불승인처분취소,"본 컨텐츠는
 근로복지공단 산재판례 에서 수집한 데이터로, 관련 문의는 해당 기관으로 부탁드립니다.",https://www.law.go.kr/LSW/precInfoP.do?mode=0&precSeq=414436
362230,요양불승인처분취소,"본 컨텐츠는
 근로복지공단 산재판례 에서 수집한 데이터로, 관련 문의는 해당 기관으로 부탁드립니다.",https://www.law.go.kr/LSW/precInfoP.do?mode=0&precSeq=362230
363150,요양불승인처분취소,[대구지방법원 2008구단1042],https://www.law.go.kr/LSW/precInfoP.do?mode=0&precSeq=363150
363350,요양불승인처분취소,[대구지방법원 2008구단1257],https://www.law.go.kr/LSW/precInfoP.do?mode=0&precSeq=363350
371992,요양불승인처분취소,[대구지방법원 2010구단1854],https://www.law.go.kr/LSW/precInfoP.do?mode=0&precSeq=371992
372316,요양불승인처분취소,[대구지방법원 2010구단2451],https://www.law.go.kr/LSW/precInfoP.do?mode=0&precSeq=372316
372340,요양불승인처분취소,"본 컨텐츠는
 근로복지공단 산재판례 에서 수집한 데이터로, 관련 문의는 해당 기관으로 부탁드립니다.",https://www.law.go.kr/LSW/precInfoP.do?mode=0&precSeq=372340
372350,요양불승인처분취소,[대구지방법원 2010구단2512],https://www.law.go.kr/LSW/precInfoP.do?mode=0&precSeq=372350
372686,요양불승인처분취소,[대구지방법원 2010구단4068],https://www.law.go.kr/LSW/precInfoP.do?mode=0&precSeq=372686
380388,요양불승인처분취소,[대구지방법원 2012구단1209],https://www.law.go.kr/LSW/precInfoP.do?mode=0&precSeq=380388
381404,요양불승인처분취소,"본 컨텐츠는
 근로복지공단 산재판례 에서 수집한 데이터로, 관련 문의는 해당 기관으로 부탁드립니다.",https://www.law.go.kr/LSW/precInfoP.do?mode=0&precSeq=381404
385490,요양불승인처분취소,[대구지방법원 2013구단647],https://www.law.go.kr/LSW/precInfoP.do?mode=0&precSeq=385490
388948,요양불승인처분취소,[대구지방법원 2014구단2640],https://www.law.go.kr/LSW/precInfoP.do?mode=0&precSeq=388948
392546,요양불승인처분취소,[대구지방법원 2015구단11740],https://www.law.go.kr/LSW/precInfoP.do?mode=0&precSeq=392546
392602,요양불승인처분취소,[대구지방법원 2015구단1347],https://www.law.go.kr/LSW/precInfoP.do?mode=0&precSeq=392602
392856,요양불승인처분취소,[대구지방법원 2015구단252],https://www.law.go.kr/LSW/precInfoP.do?mode=0&precSeq=392856
393248,요양불승인처분취소,[대구지방법원 2015구단559],https://www.law.go.kr/LSW/precInfoP.do?mode=0&precSeq=393248
393910,요양불승인처분취소,[대구지방법원 2015구합22716],https://www.law.go.kr/LSW/precInfoP.do?mode=0&precSeq=393910
396440,요양불승인처분취소,[대구지방법원 2016구단10072],https://www.law.go.kr/LSW/precInfoP.do?mode=0&precSeq=396440
396456,요양불승인처분취소,[대구지방법원 2016구단10171],https://www.law.go.kr/LSW/precInfoP.do?mode=0&precSeq=396456
396494,요양불승인처분취소,[대구지방법원 2016구단10775],https://www.law.go.kr/LSW/precInfoP.do?mode=0&precSeq=396494
396512,요양불승인처분취소,[대구지방법원 2016구단11037],https://www.law.go.kr/LSW/precInfoP.do?mode=0&precSeq=396512
396660,요양불승인처분취소,"본 컨텐츠는
 근로복지공단 산재판례 에서 수집한 데이터로, 관련 문의는 해당 기관으로 부탁드립니다.",https://www.law.go.kr/LSW/precInfoP.do?mode=0&precSeq=396660
396670,요양불승인처분취소,"본 컨텐츠는
 근로복지공단 산재판례 에서 수집한 데이터로, 관련 문의는 해당 기관으로 부탁드립니다.",https://www.law.go.kr/LSW/precInfoP.do?mode=0&precSeq=396670
396942,요양불승인처분취소,"본 컨텐츠는
 근로복지공단 산재판례 에서 수집한 데이터로, 관련 문의는 해당 기관으로 부탁드립니다.",https://www.law.go.kr/LSW/precInfoP.do?mode=0&precSeq=396942
397076,요양불승인처분취소,[대구지방법원 2016구단525],https://www.law.go.kr/LSW/precInfoP.do?mode=0&precSeq=397076
397580,요양불승인처분취소,[대구지방법원 2016구단716],https://www.law.go.kr/LSW/precInfoP.do?mode=0&precSeq=397580
397624,요양불승인처분취소,[대구지방법원 2016구단839],https://www.law.go.kr/LSW/precInfoP.do?mode=0&precSeq=397624
403540,요양불승인처분취소,[대구지방법원 2018구단11512],https://www.law.go.kr/LSW/precInfoP.do?mode=0&precSeq=403540
412434,요양불승인처분취소,"본 컨텐츠는
 근로복지공단 산재판례 에서 수집한 데이터로, 관련 문의는 해당 기관으로 부탁드립니다.",https://www.law.go.kr/LSW/precInfoP.do?mode=0&precSeq=412434
415272,요양불승인처분취소,"본 컨텐츠는
 근로복지공단 산재판례 에서 수집한 데이터로, 관련 문의는 해당 기관으로 부탁드립니다.",https://www.law.go.kr/LSW/precInfoP.do?mode=0&precSeq=415272
415280,요양불승인처분취소,"본 컨텐츠는
 근로복지공단 산재판례 에서 수집한 데이터로, 관련 문의는 해당 기관으로 부탁드립니다.",https://www.law.go.kr/LSW/precInfoP.do?mode=0&precSeq=415280
415298,요양불승인처분취소,"본 컨텐츠는
 근로복지공단 산재판례 에서 수집한 데이터로, 관련 문의는 해당 기관으로 부탁드립니다.",https://www.law.go.kr/LSW/precInfoP.do?mode=0&precSeq=415298
415304,요양불승인처분취소,"본 컨텐츠는
 근로복지공단 산재판례 에서 수집한 데이터로, 관련 문의는 해당 기관으로 부탁드립니다.",https://www.law.go.kr/LSW/precInfoP.do?mode=0&precSeq=415304
416038,요양불승인처분취소,"본 컨텐츠는
 근로복지공단 산재판례 에서 수집한 데이터로, 관련 문의는 해당 기관으로 부탁드립니다.",https://www.law.go.kr/LSW/precInfoP.do?mode=0&precSeq=416038
417032,요양불승인처분취소,[대구지방법원 2023구단1663],https://www.law.go.kr/LSW/precInfoP.do?mode=0&precSeq=417032
417146,요양불승인처분취소,[대구지방법원 2023구단837],https://www.law.go.kr/LSW/precInfoP.do?mode=0&precSeq=417146
82616,요양불승인처분취소,[대법원 2003. 5. 30. 선고 2002두13055 판결],https://www.law.go.kr/LSW/precInfoP.do?mode=0&precSeq=82616
81480,요양불승인처분취소,,https://www.law.go.kr/LSW/precInfoP.do?mode=0&precSeq=81480
67235,요양불승인처분취소,,https://www.law.go.kr/LSW/precInfoP.do?mode=0&precSeq=67235
85028,요양불승인처분취소,,https://www.law.go.kr/LSW/precInfoP.do?mode=0&precSeq=85028
216127,요양불승인처분취소,,https://www.law.go.kr/LSW/precInfoP.do?mode=0&precSeq=216127
216405,요양불승인처분취소,[대법원 2007. 6. 1. 선고 2005두517 판결],https://www.law.go.kr/LSW/precInfoP.do?mode=0&precSeq=216405
67918,요양불승인처분취소,[대법원 2006. 3. 24. 선고 2005두5185 판결],https://www.law.go.kr/LSW/precInfoP.do?mode=0&precSeq=67918
68546,요양불승인처분취소,[대법원 2007. 3. 29. 선고 2006두19150 판결],https://www.law.go.kr/LSW/precInfoP.do?mode=0&precSeq=68546
85032,요양불승인처분취소,[대법원 2007. 4. 12. 선고 2006두4912 판결],https://www.law.go.kr/LSW/precInfoP.do?mode=0&precSeq=85032
139602,요양불승인처분취소,[대법원 2009. 5. 14. 선고 2007두24548 판결],https://www.law.go.kr/LSW/precInfoP.do?mode=0&precSeq=139602
140256,요양불승인처분취소,[대법원 2009. 5. 28. 선고 2007두2784 판결],https://www.law.go.kr/LSW/precInfoP.do?mode=0&precSeq=140256
69170,요양불승인처분취소,,https://www.law.go.kr/LSW/precInfoP.do?mode=0&precSeq=69170
69037,요양불승인처분취소,,https://www.law.go.kr/LSW/precInfoP.do?mode=0&precSeq=69037
69481,요양불승인처분취소,,https://www.law.go.kr/LSW/precInfoP.do?mode=0&precSeq=69481
366482,요양불승인처분취소,[대법원 2008두16872],https://www.law.go.kr/LSW/precInfoP.do?mode=0&precSeq=366482
134184,요양불승인처분취소,,https://www.law.go.kr/LSW/precInfoP.do?mode=0&precSeq=134184
138529,요양불승인처분취소,,https://www.law.go.kr/LSW/precInfoP.do?mode=0&precSeq=138529
124936,요양불승인처분취소,,https://www.law.go.kr/LSW/precInfoP.do?mode=0&precSeq=124936
138980,요양불승인처분취소,[대법원 2009. 8. 20. 선고 2009두1440 판결],https://www.law.go.kr/LSW/precInfoP.do?mode=0&precSeq=138980
371178,요양불승인처분취소,[대법원 2009두22829],https://www.law.go.kr/LSW/precInfoP.do?mode=0&precSeq=371178
133506,요양불승인처분취소,[대법원 2009. 4. 9. 선고 2009두461 판결],https://www.law.go.kr/LSW/precInfoP.do?mode=0&precSeq=133506
141717,요양불승인처분취소,,https://www.law.go.kr/LSW/precInfoP.do?mode=0&precSeq=141717
165073,요양불승인처분취소,[대법원 2011. 6. 9. 선고 2009두9062 판결],https://www.law.go.kr/LSW/precInfoP.do?mode=0&precSeq=165073
143833,요양불승인처분취소,,https://www.law.go.kr/LSW/precInfoP.do?mode=0&precSeq=143833
147018,요양불승인처분취소,[대법원 2010. 8. 19. 선고 2010두4216 판결],https://www.law.go.kr/LSW/precInfoP.do?mode=0&precSeq=147018
379672,요양불승인처분취소,[대법원 2011두10874],https://www.law.go.kr/LSW/precInfoP.do?mode=0&precSeq=379672
379748,요양불승인처분취소,[대법원 2011두14692],https://www.law.go.kr/LSW/precInfoP.do?mode=0&precSeq=379748
380072,요양불승인처분취소,[대법원 2011두30427],https://www.law.go.kr/LSW/precInfoP.do?mode=0&precSeq=380072
187551,요양불승인처분취소,[대법원 2014. 11. 27. 선고 2012두10574 판결],https://www.law.go.kr/LSW/precInfoP.do?mode=0&precSeq=187551
384140,요양불승인처분취소,[대법원 2012두5701],https://www.law.go.kr/LSW/precInfoP.do?mode=0&precSeq=384140
384176,요양불승인처분취소,[대법원 2012두676],https://www.law.go.kr/LSW/precInfoP.do?mode=0&precSeq=384176
387958,요양불승인처분취소,"본 컨텐츠는
 근로복지공단 산재판례 에서 수집한 데이터로, 관련 문의는 해당 기관으로 부탁드립니다.",https://www.law.go.kr/LSW/precInfoP.do?mode=0&precSeq=387958
179462,요양불승인처분취소,,https://www.law.go.kr/LSW/precInfoP.do?mode=0&precSeq=179462
391990,요양불승인처분취소,[대법원 2014두1796],https://www.law.go.kr/LSW/precInfoP.do?mode=0&precSeq=391990
391998,요양불승인처분취소,[대법원 2014두2546],https://www.law.go.kr/LSW/precInfoP.do?mode=0&precSeq=391998
173746,요양불승인처분취소,,https://www.law.go.kr/LSW/precInfoP.do?mode=0&precSeq=173746
195415,요양불승인처분취소,,https://www.law.go.kr/LSW/precInfoP.do?mode=0&precSeq=195415
185614,요양불승인처분취소,[대법원 2017. 9. 7. 선고 2017두46899 판결],https://www.law.go.kr/LSW/precInfoP.do?mode=0&precSeq=185614
204570,요양불승인처분취소,,https://www.law.go.kr/LSW/precInfoP.do?mode=0&precSeq=204570
212905,요양불승인처분취소,,https://www.law.go.kr/LSW/precInfoP.do?mode=0&precSeq=212905
416888,요양불승인처분취소,[대법원 2022두47391],https://www.law.go.kr/LSW/precInfoP.do?mode=0&precSeq=416888
105451,요양불승인처분취소,,https://www.law.go.kr/LSW/precInfoP.do?mode=0&precSeq=105451
203394,요양불승인처분취소,,https://www.law.go.kr/LSW/precInfoP.do?mode=0&precSeq=203394
203283,요양불승인처분취소,[대법원 1992. 5. 12. 선고 91누10022 판결],https://www.law.go.kr/LSW/precInfoP.do?mode=0&precSeq=203283
203281,요양불승인처분취소,,https://www.law.go.kr/LSW/precInfoP.do?mode=0&precSeq=203281
108441,요양불승인처분취소,,https://www.law.go.kr/LSW/precInfoP.do?mode=0&precSeq=108441
121586,요양불승인처분취소,,https://www.law.go.kr/LSW/precInfoP.do?mode=0&precSeq=121586
203226,요양불승인처분취소,,https://www.law.go.kr/LSW/precInfoP.do?mode=0&precSeq=203226
201569,요양불승인처분취소,,https://www.law.go.kr/LSW/precInfoP.do?mode=0&precSeq=201569
199445,요양불승인처분취소,,https://www.law.go.kr/LSW/precInfoP.do?mode=0&precSeq=199445
111446,요양불승인처분취소,,https://www.law.go.kr/LSW/precInfoP.do?mode=0&precSeq=111446
110965,요양불승인처분취소,,https://www.law.go.kr/LSW/precInfoP.do?mode=0&precSeq=110965
198284,요양불승인처분취소,,https://www.law.go.kr/LSW/precInfoP.do?mode=0&precSeq=198284
197414,요양불승인처분취소,,https://www.law.go.kr/LSW/precInfoP.do?mode=0&precSeq=197414
198289,요양불승인처분취소,,https://www.law.go.kr/LSW/precInfoP.do?mode=0&precSeq=198289
199013,요양불승인처분취소,,https://www.law.go.kr/LSW/precInfoP.do?mode=0&precSeq=199013
115276,요양불승인처분취소,,https://www.law.go.kr/LSW/precInfoP.do?mode=0&precSeq=115276
114960,요양불승인처분취소,,https://www.law.go.kr/LSW/precInfoP.do?mode=0&precSeq=114960
115210,요양불승인처분취소,,https://www.law.go.kr/LSW/precInfoP.do?mode=0&precSeq=115210
196717,요양불승인처분취소,,https://www.law.go.kr/LSW/precInfoP.do?mode=0&precSeq=196717
116206,요양불승인처분취소,[대법원 1997. 12. 26. 선고 97누16534 판결],https://www.law.go.kr/LSW/precInfoP.do?mode=0&precSeq=116206
117265,요양불승인처분취소,,https://www.law.go.kr/LSW/precInfoP.do?mode=0&precSeq=117265
196251,요양불승인처분취소,,https://www.law.go.kr/LSW/precInfoP.do?mode=0&precSeq=196251
196283,요양불승인처분취소,,https://www.law.go.kr/LSW/precInfoP.do?mode=0&precSeq=196283
196194,요양불승인처분취소,,https://www.law.go.kr/LSW/precInfoP.do?mode=0&precSeq=196194
194999,요양불승인처분취소,,https://www.law.go.kr/LSW/precInfoP.do?mode=0&precSeq=194999
190362,요양불승인처분취소,,https://www.law.go.kr/LSW/precInfoP.do?mode=0&precSeq=190362
229509,요양불승인처분취소,,https://www.law.go.kr/LSW/precInfoP.do?mode=0&precSeq=229509
190886,요양불승인처분취소,,https://www.law.go.kr/LSW/precInfoP.do?mode=0&precSeq=190886
365486,요양불승인처분취소,[대전고등법원 2008누1410],https://www.law.go.kr/LSW/precInfoP.do?mode=0&precSeq=365486
366452,요양불승인처분취소,[대전고등법원 2008누912],https://www.law.go.kr/LSW/precInfoP.do?mode=0&precSeq=366452
374494,요양불승인처분취소,[대전고등법원 2010누2256],https://www.law.go.kr/LSW/precInfoP.do?mode=0&precSeq=374494
384250,요양불승인처분취소,[대전고등법원 2012재누31],https://www.law.go.kr/LSW/precInfoP.do?mode=0&precSeq=384250
387398,요양불승인처분취소,[대전고등법원 2013누3458],https://www.law.go.kr/LSW/precInfoP.do?mode=0&precSeq=387398
394618,요양불승인처분취소,[대전고등법원 2015누10634],https://www.law.go.kr/LSW/precInfoP.do?mode=0&precSeq=394618
394728,요양불승인처분취소,[대전고등법원 2015누13596],https://www.law.go.kr/LSW/precInfoP.do?mode=0&precSeq=394728
398558,요양불승인처분취소,[대전고등법원 2016누12279],https://www.law.go.kr/LSW/precInfoP.do?mode=0&precSeq=398558
364570,요양불승인처분취소,"본 컨텐츠는
 근로복지공단 산재판례 에서 수집한 데이터로, 관련 문의는 해당 기관으로 부탁드립니다.",https://www.law.go.kr/LSW/precInfoP.do?mode=0&precSeq=364570
364634,요양불승인처분취소,[대전지방법원 2008구단995],https://www.law.go.kr/LSW/precInfoP.do?mode=0&precSeq=364634
371544,요양불승인처분취소,[대전지방법원 2010구단1045],https://www.law.go.kr/LSW/precInfoP.do?mode=0&precSeq=371544
371548,요양불승인처분취소,[대전지방법원 2010구단1052],https://www.law.go.kr/LSW/precInfoP.do?mode=0&precSeq=371548
371620,요양불승인처분취소,[대전지방법원 2010구단1212],https://www.law.go.kr/LSW/precInfoP.do?mode=0&precSeq=371620
371744,요양불승인처분취소,[대전지방법원 2010구단1397],https://www.law.go.kr/LSW/precInfoP.do?mode=0&precSeq=371744
371808,요양불승인처분취소,[대전지방법원 2010구단1502],https://www.law.go.kr/LSW/precInfoP.do?mode=0&precSeq=371808
371928,요양불승인처분취소,[대전지방법원 2010구단1755],https://www.law.go.kr/LSW/precInfoP.do?mode=0&precSeq=371928
372620,요양불승인처분취소,[대전지방법원 2010구단35],https://www.law.go.kr/LSW/precInfoP.do?mode=0&precSeq=372620
372652,요양불승인처분취소,[대전지방법원 2010구단370],https://www.law.go.kr/LSW/precInfoP.do?mode=0&precSeq=372652
372698,요양불승인처분취소,[대전지방법원 2010구단42],https://www.law.go.kr/LSW/precInfoP.do?mode=0&precSeq=372698
388426,요양불승인처분취소,[대전지방법원 2014구단100476],https://www.law.go.kr/LSW/precInfoP.do?mode=0&precSeq=388426
388436,요양불승인처분취소,[대전지방법원 2014구단100629],https://www.law.go.kr/LSW/precInfoP.do?mode=0&precSeq=388436
389550,요양불승인처분취소,[대전지방법원 2014구단668],https://www.law.go.kr/LSW/precInfoP.do?mode=0&precSeq=389550
396448,요양불승인처분취소,[대전지방법원 2016구단101084],https://www.law.go.kr/LSW/precInfoP.do?mode=0&precSeq=396448
400446,요양불승인처분취소,[대전지방법원 2017구단379],https://www.law.go.kr/LSW/precInfoP.do?mode=0&precSeq=400446
406612,요양불승인처분취소,[대전지방법원 2019구단101436],https://www.law.go.kr/LSW/precInfoP.do?mode=0&precSeq=406612
409710,요양불승인처분취소,[대전지방법원 2020구단102602],https://www.law.go.kr/LSW/precInfoP.do?mode=0&precSeq=409710
415254,요양불승인처분취소,[대전지방법원 2022구단102637],https://www.law.go.kr/LSW/precInfoP.do?mode=0&precSeq=415254
416032,요양불승인처분취소,"본 컨텐츠는
 근로복지공단 산재판례 에서 수집한 데이터로, 관련 문의는 해당 기관으로 부탁드립니다.",https://www.law.go.kr/LSW/precInfoP.do?mode=0&precSeq=416032
135821,요양불승인처분취소,[부산고등법원 2008. 12. 5. 선고 2008누2811 판결],https://www.law.go.kr/LSW/precInfoP.do?mode=0&precSeq=135821
366298,요양불승인처분취소,[부산고등법원 2008누4619],https://www.law.go.kr/LSW/precInfoP.do?mode=0&precSeq=366298
366322,요양불승인처분취소,[부산고등법원 2008누4893],https://www.law.go.kr/LSW/precInfoP.do?mode=0&precSeq=366322
369482,요양불승인처분취소,[부산고등법원 2009누164],https://www.law.go.kr/LSW/precInfoP.do?mode=0&precSeq=369482
369612,요양불승인처분취소,[부산고등법원 2009누1952],https://www.law.go.kr/LSW/precInfoP.do?mode=0&precSeq=369612
370528,요양불승인처분취소,[부산고등법원 2009누560],https://www.law.go.kr/LSW/precInfoP.do?mode=0&precSeq=370528
370578,요양불승인처분취소,[부산고등법원 2009누5992],https://www.law.go.kr/LSW/precInfoP.do?mode=0&precSeq=370578
370582,요양불승인처분취소,[부산고등법원 2009누6056],https://www.law.go.kr/LSW/precInfoP.do?mode=0&precSeq=370582
370646,요양불승인처분취소,[부산고등법원 2009누6971],https://www.law.go.kr/LSW/precInfoP.do?mode=0&precSeq=370646
370680,요양불승인처분취소,[부산고등법원 2009누7400],https://www.law.go.kr/LSW/precInfoP.do?mode=0&precSeq=370680
370686,요양불승인처분취소,[부산고등법원 2009누7493],https://www.law.go.kr/LSW/precInfoP.do?mode=0&precSeq=370686
374470,요양불승인처분취소,[부산고등법원 2010누2166],https://www.law.go.kr/LSW/precInfoP.do?mode=0&precSeq=374470
374598,요양불승인처분취소,[부산고등법원 2010누2562],https://www.law.go.kr/LSW/precInfoP.do?mode=0&precSeq=374598
374634,요양불승인처분취소,[부산고등법원 2010누2654],https://www.law.go.kr/LSW/precInfoP.do?mode=0&precSeq=374634
374782,요양불승인처분취소,[부산고등법원 2010누3190],https://www.law.go.kr/LSW/precInfoP.do?mode=0&precSeq=374782
375044,요양불승인처분취소,[부산고등법원 2010누4131],https://www.law.go.kr/LSW/precInfoP.do?mode=0&precSeq=375044
375112,요양불승인처분취소,[부산고등법원 2010누4513],https://www.law.go.kr/LSW/precInfoP.do?mode=0&precSeq=375112
375160,요양불승인처분취소,[부산고등법원 2010누4889],https://www.law.go.kr/LSW/precInfoP.do?mode=0&precSeq=375160
375200,요양불승인처분취소,"본 컨텐츠는
 근로복지공단 산재판례 에서 수집한 데이터로, 관련 문의는 해당 기관으로 부탁드립니다.",https://www.law.go.kr/LSW/precInfoP.do?mode=0&precSeq=375200
375206,요양불승인처분취소,"본 컨텐츠는
 근로복지공단 산재판례 에서 수집한 데이터로, 관련 문의는 해당 기관으로 부탁드립니다.",https://www.law.go.kr/LSW/precInfoP.do?mode=0&precSeq=375206
378806,요양불승인처분취소,"본 컨텐츠는
 근로복지공단 산재판례 에서 수집한 데이터로, 관련 문의는 해당 기관으로 부탁드립니다.",https://www.law.go.kr/LSW/precInfoP.do?mode=0&precSeq=378806
379034,요양불승인처분취소,"본 컨텐츠는
 근로복지공단 산재판례 에서 수집한 데이터로, 관련 문의는 해당 기관으로 부탁드립니다.",https://www.law.go.kr/LSW/precInfoP.do?mode=0&precSeq=379034
383478,요양불승인처분취소,"본 컨텐츠는
 근로복지공단 산재판례 에서 수집한 데이터로, 관련 문의는 해당 기관으로 부탁드립니다.",https://www.law.go.kr/LSW/precInfoP.do?mode=0&precSeq=383478
386838,요양불승인처분취소,[부산고등법원 2013누1980],https://www.law.go.kr/LSW/precInfoP.do?mode=0&precSeq=386838
386998,요양불승인처분취소,[부산고등법원 2013누2471],https://www.law.go.kr/LSW/precInfoP.do?mode=0&precSeq=386998
387282,요양불승인처분취소,[부산고등법원 2013누307],https://www.law.go.kr/LSW/precInfoP.do?mode=0&precSeq=387282
390688,요양불승인처분취소,[부산고등법원 2014누22922],https://www.law.go.kr/LSW/precInfoP.do?mode=0&precSeq=390688
414364,요양불승인처분취소,[부산고등법원 2021누11466],https://www.law.go.kr/LSW/precInfoP.do?mode=0&precSeq=414364
417190,요양불승인처분취소,[부산고등법원 2023누20928],https://www.law.go.kr/LSW/precInfoP.do?mode=0&precSeq=417190
417162,요양불승인처분취소,[부산고등법원울산재판부 2023누10064],https://www.law.go.kr/LSW/precInfoP.do?mode=0&precSeq=417162
387716,요양불승인처분취소,[부산고등법원창원재판부 2013누690],https://www.law.go.kr/LSW/precInfoP.do?mode=0&precSeq=387716
394694,요양불승인처분취소,[부산고등법원창원재판부 2015누12109],https://www.law.go.kr/LSW/precInfoP.do?mode=0&precSeq=394694
398532,요양불승인처분취소,[부산고등법원창원재판부 2016누11295],https://www.law.go.kr/LSW/precInfoP.do?mode=0&precSeq=398532
69630,요양불승인처분취소,,https://www.law.go.kr/LSW/precInfoP.do?mode=0&precSeq=69630
146354,요양불승인처분취소,,https://www.law.go.kr/LSW/precInfoP.do?mode=0&precSeq=146354
222975,요양불승인처분취소,,https://www.law.go.kr/LSW/precInfoP.do?mode=0&precSeq=222975
361560,요양불승인처분취소,[부산지방법원 2006구단1450],https://www.law.go.kr/LSW/precInfoP.do?mode=0&precSeq=361560
361576,요양불승인처분취소,[부산지방법원 2006구단2637],https://www.law.go.kr/LSW/precInfoP.do?mode=0&precSeq=361576
361588,요양불승인처분취소,[부산지방법원 2006구단3326],https://www.law.go.kr/LSW/precInfoP.do?mode=0&precSeq=361588
361612,요양불승인처분취소,[부산지방법원 2006구단4350],https://www.law.go.kr/LSW/precInfoP.do?mode=0&precSeq=361612
362178,요양불승인처분취소,[부산지방법원 2007구단1860],https://www.law.go.kr/LSW/precInfoP.do?mode=0&precSeq=362178
362246,요양불승인처분취소,"본 컨텐츠는
 근로복지공단 산재판례 에서 수집한 데이터로, 관련 문의는 해당 기관으로 부탁드립니다.",https://www.law.go.kr/LSW/precInfoP.do?mode=0&precSeq=362246
362252,요양불승인처분취소,"본 컨텐츠는
 근로복지공단 산재판례 에서 수집한 데이터로, 관련 문의는 해당 기관으로 부탁드립니다.",https://www.law.go.kr/LSW/precInfoP.do?mode=0&precSeq=362252
362368,요양불승인처분취소,[부산지방법원 2007구단4494],https://www.law.go.kr/LSW/precInfoP.do?mode=0&precSeq=362368
363218,요양불승인처분취소,"본 컨텐츠는
 근로복지공단 산재판례 에서 수집한 데이터로, 관련 문의는 해당 기관으로 부탁드립니다.",https://www.law.go.kr/LSW/precInfoP.do?mode=0&precSeq=363218
363420,요양불승인처분취소,"본 컨텐츠는
 근로복지공단 산재판례 에서 수집한 데이터로, 관련 문의는 해당 기관으로 부탁드립니다.",https://www.law.go.kr/LSW/precInfoP.do?mode=0&precSeq=363420
363810,요양불승인처분취소,[부산지방법원 2008구단2099],https://www.law.go.kr/LSW/precInfoP.do?mode=0&precSeq=363810
363854,요양불승인처분취소,[부산지방법원 2008구단2280],https://www.law.go.kr/LSW/precInfoP.do?mode=0&precSeq=363854
363894,요양불승인처분취소,[부산지방법원 2008구단2495],https://www.law.go.kr/LSW/precInfoP.do?mode=0&precSeq=363894
363898,요양불승인처분취소,[부산지방법원 2008구단2501],https://www.law.go.kr/LSW/precInfoP.do?mode=0&precSeq=363898
364538,요양불승인처분취소,"본 컨텐츠는
 근로복지공단 산재판례 에서 수집한 데이터로, 관련 문의는 해당 기관으로 부탁드립니다.",https://www.law.go.kr/LSW/precInfoP.do?mode=0&precSeq=364538
367416,요양불승인처분취소,[부산지방법원 2009구단1970],https://www.law.go.kr/LSW/precInfoP.do?mode=0&precSeq=367416
371514,요양불승인처분취소,[부산지방법원 2010구단10],https://www.law.go.kr/LSW/precInfoP.do?mode=0&precSeq=371514
371740,요양불승인처분취소,"본 컨텐츠는
 근로복지공단 산재판례 에서 수집한 데이터로, 관련 문의는 해당 기관으로 부탁드립니다.",https://www.law.go.kr/LSW/precInfoP.do?mode=0&precSeq=371740
371754,요양불승인처분취소,"본 컨텐츠는
 근로복지공단 산재판례 에서 수집한 데이터로, 관련 문의는 해당 기관으로 부탁드립니다.",https://www.law.go.kr/LSW/precInfoP.do?mode=0&precSeq=371754
371864,요양불승인처분취소,[부산지방법원 2010구단1624],https://www.law.go.kr/LSW/precInfoP.do?mode=0&precSeq=371864
371970,요양불승인처분취소,[부산지방법원 2010구단1839],https://www.law.go.kr/LSW/precInfoP.do?mode=0&precSeq=371970
371990,요양불승인처분취소,[부산지방법원 2010구단1853],https://www.law.go.kr/LSW/precInfoP.do?mode=0&precSeq=371990
372380,요양불승인처분취소,[부산지방법원 2010구단2597],https://www.law.go.kr/LSW/precInfoP.do?mode=0&precSeq=372380
372700,요양불승인처분취소,[부산지방법원 2010구단4210],https://www.law.go.kr/LSW/precInfoP.do?mode=0&precSeq=372700
372706,요양불승인처분취소,[부산지방법원 2010구단4265],https://www.law.go.kr/LSW/precInfoP.do?mode=0&precSeq=372706
372832,요양불승인처분취소,[부산지방법원 2010구단58],https://www.law.go.kr/LSW/precInfoP.do?mode=0&precSeq=372832
380496,요양불승인처분취소,[부산지방법원 2012구단1413],https://www.law.go.kr/LSW/precInfoP.do?mode=0&precSeq=380496
380508,요양불승인처분취소,[부산지방법원 2012구단1444],https://www.law.go.kr/LSW/precInfoP.do?mode=0&precSeq=380508
380874,요양불승인처분취소,"본 컨텐츠는
 근로복지공단 산재판례 에서 수집한 데이터로, 관련 문의는 해당 기관으로 부탁드립니다.",https://www.law.go.kr/LSW/precInfoP.do?mode=0&precSeq=380874
380896,요양불승인처분취소,"본 컨텐츠는
 근로복지공단 산재판례 에서 수집한 데이터로, 관련 문의는 해당 기관으로 부탁드립니다.",https://www.law.go.kr/LSW/precInfoP.do?mode=0&precSeq=380896
380988,요양불승인처분취소,"본 컨텐츠는
 근로복지공단 산재판례 에서 수집한 데이터로, 관련 문의는 해당 기관으로 부탁드립니다.",https://www.law.go.kr/LSW/precInfoP.do?mode=0&precSeq=380988
384800,요양불승인처분취소,[부산지방법원 2013구단20138],https://www.law.go.kr/LSW/precInfoP.do?mode=0&precSeq=384800
389518,요양불승인처분취소,[부산지방법원 2014구단599],https://www.law.go.kr/LSW/precInfoP.do?mode=0&precSeq=389518
392612,요양불승인처분취소,[부산지방법원 2015구단1377],https://www.law.go.kr/LSW/precInfoP.do?mode=0&precSeq=392612
396716,요양불승인처분취소,[부산지방법원 2016구단20108],https://www.law.go.kr/LSW/precInfoP.do?mode=0&precSeq=396716
396730,요양불승인처분취소,[부산지방법원 2016구단20382],https://www.law.go.kr/LSW/precInfoP.do?mode=0&precSeq=396730
396734,요양불승인처분취소,[부산지방법원 2016구단20467],https://www.law.go.kr/LSW/precInfoP.do?mode=0&precSeq=396734
396740,요양불승인처분취소,[부산지방법원 2016구단20535],https://www.law.go.kr/LSW/precInfoP.do?mode=0&precSeq=396740
396742,요양불승인처분취소,[부산지방법원 2016구단20566],https://www.law.go.kr/LSW/precInfoP.do?mode=0&precSeq=396742
396744,요양불승인처분취소,[부산지방법원 2016구단20627],https://www.law.go.kr/LSW/precInfoP.do?mode=0&precSeq=396744
396748,요양불승인처분취소,[부산지방법원 2016구단20719],https://www.law.go.kr/LSW/precInfoP.do?mode=0&precSeq=396748
396750,요양불승인처분취소,[부산지방법원 2016구단20733],https://www.law.go.kr/LSW/precInfoP.do?mode=0&precSeq=396750
396770,요양불승인처분취소,[부산지방법원 2016구단21125],https://www.law.go.kr/LSW/precInfoP.do?mode=0&precSeq=396770
396778,요양불승인처분취소,[부산지방법원 2016구단21248],https://www.law.go.kr/LSW/precInfoP.do?mode=0&precSeq=396778
396780,요양불승인처분취소,[부산지방법원 2016구단21255],https://www.law.go.kr/LSW/precInfoP.do?mode=0&precSeq=396780
397498,요양불승인처분취소,[부산지방법원 2016구단654],https://www.law.go.kr/LSW/precInfoP.do?mode=0&precSeq=397498
412558,요양불승인처분취소,[부산지방법원 2021구단20904],https://www.law.go.kr/LSW/precInfoP.do?mode=0&precSeq=412558
412590,요양불승인처분취소,[부산지방법원 2021구단21532],https://www.law.go.kr/LSW/precInfoP.do?mode=0&precSeq=412590
415368,요양불승인처분취소,[부산지방법원 2022구단20185],https://www.law.go.kr/LSW/precInfoP.do?mode=0&precSeq=415368
415380,요양불승인처분취소,"본 컨텐츠는
 근로복지공단 산재판례 에서 수집한 데이터로, 관련 문의는 해당 기관으로 부탁드립니다.",https://www.law.go.kr/LSW/precInfoP.do?mode=0&precSeq=415380
415388,요양불승인처분취소,[부산지방법원 2022구단20819],https://www.law.go.kr/LSW/precInfoP.do?mode=0&precSeq=415388
415398,요양불승인처분취소,"본 컨텐츠는
 근로복지공단 산재판례 에서 수집한 데이터로, 관련 문의는 해당 기관으로 부탁드립니다.",https://www.law.go.kr/LSW/precInfoP.do?mode=0&precSeq=415398
365826,요양불승인처분취소,[서울고등법원 2008누25045],https://www.law.go.kr/LSW/precInfoP.do?mode=0&precSeq=365826
366440,요양불승인처분취소,[서울고등법원 2008누8712],https://www.law.go.kr/LSW/precInfoP.do?mode=0&precSeq=366440
366456,요양불승인처분취소,[서울고등법원 2008누9333],https://www.law.go.kr/LSW/precInfoP.do?mode=0&precSeq=366456
369248,요양불승인처분취소,[서울고등법원 2009누11241],https://www.law.go.kr/LSW/precInfoP.do?mode=0&precSeq=369248
369262,요양불승인처분취소,"본 컨텐츠는
 근로복지공단 산재판례 에서 수집한 데이터로, 관련 문의는 해당 기관으로 부탁드립니다.",https://www.law.go.kr/LSW/precInfoP.do?mode=0&precSeq=369262
369312,요양불승인처분취소,[서울고등법원 2009누12534],https://www.law.go.kr/LSW/precInfoP.do?mode=0&precSeq=369312
369338,요양불승인처분취소,[서울고등법원 2009누13315],https://www.law.go.kr/LSW/precInfoP.do?mode=0&precSeq=369338
369340,요양불승인처분취소,[서울고등법원 2009누13322],https://www.law.go.kr/LSW/precInfoP.do?mode=0&precSeq=369340
369474,요양불승인처분취소,[서울고등법원 2009누16208],https://www.law.go.kr/LSW/precInfoP.do?mode=0&precSeq=369474
369492,요양불승인처분취소,[서울고등법원 2009누16604],https://www.law.go.kr/LSW/precInfoP.do?mode=0&precSeq=369492
369504,요양불승인처분취소,[서울고등법원 2009누16857],https://www.law.go.kr/LSW/precInfoP.do?mode=0&precSeq=369504
369716,요양불승인처분취소,[서울고등법원 2009누21293],https://www.law.go.kr/LSW/precInfoP.do?mode=0&precSeq=369716
369732,요양불승인처분취소,[서울고등법원 2009누21545],https://www.law.go.kr/LSW/precInfoP.do?mode=0&precSeq=369732
369734,요양불승인처분취소,[서울고등법원 2009누21552],https://www.law.go.kr/LSW/precInfoP.do?mode=0&precSeq=369734
369838,요양불승인처분취소,[서울고등법원 2009누24681],https://www.law.go.kr/LSW/precInfoP.do?mode=0&precSeq=369838
369890,요양불승인처분취소,[서울고등법원 2009누25806],https://www.law.go.kr/LSW/precInfoP.do?mode=0&precSeq=369890
370350,요양불승인처분취소,[서울고등법원 2009누39713],https://www.law.go.kr/LSW/precInfoP.do?mode=0&precSeq=370350
370432,요양불승인처분취소,[서울고등법원 2009누4441],https://www.law.go.kr/LSW/precInfoP.do?mode=0&precSeq=370432
370634,요양불승인처분취소,[서울고등법원 2009누685],https://www.law.go.kr/LSW/precInfoP.do?mode=0&precSeq=370634
370752,요양불승인처분취소,[서울고등법원 2009누8832],https://www.law.go.kr/LSW/precInfoP.do?mode=0&precSeq=370752
370766,요양불승인처분취소,[서울고등법원 2009누9088],https://www.law.go.kr/LSW/precInfoP.do?mode=0&precSeq=370766
374338,요양불승인처분취소,[서울고등법원 2010누17580],https://www.law.go.kr/LSW/precInfoP.do?mode=0&precSeq=374338
374340,요양불승인처분취소,[서울고등법원 2010누17597],https://www.law.go.kr/LSW/precInfoP.do?mode=0&precSeq=374340
374354,요양불승인처분취소,[서울고등법원 2010누18170],https://www.law.go.kr/LSW/precInfoP.do?mode=0&precSeq=374354
374406,요양불승인처분취소,[서울고등법원 2010누19548],https://www.law.go.kr/LSW/precInfoP.do?mode=0&precSeq=374406
374446,요양불승인처분취소,[서울고등법원 2010누20777],https://www.law.go.kr/LSW/precInfoP.do?mode=0&precSeq=374446
374500,요양불승인처분취소,[서울고등법원 2010누22674],https://www.law.go.kr/LSW/precInfoP.do?mode=0&precSeq=374500
374514,요양불승인처분취소,[서울고등법원 2010누22964],https://www.law.go.kr/LSW/precInfoP.do?mode=0&precSeq=374514
374602,요양불승인처분취소,[서울고등법원 2010누25819],https://www.law.go.kr/LSW/precInfoP.do?mode=0&precSeq=374602
374662,요양불승인처분취소,[서울고등법원 2010누27440],https://www.law.go.kr/LSW/precInfoP.do?mode=0&precSeq=374662
374670,요양불승인처분취소,[서울고등법원 2010누27563],https://www.law.go.kr/LSW/precInfoP.do?mode=0&precSeq=374670
374672,요양불승인처분취소,[서울고등법원 2010누27570],https://www.law.go.kr/LSW/precInfoP.do?mode=0&precSeq=374672
374710,요양불승인처분취소,[서울고등법원 2010누28917],https://www.law.go.kr/LSW/precInfoP.do?mode=0&precSeq=374710
374766,요양불승인처분취소,[서울고등법원 2010누31142],https://www.law.go.kr/LSW/precInfoP.do?mode=0&precSeq=374766
374802,요양불승인처분취소,[서울고등법원 2010누32381],https://www.law.go.kr/LSW/precInfoP.do?mode=0&precSeq=374802
374896,요양불승인처분취소,[서울고등법원 2010누35755],https://www.law.go.kr/LSW/precInfoP.do?mode=0&precSeq=374896
374962,요양불승인처분취소,[서울고등법원 2010누38303],https://www.law.go.kr/LSW/precInfoP.do?mode=0&precSeq=374962
375008,요양불승인처분취소,[서울고등법원 2010누3987],https://www.law.go.kr/LSW/precInfoP.do?mode=0&precSeq=375008
375046,요양불승인처분취소,[서울고등법원 2010누41415],https://www.law.go.kr/LSW/precInfoP.do?mode=0&precSeq=375046
375116,요양불승인처분취소,[서울고등법원 2010누45233],https://www.law.go.kr/LSW/precInfoP.do?mode=0&precSeq=375116
375134,요양불승인처분취소,[서울고등법원 2010누46335],https://www.law.go.kr/LSW/precInfoP.do?mode=0&precSeq=375134
375156,요양불승인처분취소,[서울고등법원 2010누4829],https://www.law.go.kr/LSW/precInfoP.do?mode=0&precSeq=375156
375312,요양불승인처분취소,"본 컨텐츠는
 근로복지공단 산재판례 에서 수집한 데이터로, 관련 문의는 해당 기관으로 부탁드립니다.",https://www.law.go.kr/LSW/precInfoP.do?mode=0&precSeq=375312
375384,요양불승인처분취소,"본 컨텐츠는
 근로복지공단 산재판례 에서 수집한 데이터로, 관련 문의는 해당 기관으로 부탁드립니다.",https://www.law.go.kr/LSW/precInfoP.do?mode=0&precSeq=375384
379088,요양불승인처분취소,"본 컨텐츠는
 근로복지공단 산재판례 에서 수집한 데이터로, 관련 문의는 해당 기관으로 부탁드립니다.",https://www.law.go.kr/LSW/precInfoP.do?mode=0&precSeq=379088
379148,요양불승인처분취소,"본 컨텐츠는
 근로복지공단 산재판례 에서 수집한 데이터로, 관련 문의는 해당 기관으로 부탁드립니다.",https://www.law.go.kr/LSW/precInfoP.do?mode=0&precSeq=379148
379208,요양불승인처분취소,[서울고등법원 2011누40174],https://www.law.go.kr/LSW/precInfoP.do?mode=0&precSeq=379208
379552,요양불승인처분취소,[서울고등법원 2011누7795],https://www.law.go.kr/LSW/precInfoP.do?mode=0&precSeq=379552
382664,요양불승인처분취소,[서울고등법원 2012누17041],https://www.law.go.kr/LSW/precInfoP.do?mode=0&precSeq=382664
383234,요양불승인처분취소,"본 컨텐츠는
 근로복지공단 산재판례 에서 수집한 데이터로, 관련 문의는 해당 기관으로 부탁드립니다.",https://www.law.go.kr/LSW/precInfoP.do?mode=0&precSeq=383234
383456,요양불승인처분취소,"본 컨텐츠는
 근로복지공단 산재판례 에서 수집한 데이터로, 관련 문의는 해당 기관으로 부탁드립니다.",https://www.law.go.kr/LSW/precInfoP.do?mode=0&precSeq=383456
386710,요양불승인처분취소,[서울고등법원 2013누16045],https://www.law.go.kr/LSW/precInfoP.do?mode=0&precSeq=386710
386826,요양불승인처분취소,[서울고등법원 2013누19716],https://www.law.go.kr/LSW/precInfoP.do?mode=0&precSeq=386826
387008,요양불승인처분취소,[서울고등법원 2013누25094],https://www.law.go.kr/LSW/precInfoP.do?mode=0&precSeq=387008
387014,요양불승인처분취소,[서울고등법원 2013누25131],https://www.law.go.kr/LSW/precInfoP.do?mode=0&precSeq=387014
387090,요양불승인처분취소,[서울고등법원 2013누27038],https://www.law.go.kr/LSW/precInfoP.do?mode=0&precSeq=387090
387166,요양불승인처분취소,[서울고등법원 2013누28833],https://www.law.go.kr/LSW/precInfoP.do?mode=0&precSeq=387166
387214,요양불승인처분취소,[서울고등법원 2013누29683],https://www.law.go.kr/LSW/precInfoP.do?mode=0&precSeq=387214
387320,요양불승인처분취소,[서울고등법원 2013누31686],https://www.law.go.kr/LSW/precInfoP.do?mode=0&precSeq=387320
387362,요양불승인처분취소,[서울고등법원 2013누32610],https://www.law.go.kr/LSW/precInfoP.do?mode=0&precSeq=387362
387638,요양불승인처분취소,[서울고등법원 2013누5595],https://www.law.go.kr/LSW/precInfoP.do?mode=0&precSeq=387638
387764,요양불승인처분취소,[서울고등법원 2013누7645],https://www.law.go.kr/LSW/precInfoP.do?mode=0&precSeq=387764
387794,요양불승인처분취소,[서울고등법원 2013누8372],https://www.law.go.kr/LSW/precInfoP.do?mode=0&precSeq=387794
390576,요양불승인처분취소,[서울고등법원 2014누1446],https://www.law.go.kr/LSW/precInfoP.do?mode=0&precSeq=390576
390720,요양불승인처분취소,[서울고등법원 2014누2647],https://www.law.go.kr/LSW/precInfoP.do?mode=0&precSeq=390720
390754,요양불승인처분취소,[서울고등법원 2014누2999],https://www.law.go.kr/LSW/precInfoP.do?mode=0&precSeq=390754
390808,요양불승인처분취소,[서울고등법원 2014누3978],https://www.law.go.kr/LSW/precInfoP.do?mode=0&precSeq=390808
390920,요양불승인처분취소,[서울고등법원 2014누4513],https://www.law.go.kr/LSW/precInfoP.do?mode=0&precSeq=390920
390962,요양불승인처분취소,[서울고등법원 2014누46708],https://www.law.go.kr/LSW/precInfoP.do?mode=0&precSeq=390962
391106,요양불승인처분취소,[서울고등법원 2014누52307],https://www.law.go.kr/LSW/precInfoP.do?mode=0&precSeq=391106
391140,요양불승인처분취소,[서울고등법원 2014누53300],https://www.law.go.kr/LSW/precInfoP.do?mode=0&precSeq=391140
391162,요양불승인처분취소,[서울고등법원 2014누54068],https://www.law.go.kr/LSW/precInfoP.do?mode=0&precSeq=391162
391172,요양불승인처분취소,[서울고등법원 2014누54570],https://www.law.go.kr/LSW/precInfoP.do?mode=0&precSeq=391172
391404,요양불승인처분취소,[서울고등법원 2014누62083],https://www.law.go.kr/LSW/precInfoP.do?mode=0&precSeq=391404
391488,요양불승인처분취소,[서울고등법원 2014누64942],https://www.law.go.kr/LSW/precInfoP.do?mode=0&precSeq=391488
391606,요양불승인처분취소,[서울고등법원 2014누68951],https://www.law.go.kr/LSW/precInfoP.do?mode=0&precSeq=391606
391706,요양불승인처분취소,[서울고등법원 2014누73168],https://www.law.go.kr/LSW/precInfoP.do?mode=0&precSeq=391706
391760,요양불승인처분취소,[서울고등법원 2014누8119],https://www.law.go.kr/LSW/precInfoP.do?mode=0&precSeq=391760
394778,요양불승인처분취소,[서울고등법원 2015누2088],https://www.law.go.kr/LSW/precInfoP.do?mode=0&precSeq=394778
395020,요양불승인처분취소,"본 컨텐츠는
 근로복지공단 산재판례 에서 수집한 데이터로, 관련 문의는 해당 기관으로 부탁드립니다.",https://www.law.go.kr/LSW/precInfoP.do?mode=0&precSeq=395020
395050,요양불승인처분취소,[서울고등법원 2015누35804],https://www.law.go.kr/LSW/precInfoP.do?mode=0&precSeq=395050
395220,요양불승인처분취소,[서울고등법원 2015누43546],https://www.law.go.kr/LSW/precInfoP.do?mode=0&precSeq=395220
395234,요양불승인처분취소,[서울고등법원 2015누44099],https://www.law.go.kr/LSW/precInfoP.do?mode=0&precSeq=395234
395378,요양불승인처분취소,[서울고등법원 2015누51455],https://www.law.go.kr/LSW/precInfoP.do?mode=0&precSeq=395378
395694,요양불승인처분취소,"본 컨텐츠는
 근로복지공단 산재판례 에서 수집한 데이터로, 관련 문의는 해당 기관으로 부탁드립니다.",https://www.law.go.kr/LSW/precInfoP.do?mode=0&precSeq=395694
395740,요양불승인처분취소,[서울고등법원 2015누67054],https://www.law.go.kr/LSW/precInfoP.do?mode=0&precSeq=395740
395820,요양불승인처분취소,[서울고등법원 2015누71398],https://www.law.go.kr/LSW/precInfoP.do?mode=0&precSeq=395820
395890,요양불승인처분취소,[서울고등법원 2015누860],https://www.law.go.kr/LSW/precInfoP.do?mode=0&precSeq=395890
398834,요양불승인처분취소,[서울고등법원 2016누41219],https://www.law.go.kr/LSW/precInfoP.do?mode=0&precSeq=398834
399068,요양불승인처분취소,[서울고등법원 2016누54215],https://www.law.go.kr/LSW/precInfoP.do?mode=0&precSeq=399068
402874,요양불승인처분취소,[서울고등법원 2017누90553],https://www.law.go.kr/LSW/precInfoP.do?mode=0&precSeq=402874
408902,요양불승인처분취소,[서울고등법원 2019누30906],https://www.law.go.kr/LSW/precInfoP.do?mode=0&precSeq=408902
411816,요양불승인처분취소,"본 컨텐츠는
 근로복지공단 산재판례 에서 수집한 데이터로, 관련 문의는 해당 기관으로 부탁드립니다.",https://www.law.go.kr/LSW/precInfoP.do?mode=0&precSeq=411816
414724,요양불승인처분취소,[서울고등법원 2021누51470],https://www.law.go.kr/LSW/precInfoP.do?mode=0&precSeq=414724
414788,요양불승인처분취소,[서울고등법원 2021누55649],https://www.law.go.kr/LSW/precInfoP.do?mode=0&precSeq=414788
414828,요양불승인처분취소,[서울고등법원 2021누58877],https://www.law.go.kr/LSW/precInfoP.do?mode=0&precSeq=414828
414906,요양불승인처분취소,[서울고등법원 2021누69686],https://www.law.go.kr/LSW/precInfoP.do?mode=0&precSeq=414906
414912,요양불승인처분취소,"본 컨텐츠는
 근로복지공단 산재판례 에서 수집한 데이터로, 관련 문의는 해당 기관으로 부탁드립니다.",https://www.law.go.kr/LSW/precInfoP.do?mode=0&precSeq=414912
414914,요양불승인처분취소,"본 컨텐츠는
 근로복지공단 산재판례 에서 수집한 데이터로, 관련 문의는 해당 기관으로 부탁드립니다.",https://www.law.go.kr/LSW/precInfoP.do?mode=0&precSeq=414914
414918,요양불승인처분취소,"본 컨텐츠는
 근로복지공단 산재판례 에서 수집한 데이터로, 관련 문의는 해당 기관으로 부탁드립니다.",https://www.law.go.kr/LSW/precInfoP.do?mode=0&precSeq=414918
414940,요양불승인처분취소,[서울고등법원 2021누75582],https://www.law.go.kr/LSW/precInfoP.do?mode=0&precSeq=414940
416438,요양불승인처분취소,[서울고등법원 2022누35208],https://www.law.go.kr/LSW/precInfoP.do?mode=0&precSeq=416438
416502,요양불승인처분취소,[서울고등법원 2022누38788],https://www.law.go.kr/LSW/precInfoP.do?mode=0&precSeq=416502
416522,요양불승인처분취소,[서울고등법원 2022누40927],https://www.law.go.kr/LSW/precInfoP.do?mode=0&precSeq=416522
417204,요양불승인처분취소,[서울고등법원 2023누30477],https://www.law.go.kr/LSW/precInfoP.do?mode=0&precSeq=417204
70460,요양불승인처분취소,[서울고법 2006. 6. 15. 선고 2005누23918 판결 : 확정],https://www.law.go.kr/LSW/precInfoP.do?mode=0&precSeq=70460
198491,요양불승인처분취소,,https://www.law.go.kr/LSW/precInfoP.do?mode=0&precSeq=198491
120101,요양불승인처분취소,,https://www.law.go.kr/LSW/precInfoP.do?mode=0&precSeq=120101
120205,요양불승인처분취소,,https://www.law.go.kr/LSW/precInfoP.do?mode=0&precSeq=120205
222965,요양불승인처분취소,,https://www.law.go.kr/LSW/precInfoP.do?mode=0&precSeq=222965
222059,요양불승인처분취소,,https://www.law.go.kr/LSW/precInfoP.do?mode=0&precSeq=222059
70174,요양불승인처분취소,,https://www.law.go.kr/LSW/precInfoP.do?mode=0&precSeq=70174
70873,요양불승인처분취소,,https://www.law.go.kr/LSW/precInfoP.do?mode=0&precSeq=70873
70368,요양불승인처분취소,,https://www.law.go.kr/LSW/precInfoP.do?mode=0&precSeq=70368
70437,요양불승인처분취소,[서울행법 2006. 6. 14. 선고 2006구합7966 판결 : 항소],https://www.law.go.kr/LSW/precInfoP.do?mode=0&precSeq=70437
124930,요양불승인처분취소,,https://www.law.go.kr/LSW/precInfoP.do?mode=0&precSeq=124930
148241,요양불승인처분취소,,https://www.law.go.kr/LSW/precInfoP.do?mode=0&precSeq=148241
206279,요양불승인처분취소,,https://www.law.go.kr/LSW/precInfoP.do?mode=0&precSeq=206279
238179,요양불승인처분취소,[서울행법 2023. 8. 24. 선고 2022구단66678 판결 : 확정],https://www.law.go.kr/LSW/precInfoP.do?mode=0&precSeq=238179
78234,요양불승인처분취소,,https://www.law.go.kr/LSW/precInfoP.do?mode=0&precSeq=78234
361520,요양불승인처분취소,[서울행정법원 2006구단10736],https://www.law.go.kr/LSW/precInfoP.do?mode=0&precSeq=361520
361550,요양불승인처분취소,[서울행정법원 2006구단12121],https://www.law.go.kr/LSW/precInfoP.do?mode=0&precSeq=361550
361580,요양불승인처분취소,[서울행정법원 2006구단2704],https://www.law.go.kr/LSW/precInfoP.do?mode=0&precSeq=361580
361598,요양불승인처분취소,[서울행정법원 2006구단3813],https://www.law.go.kr/LSW/precInfoP.do?mode=0&precSeq=361598
361640,요양불승인처분취소,[서울행정법원 2006구단7297],https://www.law.go.kr/LSW/precInfoP.do?mode=0&precSeq=361640
361818,요양불승인처분취소,[서울행정법원 2007구단10498],https://www.law.go.kr/LSW/precInfoP.do?mode=0&precSeq=361818
361868,요양불승인처분취소,[서울행정법원 2007구단1173],https://www.law.go.kr/LSW/precInfoP.do?mode=0&precSeq=361868
361874,요양불승인처분취소,"본 컨텐츠는
 근로복지공단 산재판례 에서 수집한 데이터로, 관련 문의는 해당 기관으로 부탁드립니다.",https://www.law.go.kr/LSW/precInfoP.do?mode=0&precSeq=361874
361876,요양불승인처분취소,"본 컨텐츠는
 근로복지공단 산재판례 에서 수집한 데이터로, 관련 문의는 해당 기관으로 부탁드립니다.",https://www.law.go.kr/LSW/precInfoP.do?mode=0&precSeq=361876
361880,요양불승인처분취소,"본 컨텐츠는
 근로복지공단 산재판례 에서 수집한 데이터로, 관련 문의는 해당 기관으로 부탁드립니다.",https://www.law.go.kr/LSW/precInfoP.do?mode=0&precSeq=361880
361886,요양불승인처분취소,"본 컨텐츠는
 근로복지공단 산재판례 에서 수집한 데이터로, 관련 문의는 해당 기관으로 부탁드립니다.",https://www.law.go.kr/LSW/precInfoP.do?mode=0&precSeq=361886
361914,요양불승인처분취소,[서울행정법원 2007구단12784],https://www.law.go.kr/LSW/precInfoP.do?mode=0&precSeq=361914
361930,요양불승인처분취소,"본 컨텐츠는
 근로복지공단 산재판례 에서 수집한 데이터로, 관련 문의는 해당 기관으로 부탁드립니다.",https://www.law.go.kr/LSW/precInfoP.do?mode=0&precSeq=361930
361932,요양불승인처분취소,"본 컨텐츠는
 근로복지공단 산재판례 에서 수집한 데이터로, 관련 문의는 해당 기관으로 부탁드립니다.",https://www.law.go.kr/LSW/precInfoP.do?mode=0&precSeq=361932
361938,요양불승인처분취소,"본 컨텐츠는
 근로복지공단 산재판례 에서 수집한 데이터로, 관련 문의는 해당 기관으로 부탁드립니다.",https://www.law.go.kr/LSW/precInfoP.do?mode=0&precSeq=361938
361954,요양불승인처분취소,"본 컨텐츠는
 근로복지공단 산재판례 에서 수집한 데이터로, 관련 문의는 해당 기관으로 부탁드립니다.",https://www.law.go.kr/LSW/precInfoP.do?mode=0&precSeq=361954
361956,요양불승인처분취소,"본 컨텐츠는
 근로복지공단 산재판례 에서 수집한 데이터로, 관련 문의는 해당 기관으로 부탁드립니다.",https://www.law.go.kr/LSW/precInfoP.do?mode=0&precSeq=361956
361960,요양불승인처분취소,"본 컨텐츠는
 근로복지공단 산재판례 에서 수집한 데이터로, 관련 문의는 해당 기관으로 부탁드립니다.",https://www.law.go.kr/LSW/precInfoP.do?mode=0&precSeq=361960
361974,요양불승인처분취소,"본 컨텐츠는
 근로복지공단 산재판례 에서 수집한 데이터로, 관련 문의는 해당 기관으로 부탁드립니다.",https://www.law.go.kr/LSW/precInfoP.do?mode=0&precSeq=361974
361976,요양불승인처분취소,"본 컨텐츠는
 근로복지공단 산재판례 에서 수집한 데이터로, 관련 문의는 해당 기관으로 부탁드립니다.",https://www.law.go.kr/LSW/precInfoP.do?mode=0&precSeq=361976
361980,요양불승인처분취소,"본 컨텐츠는
 근로복지공단 산재판례 에서 수집한 데이터로, 관련 문의는 해당 기관으로 부탁드립니다.",https://www.law.go.kr/LSW/precInfoP.do?mode=0&precSeq=361980
362078,요양불승인처분취소,[서울행정법원 2007구단15431],https://www.law.go.kr/LSW/precInfoP.do?mode=0&precSeq=362078
362102,요양불승인처분취소,[서울행정법원 2007구단1579],https://www.law.go.kr/LSW/precInfoP.do?mode=0&precSeq=362102
362118,요양불승인처분취소,[서울행정법원 2007구단16182],https://www.law.go.kr/LSW/precInfoP.do?mode=0&precSeq=362118
362120,요양불승인처분취소,[서울행정법원 2007구단16212],https://www.law.go.kr/LSW/precInfoP.do?mode=0&precSeq=362120
362126,요양불승인처분취소,[서울행정법원 2007구단16274],https://www.law.go.kr/LSW/precInfoP.do?mode=0&precSeq=362126
362128,요양불승인처분취소,[서울행정법원 2007구단1630],https://www.law.go.kr/LSW/precInfoP.do?mode=0&precSeq=362128
362148,요양불승인처분취소,[서울행정법원 2007구단16502],https://www.law.go.kr/LSW/precInfoP.do?mode=0&precSeq=362148
362158,요양불승인처분취소,[서울행정법원 2007구단16700],https://www.law.go.kr/LSW/precInfoP.do?mode=0&precSeq=362158
362176,요양불승인처분취소,[서울행정법원 2007구단1852],https://www.law.go.kr/LSW/precInfoP.do?mode=0&precSeq=362176
362198,요양불승인처분취소,[서울행정법원 2007구단2183],https://www.law.go.kr/LSW/precInfoP.do?mode=0&precSeq=362198
362202,요양불승인처분취소,"본 컨텐츠는
 근로복지공단 산재판례 에서 수집한 데이터로, 관련 문의는 해당 기관으로 부탁드립니다.",https://www.law.go.kr/LSW/precInfoP.do?mode=0&precSeq=362202
362212,요양불승인처분취소,"본 컨텐츠는
 근로복지공단 산재판례 에서 수집한 데이터로, 관련 문의는 해당 기관으로 부탁드립니다.",https://www.law.go.kr/LSW/precInfoP.do?mode=0&precSeq=362212
362216,요양불승인처분취소,"본 컨텐츠는
 근로복지공단 산재판례 에서 수집한 데이터로, 관련 문의는 해당 기관으로 부탁드립니다.",https://www.law.go.kr/LSW/precInfoP.do?mode=0&precSeq=362216
362228,요양불승인처분취소,"본 컨텐츠는
 근로복지공단 산재판례 에서 수집한 데이터로, 관련 문의는 해당 기관으로 부탁드립니다.",https://www.law.go.kr/LSW/precInfoP.do?mode=0&precSeq=362228
362284,요양불승인처분취소,"본 컨텐츠는
 근로복지공단 산재판례 에서 수집한 데이터로, 관련 문의는 해당 기관으로 부탁드립니다.",https://www.law.go.kr/LSW/precInfoP.do?mode=0&precSeq=362284
362288,요양불승인처분취소,[서울행정법원 2007구단3131],https://www.law.go.kr/LSW/precInfoP.do?mode=0&precSeq=362288
362330,요양불승인처분취소,"본 컨텐츠는
 근로복지공단 산재판례 에서 수집한 데이터로, 관련 문의는 해당 기관으로 부탁드립니다.",https://www.law.go.kr/LSW/precInfoP.do?mode=0&precSeq=362330
362364,요양불승인처분취소,[서울행정법원 2007구단439],https://www.law.go.kr/LSW/precInfoP.do?mode=0&precSeq=362364
362366,요양불승인처분취소,[서울행정법원 2007구단4448],https://www.law.go.kr/LSW/precInfoP.do?mode=0&precSeq=362366
362378,요양불승인처분취소,"본 컨텐츠는
 근로복지공단 산재판례 에서 수집한 데이터로, 관련 문의는 해당 기관으로 부탁드립니다.",https://www.law.go.kr/LSW/precInfoP.do?mode=0&precSeq=362378
362426,요양불승인처분취소,"본 컨텐츠는
 근로복지공단 산재판례 에서 수집한 데이터로, 관련 문의는 해당 기관으로 부탁드립니다.",https://www.law.go.kr/LSW/precInfoP.do?mode=0&precSeq=362426
362474,요양불승인처분취소,"본 컨텐츠는
 근로복지공단 산재판례 에서 수집한 데이터로, 관련 문의는 해당 기관으로 부탁드립니다.",https://www.law.go.kr/LSW/precInfoP.do?mode=0&precSeq=362474
362482,요양불승인처분취소,"본 컨텐츠는
 근로복지공단 산재판례 에서 수집한 데이터로, 관련 문의는 해당 기관으로 부탁드립니다.",https://www.law.go.kr/LSW/precInfoP.do?mode=0&precSeq=362482
362506,요양불승인처분취소,[서울행정법원 2007구단8105],https://www.law.go.kr/LSW/precInfoP.do?mode=0&precSeq=362506
362512,요양불승인처분취소,[서울행정법원 2007구단8266],https://www.law.go.kr/LSW/precInfoP.do?mode=0&precSeq=362512
362518,요양불승인처분취소,[서울행정법원 2007구단8587],https://www.law.go.kr/LSW/precInfoP.do?mode=0&precSeq=362518
362536,요양불승인처분취소,"본 컨텐츠는
 근로복지공단 산재판례 에서 수집한 데이터로, 관련 문의는 해당 기관으로 부탁드립니다.",https://www.law.go.kr/LSW/precInfoP.do?mode=0&precSeq=362536
362550,요양불승인처분취소,"본 컨텐츠는
 근로복지공단 산재판례 에서 수집한 데이터로, 관련 문의는 해당 기관으로 부탁드립니다.",https://www.law.go.kr/LSW/precInfoP.do?mode=0&precSeq=362550
362562,요양불승인처분취소,"본 컨텐츠는
 근로복지공단 산재판례 에서 수집한 데이터로, 관련 문의는 해당 기관으로 부탁드립니다.",https://www.law.go.kr/LSW/precInfoP.do?mode=0&precSeq=362562
362570,요양불승인처분취소,"본 컨텐츠는
 근로복지공단 산재판례 에서 수집한 데이터로, 관련 문의는 해당 기관으로 부탁드립니다.",https://www.law.go.kr/LSW/precInfoP.do?mode=0&precSeq=362570
363116,요양불승인처분취소,[서울행정법원 2008구단10051],https://www.law.go.kr/LSW/precInfoP.do?mode=0&precSeq=363116
363130,요양불승인처분취소,"본 컨텐츠는
 근로복지공단 산재판례 에서 수집한 데이터로, 관련 문의는 해당 기관으로 부탁드립니다.",https://www.law.go.kr/LSW/precInfoP.do?mode=0&precSeq=363130
363132,요양불승인처분취소,"본 컨텐츠는
 근로복지공단 산재판례 에서 수집한 데이터로, 관련 문의는 해당 기관으로 부탁드립니다.",https://www.law.go.kr/LSW/precInfoP.do?mode=0&precSeq=363132
363152,요양불승인처분취소,"본 컨텐츠는
 근로복지공단 산재판례 에서 수집한 데이터로, 관련 문의는 해당 기관으로 부탁드립니다.",https://www.law.go.kr/LSW/precInfoP.do?mode=0&precSeq=363152
363162,요양불승인처분취소,[서울행정법원 2008구단10570],https://www.law.go.kr/LSW/precInfoP.do?mode=0&precSeq=363162
363178,요양불승인처분취소,[서울행정법원 2008구단10730],https://www.law.go.kr/LSW/precInfoP.do?mode=0&precSeq=363178
363184,요양불승인처분취소,"본 컨텐츠는
 근로복지공단 산재판례 에서 수집한 데이터로, 관련 문의는 해당 기관으로 부탁드립니다.",https://www.law.go.kr/LSW/precInfoP.do?mode=0&precSeq=363184
363190,요양불승인처분취소,[서울행정법원 2008구단10884],https://www.law.go.kr/LSW/precInfoP.do?mode=0&precSeq=363190
363194,요양불승인처분취소,[서울행정법원 2008구단10921],https://www.law.go.kr/LSW/precInfoP.do?mode=0&precSeq=363194
363204,요양불승인처분취소,[서울행정법원 2008구단11047],https://www.law.go.kr/LSW/precInfoP.do?mode=0&precSeq=363204
363206,요양불승인처분취소,"본 컨텐츠는
 근로복지공단 산재판례 에서 수집한 데이터로, 관련 문의는 해당 기관으로 부탁드립니다.",https://www.law.go.kr/LSW/precInfoP.do?mode=0&precSeq=363206
363212,요양불승인처분취소,"본 컨텐츠는
 근로복지공단 산재판례 에서 수집한 데이터로, 관련 문의는 해당 기관으로 부탁드립니다.",https://www.law.go.kr/LSW/precInfoP.do?mode=0&precSeq=363212
363258,요양불승인처분취소,[서울행정법원 2008구단11610],https://www.law.go.kr/LSW/precInfoP.do?mode=0&precSeq=363258
363260,요양불승인처분취소,[서울행정법원 2008구단1163],https://www.law.go.kr/LSW/precInfoP.do?mode=0&precSeq=363260
363262,요양불승인처분취소,[서울행정법원 2008구단11658],https://www.law.go.kr/LSW/precInfoP.do?mode=0&precSeq=363262
363272,요양불승인처분취소,[서울행정법원 2008구단11788],https://www.law.go.kr/LSW/precInfoP.do?mode=0&precSeq=363272
363286,요양불승인처분취소,[서울행정법원 2008구단11917],https://www.law.go.kr/LSW/precInfoP.do?mode=0&precSeq=363286
144248,요양불승인처분취소,,https://www.law.go.kr/LSW/precInfoP.do?mode=0&precSeq=144248
363312,요양불승인처분취소,[서울행정법원 2008구단12194],https://www.law.go.kr/LSW/precInfoP.do?mode=0&precSeq=363312
363324,요양불승인처분취소,[서울행정법원 2008구단12316],https://www.law.go.kr/LSW/precInfoP.do?mode=0&precSeq=363324
363330,요양불승인처분취소,[서울행정법원 2008구단12361],https://www.law.go.kr/LSW/precInfoP.do?mode=0&precSeq=363330
363356,요양불승인처분취소,[서울행정법원 2008구단12675],https://www.law.go.kr/LSW/precInfoP.do?mode=0&precSeq=363356
363364,요양불승인처분취소,[서울행정법원 2008구단12743],https://www.law.go.kr/LSW/precInfoP.do?mode=0&precSeq=363364
363370,요양불승인처분취소,[서울행정법원 2008구단12798],https://www.law.go.kr/LSW/precInfoP.do?mode=0&precSeq=363370
363386,요양불승인처분취소,"본 컨텐츠는
 근로복지공단 산재판례 에서 수집한 데이터로, 관련 문의는 해당 기관으로 부탁드립니다.",https://www.law.go.kr/LSW/precInfoP.do?mode=0&precSeq=363386
363392,요양불승인처분취소,"본 컨텐츠는
 근로복지공단 산재판례 에서 수집한 데이터로, 관련 문의는 해당 기관으로 부탁드립니다.",https://www.law.go.kr/LSW/precInfoP.do?mode=0&precSeq=363392
363394,요양불승인처분취소,"본 컨텐츠는
 근로복지공단 산재판례 에서 수집한 데이터로, 관련 문의는 해당 기관으로 부탁드립니다.",https://www.law.go.kr/LSW/precInfoP.do?mode=0&precSeq=363394
363396,요양불승인처분취소,"본 컨텐츠는
 근로복지공단 산재판례 에서 수집한 데이터로, 관련 문의는 해당 기관으로 부탁드립니다.",https://www.law.go.kr/LSW/precInfoP.do?mode=0&precSeq=363396
363398,요양불승인처분취소,"본 컨텐츠는
 근로복지공단 산재판례 에서 수집한 데이터로, 관련 문의는 해당 기관으로 부탁드립니다.",https://www.law.go.kr/LSW/precInfoP.do?mode=0&precSeq=363398
363410,요양불승인처분취소,"본 컨텐츠는
 근로복지공단 산재판례 에서 수집한 데이터로, 관련 문의는 해당 기관으로 부탁드립니다.",https://www.law.go.kr/LSW/precInfoP.do?mode=0&precSeq=363410
363412,요양불승인처분취소,"본 컨텐츠는
 근로복지공단 산재판례 에서 수집한 데이터로, 관련 문의는 해당 기관으로 부탁드립니다.",https://www.law.go.kr/LSW/precInfoP.do?mode=0&precSeq=363412
363432,요양불승인처분취소,"본 컨텐츠는
 근로복지공단 산재판례 에서 수집한 데이터로, 관련 문의는 해당 기관으로 부탁드립니다.",https://www.law.go.kr/LSW/precInfoP.do?mode=0&precSeq=363432
363442,요양불승인처분취소,"본 컨텐츠는
 근로복지공단 산재판례 에서 수집한 데이터로, 관련 문의는 해당 기관으로 부탁드립니다.",https://www.law.go.kr/LSW/precInfoP.do?mode=0&precSeq=363442
363444,요양불승인처분취소,"본 컨텐츠는
 근로복지공단 산재판례 에서 수집한 데이터로, 관련 문의는 해당 기관으로 부탁드립니다.",https://www.law.go.kr/LSW/precInfoP.do?mode=0&precSeq=363444
363450,요양불승인처분취소,"본 컨텐츠는
 근로복지공단 산재판례 에서 수집한 데이터로, 관련 문의는 해당 기관으로 부탁드립니다.",https://www.law.go.kr/LSW/precInfoP.do?mode=0&precSeq=363450
363482,요양불승인처분취소,"본 컨텐츠는
 근로복지공단 산재판례 에서 수집한 데이터로, 관련 문의는 해당 기관으로 부탁드립니다.",https://www.law.go.kr/LSW/precInfoP.do?mode=0&precSeq=363482
363490,요양불승인처분취소,"본 컨텐츠는
 근로복지공단 산재판례 에서 수집한 데이터로, 관련 문의는 해당 기관으로 부탁드립니다.",https://www.law.go.kr/LSW/precInfoP.do?mode=0&precSeq=363490
363588,요양불승인처분취소,"본 컨텐츠는
 근로복지공단 산재판례 에서 수집한 데이터로, 관련 문의는 해당 기관으로 부탁드립니다.",https://www.law.go.kr/LSW/precInfoP.do?mode=0&precSeq=363588
363604,요양불승인처분취소,"본 컨텐츠는
 근로복지공단 산재판례 에서 수집한 데이터로, 관련 문의는 해당 기관으로 부탁드립니다.",https://www.law.go.kr/LSW/precInfoP.do?mode=0&precSeq=363604
363666,요양불승인처분취소,[서울행정법원 2008구단16929],https://www.law.go.kr/LSW/precInfoP.do?mode=0&precSeq=363666
363668,요양불승인처분취소,[서울행정법원 2008구단16943],https://www.law.go.kr/LSW/precInfoP.do?mode=0&precSeq=363668
363670,요양불승인처분취소,[서울행정법원 2008구단16967],https://www.law.go.kr/LSW/precInfoP.do?mode=0&precSeq=363670
363692,요양불승인처분취소,[서울행정법원 2008구단17229],https://www.law.go.kr/LSW/precInfoP.do?mode=0&precSeq=363692
363712,요양불승인처분취소,[서울행정법원 2008구단17526],https://www.law.go.kr/LSW/precInfoP.do?mode=0&precSeq=363712
363722,요양불승인처분취소,[서울행정법원 2008구단17694],https://www.law.go.kr/LSW/precInfoP.do?mode=0&precSeq=363722
363730,요양불승인처분취소,[서울행정법원 2008구단1774],https://www.law.go.kr/LSW/precInfoP.do?mode=0&precSeq=363730
363738,요양불승인처분취소,"본 컨텐츠는
 근로복지공단 산재판례 에서 수집한 데이터로, 관련 문의는 해당 기관으로 부탁드립니다.",https://www.law.go.kr/LSW/precInfoP.do?mode=0&precSeq=363738
363748,요양불승인처분취소,[서울행정법원 2008구단18017],https://www.law.go.kr/LSW/precInfoP.do?mode=0&precSeq=363748
363750,요양불승인처분취소,[서울행정법원 2008구단18130],https://www.law.go.kr/LSW/precInfoP.do?mode=0&precSeq=363750
363776,요양불승인처분취소,[서울행정법원 2008구단1873],https://www.law.go.kr/LSW/precInfoP.do?mode=0&precSeq=363776
363778,요양불승인처분취소,[서울행정법원 2008구단1880],https://www.law.go.kr/LSW/precInfoP.do?mode=0&precSeq=363778
363782,요양불승인처분취소,[서울행정법원 2008구단191],https://www.law.go.kr/LSW/precInfoP.do?mode=0&precSeq=363782
363798,요양불승인처분취소,[서울행정법원 2008구단2043],https://www.law.go.kr/LSW/precInfoP.do?mode=0&precSeq=363798
363806,요양불승인처분취소,[서울행정법원 2008구단2074],https://www.law.go.kr/LSW/precInfoP.do?mode=0&precSeq=363806
363842,요양불승인처분취소,[서울행정법원 2008구단2227],https://www.law.go.kr/LSW/precInfoP.do?mode=0&precSeq=363842
363858,요양불승인처분취소,[서울행정법원 2008구단2296],https://www.law.go.kr/LSW/precInfoP.do?mode=0&precSeq=363858
363998,요양불승인처분취소,"본 컨텐츠는
 근로복지공단 산재판례 에서 수집한 데이터로, 관련 문의는 해당 기관으로 부탁드립니다.",https://www.law.go.kr/LSW/precInfoP.do?mode=0&precSeq=363998
364358,요양불승인처분취소,[서울행정법원 2008구단6793],https://www.law.go.kr/LSW/precInfoP.do?mode=0&precSeq=364358
364378,요양불승인처분취소,[서울행정법원 2008구단7055],https://www.law.go.kr/LSW/precInfoP.do?mode=0&precSeq=364378
364388,요양불승인처분취소,"본 컨텐츠는
 근로복지공단 산재판례 에서 수집한 데이터로, 관련 문의는 해당 기관으로 부탁드립니다.",https://www.law.go.kr/LSW/precInfoP.do?mode=0&precSeq=364388
364398,요양불승인처분취소,"본 컨텐츠는
 근로복지공단 산재판례 에서 수집한 데이터로, 관련 문의는 해당 기관으로 부탁드립니다.",https://www.law.go.kr/LSW/precInfoP.do?mode=0&precSeq=364398
364400,요양불승인처분취소,"본 컨텐츠는
 근로복지공단 산재판례 에서 수집한 데이터로, 관련 문의는 해당 기관으로 부탁드립니다.",https://www.law.go.kr/LSW/precInfoP.do?mode=0&precSeq=364400
364458,요양불승인처분취소,"본 컨텐츠는
 근로복지공단 산재판례 에서 수집한 데이터로, 관련 문의는 해당 기관으로 부탁드립니다.",https://www.law.go.kr/LSW/precInfoP.do?mode=0&precSeq=364458
364502,요양불승인처분취소,"본 컨텐츠는
 근로복지공단 산재판례 에서 수집한 데이터로, 관련 문의는 해당 기관으로 부탁드립니다.",https://www.law.go.kr/LSW/precInfoP.do?mode=0&precSeq=364502
364504,요양불승인처분취소,"본 컨텐츠는
 근로복지공단 산재판례 에서 수집한 데이터로, 관련 문의는 해당 기관으로 부탁드립니다.",https://www.law.go.kr/LSW/precInfoP.do?mode=0&precSeq=364504
364544,요양불승인처분취소,"본 컨텐츠는
 근로복지공단 산재판례 에서 수집한 데이터로, 관련 문의는 해당 기관으로 부탁드립니다.",https://www.law.go.kr/LSW/precInfoP.do?mode=0&precSeq=364544
364556,요양불승인처분취소,"본 컨텐츠는
 근로복지공단 산재판례 에서 수집한 데이터로, 관련 문의는 해당 기관으로 부탁드립니다.",https://www.law.go.kr/LSW/precInfoP.do?mode=0&precSeq=364556
364560,요양불승인처분취소,"본 컨텐츠는
 근로복지공단 산재판례 에서 수집한 데이터로, 관련 문의는 해당 기관으로 부탁드립니다.",https://www.law.go.kr/LSW/precInfoP.do?mode=0&precSeq=364560
364566,요양불승인처분취소,[서울행정법원 2008구단9204],https://www.law.go.kr/LSW/precInfoP.do?mode=0&precSeq=364566
364574,요양불승인처분취소,"본 컨텐츠는
 근로복지공단 산재판례 에서 수집한 데이터로, 관련 문의는 해당 기관으로 부탁드립니다.",https://www.law.go.kr/LSW/precInfoP.do?mode=0&precSeq=364574
364618,요양불승인처분취소,[서울행정법원 2008구단9792],https://www.law.go.kr/LSW/precInfoP.do?mode=0&precSeq=364618
364620,요양불승인처분취소,"본 컨텐츠는
 근로복지공단 산재판례 에서 수집한 데이터로, 관련 문의는 해당 기관으로 부탁드립니다.",https://www.law.go.kr/LSW/precInfoP.do?mode=0&precSeq=364620
364622,요양불승인처분취소,[서울행정법원 2008구단9815],https://www.law.go.kr/LSW/precInfoP.do?mode=0&precSeq=364622
366682,요양불승인처분취소,[서울행정법원 2009구단10348],https://www.law.go.kr/LSW/precInfoP.do?mode=0&precSeq=366682
366760,요양불승인처분취소,"본 컨텐츠는
 근로복지공단 산재판례 에서 수집한 데이터로, 관련 문의는 해당 기관으로 부탁드립니다.",https://www.law.go.kr/LSW/precInfoP.do?mode=0&precSeq=366760
366938,요양불승인처분취소,[서울행정법원 2009구단13101],https://www.law.go.kr/LSW/precInfoP.do?mode=0&precSeq=366938
367030,요양불승인처분취소,[서울행정법원 2009구단14159],https://www.law.go.kr/LSW/precInfoP.do?mode=0&precSeq=367030
367120,요양불승인처분취소,[서울행정법원 2009구단15145],https://www.law.go.kr/LSW/precInfoP.do?mode=0&precSeq=367120
367156,요양불승인처분취소,[서울행정법원 2009구단1559],https://www.law.go.kr/LSW/precInfoP.do?mode=0&precSeq=367156
367662,요양불승인처분취소,[서울행정법원 2009구단3487],https://www.law.go.kr/LSW/precInfoP.do?mode=0&precSeq=367662
367918,요양불승인처분취소,[서울행정법원 2009구단5797],https://www.law.go.kr/LSW/precInfoP.do?mode=0&precSeq=367918
367968,요양불승인처분취소,[서울행정법원 2009구단6240],https://www.law.go.kr/LSW/precInfoP.do?mode=0&precSeq=367968
367970,요양불승인처분취소,"본 컨텐츠는
 근로복지공단 산재판례 에서 수집한 데이터로, 관련 문의는 해당 기관으로 부탁드립니다.",https://www.law.go.kr/LSW/precInfoP.do?mode=0&precSeq=367970
367976,요양불승인처분취소,"본 컨텐츠는
 근로복지공단 산재판례 에서 수집한 데이터로, 관련 문의는 해당 기관으로 부탁드립니다.",https://www.law.go.kr/LSW/precInfoP.do?mode=0&precSeq=367976
368132,요양불승인처분취소,"본 컨텐츠는
 근로복지공단 산재판례 에서 수집한 데이터로, 관련 문의는 해당 기관으로 부탁드립니다.",https://www.law.go.kr/LSW/precInfoP.do?mode=0&precSeq=368132
371518,요양불승인처분취소,[서울행정법원 2010구단10122],https://www.law.go.kr/LSW/precInfoP.do?mode=0&precSeq=371518
371524,요양불승인처분취소,[서울행정법원 2010구단1029],https://www.law.go.kr/LSW/precInfoP.do?mode=0&precSeq=371524
371552,요양불승인처분취소,[서울행정법원 2010구단10795],https://www.law.go.kr/LSW/precInfoP.do?mode=0&precSeq=371552
371558,요양불승인처분취소,[서울행정법원 2010구단10887],https://www.law.go.kr/LSW/precInfoP.do?mode=0&precSeq=371558
371564,요양불승인처분취소,[서울행정법원 2010구단11019],https://www.law.go.kr/LSW/precInfoP.do?mode=0&precSeq=371564
371566,요양불승인처분취소,[서울행정법원 2010구단11217],https://www.law.go.kr/LSW/precInfoP.do?mode=0&precSeq=371566
371570,요양불승인처분취소,[서울행정법원 2010구단11262],https://www.law.go.kr/LSW/precInfoP.do?mode=0&precSeq=371570
371572,요양불승인처분취소,[서울행정법원 2010구단11316],https://www.law.go.kr/LSW/precInfoP.do?mode=0&precSeq=371572
371576,요양불승인처분취소,[서울행정법원 2010구단11361],https://www.law.go.kr/LSW/precInfoP.do?mode=0&precSeq=371576
371584,요양불승인처분취소,[서울행정법원 2010구단11439],https://www.law.go.kr/LSW/precInfoP.do?mode=0&precSeq=371584
371608,요양불승인처분취소,[서울행정법원 2010구단11996],https://www.law.go.kr/LSW/precInfoP.do?mode=0&precSeq=371608
371612,요양불승인처분취소,[서울행정법원 2010구단1203],https://www.law.go.kr/LSW/precInfoP.do?mode=0&precSeq=371612
371638,요양불승인처분취소,"본 컨텐츠는
 근로복지공단 산재판례 에서 수집한 데이터로, 관련 문의는 해당 기관으로 부탁드립니다.",https://www.law.go.kr/LSW/precInfoP.do?mode=0&precSeq=371638
371646,요양불승인처분취소,"본 컨텐츠는
 근로복지공단 산재판례 에서 수집한 데이터로, 관련 문의는 해당 기관으로 부탁드립니다.",https://www.law.go.kr/LSW/precInfoP.do?mode=0&precSeq=371646
371694,요양불승인처분취소,"본 컨텐츠는
 근로복지공단 산재판례 에서 수집한 데이터로, 관련 문의는 해당 기관으로 부탁드립니다.",https://www.law.go.kr/LSW/precInfoP.do?mode=0&precSeq=371694
371698,요양불승인처분취소,"본 컨텐츠는
 근로복지공단 산재판례 에서 수집한 데이터로, 관련 문의는 해당 기관으로 부탁드립니다.",https://www.law.go.kr/LSW/precInfoP.do?mode=0&precSeq=371698
371708,요양불승인처분취소,"본 컨텐츠는
 근로복지공단 산재판례 에서 수집한 데이터로, 관련 문의는 해당 기관으로 부탁드립니다.",https://www.law.go.kr/LSW/precInfoP.do?mode=0&precSeq=371708
371718,요양불승인처분취소,"본 컨텐츠는
 근로복지공단 산재판례 에서 수집한 데이터로, 관련 문의는 해당 기관으로 부탁드립니다.",https://www.law.go.kr/LSW/precInfoP.do?mode=0&precSeq=371718
371722,요양불승인처분취소,"본 컨텐츠는
 근로복지공단 산재판례 에서 수집한 데이터로, 관련 문의는 해당 기관으로 부탁드립니다.",https://www.law.go.kr/LSW/precInfoP.do?mode=0&precSeq=371722
371724,요양불승인처분취소,"본 컨텐츠는
 근로복지공단 산재판례 에서 수집한 데이터로, 관련 문의는 해당 기관으로 부탁드립니다.",https://www.law.go.kr/LSW/precInfoP.do?mode=0&precSeq=371724
371734,요양불승인처분취소,"본 컨텐츠는
 근로복지공단 산재판례 에서 수집한 데이터로, 관련 문의는 해당 기관으로 부탁드립니다.",https://www.law.go.kr/LSW/precInfoP.do?mode=0&precSeq=371734
371758,요양불승인처분취소,"본 컨텐츠는
 근로복지공단 산재판례 에서 수집한 데이터로, 관련 문의는 해당 기관으로 부탁드립니다.",https://www.law.go.kr/LSW/precInfoP.do?mode=0&precSeq=371758
371760,요양불승인처분취소,"본 컨텐츠는
 근로복지공단 산재판례 에서 수집한 데이터로, 관련 문의는 해당 기관으로 부탁드립니다.",https://www.law.go.kr/LSW/precInfoP.do?mode=0&precSeq=371760
371814,요양불승인처분취소,[서울행정법원 2010구단15134],https://www.law.go.kr/LSW/precInfoP.do?mode=0&precSeq=371814
371836,요양불승인처분취소,[서울행정법원 2010구단15776],https://www.law.go.kr/LSW/precInfoP.do?mode=0&precSeq=371836
371840,요양불승인처분취소,[서울행정법원 2010구단15820],https://www.law.go.kr/LSW/precInfoP.do?mode=0&precSeq=371840
371850,요양불승인처분취소,[서울행정법원 2010구단15936],https://www.law.go.kr/LSW/precInfoP.do?mode=0&precSeq=371850
371878,요양불승인처분취소,[서울행정법원 2010구단1647],https://www.law.go.kr/LSW/precInfoP.do?mode=0&precSeq=371878
371882,요양불승인처분취소,[서울행정법원 2010구단16533],https://www.law.go.kr/LSW/precInfoP.do?mode=0&precSeq=371882
371884,요양불승인처분취소,[서울행정법원 2010구단16571],https://www.law.go.kr/LSW/precInfoP.do?mode=0&precSeq=371884
371886,요양불승인처분취소,[서울행정법원 2010구단16649],https://www.law.go.kr/LSW/precInfoP.do?mode=0&precSeq=371886
371896,요양불승인처분취소,[서울행정법원 2010구단16977],https://www.law.go.kr/LSW/precInfoP.do?mode=0&precSeq=371896
371900,요양불승인처분취소,[서울행정법원 2010구단170],https://www.law.go.kr/LSW/precInfoP.do?mode=0&precSeq=371900
371922,요양불승인처분취소,[서울행정법원 2010구단17376],https://www.law.go.kr/LSW/precInfoP.do?mode=0&precSeq=371922
371926,요양불승인처분취소,[서울행정법원 2010구단17451],https://www.law.go.kr/LSW/precInfoP.do?mode=0&precSeq=371926
371930,요양불승인처분취소,[서울행정법원 2010구단17628],https://www.law.go.kr/LSW/precInfoP.do?mode=0&precSeq=371930
371934,요양불승인처분취소,[서울행정법원 2010구단17758],https://www.law.go.kr/LSW/precInfoP.do?mode=0&precSeq=371934
371938,요양불승인처분취소,[서울행정법원 2010구단17789],https://www.law.go.kr/LSW/precInfoP.do?mode=0&precSeq=371938
371948,요양불승인처분취소,[서울행정법원 2010구단17987],https://www.law.go.kr/LSW/precInfoP.do?mode=0&precSeq=371948
371950,요양불승인처분취소,[서울행정법원 2010구단17994],https://www.law.go.kr/LSW/precInfoP.do?mode=0&precSeq=371950
371988,요양불승인처분취소,[서울행정법원 2010구단18508],https://www.law.go.kr/LSW/precInfoP.do?mode=0&precSeq=371988
372002,요양불승인처분취소,[서울행정법원 2010구단18676],https://www.law.go.kr/LSW/precInfoP.do?mode=0&precSeq=372002
372008,요양불승인처분취소,"본 컨텐츠는
 근로복지공단 산재판례 에서 수집한 데이터로, 관련 문의는 해당 기관으로 부탁드립니다.",https://www.law.go.kr/LSW/precInfoP.do?mode=0&precSeq=372008
372034,요양불승인처분취소,"본 컨텐츠는
 근로복지공단 산재판례 에서 수집한 데이터로, 관련 문의는 해당 기관으로 부탁드립니다.",https://www.law.go.kr/LSW/precInfoP.do?mode=0&precSeq=372034
372038,요양불승인처분취소,[서울행정법원 2010구단19228],https://www.law.go.kr/LSW/precInfoP.do?mode=0&precSeq=372038
372044,요양불승인처분취소,"본 컨텐츠는
 근로복지공단 산재판례 에서 수집한 데이터로, 관련 문의는 해당 기관으로 부탁드립니다.",https://www.law.go.kr/LSW/precInfoP.do?mode=0&precSeq=372044
372046,요양불승인처분취소,"본 컨텐츠는
 근로복지공단 산재판례 에서 수집한 데이터로, 관련 문의는 해당 기관으로 부탁드립니다.",https://www.law.go.kr/LSW/precInfoP.do?mode=0&precSeq=372046
372088,요양불승인처분취소,"본 컨텐츠는
 근로복지공단 산재판례 에서 수집한 데이터로, 관련 문의는 해당 기관으로 부탁드립니다.",https://www.law.go.kr/LSW/precInfoP.do?mode=0&precSeq=372088
372094,요양불승인처분취소,"본 컨텐츠는
 근로복지공단 산재판례 에서 수집한 데이터로, 관련 문의는 해당 기관으로 부탁드립니다.",https://www.law.go.kr/LSW/precInfoP.do?mode=0&precSeq=372094
372312,요양불승인처분취소,[서울행정법원 2010구단24466],https://www.law.go.kr/LSW/precInfoP.do?mode=0&precSeq=372312
372324,요양불승인처분취소,[서울행정법원 2010구단2466],https://www.law.go.kr/LSW/precInfoP.do?mode=0&precSeq=372324
372334,요양불승인처분취소,[서울행정법원 2010구단24848],https://www.law.go.kr/LSW/precInfoP.do?mode=0&precSeq=372334
372338,요양불승인처분취소,[서울행정법원 2010구단24978],https://www.law.go.kr/LSW/precInfoP.do?mode=0&precSeq=372338
372344,요양불승인처분취소,[서울행정법원 2010구단25094],https://www.law.go.kr/LSW/precInfoP.do?mode=0&precSeq=372344
372346,요양불승인처분취소,[서울행정법원 2010구단2510],https://www.law.go.kr/LSW/precInfoP.do?mode=0&precSeq=372346
372348,요양불승인처분취소,[서울행정법원 2010구단25100],https://www.law.go.kr/LSW/precInfoP.do?mode=0&precSeq=372348
372378,요양불승인처분취소,"본 컨텐츠는
 근로복지공단 산재판례 에서 수집한 데이터로, 관련 문의는 해당 기관으로 부탁드립니다.",https://www.law.go.kr/LSW/precInfoP.do?mode=0&precSeq=372378
372384,요양불승인처분취소,[서울행정법원 2010구단26110],https://www.law.go.kr/LSW/precInfoP.do?mode=0&precSeq=372384
372388,요양불승인처분취소,[서울행정법원 2010구단2619],https://www.law.go.kr/LSW/precInfoP.do?mode=0&precSeq=372388
372400,요양불승인처분취소,[서울행정법원 2010구단26387],https://www.law.go.kr/LSW/precInfoP.do?mode=0&precSeq=372400
372402,요양불승인처분취소,[서울행정법원 2010구단2640],https://www.law.go.kr/LSW/precInfoP.do?mode=0&precSeq=372402
372404,요양불승인처분취소,[서울행정법원 2010구단26530],https://www.law.go.kr/LSW/precInfoP.do?mode=0&precSeq=372404
372424,요양불승인처분취소,[서울행정법원 2010구단26783],https://www.law.go.kr/LSW/precInfoP.do?mode=0&precSeq=372424
372476,요양불승인처분취소,[서울행정법원 2010구단28116],https://www.law.go.kr/LSW/precInfoP.do?mode=0&precSeq=372476
372500,요양불승인처분취소,[서울행정법원 2010구단28390],https://www.law.go.kr/LSW/precInfoP.do?mode=0&precSeq=372500
372508,요양불승인처분취소,[서울행정법원 2010구단28482],https://www.law.go.kr/LSW/precInfoP.do?mode=0&precSeq=372508
372624,요양불승인처분취소,[서울행정법원 2010구단3537],https://www.law.go.kr/LSW/precInfoP.do?mode=0&precSeq=372624
372628,요양불승인처분취소,[서울행정법원 2010구단3544],https://www.law.go.kr/LSW/precInfoP.do?mode=0&precSeq=372628
372640,요양불승인처분취소,[서울행정법원 2010구단361],https://www.law.go.kr/LSW/precInfoP.do?mode=0&precSeq=372640
372678,요양불승인처분취소,[서울행정법원 2010구단40],https://www.law.go.kr/LSW/precInfoP.do?mode=0&precSeq=372678
372682,요양불승인처분취소,"본 컨텐츠는
 근로복지공단 산재판례 에서 수집한 데이터로, 관련 문의는 해당 기관으로 부탁드립니다.",https://www.law.go.kr/LSW/precInfoP.do?mode=0&precSeq=372682
372692,요양불승인처분취소,[서울행정법원 2010구단4110],https://www.law.go.kr/LSW/precInfoP.do?mode=0&precSeq=372692
372718,요양불승인처분취소,[서울행정법원 2010구단4387],https://www.law.go.kr/LSW/precInfoP.do?mode=0&precSeq=372718
372806,요양불승인처분취소,[서울행정법원 2010구단5328],https://www.law.go.kr/LSW/precInfoP.do?mode=0&precSeq=372806
372828,요양불승인처분취소,[서울행정법원 2010구단5755],https://www.law.go.kr/LSW/precInfoP.do?mode=0&precSeq=372828
372988,요양불승인처분취소,[서울행정법원 2010구단7966],https://www.law.go.kr/LSW/precInfoP.do?mode=0&precSeq=372988
376086,요양불승인처분취소,[서울행정법원 2011구단10549],https://www.law.go.kr/LSW/precInfoP.do?mode=0&precSeq=376086
376090,요양불승인처분취소,[서울행정법원 2011구단1064],https://www.law.go.kr/LSW/precInfoP.do?mode=0&precSeq=376090
376274,요양불승인처분취소,[서울행정법원 2011구단14299],https://www.law.go.kr/LSW/precInfoP.do?mode=0&precSeq=376274
376278,요양불승인처분취소,[서울행정법원 2011구단14343],https://www.law.go.kr/LSW/precInfoP.do?mode=0&precSeq=376278
376550,요양불승인처분취소,[서울행정법원 2011구단21884],https://www.law.go.kr/LSW/precInfoP.do?mode=0&precSeq=376550
376572,요양불승인처분취소,[서울행정법원 2011구단2234],https://www.law.go.kr/LSW/precInfoP.do?mode=0&precSeq=376572
376634,요양불승인처분취소,[서울행정법원 2011구단23651],https://www.law.go.kr/LSW/precInfoP.do?mode=0&precSeq=376634
376782,요양불승인처분취소,[서울행정법원 2011구단27080],https://www.law.go.kr/LSW/precInfoP.do?mode=0&precSeq=376782
376882,요양불승인처분취소,"본 컨텐츠는
 근로복지공단 산재판례 에서 수집한 데이터로, 관련 문의는 해당 기관으로 부탁드립니다.",https://www.law.go.kr/LSW/precInfoP.do?mode=0&precSeq=376882
377172,요양불승인처분취소,[서울행정법원 2011구단6311],https://www.law.go.kr/LSW/precInfoP.do?mode=0&precSeq=377172
377260,요양불승인처분취소,"본 컨텐츠는
 근로복지공단 산재판례 에서 수집한 데이터로, 관련 문의는 해당 기관으로 부탁드립니다.",https://www.law.go.kr/LSW/precInfoP.do?mode=0&precSeq=377260
380314,요양불승인처분취소,[서울행정법원 2012구단10027],https://www.law.go.kr/LSW/precInfoP.do?mode=0&precSeq=380314
380320,요양불승인처분취소,[서울행정법원 2012구단10188],https://www.law.go.kr/LSW/precInfoP.do?mode=0&precSeq=380320
380342,요양불승인처분취소,[서울행정법원 2012구단10690],https://www.law.go.kr/LSW/precInfoP.do?mode=0&precSeq=380342
380348,요양불승인처분취소,[서울행정법원 2012구단10768],https://www.law.go.kr/LSW/precInfoP.do?mode=0&precSeq=380348
380356,요양불승인처분취소,[서울행정법원 2012구단10973],https://www.law.go.kr/LSW/precInfoP.do?mode=0&precSeq=380356
380358,요양불승인처분취소,[서울행정법원 2012구단11051],https://www.law.go.kr/LSW/precInfoP.do?mode=0&precSeq=380358
380376,요양불승인처분취소,[서울행정법원 2012구단11686],https://www.law.go.kr/LSW/precInfoP.do?mode=0&precSeq=380376
380390,요양불승인처분취소,[서울행정법원 2012구단12092],https://www.law.go.kr/LSW/precInfoP.do?mode=0&precSeq=380390
380410,요양불승인처분취소,[서울행정법원 2012구단12344],https://www.law.go.kr/LSW/precInfoP.do?mode=0&precSeq=380410
380414,요양불승인처분취소,[서울행정법원 2012구단12382],https://www.law.go.kr/LSW/precInfoP.do?mode=0&precSeq=380414
380428,요양불승인처분취소,[서울행정법원 2012구단12788],https://www.law.go.kr/LSW/precInfoP.do?mode=0&precSeq=380428
380442,요양불승인처분취소,[서울행정법원 2012구단13095],https://www.law.go.kr/LSW/precInfoP.do?mode=0&precSeq=380442
380448,요양불승인처분취소,[서울행정법원 2012구단13309],https://www.law.go.kr/LSW/precInfoP.do?mode=0&precSeq=380448
380452,요양불승인처분취소,[서울행정법원 2012구단13514],https://www.law.go.kr/LSW/precInfoP.do?mode=0&precSeq=380452
380466,요양불승인처분취소,[서울행정법원 2012구단1368],https://www.law.go.kr/LSW/precInfoP.do?mode=0&precSeq=380466
380482,요양불승인처분취소,[서울행정법원 2012구단13958],https://www.law.go.kr/LSW/precInfoP.do?mode=0&precSeq=380482
380490,요양불승인처분취소,[서울행정법원 2012구단14098],https://www.law.go.kr/LSW/precInfoP.do?mode=0&precSeq=380490
380494,요양불승인처분취소,[서울행정법원 2012구단14111],https://www.law.go.kr/LSW/precInfoP.do?mode=0&precSeq=380494
380500,요양불승인처분취소,[서울행정법원 2012구단14173],https://www.law.go.kr/LSW/precInfoP.do?mode=0&precSeq=380500
380514,요양불승인처분취소,[서울행정법원 2012구단14548],https://www.law.go.kr/LSW/precInfoP.do?mode=0&precSeq=380514
380542,요양불승인처분취소,[서울행정법원 2012구단15060],https://www.law.go.kr/LSW/precInfoP.do?mode=0&precSeq=380542
380644,요양불승인처분취소,[서울행정법원 2012구단17301],https://www.law.go.kr/LSW/precInfoP.do?mode=0&precSeq=380644
380680,요양불승인처분취소,[서울행정법원 2012구단18014],https://www.law.go.kr/LSW/precInfoP.do?mode=0&precSeq=380680
380688,요양불승인처분취소,"본 컨텐츠는
 근로복지공단 산재판례 에서 수집한 데이터로, 관련 문의는 해당 기관으로 부탁드립니다.",https://www.law.go.kr/LSW/precInfoP.do?mode=0&precSeq=380688
380736,요양불승인처분취소,"본 컨텐츠는
 근로복지공단 산재판례 에서 수집한 데이터로, 관련 문의는 해당 기관으로 부탁드립니다.",https://www.law.go.kr/LSW/precInfoP.do?mode=0&precSeq=380736
380824,요양불승인처분취소,"본 컨텐츠는
 근로복지공단 산재판례 에서 수집한 데이터로, 관련 문의는 해당 기관으로 부탁드립니다.",https://www.law.go.kr/LSW/precInfoP.do?mode=0&precSeq=380824
380844,요양불승인처분취소,"본 컨텐츠는
 근로복지공단 산재판례 에서 수집한 데이터로, 관련 문의는 해당 기관으로 부탁드립니다.",https://www.law.go.kr/LSW/precInfoP.do?mode=0&precSeq=380844
380854,요양불승인처분취소,[서울행정법원 2012구단21928],https://www.law.go.kr/LSW/precInfoP.do?mode=0&precSeq=380854
380862,요양불승인처분취소,"본 컨텐츠는
 근로복지공단 산재판례 에서 수집한 데이터로, 관련 문의는 해당 기관으로 부탁드립니다.",https://www.law.go.kr/LSW/precInfoP.do?mode=0&precSeq=380862
380872,요양불승인처분취소,"본 컨텐츠는
 근로복지공단 산재판례 에서 수집한 데이터로, 관련 문의는 해당 기관으로 부탁드립니다.",https://www.law.go.kr/LSW/precInfoP.do?mode=0&precSeq=380872
380892,요양불승인처분취소,"본 컨텐츠는
 근로복지공단 산재판례 에서 수집한 데이터로, 관련 문의는 해당 기관으로 부탁드립니다.",https://www.law.go.kr/LSW/precInfoP.do?mode=0&precSeq=380892
380900,요양불승인처분취소,"본 컨텐츠는
 근로복지공단 산재판례 에서 수집한 데이터로, 관련 문의는 해당 기관으로 부탁드립니다.",https://www.law.go.kr/LSW/precInfoP.do?mode=0&precSeq=380900
380916,요양불승인처분취소,"본 컨텐츠는
 근로복지공단 산재판례 에서 수집한 데이터로, 관련 문의는 해당 기관으로 부탁드립니다.",https://www.law.go.kr/LSW/precInfoP.do?mode=0&precSeq=380916
380974,요양불승인처분취소,"본 컨텐츠는
 근로복지공단 산재판례 에서 수집한 데이터로, 관련 문의는 해당 기관으로 부탁드립니다.",https://www.law.go.kr/LSW/precInfoP.do?mode=0&precSeq=380974
380990,요양불승인처분취소,"본 컨텐츠는
 근로복지공단 산재판례 에서 수집한 데이터로, 관련 문의는 해당 기관으로 부탁드립니다.",https://www.law.go.kr/LSW/precInfoP.do?mode=0&precSeq=380990
381080,요양불승인처분취소,[서울행정법원 2012구단2804],https://www.law.go.kr/LSW/precInfoP.do?mode=0&precSeq=381080
381090,요양불승인처분취소,"본 컨텐츠는
 근로복지공단 산재판례 에서 수집한 데이터로, 관련 문의는 해당 기관으로 부탁드립니다.",https://www.law.go.kr/LSW/precInfoP.do?mode=0&precSeq=381090
381096,요양불승인처분취소,"본 컨텐츠는
 근로복지공단 산재판례 에서 수집한 데이터로, 관련 문의는 해당 기관으로 부탁드립니다.",https://www.law.go.kr/LSW/precInfoP.do?mode=0&precSeq=381096
381098,요양불승인처분취소,"본 컨텐츠는
 근로복지공단 산재판례 에서 수집한 데이터로, 관련 문의는 해당 기관으로 부탁드립니다.",https://www.law.go.kr/LSW/precInfoP.do?mode=0&precSeq=381098
381100,요양불승인처분취소,"본 컨텐츠는
 근로복지공단 산재판례 에서 수집한 데이터로, 관련 문의는 해당 기관으로 부탁드립니다.",https://www.law.go.kr/LSW/precInfoP.do?mode=0&precSeq=381100
381156,요양불승인처분취소,[서울행정법원 2012구단30113],https://www.law.go.kr/LSW/precInfoP.do?mode=0&precSeq=381156
381244,요양불승인처분취소,[서울행정법원 2012구단4169],https://www.law.go.kr/LSW/precInfoP.do?mode=0&precSeq=381244
381376,요양불승인처분취소,"본 컨텐츠는
 근로복지공단 산재판례 에서 수집한 데이터로, 관련 문의는 해당 기관으로 부탁드립니다.",https://www.law.go.kr/LSW/precInfoP.do?mode=0&precSeq=381376
381386,요양불승인처분취소,"본 컨텐츠는
 근로복지공단 산재판례 에서 수집한 데이터로, 관련 문의는 해당 기관으로 부탁드립니다.",https://www.law.go.kr/LSW/precInfoP.do?mode=0&precSeq=381386
381400,요양불승인처분취소,"본 컨텐츠는
 근로복지공단 산재판례 에서 수집한 데이터로, 관련 문의는 해당 기관으로 부탁드립니다.",https://www.law.go.kr/LSW/precInfoP.do?mode=0&precSeq=381400
381562,요양불승인처분취소,[서울행정법원 2012구단9829],https://www.law.go.kr/LSW/precInfoP.do?mode=0&precSeq=381562
384458,요양불승인처분취소,[서울행정법원 2013구단1198],https://www.law.go.kr/LSW/precInfoP.do?mode=0&precSeq=384458
384466,요양불승인처분취소,[서울행정법원 2013구단12020],https://www.law.go.kr/LSW/precInfoP.do?mode=0&precSeq=384466
384534,요양불승인처분취소,[서울행정법원 2013구단13474],https://www.law.go.kr/LSW/precInfoP.do?mode=0&precSeq=384534
384552,요양불승인처분취소,[서울행정법원 2013구단13801],https://www.law.go.kr/LSW/precInfoP.do?mode=0&precSeq=384552
384556,요양불승인처분취소,[서울행정법원 2013구단13955],https://www.law.go.kr/LSW/precInfoP.do?mode=0&precSeq=384556
384626,요양불승인처분취소,[서울행정법원 2013구단15340],https://www.law.go.kr/LSW/precInfoP.do?mode=0&precSeq=384626
384824,요양불승인처분취소,[서울행정법원 2013구단20410],https://www.law.go.kr/LSW/precInfoP.do?mode=0&precSeq=384824
384836,요양불승인처분취소,[서울행정법원 2013구단20830],https://www.law.go.kr/LSW/precInfoP.do?mode=0&precSeq=384836
384904,요양불승인처분취소,"본 컨텐츠는
 근로복지공단 산재판례 에서 수집한 데이터로, 관련 문의는 해당 기관으로 부탁드립니다.",https://www.law.go.kr/LSW/precInfoP.do?mode=0&precSeq=384904
385116,요양불승인처분취소,[서울행정법원 2013구단393],https://www.law.go.kr/LSW/precInfoP.do?mode=0&precSeq=385116
385246,요양불승인처분취소,[서울행정법원 2013구단51964],https://www.law.go.kr/LSW/precInfoP.do?mode=0&precSeq=385246
385284,요양불승인처분취소,[서울행정법원 2013구단52936],https://www.law.go.kr/LSW/precInfoP.do?mode=0&precSeq=385284
385392,요양불승인처분취소,"본 컨텐츠는
 근로복지공단 산재판례 에서 수집한 데이터로, 관련 문의는 해당 기관으로 부탁드립니다.",https://www.law.go.kr/LSW/precInfoP.do?mode=0&precSeq=385392
385432,요양불승인처분취소,"본 컨텐츠는
 근로복지공단 산재판례 에서 수집한 데이터로, 관련 문의는 해당 기관으로 부탁드립니다.",https://www.law.go.kr/LSW/precInfoP.do?mode=0&precSeq=385432
388546,요양불승인처분취소,[서울행정법원 2014구단10991],https://www.law.go.kr/LSW/precInfoP.do?mode=0&precSeq=388546
388548,요양불승인처분취소,"본 컨텐츠는
 근로복지공단 산재판례 에서 수집한 데이터로, 관련 문의는 해당 기관으로 부탁드립니다.",https://www.law.go.kr/LSW/precInfoP.do?mode=0&precSeq=388548
388928,요양불승인처분취소,[서울행정법원 2014구단253],https://www.law.go.kr/LSW/precInfoP.do?mode=0&precSeq=388928
389166,요양불승인처분취소,[서울행정법원 2014구단51442],https://www.law.go.kr/LSW/precInfoP.do?mode=0&precSeq=389166
389170,요양불승인처분취소,[서울행정법원 2014구단51480],https://www.law.go.kr/LSW/precInfoP.do?mode=0&precSeq=389170
389180,요양불승인처분취소,[서울행정법원 2014구단51763],https://www.law.go.kr/LSW/precInfoP.do?mode=0&precSeq=389180
389192,요양불승인처분취소,[서울행정법원 2014구단51992],https://www.law.go.kr/LSW/precInfoP.do?mode=0&precSeq=389192
389284,요양불승인처분취소,[서울행정법원 2014구단54076],https://www.law.go.kr/LSW/precInfoP.do?mode=0&precSeq=389284
389362,요양불승인처분취소,[서울행정법원 2014구단55604],https://www.law.go.kr/LSW/precInfoP.do?mode=0&precSeq=389362
389414,요양불승인처분취소,[서울행정법원 2014구단56997],https://www.law.go.kr/LSW/precInfoP.do?mode=0&precSeq=389414
389478,요양불승인처분취소,[서울행정법원 2014구단58702],https://www.law.go.kr/LSW/precInfoP.do?mode=0&precSeq=389478
389496,요양불승인처분취소,[서울행정법원 2014구단58993],https://www.law.go.kr/LSW/precInfoP.do?mode=0&precSeq=389496
392526,요양불승인처분취소,[서울행정법원 2015구단11397],https://www.law.go.kr/LSW/precInfoP.do?mode=0&precSeq=392526
392642,요양불승인처분취소,[서울행정법원 2015구단15054],https://www.law.go.kr/LSW/precInfoP.do?mode=0&precSeq=392642
392748,요양불승인처분취소,[서울행정법원 2015구단19285],https://www.law.go.kr/LSW/precInfoP.do?mode=0&precSeq=392748
392772,요양불승인처분취소,[서울행정법원 2015구단2027],https://www.law.go.kr/LSW/precInfoP.do?mode=0&precSeq=392772
393210,요양불승인처분취소,[서울행정법원 2015구단55267],https://www.law.go.kr/LSW/precInfoP.do?mode=0&precSeq=393210
393220,요양불승인처분취소,[서울행정법원 2015구단55502],https://www.law.go.kr/LSW/precInfoP.do?mode=0&precSeq=393220
393224,요양불승인처분취소,[서울행정법원 2015구단55571],https://www.law.go.kr/LSW/precInfoP.do?mode=0&precSeq=393224
393234,요양불승인처분취소,"본 컨텐츠는
 근로복지공단 산재판례 에서 수집한 데이터로, 관련 문의는 해당 기관으로 부탁드립니다.",https://www.law.go.kr/LSW/precInfoP.do?mode=0&precSeq=393234
393254,요양불승인처분취소,"본 컨텐츠는
 근로복지공단 산재판례 에서 수집한 데이터로, 관련 문의는 해당 기관으로 부탁드립니다.",https://www.law.go.kr/LSW/precInfoP.do?mode=0&precSeq=393254
393262,요양불승인처분취소,[서울행정법원 2015구단56130],https://www.law.go.kr/LSW/precInfoP.do?mode=0&precSeq=393262
393268,요양불승인처분취소,"본 컨텐츠는
 근로복지공단 산재판례 에서 수집한 데이터로, 관련 문의는 해당 기관으로 부탁드립니다.",https://www.law.go.kr/LSW/precInfoP.do?mode=0&precSeq=393268
393282,요양불승인처분취소,[서울행정법원 2015구단56673],https://www.law.go.kr/LSW/precInfoP.do?mode=0&precSeq=393282
393286,요양불승인처분취소,[서울행정법원 2015구단56697],https://www.law.go.kr/LSW/precInfoP.do?mode=0&precSeq=393286
393290,요양불승인처분취소,[서울행정법원 2015구단56710],https://www.law.go.kr/LSW/precInfoP.do?mode=0&precSeq=393290
393302,요양불승인처분취소,[서울행정법원 2015구단56819],https://www.law.go.kr/LSW/precInfoP.do?mode=0&precSeq=393302
393304,요양불승인처분취소,[서울행정법원 2015구단56963],https://www.law.go.kr/LSW/precInfoP.do?mode=0&precSeq=393304
393308,요양불승인처분취소,[서울행정법원 2015구단57010],https://www.law.go.kr/LSW/precInfoP.do?mode=0&precSeq=393308
393310,요양불승인처분취소,[서울행정법원 2015구단57027],https://www.law.go.kr/LSW/precInfoP.do?mode=0&precSeq=393310
393312,요양불승인처분취소,"본 컨텐츠는
 근로복지공단 산재판례 에서 수집한 데이터로, 관련 문의는 해당 기관으로 부탁드립니다.",https://www.law.go.kr/LSW/precInfoP.do?mode=0&precSeq=393312
393322,요양불승인처분취소,[서울행정법원 2015구단57270],https://www.law.go.kr/LSW/precInfoP.do?mode=0&precSeq=393322
393330,요양불승인처분취소,[서울행정법원 2015구단57324],https://www.law.go.kr/LSW/precInfoP.do?mode=0&precSeq=393330
393334,요양불승인처분취소,[서울행정법원 2015구단57362],https://www.law.go.kr/LSW/precInfoP.do?mode=0&precSeq=393334
393340,요양불승인처분취소,[서울행정법원 2015구단57430],https://www.law.go.kr/LSW/precInfoP.do?mode=0&precSeq=393340
393352,요양불승인처분취소,[서울행정법원 2015구단57614],https://www.law.go.kr/LSW/precInfoP.do?mode=0&precSeq=393352
393362,요양불승인처분취소,[서울행정법원 2015구단57720],https://www.law.go.kr/LSW/precInfoP.do?mode=0&precSeq=393362
393364,요양불승인처분취소,[서울행정법원 2015구단57751],https://www.law.go.kr/LSW/precInfoP.do?mode=0&precSeq=393364
393366,요양불승인처분취소,[서울행정법원 2015구단57782],https://www.law.go.kr/LSW/precInfoP.do?mode=0&precSeq=393366
393376,요양불승인처분취소,[서울행정법원 2015구단57942],https://www.law.go.kr/LSW/precInfoP.do?mode=0&precSeq=393376
393382,요양불승인처분취소,"본 컨텐츠는
 근로복지공단 산재판례 에서 수집한 데이터로, 관련 문의는 해당 기관으로 부탁드립니다.",https://www.law.go.kr/LSW/precInfoP.do?mode=0&precSeq=393382
393384,요양불승인처분취소,[서울행정법원 2015구단58266],https://www.law.go.kr/LSW/precInfoP.do?mode=0&precSeq=393384
393388,요양불승인처분취소,[서울행정법원 2015구단58297],https://www.law.go.kr/LSW/precInfoP.do?mode=0&precSeq=393388
393400,요양불승인처분취소,"본 컨텐츠는
 근로복지공단 산재판례 에서 수집한 데이터로, 관련 문의는 해당 기관으로 부탁드립니다.",https://www.law.go.kr/LSW/precInfoP.do?mode=0&precSeq=393400
393402,요양불승인처분취소,[서울행정법원 2015구단58464],https://www.law.go.kr/LSW/precInfoP.do?mode=0&precSeq=393402
393404,요양불승인처분취소,[서울행정법원 2015구단58495],https://www.law.go.kr/LSW/precInfoP.do?mode=0&precSeq=393404
393410,요양불승인처분취소,[서울행정법원 2015구단58532],https://www.law.go.kr/LSW/precInfoP.do?mode=0&precSeq=393410
393420,요양불승인처분취소,[서울행정법원 2015구단58785],https://www.law.go.kr/LSW/precInfoP.do?mode=0&precSeq=393420
393424,요양불승인처분취소,[서울행정법원 2015구단58839],https://www.law.go.kr/LSW/precInfoP.do?mode=0&precSeq=393424
393440,요양불승인처분취소,[서울행정법원 2015구단59016],https://www.law.go.kr/LSW/precInfoP.do?mode=0&precSeq=393440
393444,요양불승인처분취소,[서울행정법원 2015구단59177],https://www.law.go.kr/LSW/precInfoP.do?mode=0&precSeq=393444
393448,요양불승인처분취소,[서울행정법원 2015구단59221],https://www.law.go.kr/LSW/precInfoP.do?mode=0&precSeq=393448
393452,요양불승인처분취소,[서울행정법원 2015구단59344],https://www.law.go.kr/LSW/precInfoP.do?mode=0&precSeq=393452
393454,요양불승인처분취소,[서울행정법원 2015구단59368],https://www.law.go.kr/LSW/precInfoP.do?mode=0&precSeq=393454
393460,요양불승인처분취소,[서울행정법원 2015구단59467],https://www.law.go.kr/LSW/precInfoP.do?mode=0&precSeq=393460
393474,요양불승인처분취소,[서울행정법원 2015구단59689],https://www.law.go.kr/LSW/precInfoP.do?mode=0&precSeq=393474
393484,요양불승인처분취소,[서울행정법원 2015구단59832],https://www.law.go.kr/LSW/precInfoP.do?mode=0&precSeq=393484
393488,요양불승인처분취소,[서울행정법원 2015구단59894],https://www.law.go.kr/LSW/precInfoP.do?mode=0&precSeq=393488
393490,요양불승인처분취소,[서울행정법원 2015구단59917],https://www.law.go.kr/LSW/precInfoP.do?mode=0&precSeq=393490
393492,요양불승인처분취소,[서울행정법원 2015구단59924],https://www.law.go.kr/LSW/precInfoP.do?mode=0&precSeq=393492
393494,요양불승인처분취소,[서울행정법원 2015구단59979],https://www.law.go.kr/LSW/precInfoP.do?mode=0&precSeq=393494
393496,요양불승인처분취소,[서울행정법원 2015구단59993],https://www.law.go.kr/LSW/precInfoP.do?mode=0&precSeq=393496
393500,요양불승인처분취소,[서울행정법원 2015구단60078],https://www.law.go.kr/LSW/precInfoP.do?mode=0&precSeq=393500
393506,요양불승인처분취소,"본 컨텐츠는
 근로복지공단 산재판례 에서 수집한 데이터로, 관련 문의는 해당 기관으로 부탁드립니다.",https://www.law.go.kr/LSW/precInfoP.do?mode=0&precSeq=393506
393508,요양불승인처분취소,[서울행정법원 2015구단60139],https://www.law.go.kr/LSW/precInfoP.do?mode=0&precSeq=393508
393520,요양불승인처분취소,[서울행정법원 2015구단60405],https://www.law.go.kr/LSW/precInfoP.do?mode=0&precSeq=393520
393524,요양불승인처분취소,[서울행정법원 2015구단60450],https://www.law.go.kr/LSW/precInfoP.do?mode=0&precSeq=393524
393526,요양불승인처분취소,[서울행정법원 2015구단60597],https://www.law.go.kr/LSW/precInfoP.do?mode=0&precSeq=393526
393532,요양불승인처분취소,[서울행정법원 2015구단60801],https://www.law.go.kr/LSW/precInfoP.do?mode=0&precSeq=393532
393552,요양불승인처분취소,[서울행정법원 2015구단61279],https://www.law.go.kr/LSW/precInfoP.do?mode=0&precSeq=393552
393560,요양불승인처분취소,[서울행정법원 2015구단61569],https://www.law.go.kr/LSW/precInfoP.do?mode=0&precSeq=393560
393562,요양불승인처분취소,[서울행정법원 2015구단61590],https://www.law.go.kr/LSW/precInfoP.do?mode=0&precSeq=393562
393572,요양불승인처분취소,[서울행정법원 2015구단62029],https://www.law.go.kr/LSW/precInfoP.do?mode=0&precSeq=393572
393578,요양불승인처분취소,[서울행정법원 2015구단62302],https://www.law.go.kr/LSW/precInfoP.do?mode=0&precSeq=393578
393588,요양불승인처분취소,"본 컨텐츠는
 근로복지공단 산재판례 에서 수집한 데이터로, 관련 문의는 해당 기관으로 부탁드립니다.",https://www.law.go.kr/LSW/precInfoP.do?mode=0&precSeq=393588
393590,요양불승인처분취소,"본 컨텐츠는
 근로복지공단 산재판례 에서 수집한 데이터로, 관련 문의는 해당 기관으로 부탁드립니다.",https://www.law.go.kr/LSW/precInfoP.do?mode=0&precSeq=393590
393596,요양불승인처분취소,[서울행정법원 2015구단62593],https://www.law.go.kr/LSW/precInfoP.do?mode=0&precSeq=393596
393604,요양불승인처분취소,[서울행정법원 2015구단62678],https://www.law.go.kr/LSW/precInfoP.do?mode=0&precSeq=393604
393628,요양불승인처분취소,[서울행정법원 2015구단63077],https://www.law.go.kr/LSW/precInfoP.do?mode=0&precSeq=393628
393648,요양불승인처분취소,"본 컨텐츠는
 근로복지공단 산재판례 에서 수집한 데이터로, 관련 문의는 해당 기관으로 부탁드립니다.",https://www.law.go.kr/LSW/precInfoP.do?mode=0&precSeq=393648
393668,요양불승인처분취소,[서울행정법원 2015구단6647],https://www.law.go.kr/LSW/precInfoP.do?mode=0&precSeq=393668
393672,요양불승인처분취소,"본 컨텐츠는
 근로복지공단 산재판례 에서 수집한 데이터로, 관련 문의는 해당 기관으로 부탁드립니다.",https://www.law.go.kr/LSW/precInfoP.do?mode=0&precSeq=393672
393782,요양불승인처분취소,[서울행정법원 2015구단9523],https://www.law.go.kr/LSW/precInfoP.do?mode=0&precSeq=393782
393784,요양불승인처분취소,[서울행정법원 2015구단9561],https://www.law.go.kr/LSW/precInfoP.do?mode=0&precSeq=393784
393806,요양불승인처분취소,[서울행정법원 2015구단9905],https://www.law.go.kr/LSW/precInfoP.do?mode=0&precSeq=393806
396472,요양불승인처분취소,[서울행정법원 2016구단10339],https://www.law.go.kr/LSW/precInfoP.do?mode=0&precSeq=396472
396586,요양불승인처분취소,[서울행정법원 2016구단12090],https://www.law.go.kr/LSW/precInfoP.do?mode=0&precSeq=396586
396612,요양불승인처분취소,"본 컨텐츠는
 근로복지공단 산재판례 에서 수집한 데이터로, 관련 문의는 해당 기관으로 부탁드립니다.",https://www.law.go.kr/LSW/precInfoP.do?mode=0&precSeq=396612
396622,요양불승인처분취소,"본 컨텐츠는
 근로복지공단 산재판례 에서 수집한 데이터로, 관련 문의는 해당 기관으로 부탁드립니다.",https://www.law.go.kr/LSW/precInfoP.do?mode=0&precSeq=396622
396644,요양불승인처분취소,[서울행정법원 2016구단1472],https://www.law.go.kr/LSW/precInfoP.do?mode=0&precSeq=396644
396662,요양불승인처분취소,"본 컨텐츠는
 근로복지공단 산재판례 에서 수집한 데이터로, 관련 문의는 해당 기관으로 부탁드립니다.",https://www.law.go.kr/LSW/precInfoP.do?mode=0&precSeq=396662
396666,요양불승인처분취소,"본 컨텐츠는
 근로복지공단 산재판례 에서 수집한 데이터로, 관련 문의는 해당 기관으로 부탁드립니다.",https://www.law.go.kr/LSW/precInfoP.do?mode=0&precSeq=396666
396706,요양불승인처분취소,[서울행정법원 2016구단19626],https://www.law.go.kr/LSW/precInfoP.do?mode=0&precSeq=396706
396736,요양불승인처분취소,[서울행정법원 2016구단20480],https://www.law.go.kr/LSW/precInfoP.do?mode=0&precSeq=396736
396738,요양불승인처분취소,[서울행정법원 2016구단20497],https://www.law.go.kr/LSW/precInfoP.do?mode=0&precSeq=396738
396746,요양불승인처분취소,[서울행정법원 2016구단20718],https://www.law.go.kr/LSW/precInfoP.do?mode=0&precSeq=396746
396752,요양불승인처분취소,[서울행정법원 2016구단2079],https://www.law.go.kr/LSW/precInfoP.do?mode=0&precSeq=396752
396814,요양불승인처분취소,[서울행정법원 2016구단24505],https://www.law.go.kr/LSW/precInfoP.do?mode=0&precSeq=396814
396828,요양불승인처분취소,[서울행정법원 2016구단26518],https://www.law.go.kr/LSW/precInfoP.do?mode=0&precSeq=396828
396834,요양불승인처분취소,[서울행정법원 2016구단2666],https://www.law.go.kr/LSW/precInfoP.do?mode=0&precSeq=396834
396846,요양불승인처분취소,[서울행정법원 2016구단28224],https://www.law.go.kr/LSW/precInfoP.do?mode=0&precSeq=396846
396848,요양불승인처분취소,[서울행정법원 2016구단28750],https://www.law.go.kr/LSW/precInfoP.do?mode=0&precSeq=396848
396854,요양불승인처분취소,[서울행정법원 2016구단29159],https://www.law.go.kr/LSW/precInfoP.do?mode=0&precSeq=396854
396862,요양불승인처분취소,[서울행정법원 2016구단3065],https://www.law.go.kr/LSW/precInfoP.do?mode=0&precSeq=396862
396870,요양불승인처분취소,[서울행정법원 2016구단31855],https://www.law.go.kr/LSW/precInfoP.do?mode=0&precSeq=396870
396920,요양불승인처분취소,"본 컨텐츠는
 근로복지공단 산재판례 에서 수집한 데이터로, 관련 문의는 해당 기관으로 부탁드립니다.",https://www.law.go.kr/LSW/precInfoP.do?mode=0&precSeq=396920
396948,요양불승인처분취소,[서울행정법원 2016구단50085],https://www.law.go.kr/LSW/precInfoP.do?mode=0&precSeq=396948
396966,요양불승인처분취소,[서울행정법원 2016구단50481],https://www.law.go.kr/LSW/precInfoP.do?mode=0&precSeq=396966
396974,요양불승인처분취소,[서울행정법원 2016구단50559],https://www.law.go.kr/LSW/precInfoP.do?mode=0&precSeq=396974
396980,요양불승인처분취소,[서울행정법원 2016구단50610],https://www.law.go.kr/LSW/precInfoP.do?mode=0&precSeq=396980
396984,요양불승인처분취소,[서울행정법원 2016구단50658],https://www.law.go.kr/LSW/precInfoP.do?mode=0&precSeq=396984
396986,요양불승인처분취소,[서울행정법원 2016구단50733],https://www.law.go.kr/LSW/precInfoP.do?mode=0&precSeq=396986
396988,요양불승인처분취소,[서울행정법원 2016구단50795],https://www.law.go.kr/LSW/precInfoP.do?mode=0&precSeq=396988
396990,요양불승인처분취소,[서울행정법원 2016구단50894],https://www.law.go.kr/LSW/precInfoP.do?mode=0&precSeq=396990
397008,요양불승인처분취소,[서울행정법원 2016구단51309],https://www.law.go.kr/LSW/precInfoP.do?mode=0&precSeq=397008
397010,요양불승인처분취소,[서울행정법원 2016구단51323],https://www.law.go.kr/LSW/precInfoP.do?mode=0&precSeq=397010
397028,요양불승인처분취소,"본 컨텐츠는
 근로복지공단 산재판례 에서 수집한 데이터로, 관련 문의는 해당 기관으로 부탁드립니다.",https://www.law.go.kr/LSW/precInfoP.do?mode=0&precSeq=397028
397030,요양불승인처분취소,"본 컨텐츠는
 근로복지공단 산재판례 에서 수집한 데이터로, 관련 문의는 해당 기관으로 부탁드립니다.",https://www.law.go.kr/LSW/precInfoP.do?mode=0&precSeq=397030
397034,요양불승인처분취소,[서울행정법원 2016구단51699],https://www.law.go.kr/LSW/precInfoP.do?mode=0&precSeq=397034
397036,요양불승인처분취소,[서울행정법원 2016구단51712],https://www.law.go.kr/LSW/precInfoP.do?mode=0&precSeq=397036
397044,요양불승인처분취소,[서울행정법원 2016구단51835],https://www.law.go.kr/LSW/precInfoP.do?mode=0&precSeq=397044
397060,요양불승인처분취소,[서울행정법원 2016구단52173],https://www.law.go.kr/LSW/precInfoP.do?mode=0&precSeq=397060
397064,요양불승인처분취소,[서울행정법원 2016구단52197],https://www.law.go.kr/LSW/precInfoP.do?mode=0&precSeq=397064
397074,요양불승인처분취소,[서울행정법원 2016구단52425],https://www.law.go.kr/LSW/precInfoP.do?mode=0&precSeq=397074
397080,요양불승인처분취소,[서울행정법원 2016구단52548],https://www.law.go.kr/LSW/precInfoP.do?mode=0&precSeq=397080
397084,요양불승인처분취소,[서울행정법원 2016구단52685],https://www.law.go.kr/LSW/precInfoP.do?mode=0&precSeq=397084
397094,요양불승인처분취소,[서울행정법원 2016구단52944],https://www.law.go.kr/LSW/precInfoP.do?mode=0&precSeq=397094
397098,요양불승인처분취소,[서울행정법원 2016구단53107],https://www.law.go.kr/LSW/precInfoP.do?mode=0&precSeq=397098
397106,요양불승인처분취소,[서울행정법원 2016구단53367],https://www.law.go.kr/LSW/precInfoP.do?mode=0&precSeq=397106
397110,요양불승인처분취소,[서울행정법원 2016구단53473],https://www.law.go.kr/LSW/precInfoP.do?mode=0&precSeq=397110
397118,요양불승인처분취소,[서울행정법원 2016구단53619],https://www.law.go.kr/LSW/precInfoP.do?mode=0&precSeq=397118
397130,요양불승인처분취소,[서울행정법원 2016구단53909],https://www.law.go.kr/LSW/precInfoP.do?mode=0&precSeq=397130
397134,요양불승인처분취소,[서울행정법원 2016구단53954],https://www.law.go.kr/LSW/precInfoP.do?mode=0&precSeq=397134
397142,요양불승인처분취소,[서울행정법원 2016구단54346],https://www.law.go.kr/LSW/precInfoP.do?mode=0&precSeq=397142
397150,요양불승인처분취소,[서울행정법원 2016구단54629],https://www.law.go.kr/LSW/precInfoP.do?mode=0&precSeq=397150
397152,요양불승인처분취소,[서울행정법원 2016구단54674],https://www.law.go.kr/LSW/precInfoP.do?mode=0&precSeq=397152
397154,요양불승인처분취소,[서울행정법원 2016구단54681],https://www.law.go.kr/LSW/precInfoP.do?mode=0&precSeq=397154
397178,요양불승인처분취소,[서울행정법원 2016구단55462],https://www.law.go.kr/LSW/precInfoP.do?mode=0&precSeq=397178
397180,요양불승인처분취소,[서울행정법원 2016구단55493],https://www.law.go.kr/LSW/precInfoP.do?mode=0&precSeq=397180
397184,요양불승인처분취소,[서울행정법원 2016구단55554],https://www.law.go.kr/LSW/precInfoP.do?mode=0&precSeq=397184
397190,요양불승인처분취소,[서울행정법원 2016구단55677],https://www.law.go.kr/LSW/precInfoP.do?mode=0&precSeq=397190
397192,요양불승인처분취소,[서울행정법원 2016구단55707],https://www.law.go.kr/LSW/precInfoP.do?mode=0&precSeq=397192
397202,요양불승인처분취소,"본 컨텐츠는
 근로복지공단 산재판례 에서 수집한 데이터로, 관련 문의는 해당 기관으로 부탁드립니다.",https://www.law.go.kr/LSW/precInfoP.do?mode=0&precSeq=397202
397210,요양불승인처분취소,[서울행정법원 2016구단56168],https://www.law.go.kr/LSW/precInfoP.do?mode=0&precSeq=397210
397214,요양불승인처분취소,[서울행정법원 2016구단56243],https://www.law.go.kr/LSW/precInfoP.do?mode=0&precSeq=397214
397226,요양불승인처분취소,[서울행정법원 2016구단56601],https://www.law.go.kr/LSW/precInfoP.do?mode=0&precSeq=397226
397246,요양불승인처분취소,[서울행정법원 2016구단56953],https://www.law.go.kr/LSW/precInfoP.do?mode=0&precSeq=397246
397252,요양불승인처분취소,[서울행정법원 2016구단57024],https://www.law.go.kr/LSW/precInfoP.do?mode=0&precSeq=397252
397256,요양불승인처분취소,[서울행정법원 2016구단57154],https://www.law.go.kr/LSW/precInfoP.do?mode=0&precSeq=397256
397262,요양불승인처분취소,[서울행정법원 2016구단57499],https://www.law.go.kr/LSW/precInfoP.do?mode=0&precSeq=397262
397270,요양불승인처분취소,[서울행정법원 2016구단57826],https://www.law.go.kr/LSW/precInfoP.do?mode=0&precSeq=397270
397272,요양불승인처분취소,[서울행정법원 2016구단57857],https://www.law.go.kr/LSW/precInfoP.do?mode=0&precSeq=397272
397284,요양불승인처분취소,[서울행정법원 2016구단58355],https://www.law.go.kr/LSW/precInfoP.do?mode=0&precSeq=397284
397288,요양불승인처분취소,[서울행정법원 2016구단585],https://www.law.go.kr/LSW/precInfoP.do?mode=0&precSeq=397288
397310,요양불승인처분취소,[서울행정법원 2016구단59051],https://www.law.go.kr/LSW/precInfoP.do?mode=0&precSeq=397310
397312,요양불승인처분취소,[서울행정법원 2016구단59204],https://www.law.go.kr/LSW/precInfoP.do?mode=0&precSeq=397312
397314,요양불승인처분취소,[서울행정법원 2016구단59235],https://www.law.go.kr/LSW/precInfoP.do?mode=0&precSeq=397314
397320,요양불승인처분취소,[서울행정법원 2016구단59402],https://www.law.go.kr/LSW/precInfoP.do?mode=0&precSeq=397320
397332,요양불승인처분취소,[서울행정법원 2016구단59846],https://www.law.go.kr/LSW/precInfoP.do?mode=0&precSeq=397332
397334,요양불승인처분취소,[서울행정법원 2016구단59860],https://www.law.go.kr/LSW/precInfoP.do?mode=0&precSeq=397334
397336,요양불승인처분취소,[서울행정법원 2016구단59938],https://www.law.go.kr/LSW/precInfoP.do?mode=0&precSeq=397336
397372,요양불승인처분취소,[서울행정법원 2016구단61153],https://www.law.go.kr/LSW/precInfoP.do?mode=0&precSeq=397372
397378,요양불승인처분취소,[서울행정법원 2016구단61252],https://www.law.go.kr/LSW/precInfoP.do?mode=0&precSeq=397378
397382,요양불승인처분취소,[서울행정법원 2016구단61436],https://www.law.go.kr/LSW/precInfoP.do?mode=0&precSeq=397382
397384,요양불승인처분취소,[서울행정법원 2016구단61474],https://www.law.go.kr/LSW/precInfoP.do?mode=0&precSeq=397384
397386,요양불승인처분취소,[서울행정법원 2016구단61481],https://www.law.go.kr/LSW/precInfoP.do?mode=0&precSeq=397386
397390,요양불승인처분취소,[서울행정법원 2016구단61719],https://www.law.go.kr/LSW/precInfoP.do?mode=0&precSeq=397390
397392,요양불승인처분취소,[서울행정법원 2016구단61740],https://www.law.go.kr/LSW/precInfoP.do?mode=0&precSeq=397392
397400,요양불승인처분취소,[서울행정법원 2016구단61924],https://www.law.go.kr/LSW/precInfoP.do?mode=0&precSeq=397400
397404,요양불승인처분취소,[서울행정법원 2016구단62149],https://www.law.go.kr/LSW/precInfoP.do?mode=0&precSeq=397404
397418,요양불승인처분취소,[서울행정법원 2016구단62644],https://www.law.go.kr/LSW/precInfoP.do?mode=0&precSeq=397418
397424,요양불승인처분취소,[서울행정법원 2016구단62873],https://www.law.go.kr/LSW/precInfoP.do?mode=0&precSeq=397424
397428,요양불승인처분취소,[서울행정법원 2016구단62972],https://www.law.go.kr/LSW/precInfoP.do?mode=0&precSeq=397428
397434,요양불승인처분취소,[서울행정법원 2016구단63180],https://www.law.go.kr/LSW/precInfoP.do?mode=0&precSeq=397434
397446,요양불승인처분취소,[서울행정법원 2016구단63449],https://www.law.go.kr/LSW/precInfoP.do?mode=0&precSeq=397446
397450,요양불승인처분취소,[서울행정법원 2016구단63692],https://www.law.go.kr/LSW/precInfoP.do?mode=0&precSeq=397450
397462,요양불승인처분취소,[서울행정법원 2016구단64145],https://www.law.go.kr/LSW/precInfoP.do?mode=0&precSeq=397462
397466,요양불승인처분취소,[서울행정법원 2016구단64190],https://www.law.go.kr/LSW/precInfoP.do?mode=0&precSeq=397466
397480,요양불승인처분취소,[서울행정법원 2016구단64824],https://www.law.go.kr/LSW/precInfoP.do?mode=0&precSeq=397480
397508,요양불승인처분취소,[서울행정법원 2016구단65483],https://www.law.go.kr/LSW/precInfoP.do?mode=0&precSeq=397508
397514,요양불승인처분취소,[서울행정법원 2016구단65636],https://www.law.go.kr/LSW/precInfoP.do?mode=0&precSeq=397514
397520,요양불승인처분취소,[서울행정법원 2016구단65797],https://www.law.go.kr/LSW/precInfoP.do?mode=0&precSeq=397520
397522,요양불승인처분취소,[서울행정법원 2016구단65971],https://www.law.go.kr/LSW/precInfoP.do?mode=0&precSeq=397522
397524,요양불승인처분취소,[서울행정법원 2016구단660],https://www.law.go.kr/LSW/precInfoP.do?mode=0&precSeq=397524
397526,요양불승인처분취소,[서울행정법원 2016구단66073],https://www.law.go.kr/LSW/precInfoP.do?mode=0&precSeq=397526
397528,요양불승인처분취소,[서울행정법원 2016구단6613],https://www.law.go.kr/LSW/precInfoP.do?mode=0&precSeq=397528
397532,요양불승인처분취소,[서울행정법원 2016구단66233],https://www.law.go.kr/LSW/precInfoP.do?mode=0&precSeq=397532
397540,요양불승인처분취소,[서울행정법원 2016구단66448],https://www.law.go.kr/LSW/precInfoP.do?mode=0&precSeq=397540
397548,요양불승인처분취소,[서울행정법원 2016구단66554],https://www.law.go.kr/LSW/precInfoP.do?mode=0&precSeq=397548
397552,요양불승인처분취소,[서울행정법원 2016구단66677],https://www.law.go.kr/LSW/precInfoP.do?mode=0&precSeq=397552
397560,요양불승인처분취소,[서울행정법원 2016구단66783],https://www.law.go.kr/LSW/precInfoP.do?mode=0&precSeq=397560
397566,요양불승인처분취소,[서울행정법원 2016구단67106],https://www.law.go.kr/LSW/precInfoP.do?mode=0&precSeq=397566
400478,요양불승인처분취소,[서울행정법원 2017구단50044],https://www.law.go.kr/LSW/precInfoP.do?mode=0&precSeq=400478
400568,요양불승인처분취소,[서울행정법원 2017구단52583],https://www.law.go.kr/LSW/precInfoP.do?mode=0&precSeq=400568
400592,요양불승인처분취소,[서울행정법원 2017구단53166],https://www.law.go.kr/LSW/precInfoP.do?mode=0&precSeq=400592
400692,요양불승인처분취소,[서울행정법원 2017구단56981],https://www.law.go.kr/LSW/precInfoP.do?mode=0&precSeq=400692
400788,요양불승인처분취소,[서울행정법원 2017구단60959],https://www.law.go.kr/LSW/precInfoP.do?mode=0&precSeq=400788
400816,요양불승인처분취소,[서울행정법원 2017구단61877],https://www.law.go.kr/LSW/precInfoP.do?mode=0&precSeq=400816
400884,요양불승인처분취소,[서울행정법원 2017구단64890],https://www.law.go.kr/LSW/precInfoP.do?mode=0&precSeq=400884
401216,요양불승인처분취소,[서울행정법원 2017구단79809],https://www.law.go.kr/LSW/precInfoP.do?mode=0&precSeq=401216
403604,요양불승인처분취소,[서울행정법원 2018구단12667],https://www.law.go.kr/LSW/precInfoP.do?mode=0&precSeq=403604
403804,요양불승인처분취소,[서울행정법원 2018구단22220],https://www.law.go.kr/LSW/precInfoP.do?mode=0&precSeq=403804
403974,요양불승인처분취소,"본 컨텐츠는
 근로복지공단 산재판례 에서 수집한 데이터로, 관련 문의는 해당 기관으로 부탁드립니다.",https://www.law.go.kr/LSW/precInfoP.do?mode=0&precSeq=403974
404012,요양불승인처분취소,[서울행정법원 2018구단54333],https://www.law.go.kr/LSW/precInfoP.do?mode=0&precSeq=404012
404042,요양불승인처분취소,[서울행정법원 2018구단55657],https://www.law.go.kr/LSW/precInfoP.do?mode=0&precSeq=404042
404056,요양불승인처분취소,[서울행정법원 2018구단56308],https://www.law.go.kr/LSW/precInfoP.do?mode=0&precSeq=404056
404058,요양불승인처분취소,"본 컨텐츠는
 근로복지공단 산재판례 에서 수집한 데이터로, 관련 문의는 해당 기관으로 부탁드립니다.",https://www.law.go.kr/LSW/precInfoP.do?mode=0&precSeq=404058
404130,요양불승인처분취소,"본 컨텐츠는
 근로복지공단 산재판례 에서 수집한 데이터로, 관련 문의는 해당 기관으로 부탁드립니다.",https://www.law.go.kr/LSW/precInfoP.do?mode=0&precSeq=404130
404514,요양불승인처분취소,[서울행정법원 2018구단72867],https://www.law.go.kr/LSW/precInfoP.do?mode=0&precSeq=404514
404552,요양불승인처분취소,[서울행정법원 2018구단73556],https://www.law.go.kr/LSW/precInfoP.do?mode=0&precSeq=404552
404604,요양불승인처분취소,[서울행정법원 2018구단74955],https://www.law.go.kr/LSW/precInfoP.do?mode=0&precSeq=404604
404666,요양불승인처분취소,"본 컨텐츠는
 근로복지공단 산재판례 에서 수집한 데이터로, 관련 문의는 해당 기관으로 부탁드립니다.",https://www.law.go.kr/LSW/precInfoP.do?mode=0&precSeq=404666
404668,요양불승인처분취소,[서울행정법원 2018구단76494],https://www.law.go.kr/LSW/precInfoP.do?mode=0&precSeq=404668
406840,요양불승인처분취소,[서울행정법원 2019구단17058],https://www.law.go.kr/LSW/precInfoP.do?mode=0&precSeq=406840
407308,요양불승인처분취소,[서울행정법원 2019구단56121],https://www.law.go.kr/LSW/precInfoP.do?mode=0&precSeq=407308
407352,요양불승인처분취소,[서울행정법원 2019구단57711],https://www.law.go.kr/LSW/precInfoP.do?mode=0&precSeq=407352
407534,요양불승인처분취소,[서울행정법원 2019구단63334],https://www.law.go.kr/LSW/precInfoP.do?mode=0&precSeq=407534
407588,요양불승인처분취소,[서울행정법원 2019구단64450],https://www.law.go.kr/LSW/precInfoP.do?mode=0&precSeq=407588
407736,요양불승인처분취소,[서울행정법원 2019구단68308],https://www.law.go.kr/LSW/precInfoP.do?mode=0&precSeq=407736
407872,요양불승인처분취소,[서울행정법원 2019구단7266],https://www.law.go.kr/LSW/precInfoP.do?mode=0&precSeq=407872
407878,요양불승인처분취소,[서울행정법원 2019구단72772],https://www.law.go.kr/LSW/precInfoP.do?mode=0&precSeq=407878
410160,요양불승인처분취소,"본 컨텐츠는
 근로복지공단 산재판례 에서 수집한 데이터로, 관련 문의는 해당 기관으로 부탁드립니다.",https://www.law.go.kr/LSW/precInfoP.do?mode=0&precSeq=410160
410310,요양불승인처분취소,"본 컨텐츠는
 근로복지공단 산재판례 에서 수집한 데이터로, 관련 문의는 해당 기관으로 부탁드립니다.",https://www.law.go.kr/LSW/precInfoP.do?mode=0&precSeq=410310
410470,요양불승인처분취소,"본 컨텐츠는
 근로복지공단 산재판례 에서 수집한 데이터로, 관련 문의는 해당 기관으로 부탁드립니다.",https://www.law.go.kr/LSW/precInfoP.do?mode=0&precSeq=410470
410498,요양불승인처분취소,"본 컨텐츠는
 근로복지공단 산재판례 에서 수집한 데이터로, 관련 문의는 해당 기관으로 부탁드립니다.",https://www.law.go.kr/LSW/precInfoP.do?mode=0&precSeq=410498
410514,요양불승인처분취소,"본 컨텐츠는
 근로복지공단 산재판례 에서 수집한 데이터로, 관련 문의는 해당 기관으로 부탁드립니다.",https://www.law.go.kr/LSW/precInfoP.do?mode=0&precSeq=410514
410520,요양불승인처분취소,"본 컨텐츠는
 근로복지공단 산재판례 에서 수집한 데이터로, 관련 문의는 해당 기관으로 부탁드립니다.",https://www.law.go.kr/LSW/precInfoP.do?mode=0&precSeq=410520
410774,요양불승인처분취소,"본 컨텐츠는
 근로복지공단 산재판례 에서 수집한 데이터로, 관련 문의는 해당 기관으로 부탁드립니다.",https://www.law.go.kr/LSW/precInfoP.do?mode=0&precSeq=410774
410814,요양불승인처분취소,"본 컨텐츠는
 근로복지공단 산재판례 에서 수집한 데이터로, 관련 문의는 해당 기관으로 부탁드립니다.",https://www.law.go.kr/LSW/precInfoP.do?mode=0&precSeq=410814
410884,요양불승인처분취소,"본 컨텐츠는
 근로복지공단 산재판례 에서 수집한 데이터로, 관련 문의는 해당 기관으로 부탁드립니다.",https://www.law.go.kr/LSW/precInfoP.do?mode=0&precSeq=410884
410890,요양불승인처분취소,"본 컨텐츠는
 근로복지공단 산재판례 에서 수집한 데이터로, 관련 문의는 해당 기관으로 부탁드립니다.",https://www.law.go.kr/LSW/precInfoP.do?mode=0&precSeq=410890
412706,요양불승인처분취소,"본 컨텐츠는
 근로복지공단 산재판례 에서 수집한 데이터로, 관련 문의는 해당 기관으로 부탁드립니다.",https://www.law.go.kr/LSW/precInfoP.do?mode=0&precSeq=412706
412806,요양불승인처분취소,[서울행정법원 2021구단53323],https://www.law.go.kr/LSW/precInfoP.do?mode=0&precSeq=412806
412868,요양불승인처분취소,"본 컨텐츠는
 근로복지공단 산재판례 에서 수집한 데이터로, 관련 문의는 해당 기관으로 부탁드립니다.",https://www.law.go.kr/LSW/precInfoP.do?mode=0&precSeq=412868
412924,요양불승인처분취소,[서울행정법원 2021구단56445],https://www.law.go.kr/LSW/precInfoP.do?mode=0&precSeq=412924
413016,요양불승인처분취소,[서울행정법원 2021구단58830],https://www.law.go.kr/LSW/precInfoP.do?mode=0&precSeq=413016
413050,요양불승인처분취소,[서울행정법원 2021구단59932],https://www.law.go.kr/LSW/precInfoP.do?mode=0&precSeq=413050
413500,요양불승인처분취소,"본 컨텐츠는
 근로복지공단 산재판례 에서 수집한 데이터로, 관련 문의는 해당 기관으로 부탁드립니다.",https://www.law.go.kr/LSW/precInfoP.do?mode=0&precSeq=413500
413518,요양불승인처분취소,[서울행정법원 2021구단75750],https://www.law.go.kr/LSW/precInfoP.do?mode=0&precSeq=413518
413658,요양불승인처분취소,[서울행정법원 2021구단80035],https://www.law.go.kr/LSW/precInfoP.do?mode=0&precSeq=413658
413680,요양불승인처분취소,[서울행정법원 2021구단978],https://www.law.go.kr/LSW/precInfoP.do?mode=0&precSeq=413680
415274,요양불승인처분취소,"본 컨텐츠는
 근로복지공단 산재판례 에서 수집한 데이터로, 관련 문의는 해당 기관으로 부탁드립니다.",https://www.law.go.kr/LSW/precInfoP.do?mode=0&precSeq=415274
415442,요양불승인처분취소,"본 컨텐츠는
 근로복지공단 산재판례 에서 수집한 데이터로, 관련 문의는 해당 기관으로 부탁드립니다.",https://www.law.go.kr/LSW/precInfoP.do?mode=0&precSeq=415442
415456,요양불승인처분취소,"본 컨텐츠는
 근로복지공단 산재판례 에서 수집한 데이터로, 관련 문의는 해당 기관으로 부탁드립니다.",https://www.law.go.kr/LSW/precInfoP.do?mode=0&precSeq=415456
415464,요양불승인처분취소,"본 컨텐츠는
 근로복지공단 산재판례 에서 수집한 데이터로, 관련 문의는 해당 기관으로 부탁드립니다.",https://www.law.go.kr/LSW/precInfoP.do?mode=0&precSeq=415464
415468,요양불승인처분취소,"본 컨텐츠는
 근로복지공단 산재판례 에서 수집한 데이터로, 관련 문의는 해당 기관으로 부탁드립니다.",https://www.law.go.kr/LSW/precInfoP.do?mode=0&precSeq=415468
415470,요양불승인처분취소,"본 컨텐츠는
 근로복지공단 산재판례 에서 수집한 데이터로, 관련 문의는 해당 기관으로 부탁드립니다.",https://www.law.go.kr/LSW/precInfoP.do?mode=0&precSeq=415470
415476,요양불승인처분취소,"본 컨텐츠는
 근로복지공단 산재판례 에서 수집한 데이터로, 관련 문의는 해당 기관으로 부탁드립니다.",https://www.law.go.kr/LSW/precInfoP.do?mode=0&precSeq=415476
415500,요양불승인처분취소,"본 컨텐츠는
 근로복지공단 산재판례 에서 수집한 데이터로, 관련 문의는 해당 기관으로 부탁드립니다.",https://www.law.go.kr/LSW/precInfoP.do?mode=0&precSeq=415500
415502,요양불승인처분취소,"본 컨텐츠는
 근로복지공단 산재판례 에서 수집한 데이터로, 관련 문의는 해당 기관으로 부탁드립니다.",https://www.law.go.kr/LSW/precInfoP.do?mode=0&precSeq=415502
415570,요양불승인처분취소,"본 컨텐츠는
 근로복지공단 산재판례 에서 수집한 데이터로, 관련 문의는 해당 기관으로 부탁드립니다.",https://www.law.go.kr/LSW/precInfoP.do?mode=0&precSeq=415570
415572,요양불승인처분취소,"본 컨텐츠는
 근로복지공단 산재판례 에서 수집한 데이터로, 관련 문의는 해당 기관으로 부탁드립니다.",https://www.law.go.kr/LSW/precInfoP.do?mode=0&precSeq=415572
415662,요양불승인처분취소,[서울행정법원 2022구단58219],https://www.law.go.kr/LSW/precInfoP.do?mode=0&precSeq=415662
415694,요양불승인처분취소,"본 컨텐츠는
 근로복지공단 산재판례 에서 수집한 데이터로, 관련 문의는 해당 기관으로 부탁드립니다.",https://www.law.go.kr/LSW/precInfoP.do?mode=0&precSeq=415694
415724,요양불승인처분취소,"본 컨텐츠는
 근로복지공단 산재판례 에서 수집한 데이터로, 관련 문의는 해당 기관으로 부탁드립니다.",https://www.law.go.kr/LSW/precInfoP.do?mode=0&precSeq=415724
415726,요양불승인처분취소,"본 컨텐츠는
 근로복지공단 산재판례 에서 수집한 데이터로, 관련 문의는 해당 기관으로 부탁드립니다.",https://www.law.go.kr/LSW/precInfoP.do?mode=0&precSeq=415726
415728,요양불승인처분취소,"본 컨텐츠는
 근로복지공단 산재판례 에서 수집한 데이터로, 관련 문의는 해당 기관으로 부탁드립니다.",https://www.law.go.kr/LSW/precInfoP.do?mode=0&precSeq=415728
415750,요양불승인처분취소,"본 컨텐츠는
 근로복지공단 산재판례 에서 수집한 데이터로, 관련 문의는 해당 기관으로 부탁드립니다.",https://www.law.go.kr/LSW/precInfoP.do?mode=0&precSeq=415750
415764,요양불승인처분취소,"본 컨텐츠는
 근로복지공단 산재판례 에서 수집한 데이터로, 관련 문의는 해당 기관으로 부탁드립니다.",https://www.law.go.kr/LSW/precInfoP.do?mode=0&precSeq=415764
415784,요양불승인처분취소,"본 컨텐츠는
 근로복지공단 산재판례 에서 수집한 데이터로, 관련 문의는 해당 기관으로 부탁드립니다.",https://www.law.go.kr/LSW/precInfoP.do?mode=0&precSeq=415784
415794,요양불승인처분취소,"본 컨텐츠는
 근로복지공단 산재판례 에서 수집한 데이터로, 관련 문의는 해당 기관으로 부탁드립니다.",https://www.law.go.kr/LSW/precInfoP.do?mode=0&precSeq=415794
415806,요양불승인처분취소,"본 컨텐츠는
 근로복지공단 산재판례 에서 수집한 데이터로, 관련 문의는 해당 기관으로 부탁드립니다.",https://www.law.go.kr/LSW/precInfoP.do?mode=0&precSeq=415806
415814,요양불승인처분취소,"본 컨텐츠는
 근로복지공단 산재판례 에서 수집한 데이터로, 관련 문의는 해당 기관으로 부탁드립니다.",https://www.law.go.kr/LSW/precInfoP.do?mode=0&precSeq=415814
415816,요양불승인처분취소,"본 컨텐츠는
 근로복지공단 산재판례 에서 수집한 데이터로, 관련 문의는 해당 기관으로 부탁드립니다.",https://www.law.go.kr/LSW/precInfoP.do?mode=0&precSeq=415816
415822,요양불승인처분취소,"본 컨텐츠는
 근로복지공단 산재판례 에서 수집한 데이터로, 관련 문의는 해당 기관으로 부탁드립니다.",https://www.law.go.kr/LSW/precInfoP.do?mode=0&precSeq=415822
415830,요양불승인처분취소,"본 컨텐츠는
 근로복지공단 산재판례 에서 수집한 데이터로, 관련 문의는 해당 기관으로 부탁드립니다.",https://www.law.go.kr/LSW/precInfoP.do?mode=0&precSeq=415830
415836,요양불승인처분취소,"본 컨텐츠는
 근로복지공단 산재판례 에서 수집한 데이터로, 관련 문의는 해당 기관으로 부탁드립니다.",https://www.law.go.kr/LSW/precInfoP.do?mode=0&precSeq=415836
415862,요양불승인처분취소,"본 컨텐츠는
 근로복지공단 산재판례 에서 수집한 데이터로, 관련 문의는 해당 기관으로 부탁드립니다.",https://www.law.go.kr/LSW/precInfoP.do?mode=0&precSeq=415862
415880,요양불승인처분취소,"본 컨텐츠는
 근로복지공단 산재판례 에서 수집한 데이터로, 관련 문의는 해당 기관으로 부탁드립니다.",https://www.law.go.kr/LSW/precInfoP.do?mode=0&precSeq=415880
415888,요양불승인처분취소,"본 컨텐츠는
 근로복지공단 산재판례 에서 수집한 데이터로, 관련 문의는 해당 기관으로 부탁드립니다.",https://www.law.go.kr/LSW/precInfoP.do?mode=0&precSeq=415888
415892,요양불승인처분취소,"본 컨텐츠는
 근로복지공단 산재판례 에서 수집한 데이터로, 관련 문의는 해당 기관으로 부탁드립니다.",https://www.law.go.kr/LSW/precInfoP.do?mode=0&precSeq=415892
415896,요양불승인처분취소,"본 컨텐츠는
 근로복지공단 산재판례 에서 수집한 데이터로, 관련 문의는 해당 기관으로 부탁드립니다.",https://www.law.go.kr/LSW/precInfoP.do?mode=0&precSeq=415896
415914,요양불승인처분취소,"본 컨텐츠는
 근로복지공단 산재판례 에서 수집한 데이터로, 관련 문의는 해당 기관으로 부탁드립니다.",https://www.law.go.kr/LSW/precInfoP.do?mode=0&precSeq=415914
415922,요양불승인처분취소,"본 컨텐츠는
 근로복지공단 산재판례 에서 수집한 데이터로, 관련 문의는 해당 기관으로 부탁드립니다.",https://www.law.go.kr/LSW/precInfoP.do?mode=0&precSeq=415922
415930,요양불승인처분취소,"본 컨텐츠는
 근로복지공단 산재판례 에서 수집한 데이터로, 관련 문의는 해당 기관으로 부탁드립니다.",https://www.law.go.kr/LSW/precInfoP.do?mode=0&precSeq=415930
415946,요양불승인처분취소,"본 컨텐츠는
 근로복지공단 산재판례 에서 수집한 데이터로, 관련 문의는 해당 기관으로 부탁드립니다.",https://www.law.go.kr/LSW/precInfoP.do?mode=0&precSeq=415946
415964,요양불승인처분취소,"본 컨텐츠는
 근로복지공단 산재판례 에서 수집한 데이터로, 관련 문의는 해당 기관으로 부탁드립니다.",https://www.law.go.kr/LSW/precInfoP.do?mode=0&precSeq=415964
415972,요양불승인처분취소,"본 컨텐츠는
 근로복지공단 산재판례 에서 수집한 데이터로, 관련 문의는 해당 기관으로 부탁드립니다.",https://www.law.go.kr/LSW/precInfoP.do?mode=0&precSeq=415972
415990,요양불승인처분취소,[서울행정법원 2022구단71915],https://www.law.go.kr/LSW/precInfoP.do?mode=0&precSeq=415990
416016,요양불승인처분취소,"본 컨텐츠는
 근로복지공단 산재판례 에서 수집한 데이터로, 관련 문의는 해당 기관으로 부탁드립니다.",https://www.law.go.kr/LSW/precInfoP.do?mode=0&precSeq=416016
416018,요양불승인처분취소,"본 컨텐츠는
 근로복지공단 산재판례 에서 수집한 데이터로, 관련 문의는 해당 기관으로 부탁드립니다.",https://www.law.go.kr/LSW/precInfoP.do?mode=0&precSeq=416018
416024,요양불승인처분취소,[서울행정법원 2022구단7563],https://www.law.go.kr/LSW/precInfoP.do?mode=0&precSeq=416024
416026,요양불승인처분취소,[서울행정법원 2022구단760],https://www.law.go.kr/LSW/precInfoP.do?mode=0&precSeq=416026
416040,요양불승인처분취소,"본 컨텐츠는
 근로복지공단 산재판례 에서 수집한 데이터로, 관련 문의는 해당 기관으로 부탁드립니다.",https://www.law.go.kr/LSW/precInfoP.do?mode=0&precSeq=416040
416114,요양불승인처분취소,"본 컨텐츠는
 근로복지공단 산재판례 에서 수집한 데이터로, 관련 문의는 해당 기관으로 부탁드립니다.",https://www.law.go.kr/LSW/precInfoP.do?mode=0&precSeq=416114
416174,요양불승인처분취소,"본 컨텐츠는
 근로복지공단 산재판례 에서 수집한 데이터로, 관련 문의는 해당 기관으로 부탁드립니다.",https://www.law.go.kr/LSW/precInfoP.do?mode=0&precSeq=416174
417052,요양불승인처분취소,[서울행정법원 2023구단50748],https://www.law.go.kr/LSW/precInfoP.do?mode=0&precSeq=417052
417066,요양불승인처분취소,[서울행정법원 2023구단52119],https://www.law.go.kr/LSW/precInfoP.do?mode=0&precSeq=417066
417082,요양불승인처분취소,[서울행정법원 2023구단53280],https://www.law.go.kr/LSW/precInfoP.do?mode=0&precSeq=417082
417098,요양불승인처분취소,[서울행정법원 2023구단55132],https://www.law.go.kr/LSW/precInfoP.do?mode=0&precSeq=417098
417106,요양불승인처분취소,[서울행정법원 2023구단56012],https://www.law.go.kr/LSW/precInfoP.do?mode=0&precSeq=417106
417110,요양불승인처분취소,[서울행정법원 2023구단56326],https://www.law.go.kr/LSW/precInfoP.do?mode=0&precSeq=417110
417124,요양불승인처분취소,[서울행정법원 2023구단58117],https://www.law.go.kr/LSW/precInfoP.do?mode=0&precSeq=417124
417134,요양불승인처분취소,[서울행정법원 2023구단59202],https://www.law.go.kr/LSW/precInfoP.do?mode=0&precSeq=417134
417138,요양불승인처분취소,[서울행정법원 2023구단61151],https://www.law.go.kr/LSW/precInfoP.do?mode=0&precSeq=417138
408780,요양불승인처분취소,[수원고등법원 2019누14410],https://www.law.go.kr/LSW/precInfoP.do?mode=0&precSeq=408780
380332,요양불승인처분취소,[수원지방법원 2012구단1031],https://www.law.go.kr/LSW/precInfoP.do?mode=0&precSeq=380332
389000,요양불승인처분취소,"본 컨텐츠는
 근로복지공단 산재판례 에서 수집한 데이터로, 관련 문의는 해당 기관으로 부탁드립니다.",https://www.law.go.kr/LSW/precInfoP.do?mode=0&precSeq=389000
396514,요양불승인처분취소,[수원지방법원 2016구단111],https://www.law.go.kr/LSW/precInfoP.do?mode=0&precSeq=396514
396626,요양불승인처분취소,[수원지방법원 2016구단1336],https://www.law.go.kr/LSW/precInfoP.do?mode=0&precSeq=396626
396858,요양불승인처분취소,[수원지방법원 2016구단3028],https://www.law.go.kr/LSW/precInfoP.do?mode=0&precSeq=396858
397158,요양불승인처분취소,[수원지방법원 2016구단548],https://www.law.go.kr/LSW/precInfoP.do?mode=0&precSeq=397158
397610,요양불승인처분취소,[수원지방법원 2016구단7945],https://www.law.go.kr/LSW/precInfoP.do?mode=0&precSeq=397610
397618,요양불승인처분취소,[수원지방법원 2016구단8108],https://www.law.go.kr/LSW/precInfoP.do?mode=0&precSeq=397618
397646,요양불승인처분취소,[수원지방법원 2016구단9316],https://www.law.go.kr/LSW/precInfoP.do?mode=0&precSeq=397646
400178,요양불승인처분취소,[수원지방법원 2017구단1197],https://www.law.go.kr/LSW/precInfoP.do?mode=0&precSeq=400178
401010,요양불승인처분취소,[수원지방법원 2017구단7034],https://www.law.go.kr/LSW/precInfoP.do?mode=0&precSeq=401010
407668,요양불승인처분취소,[수원지방법원 2019구단6592],https://www.law.go.kr/LSW/precInfoP.do?mode=0&precSeq=407668
407842,요양불승인처분취소,[수원지방법원 2019구단7137],https://www.law.go.kr/LSW/precInfoP.do?mode=0&precSeq=407842
413066,요양불승인처분취소,[수원지방법원 2021구단6021],https://www.law.go.kr/LSW/precInfoP.do?mode=0&precSeq=413066
413172,요양불승인처분취소,[수원지방법원 2021구단6373],https://www.law.go.kr/LSW/precInfoP.do?mode=0&precSeq=413172
416046,요양불승인처분취소,"본 컨텐츠는
 근로복지공단 산재판례 에서 수집한 데이터로, 관련 문의는 해당 기관으로 부탁드립니다.",https://www.law.go.kr/LSW/precInfoP.do?mode=0&precSeq=416046
361740,요양불승인처분취소,[울산지방법원 2006구합679],https://www.law.go.kr/LSW/precInfoP.do?mode=0&precSeq=361740
362646,요양불승인처분취소,[울산지방법원 2007구합1761],https://www.law.go.kr/LSW/precInfoP.do?mode=0&precSeq=362646
362660,요양불승인처분취소,[울산지방법원 2007구합1969],https://www.law.go.kr/LSW/precInfoP.do?mode=0&precSeq=362660
362692,요양불승인처분취소,"본 컨텐츠는
 근로복지공단 산재판례 에서 수집한 데이터로, 관련 문의는 해당 기관으로 부탁드립니다.",https://www.law.go.kr/LSW/precInfoP.do?mode=0&precSeq=362692
362726,요양불승인처분취소,"본 컨텐츠는
 근로복지공단 산재판례 에서 수집한 데이터로, 관련 문의는 해당 기관으로 부탁드립니다.",https://www.law.go.kr/LSW/precInfoP.do?mode=0&precSeq=362726
362788,요양불승인처분취소,"본 컨텐츠는
 근로복지공단 산재판례 에서 수집한 데이터로, 관련 문의는 해당 기관으로 부탁드립니다.",https://www.law.go.kr/LSW/precInfoP.do?mode=0&precSeq=362788
362792,요양불승인처분취소,"본 컨텐츠는
 근로복지공단 산재판례 에서 수집한 데이터로, 관련 문의는 해당 기관으로 부탁드립니다.",https://www.law.go.kr/LSW/precInfoP.do?mode=0&precSeq=362792
362812,요양불승인처분취소,"본 컨텐츠는
 근로복지공단 산재판례 에서 수집한 데이터로, 관련 문의는 해당 기관으로 부탁드립니다.",https://www.law.go.kr/LSW/precInfoP.do?mode=0&precSeq=362812
364650,요양불승인처분취소,[울산지방법원 2008구합1126],https://www.law.go.kr/LSW/precInfoP.do?mode=0&precSeq=364650
364670,요양불승인처분취소,[울산지방법원 2008구합1256],https://www.law.go.kr/LSW/precInfoP.do?mode=0&precSeq=364670
364710,요양불승인처분취소,[울산지방법원 2008구합1614],https://www.law.go.kr/LSW/precInfoP.do?mode=0&precSeq=364710
364722,요양불승인처분취소,[울산지방법원 2008구합1690],https://www.law.go.kr/LSW/precInfoP.do?mode=0&precSeq=364722
364730,요양불승인처분취소,"본 컨텐츠는
 근로복지공단 산재판례 에서 수집한 데이터로, 관련 문의는 해당 기관으로 부탁드립니다.",https://www.law.go.kr/LSW/precInfoP.do?mode=0&precSeq=364730
364754,요양불승인처분취소,[울산지방법원 2008구합185],https://www.law.go.kr/LSW/precInfoP.do?mode=0&precSeq=364754
364756,요양불승인처분취소,[울산지방법원 2008구합1850],https://www.law.go.kr/LSW/precInfoP.do?mode=0&precSeq=364756
364786,요양불승인처분취소,[울산지방법원 2008구합2020],https://www.law.go.kr/LSW/precInfoP.do?mode=0&precSeq=364786
365256,요양불승인처분취소,[울산지방법원 2008구합55],https://www.law.go.kr/LSW/precInfoP.do?mode=0&precSeq=365256
368594,요양불승인처분취소,"본 컨텐츠는
 근로복지공단 산재판례 에서 수집한 데이터로, 관련 문의는 해당 기관으로 부탁드립니다.",https://www.law.go.kr/LSW/precInfoP.do?mode=0&precSeq=368594
369132,요양불승인처분취소,[울산지방법원 2009구합748],https://www.law.go.kr/LSW/precInfoP.do?mode=0&precSeq=369132
369142,요양불승인처분취소,[울산지방법원 2009구합786],https://www.law.go.kr/LSW/precInfoP.do?mode=0&precSeq=369142
373144,요양불승인처분취소,[울산지방법원 2010구합1167],https://www.law.go.kr/LSW/precInfoP.do?mode=0&precSeq=373144
373322,요양불승인처분취소,[울산지방법원 2010구합1983],https://www.law.go.kr/LSW/precInfoP.do?mode=0&precSeq=373322
373370,요양불승인처분취소,[울산지방법원 2010구합2207],https://www.law.go.kr/LSW/precInfoP.do?mode=0&precSeq=373370
373400,요양불승인처분취소,[울산지방법원 2010구합2313],https://www.law.go.kr/LSW/precInfoP.do?mode=0&precSeq=373400
373818,요양불승인처분취소,[울산지방법원 2010구합454],https://www.law.go.kr/LSW/precInfoP.do?mode=0&precSeq=373818
381924,요양불승인처분취소,"본 컨텐츠는
 근로복지공단 산재판례 에서 수집한 데이터로, 관련 문의는 해당 기관으로 부탁드립니다.",https://www.law.go.kr/LSW/precInfoP.do?mode=0&precSeq=381924
386124,요양불승인처분취소,[울산지방법원 2013구합431],https://www.law.go.kr/LSW/precInfoP.do?mode=0&precSeq=386124
389794,요양불승인처분취소,"본 컨텐츠는
 근로복지공단 산재판례 에서 수집한 데이터로, 관련 문의는 해당 기관으로 부탁드립니다.",https://www.law.go.kr/LSW/precInfoP.do?mode=0&precSeq=389794
393824,요양불승인처분취소,[울산지방법원 2015구합107],https://www.law.go.kr/LSW/precInfoP.do?mode=0&precSeq=393824
393890,요양불승인처분취소,[울산지방법원 2015구합1728],https://www.law.go.kr/LSW/precInfoP.do?mode=0&precSeq=393890
393996,요양불승인처분취소,[울산지방법원 2015구합503],https://www.law.go.kr/LSW/precInfoP.do?mode=0&precSeq=393996
394252,요양불승인처분취소,"본 컨텐츠는
 근로복지공단 산재판례 에서 수집한 데이터로, 관련 문의는 해당 기관으로 부탁드립니다.",https://www.law.go.kr/LSW/precInfoP.do?mode=0&precSeq=394252
394256,요양불승인처분취소,"본 컨텐츠는
 근로복지공단 산재판례 에서 수집한 데이터로, 관련 문의는 해당 기관으로 부탁드립니다.",https://www.law.go.kr/LSW/precInfoP.do?mode=0&precSeq=394256
394290,요양불승인처분취소,"본 컨텐츠는
 근로복지공단 산재판례 에서 수집한 데이터로, 관련 문의는 해당 기관으로 부탁드립니다.",https://www.law.go.kr/LSW/precInfoP.do?mode=0&precSeq=394290
394308,요양불승인처분취소,[울산지방법원 2015구합6860],https://www.law.go.kr/LSW/precInfoP.do?mode=0&precSeq=394308
394340,요양불승인처분취소,"본 컨텐츠는
 근로복지공단 산재판례 에서 수집한 데이터로, 관련 문의는 해당 기관으로 부탁드립니다.",https://www.law.go.kr/LSW/precInfoP.do?mode=0&precSeq=394340
397708,요양불승인처분취소,[울산지방법원 2016구합159],https://www.law.go.kr/LSW/precInfoP.do?mode=0&precSeq=397708
397802,요양불승인처분취소,[울산지방법원 2016구합5031],https://www.law.go.kr/LSW/precInfoP.do?mode=0&precSeq=397802
397870,요양불승인처분취소,[울산지방법원 2016구합5192],https://www.law.go.kr/LSW/precInfoP.do?mode=0&precSeq=397870
397888,요양불승인처분취소,[울산지방법원 2016구합5277],https://www.law.go.kr/LSW/precInfoP.do?mode=0&precSeq=397888
398010,요양불승인처분취소,[울산지방법원 2016구합5857],https://www.law.go.kr/LSW/precInfoP.do?mode=0&precSeq=398010
398012,요양불승인처분취소,[울산지방법원 2016구합586],https://www.law.go.kr/LSW/precInfoP.do?mode=0&precSeq=398012
398050,요양불승인처분취소,[울산지방법원 2016구합6119],https://www.law.go.kr/LSW/precInfoP.do?mode=0&precSeq=398050
398178,요양불승인처분취소,[울산지방법원 2016구합678],https://www.law.go.kr/LSW/precInfoP.do?mode=0&precSeq=398178
398180,요양불승인처분취소,[울산지방법원 2016구합6782],https://www.law.go.kr/LSW/precInfoP.do?mode=0&precSeq=398180
398458,요양불승인처분취소,[울산지방법원 2016구합944],https://www.law.go.kr/LSW/precInfoP.do?mode=0&precSeq=398458
398462,요양불승인처분취소,[울산지방법원 2016구합951],https://www.law.go.kr/LSW/precInfoP.do?mode=0&precSeq=398462
398466,요양불승인처분취소,[울산지방법원 2016구합968],https://www.law.go.kr/LSW/precInfoP.do?mode=0&precSeq=398466
398470,요양불승인처분취소,[울산지방법원 2016구합975],https://www.law.go.kr/LSW/precInfoP.do?mode=0&precSeq=398470
413914,요양불승인처분취소,[울산지방법원 2021구합5837],https://www.law.go.kr/LSW/precInfoP.do?mode=0&precSeq=413914
414000,요양불승인처분취소,"본 컨텐츠는
 근로복지공단 산재판례 에서 수집한 데이터로, 관련 문의는 해당 기관으로 부탁드립니다.",https://www.law.go.kr/LSW/precInfoP.do?mode=0&precSeq=414000
414112,요양불승인처분취소,"본 컨텐츠는
 근로복지공단 산재판례 에서 수집한 데이터로, 관련 문의는 해당 기관으로 부탁드립니다.",https://www.law.go.kr/LSW/precInfoP.do?mode=0&precSeq=414112
415578,요양불승인처분취소,"본 컨텐츠는
 근로복지공단 산재판례 에서 수집한 데이터로, 관련 문의는 해당 기관으로 부탁드립니다.",https://www.law.go.kr/LSW/precInfoP.do?mode=0&precSeq=415578
415840,요양불승인처분취소,"본 컨텐츠는
 근로복지공단 산재판례 에서 수집한 데이터로, 관련 문의는 해당 기관으로 부탁드립니다.",https://www.law.go.kr/LSW/precInfoP.do?mode=0&precSeq=415840
415932,요양불승인처분취소,"본 컨텐츠는
 근로복지공단 산재판례 에서 수집한 데이터로, 관련 문의는 해당 기관으로 부탁드립니다.",https://www.law.go.kr/LSW/precInfoP.do?mode=0&precSeq=415932
415970,요양불승인처분취소,"본 컨텐츠는
 근로복지공단 산재판례 에서 수집한 데이터로, 관련 문의는 해당 기관으로 부탁드립니다.",https://www.law.go.kr/LSW/precInfoP.do?mode=0&precSeq=415970
70644,요양불승인처분취소,,https://www.law.go.kr/LSW/precInfoP.do?mode=0&precSeq=70644
166434,요양불승인처분취소,,https://www.law.go.kr/LSW/precInfoP.do?mode=0&precSeq=166434
179451,요양불승인처분취소,,https://www.law.go.kr/LSW/precInfoP.do?mode=0&precSeq=179451
389516,요양불승인처분취소,[의정부지방법원 2014구단5970],https://www.law.go.kr/LSW/precInfoP.do?mode=0&precSeq=389516
393350,요양불승인처분취소,[의정부지방법원 2015구단576],https://www.law.go.kr/LSW/precInfoP.do?mode=0&precSeq=393350
397268,요양불승인처분취소,[의정부지방법원 2016구단5769],https://www.law.go.kr/LSW/precInfoP.do?mode=0&precSeq=397268
397698,요양불승인처분취소,[의정부지방법원 2016구합1221],https://www.law.go.kr/LSW/precInfoP.do?mode=0&precSeq=397698
398014,요양불승인처분취소,[의정부지방법원 2016구합587],https://www.law.go.kr/LSW/precInfoP.do?mode=0&precSeq=398014
412420,요양불승인처분취소,"본 컨텐츠는
 근로복지공단 산재판례 에서 수집한 데이터로, 관련 문의는 해당 기관으로 부탁드립니다.",https://www.law.go.kr/LSW/precInfoP.do?mode=0&precSeq=412420
361926,요양불승인처분취소,"본 컨텐츠는
 근로복지공단 산재판례 에서 수집한 데이터로, 관련 문의는 해당 기관으로 부탁드립니다.",https://www.law.go.kr/LSW/precInfoP.do?mode=0&precSeq=361926
361952,요양불승인처분취소,"본 컨텐츠는
 근로복지공단 산재판례 에서 수집한 데이터로, 관련 문의는 해당 기관으로 부탁드립니다.",https://www.law.go.kr/LSW/precInfoP.do?mode=0&precSeq=361952
362088,요양불승인처분취소,[인천지방법원 2007구단1559],https://www.law.go.kr/LSW/precInfoP.do?mode=0&precSeq=362088
363388,요양불승인처분취소,"본 컨텐츠는
 근로복지공단 산재판례 에서 수집한 데이터로, 관련 문의는 해당 기관으로 부탁드립니다.",https://www.law.go.kr/LSW/precInfoP.do?mode=0&precSeq=363388
363836,요양불승인처분취소,[인천지방법원 2008구단2214],https://www.law.go.kr/LSW/precInfoP.do?mode=0&precSeq=363836
363904,요양불승인처분취소,[인천지방법원 2008구단256],https://www.law.go.kr/LSW/precInfoP.do?mode=0&precSeq=363904
380372,요양불승인처분취소,[인천지방법원 2012구단1157],https://www.law.go.kr/LSW/precInfoP.do?mode=0&precSeq=380372
392708,요양불승인처분취소,"본 컨텐츠는
 근로복지공단 산재판례 에서 수집한 데이터로, 관련 문의는 해당 기관으로 부탁드립니다.",https://www.law.go.kr/LSW/precInfoP.do?mode=0&precSeq=392708
393010,요양불승인처분취소,[인천지방법원 2015구단50266],https://www.law.go.kr/LSW/precInfoP.do?mode=0&precSeq=393010
396916,요양불승인처분취소,"본 컨텐츠는
 근로복지공단 산재판례 에서 수집한 데이터로, 관련 문의는 해당 기관으로 부탁드립니다.",https://www.law.go.kr/LSW/precInfoP.do?mode=0&precSeq=396916
396946,요양불승인처분취소,[인천지방법원 2016구단497],https://www.law.go.kr/LSW/precInfoP.do?mode=0&precSeq=396946
397020,요양불승인처분취소,[인천지방법원 2016구단51426],https://www.law.go.kr/LSW/precInfoP.do?mode=0&precSeq=397020
397592,요양불승인처분취소,[인천지방법원 2016구단756],https://www.law.go.kr/LSW/precInfoP.do?mode=0&precSeq=397592
397608,요양불승인처분취소,[인천지방법원 2016구단794],https://www.law.go.kr/LSW/precInfoP.do?mode=0&precSeq=397608
397700,요양불승인처분취소,[인천지방법원 2016구합1251],https://www.law.go.kr/LSW/precInfoP.do?mode=0&precSeq=397700
400522,요양불승인처분취소,[인천지방법원 2017구단51331],https://www.law.go.kr/LSW/precInfoP.do?mode=0&precSeq=400522
403920,요양불승인처분취소,[인천지방법원 2018구단50663],https://www.law.go.kr/LSW/precInfoP.do?mode=0&precSeq=403920
415484,요양불승인처분취소,"본 컨텐츠는
 근로복지공단 산재판례 에서 수집한 데이터로, 관련 문의는 해당 기관으로 부탁드립니다.",https://www.law.go.kr/LSW/precInfoP.do?mode=0&precSeq=415484
362644,요양불승인처분취소,[전주지방법원 2007구합174],https://www.law.go.kr/LSW/precInfoP.do?mode=0&precSeq=362644
362672,요양불승인처분취소,[전주지방법원 2007구합2026],https://www.law.go.kr/LSW/precInfoP.do?mode=0&precSeq=362672
362716,요양불승인처분취소,"본 컨텐츠는
 근로복지공단 산재판례 에서 수집한 데이터로, 관련 문의는 해당 기관으로 부탁드립니다.",https://www.law.go.kr/LSW/precInfoP.do?mode=0&precSeq=362716
362782,요양불승인처분취소,"본 컨텐츠는
 근로복지공단 산재판례 에서 수집한 데이터로, 관련 문의는 해당 기관으로 부탁드립니다.",https://www.law.go.kr/LSW/precInfoP.do?mode=0&precSeq=362782
364654,요양불승인처분취소,[전주지방법원 2008구합1150],https://www.law.go.kr/LSW/precInfoP.do?mode=0&precSeq=364654
364714,요양불승인처분취소,[전주지방법원 2008구합1648],https://www.law.go.kr/LSW/precInfoP.do?mode=0&precSeq=364714
365178,요양불승인처분취소,[전주지방법원 2008구합461],https://www.law.go.kr/LSW/precInfoP.do?mode=0&precSeq=365178
368470,요양불승인처분취소,[전주지방법원 2009구합1959],https://www.law.go.kr/LSW/precInfoP.do?mode=0&precSeq=368470
369042,요양불승인처분취소,[전주지방법원 2009구합55],https://www.law.go.kr/LSW/precInfoP.do?mode=0&precSeq=369042
369154,요양불승인처분취소,[전주지방법원 2009구합871],https://www.law.go.kr/LSW/precInfoP.do?mode=0&precSeq=369154
373428,요양불승인처분취소,[전주지방법원 2010구합2408],https://www.law.go.kr/LSW/precInfoP.do?mode=0&precSeq=373428
373976,요양불승인처분취소,"본 컨텐츠는
 근로복지공단 산재판례 에서 수집한 데이터로, 관련 문의는 해당 기관으로 부탁드립니다.",https://www.law.go.kr/LSW/precInfoP.do?mode=0&precSeq=373976
377372,요양불승인처분취소,"본 컨텐츠는
 근로복지공단 산재판례 에서 수집한 데이터로, 관련 문의는 해당 기관으로 부탁드립니다.",https://www.law.go.kr/LSW/precInfoP.do?mode=0&precSeq=377372
381874,요양불승인처분취소,"본 컨텐츠는
 근로복지공단 산재판례 에서 수집한 데이터로, 관련 문의는 해당 기관으로 부탁드립니다.",https://www.law.go.kr/LSW/precInfoP.do?mode=0&precSeq=381874
386026,요양불승인처분취소,"본 컨텐츠는
 근로복지공단 산재판례 에서 수집한 데이터로, 관련 문의는 해당 기관으로 부탁드립니다.",https://www.law.go.kr/LSW/precInfoP.do?mode=0&precSeq=386026
386132,요양불승인처분취소,[전주지방법원 2013구합458],https://www.law.go.kr/LSW/precInfoP.do?mode=0&precSeq=386132
393260,요양불승인처분취소,[전주지방법원 2015구단561],https://www.law.go.kr/LSW/precInfoP.do?mode=0&precSeq=393260
400682,요양불승인처분취소,[전주지방법원 2017구단565],https://www.law.go.kr/LSW/precInfoP.do?mode=0&precSeq=400682
406578,요양불승인처분취소,[전주지방법원 2019구단1005],https://www.law.go.kr/LSW/precInfoP.do?mode=0&precSeq=406578
365264,요양불승인처분취소,[제주지방법원 2008구합611],https://www.law.go.kr/LSW/precInfoP.do?mode=0&precSeq=365264
397710,요양불승인처분취소,[제주지방법원 2016구합159],https://www.law.go.kr/LSW/precInfoP.do?mode=0&precSeq=397710
362210,요양불승인처분취소,"본 컨텐츠는
 근로복지공단 산재판례 에서 수집한 데이터로, 관련 문의는 해당 기관으로 부탁드립니다.",https://www.law.go.kr/LSW/precInfoP.do?mode=0&precSeq=362210
362224,요양불승인처분취소,"본 컨텐츠는
 근로복지공단 산재판례 에서 수집한 데이터로, 관련 문의는 해당 기관으로 부탁드립니다.",https://www.law.go.kr/LSW/precInfoP.do?mode=0&precSeq=362224
362248,요양불승인처분취소,"본 컨텐츠는
 근로복지공단 산재판례 에서 수집한 데이터로, 관련 문의는 해당 기관으로 부탁드립니다.",https://www.law.go.kr/LSW/precInfoP.do?mode=0&precSeq=362248
362298,요양불승인처분취소,[창원지방법원 2007구단3290],https://www.law.go.kr/LSW/precInfoP.do?mode=0&precSeq=362298
362302,요양불승인처분취소,"본 컨텐츠는
 근로복지공단 산재판례 에서 수집한 데이터로, 관련 문의는 해당 기관으로 부탁드립니다.",https://www.law.go.kr/LSW/precInfoP.do?mode=0&precSeq=362302
362542,요양불승인처분취소,"본 컨텐츠는
 근로복지공단 산재판례 에서 수집한 데이터로, 관련 문의는 해당 기관으로 부탁드립니다.",https://www.law.go.kr/LSW/precInfoP.do?mode=0&precSeq=362542
363160,요양불승인처분취소,[창원지방법원 2008구단1055],https://www.law.go.kr/LSW/precInfoP.do?mode=0&precSeq=363160
363210,요양불승인처분취소,"본 컨텐츠는
 근로복지공단 산재판례 에서 수집한 데이터로, 관련 문의는 해당 기관으로 부탁드립니다.",https://www.law.go.kr/LSW/precInfoP.do?mode=0&precSeq=363210
363270,요양불승인처분취소,[창원지방법원 2008구단1178],https://www.law.go.kr/LSW/precInfoP.do?mode=0&precSeq=363270
363700,요양불승인처분취소,[창원지방법원 2008구단1741],https://www.law.go.kr/LSW/precInfoP.do?mode=0&precSeq=363700
363786,요양불승인처분취소,[창원지방법원 2008구단1956],https://www.law.go.kr/LSW/precInfoP.do?mode=0&precSeq=363786
363812,요양불승인처분취소,[창원지방법원 2008구단21],https://www.law.go.kr/LSW/precInfoP.do?mode=0&precSeq=363812
363846,요양불승인처분취소,[창원지방법원 2008구단2232],https://www.law.go.kr/LSW/precInfoP.do?mode=0&precSeq=363846
371568,요양불승인처분취소,[창원지방법원 2010구단1126],https://www.law.go.kr/LSW/precInfoP.do?mode=0&precSeq=371568
371610,요양불승인처분취소,[창원지방법원 2010구단1201],https://www.law.go.kr/LSW/precInfoP.do?mode=0&precSeq=371610
371710,요양불승인처분취소,"본 컨텐츠는
 근로복지공단 산재판례 에서 수집한 데이터로, 관련 문의는 해당 기관으로 부탁드립니다.",https://www.law.go.kr/LSW/precInfoP.do?mode=0&precSeq=371710
371908,요양불승인처분취소,[창원지방법원 2010구단1713],https://www.law.go.kr/LSW/precInfoP.do?mode=0&precSeq=371908
371912,요양불승인처분취소,[창원지방법원 2010구단1720],https://www.law.go.kr/LSW/precInfoP.do?mode=0&precSeq=371912
371986,요양불승인처분취소,[창원지방법원 2010구단1850],https://www.law.go.kr/LSW/precInfoP.do?mode=0&precSeq=371986
372392,요양불승인처분취소,"본 컨텐츠는
 근로복지공단 산재판례 에서 수집한 데이터로, 관련 문의는 해당 기관으로 부탁드립니다.",https://www.law.go.kr/LSW/precInfoP.do?mode=0&precSeq=372392
380470,요양불승인처분취소,[창원지방법원 2012구단1373],https://www.law.go.kr/LSW/precInfoP.do?mode=0&precSeq=380470
381288,요양불승인처분취소,[창원지방법원 2012구단462],https://www.law.go.kr/LSW/precInfoP.do?mode=0&precSeq=381288
384856,요양불승인처분취소,[창원지방법원 2013구단216],https://www.law.go.kr/LSW/precInfoP.do?mode=0&precSeq=384856
389532,요양불승인처분취소,[창원지방법원 2014구단626],https://www.law.go.kr/LSW/precInfoP.do?mode=0&precSeq=389532
393780,요양불승인처분취소,[창원지방법원 2015구단951],https://www.law.go.kr/LSW/precInfoP.do?mode=0&precSeq=393780
396450,요양불승인처분취소,[창원지방법원 2016구단10115],https://www.law.go.kr/LSW/precInfoP.do?mode=0&precSeq=396450
397240,요양불승인처분취소,[창원지방법원 2016구단569],https://www.law.go.kr/LSW/precInfoP.do?mode=0&precSeq=397240
397574,요양불승인처분취소,[창원지방법원 2016구단699],https://www.law.go.kr/LSW/precInfoP.do?mode=0&precSeq=397574
400052,요양불승인처분취소,[창원지방법원 2017구단10426],https://www.law.go.kr/LSW/precInfoP.do?mode=0&precSeq=400052
400056,요양불승인처분취소,[창원지방법원 2017구단10471],https://www.law.go.kr/LSW/precInfoP.do?mode=0&precSeq=400056
400058,요양불승인처분취소,[창원지방법원 2017구단10525],https://www.law.go.kr/LSW/precInfoP.do?mode=0&precSeq=400058
406710,요양불승인처분취소,[창원지방법원 2019구단11256],https://www.law.go.kr/LSW/precInfoP.do?mode=0&precSeq=406710
412682,요양불승인처분취소,"본 컨텐츠는
 근로복지공단 산재판례 에서 수집한 데이터로, 관련 문의는 해당 기관으로 부탁드립니다.",https://www.law.go.kr/LSW/precInfoP.do?mode=0&precSeq=412682
415268,요양불승인처분취소,"본 컨텐츠는
 근로복지공단 산재판례 에서 수집한 데이터로, 관련 문의는 해당 기관으로 부탁드립니다.",https://www.law.go.kr/LSW/precInfoP.do?mode=0&precSeq=415268
415660,요양불승인처분취소,[창원지방법원 2022구단58],https://www.law.go.kr/LSW/precInfoP.do?mode=0&precSeq=415660
417028,요양불승인처분취소,[창원지방법원 2023구단10571],https://www.law.go.kr/LSW/precInfoP.do?mode=0&precSeq=417028
364646,요양불승인처분취소,[청주지방법원 2008구합1080],https://www.law.go.kr/LSW/precInfoP.do?mode=0&precSeq=364646
382376,요양불승인처분취소,[청주지방법원 2012구합855],https://www.law.go.kr/LSW/precInfoP.do?mode=0&precSeq=382376
393808,요양불승인처분취소,[청주지방법원 2015구합10280],https://www.law.go.kr/LSW/precInfoP.do?mode=0&precSeq=393808
393814,요양불승인처분취소,[청주지방법원 2015구합10419],https://www.law.go.kr/LSW/precInfoP.do?mode=0&precSeq=393814
393842,요양불승인처분취소,[청주지방법원 2015구합12323],https://www.law.go.kr/LSW/precInfoP.do?mode=0&precSeq=393842
417148,요양불승인처분취소,[청주지방법원 2023구합127],https://www.law.go.kr/LSW/precInfoP.do?mode=0&precSeq=417148
71036,요양불승인처분취소,[청주지법 2008. 3. 27. 선고 2007구합2048 판결 : 항소],https://www.law.go.kr/LSW/precInfoP.do?mode=0&precSeq=71036
393964,요양불승인처분취소,[춘천지방법원 2015구합4394],https://www.law.go.kr/LSW/precInfoP.do?mode=0&precSeq=393964
397872,요양불승인처분취소,[춘천지방법원 2016구합51939],https://www.law.go.kr/LSW/precInfoP.do?mode=0&precSeq=397872
404868,요양불승인처분취소,[춘천지방법원 2018구합50374],https://www.law.go.kr/LSW/precInfoP.do?mode=0&precSeq=404868
385906,요양불승인처분취소,"본 컨텐츠는
 근로복지공단 산재판례 에서 수집한 데이터로, 관련 문의는 해당 기관으로 부탁드립니다.",https://www.law.go.kr/LSW/precInfoP.do?mode=0&precSeq=385906
397746,요양불승인처분취소,[춘천지방법원강릉지원 2016구합217],https://www.law.go.kr/LSW/precInfoP.do?mode=0&precSeq=397746
397822,요양불승인처분취소,[춘천지방법원강릉지원 2016구합50649],https://www.law.go.kr/LSW/precInfoP.do?mode=0&precSeq=397822
368914,요양불승인처분취소 등,[광주지방법원 2009구합4609],https://www.law.go.kr/LSW/precInfoP.do?mode=0&precSeq=368914
371642,요양불승인처분취소 등,"본 컨텐츠는
 근로복지공단 산재판례 에서 수집한 데이터로, 관련 문의는 해당 기관으로 부탁드립니다.",https://www.law.go.kr/LSW/precInfoP.do?mode=0&precSeq=371642
389606,요양불승인처분취소 및 부당이득징수결정처분취소,[대전지방법원 2014구단774],https://www.law.go.kr/LSW/precInfoP.do?mode=0&precSeq=389606
397114,요양불승인처분취소 청구의 소,[서울행정법원 2016구단53527],https://www.law.go.kr/LSW/precInfoP.do?mode=0&precSeq=397114
400800,요양불승인처분취소 청구의 소,[서울행정법원 2017구단61112],https://www.law.go.kr/LSW/precInfoP.do?mode=0&precSeq=400800
417090,요양불승인처분취소 청구의 소,[의정부지방법원 2023구단5477],https://www.law.go.kr/LSW/precInfoP.do?mode=0&precSeq=417090
408296,요양불승인처분취소 청구의 소,"본 컨텐츠는
 근로복지공단 산재판례 에서 수집한 데이터로, 관련 문의는 해당 기관으로 부탁드립니다.",https://www.law.go.kr/LSW/precInfoP.do?mode=0&precSeq=408296
185582,요양불승인처분취소(LCD공장에서 근무한 근로자에게 다발성 경화증이 발병하여 업무상 재해인지가 다투어진 사례),[대법원 2017. 8. 29. 선고 2015두3867 판결],https://www.law.go.kr/LSW/precInfoP.do?mode=0&precSeq=185582
187487,요양불승인처분취소[의족 파손에 따른 요양급여 청구 사건],,https://www.law.go.kr/LSW/precInfoP.do?mode=0&precSeq=187487
234601,요양불승인처분취소[콜센터 상담원의 ‘뇌기저핵출혈’이 업무상 재해에 해당하는지 여부가 문제된 사건],,https://www.law.go.kr/LSW/precInfoP.do?mode=0&precSeq=234601
187695,요양불승인처분취소[회식 음주가 원인인 부상 등의 업무상 재해 사건],,https://www.law.go.kr/LSW/precInfoP.do?mode=0&precSeq=187695
69219,요양불승인처분취소등,[대법원 2008. 1. 31. 선고 2006두8204 판결],https://www.law.go.kr/LSW/precInfoP.do?mode=0&precSeq=69219
368806,요양불승인처분취소등,"본 컨텐츠는
 근로복지공단 산재판례 에서 수집한 데이터로, 관련 문의는 해당 기관으로 부탁드립니다.",https://www.law.go.kr/LSW/precInfoP.do?mode=0&precSeq=368806
369278,요양불승인처분취소의소,[서울고등법원 2009누1206],https://www.law.go.kr/LSW/precInfoP.do?mode=0&precSeq=369278
140085,요양불승인처분취소청구,,https://www.law.go.kr/LSW/precInfoP.do?mode=0&precSeq=140085
369238,요양불승인처분취소청구,[대전고등법원 2009누1097],https://www.law.go.kr/LSW/precInfoP.do?mode=0&precSeq=369238
152171,요양불승인처분취소청구,,https://www.law.go.kr/LSW/precInfoP.do?mode=0&precSeq=152171
370674,요양불승인처분취소청구,[서울고등법원 2009누7259],https://www.law.go.kr/LSW/precInfoP.do?mode=0&precSeq=370674
415440,요양불승인처분취소청구,"본 컨텐츠는
 근로복지공단 산재판례 에서 수집한 데이터로, 관련 문의는 해당 기관으로 부탁드립니다.",https://www.law.go.kr/LSW/precInfoP.do?mode=0&precSeq=415440
119759,요양불승인처분취소청구사건,,https://www.law.go.kr/LSW/precInfoP.do?mode=0&precSeq=119759
222957,요양불승인처분취소청구사건,,https://www.law.go.kr/LSW/precInfoP.do?mode=0&precSeq=222957
363358,요양불승인처분취소청구의소,[서울행정법원 2008구단12699],https://www.law.go.kr/LSW/precInfoP.do?mode=0&precSeq=363358
367370,요양불승인처분취소청구의소,"본 컨텐츠는
 근로복지공단 산재판례 에서 수집한 데이터로, 관련 문의는 해당 기관으로 부탁드립니다.",https://www.law.go.kr/LSW/precInfoP.do?mode=0&precSeq=367370
367486,요양불승인처분취소청구의소,[서울행정법원 2009구단2361],https://www.law.go.kr/LSW/precInfoP.do?mode=0&precSeq=367486
417042,요양불승인처분취소청구의소,[서울행정법원 2023구단50236],https://www.law.go.kr/LSW/precInfoP.do?mode=0&precSeq=417042
362798,요양비(간병료)부지급결정취소처분,"본 컨텐츠는
 근로복지공단 산재판례 에서 수집한 데이터로, 관련 문의는 해당 기관으로 부탁드립니다.",https://www.law.go.kr/LSW/precInfoP.do?mode=0&precSeq=362798
374858,요양비(간병료)일부부지급처분취소,[서울고등법원 2010누34554],https://www.law.go.kr/LSW/precInfoP.do?mode=0&precSeq=374858
371592,요양비(간병료)일부부지급처분취소,[서울행정법원 2010구단11569],https://www.law.go.kr/LSW/precInfoP.do?mode=0&precSeq=371592
372636,요양비(간병료)일부부지급처분취소,[서울행정법원 2010구단3568],https://www.law.go.kr/LSW/precInfoP.do?mode=0&precSeq=372636
363822,요양비감액처분취소,[서울행정법원 2008구단2166],https://www.law.go.kr/LSW/precInfoP.do?mode=0&precSeq=363822
398544,요양비부지급결정처분취소,[부산고등법원창원재판부 2016누11738],https://www.law.go.kr/LSW/precInfoP.do?mode=0&precSeq=398544
379114,요양비부지급처분취소,"본 컨텐츠는
 근로복지공단 산재판례 에서 수집한 데이터로, 관련 문의는 해당 기관으로 부탁드립니다.",https://www.law.go.kr/LSW/precInfoP.do?mode=0&precSeq=379114
372616,요양비부지급처분취소,[부산지방법원 2010구단3453],https://www.law.go.kr/LSW/precInfoP.do?mode=0&precSeq=372616
372694,요양비부지급처분취소,[부산지방법원 2010구단4128],https://www.law.go.kr/LSW/precInfoP.do?mode=0&precSeq=372694
361906,요양비부지급처분취소,"본 컨텐츠는
 근로복지공단 산재판례 에서 수집한 데이터로, 관련 문의는 해당 기관으로 부탁드립니다.",https://www.law.go.kr/LSW/precInfoP.do?mode=0&precSeq=361906
362666,요양비부지급처분취소,[서울행정법원 2007구합19959],https://www.law.go.kr/LSW/precInfoP.do?mode=0&precSeq=362666
364006,요양비부지급처분취소,"본 컨텐츠는
 근로복지공단 산재판례 에서 수집한 데이터로, 관련 문의는 해당 기관으로 부탁드립니다.",https://www.law.go.kr/LSW/precInfoP.do?mode=0&precSeq=364006
371906,요양비부지급처분취소,[서울행정법원 2010구단17109],https://www.law.go.kr/LSW/precInfoP.do?mode=0&precSeq=371906
380472,요양비부지급처분취소,[서울행정법원 2012구단13767],https://www.law.go.kr/LSW/precInfoP.do?mode=0&precSeq=380472
380864,요양비부지급처분취소,"본 컨텐츠는
 근로복지공단 산재판례 에서 수집한 데이터로, 관련 문의는 해당 기관으로 부탁드립니다.",https://www.law.go.kr/LSW/precInfoP.do?mode=0&precSeq=380864
365582,요양비불승인 처분취소,[대전고등법원 2008누1748],https://www.law.go.kr/LSW/precInfoP.do?mode=0&precSeq=365582
364002,요양비일부및휴업급여부지급결정처분취소,"본 컨텐츠는
 근로복지공단 산재판례 에서 수집한 데이터로, 관련 문의는 해당 기관으로 부탁드립니다.",https://www.law.go.kr/LSW/precInfoP.do?mode=0&precSeq=364002
363920,요양비일부부지급처분취소,[부산지방법원 2008구단2679],https://www.law.go.kr/LSW/precInfoP.do?mode=0&precSeq=363920
371844,요양비일부부지급처분취소,[서울행정법원 2010구단15851],https://www.law.go.kr/LSW/precInfoP.do?mode=0&precSeq=371844
397688,요양비지급 불승인처분 취소,[의정부지방법원 2016구합1115],https://www.law.go.kr/LSW/precInfoP.do?mode=0&precSeq=397688
380870,요양비청구부지급처분취소,"본 컨텐츠는
 근로복지공단 산재판례 에서 수집한 데이터로, 관련 문의는 해당 기관으로 부탁드립니다.",https://www.law.go.kr/LSW/precInfoP.do?mode=0&precSeq=380870
361928,요양비청구서반려처분취소,"본 컨텐츠는
 근로복지공단 산재판례 에서 수집한 데이터로, 관련 문의는 해당 기관으로 부탁드립니다.",https://www.law.go.kr/LSW/precInfoP.do?mode=0&precSeq=361928
374722,요양상병불승인처분취소,[서울고등법원 2010누29484],https://www.law.go.kr/LSW/precInfoP.do?mode=0&precSeq=374722
363290,요양상병불승인처분취소,[서울행정법원 2008구단11948],https://www.law.go.kr/LSW/precInfoP.do?mode=0&precSeq=363290
364426,요양상병불승인처분취소,[서울행정법원 2008구단7680],https://www.law.go.kr/LSW/precInfoP.do?mode=0&precSeq=364426
363418,요양상병불승인처분취소,"본 컨텐츠는
 근로복지공단 산재판례 에서 수집한 데이터로, 관련 문의는 해당 기관으로 부탁드립니다.",https://www.law.go.kr/LSW/precInfoP.do?mode=0&precSeq=363418
365500,요양상병일부불승인처분취소,[광주고등법원 2008누1466],https://www.law.go.kr/LSW/precInfoP.do?mode=0&precSeq=365500
362682,요양상병일부불승인처분취소,[광주지방법원 2007구합2081],https://www.law.go.kr/LSW/precInfoP.do?mode=0&precSeq=362682
373278,요양상병일부불승인처분취소,[울산지방법원 2010구합1808],https://www.law.go.kr/LSW/precInfoP.do?mode=0&precSeq=373278
395344,요양승인 취소 및 부당이득금 징수결정처분,"본 컨텐츠는
 근로복지공단 산재판례 에서 수집한 데이터로, 관련 문의는 해당 기관으로 부탁드립니다.",https://www.law.go.kr/LSW/precInfoP.do?mode=0&precSeq=395344
377618,요양승인결정 취소 등 청구의 소,[서울행정법원 2011구합21355],https://www.law.go.kr/LSW/precInfoP.do?mode=0&precSeq=377618
411260,요양승인결정등취소처분취소,"본 컨텐츠는
 근로복지공단 산재판례 에서 수집한 데이터로, 관련 문의는 해당 기관으로 부탁드립니다.",https://www.law.go.kr/LSW/precInfoP.do?mode=0&precSeq=411260
175141,요양승인결정등취소처분취소청구,,https://www.law.go.kr/LSW/precInfoP.do?mode=0&precSeq=175141
395884,요양승인결정처분취소,[광주고등법원 2015누7660],https://www.law.go.kr/LSW/precInfoP.do?mode=0&precSeq=395884
397438,요양승인결정처분취소,[서울행정법원 2016구단63258],https://www.law.go.kr/LSW/precInfoP.do?mode=0&precSeq=397438
408090,요양승인결정취소 및 부당이득 징수결정처분 취소,[대구지방법원 2019구합25379],https://www.law.go.kr/LSW/precInfoP.do?mode=0&precSeq=408090
364774,요양승인결정취소 및 산재보험급여징수금부과 결정처분취소,[울산지방법원 2008구합1973],https://www.law.go.kr/LSW/precInfoP.do?mode=0&precSeq=364774
380366,요양승인결정취소등,[서울행정법원 2012구단1139],https://www.law.go.kr/LSW/precInfoP.do?mode=0&precSeq=380366
372066,요양승인결정취소처분취소,[대전지방법원 2010구단1984],https://www.law.go.kr/LSW/precInfoP.do?mode=0&precSeq=372066
364072,요양승인결정취소처분취소,[서울행정법원 2008구단3862],https://www.law.go.kr/LSW/precInfoP.do?mode=0&precSeq=364072
366458,요양승인및보험급여징수처분취소,[서울고등법원 2008누9357],https://www.law.go.kr/LSW/precInfoP.do?mode=0&precSeq=366458
376580,요양승인및보험급여징수처분취소,[서울행정법원 2011구단22696],https://www.law.go.kr/LSW/precInfoP.do?mode=0&precSeq=376580
395630,요양승인불승인처분취소,[서울고등법원 2015누62813],https://www.law.go.kr/LSW/precInfoP.do?mode=0&precSeq=395630
361962,요양승인신청반려처분취소,"본 컨텐츠는
 근로복지공단 산재판례 에서 수집한 데이터로, 관련 문의는 해당 기관으로 부탁드립니다.",https://www.law.go.kr/LSW/precInfoP.do?mode=0&precSeq=361962
415282,요양승인처분 취소청구,"본 컨텐츠는
 근로복지공단 산재판례 에서 수집한 데이터로, 관련 문의는 해당 기관으로 부탁드립니다.",https://www.law.go.kr/LSW/precInfoP.do?mode=0&precSeq=415282
372654,요양승인처분취소,[대구지방법원 2010구단3720],https://www.law.go.kr/LSW/precInfoP.do?mode=0&precSeq=372654
393916,요양승인처분취소,[대구지방법원 2015구합23801],https://www.law.go.kr/LSW/precInfoP.do?mode=0&precSeq=393916
366496,요양승인처분취소,[대법원 2008두18793],https://www.law.go.kr/LSW/precInfoP.do?mode=0&precSeq=366496
384200,요양승인처분취소,[대법원 2012두7592],https://www.law.go.kr/LSW/precInfoP.do?mode=0&precSeq=384200
225783,요양승인처분취소,[대법원 2019. 11. 28. 선고 2019두50168 판결],https://www.law.go.kr/LSW/precInfoP.do?mode=0&precSeq=225783
386680,요양승인처분취소,[부산고등법원 2013누154],https://www.law.go.kr/LSW/precInfoP.do?mode=0&precSeq=386680
386774,요양승인처분취소,[부산고등법원창원재판부 2013누1785],https://www.law.go.kr/LSW/precInfoP.do?mode=0&precSeq=386774
405810,요양승인처분취소,[서울고등법원 2018누44052],https://www.law.go.kr/LSW/precInfoP.do?mode=0&precSeq=405810
414950,요양승인처분취소,[서울고등법원 2021누76240],https://www.law.go.kr/LSW/precInfoP.do?mode=0&precSeq=414950
372242,요양승인처분취소,[서울행정법원 2010구단23203],https://www.law.go.kr/LSW/precInfoP.do?mode=0&precSeq=372242
372728,요양승인처분취소,"본 컨텐츠는
 근로복지공단 산재판례 에서 수집한 데이터로, 관련 문의는 해당 기관으로 부탁드립니다.",https://www.law.go.kr/LSW/precInfoP.do?mode=0&precSeq=372728
384948,요양승인처분취소,[서울행정법원 2013구단25491],https://www.law.go.kr/LSW/precInfoP.do?mode=0&precSeq=384948
393104,요양승인처분취소,[서울행정법원 2015구단52657],https://www.law.go.kr/LSW/precInfoP.do?mode=0&precSeq=393104
393614,요양승인처분취소,[서울행정법원 2015구단62852],https://www.law.go.kr/LSW/precInfoP.do?mode=0&precSeq=393614
396894,요양승인처분취소,"본 컨텐츠는
 근로복지공단 산재판례 에서 수집한 데이터로, 관련 문의는 해당 기관으로 부탁드립니다.",https://www.law.go.kr/LSW/precInfoP.do?mode=0&precSeq=396894
397162,요양승인처분취소,[서울행정법원 2016구단54889],https://www.law.go.kr/LSW/precInfoP.do?mode=0&precSeq=397162
397258,요양승인처분취소,[서울행정법원 2016구단57215],https://www.law.go.kr/LSW/precInfoP.do?mode=0&precSeq=397258
397344,요양승인처분취소,[서울행정법원 2016구단60181],https://www.law.go.kr/LSW/precInfoP.do?mode=0&precSeq=397344
397460,요양승인처분취소,[서울행정법원 2016구단63920],https://www.law.go.kr/LSW/precInfoP.do?mode=0&precSeq=397460
404202,요양승인처분취소,[서울행정법원 2018구단62259],https://www.law.go.kr/LSW/precInfoP.do?mode=0&precSeq=404202
412716,요양승인처분취소,"본 컨텐츠는
 근로복지공단 산재판례 에서 수집한 데이터로, 관련 문의는 해당 기관으로 부탁드립니다.",https://www.law.go.kr/LSW/precInfoP.do?mode=0&precSeq=412716
412830,요양승인처분취소,[서울행정법원 2021구단53781],https://www.law.go.kr/LSW/precInfoP.do?mode=0&precSeq=412830
412902,요양승인처분취소,"본 컨텐츠는
 근로복지공단 산재판례 에서 수집한 데이터로, 관련 문의는 해당 기관으로 부탁드립니다.",https://www.law.go.kr/LSW/precInfoP.do?mode=0&precSeq=412902
413236,요양승인처분취소,[서울행정법원 2021구단66411],https://www.law.go.kr/LSW/precInfoP.do?mode=0&precSeq=413236
413412,요양승인처분취소,[서울행정법원 2021구단72546],https://www.law.go.kr/LSW/precInfoP.do?mode=0&precSeq=413412
415650,요양승인처분취소,"본 컨텐츠는
 근로복지공단 산재판례 에서 수집한 데이터로, 관련 문의는 해당 기관으로 부탁드립니다.",https://www.law.go.kr/LSW/precInfoP.do?mode=0&precSeq=415650
369062,요양승인처분취소,[울산지방법원 2009구합564],https://www.law.go.kr/LSW/precInfoP.do?mode=0&precSeq=369062
393868,요양승인처분취소,[울산지방법원 2015구합1490],https://www.law.go.kr/LSW/precInfoP.do?mode=0&precSeq=393868
372318,요양승인처분취소,[창원지방법원 2010구단2457],https://www.law.go.kr/LSW/precInfoP.do?mode=0&precSeq=372318
400106,요양승인처분취소,[창원지방법원 2017구단10778],https://www.law.go.kr/LSW/precInfoP.do?mode=0&precSeq=400106
401000,요양승인처분취소 청구의 소,[서울행정법원 2017구단70123],https://www.law.go.kr/LSW/precInfoP.do?mode=0&precSeq=401000
76106,요양승인처분취소청구사건,,https://www.law.go.kr/LSW/precInfoP.do?mode=0&precSeq=76106
397322,요양승인처분취소청구의 소,[서울행정법원 2016구단59464],https://www.law.go.kr/LSW/precInfoP.do?mode=0&precSeq=397322
413720,요양승인처분취소청구의소,"본 컨텐츠는
 근로복지공단 산재판례 에서 수집한 데이터로, 관련 문의는 해당 기관으로 부탁드립니다.",https://www.law.go.kr/LSW/precInfoP.do?mode=0&precSeq=413720
366258,요양승인취소 및 부당이득징수결정처분취소,[광주고등법원제주부 2008누398],https://www.law.go.kr/LSW/precInfoP.do?mode=0&precSeq=366258
386864,요양승인취소 및 부당이득징수결정처분취소,[부산고등법원 2013누20608],https://www.law.go.kr/LSW/precInfoP.do?mode=0&precSeq=386864
395166,요양승인취소 및 부당이득징수결정취소,"본 컨텐츠는
 근로복지공단 산재판례 에서 수집한 데이터로, 관련 문의는 해당 기관으로 부탁드립니다.",https://www.law.go.kr/LSW/precInfoP.do?mode=0&precSeq=395166
365746,요양승인취소결정처분취소,[대구고등법원 2008누2232],https://www.law.go.kr/LSW/precInfoP.do?mode=0&precSeq=365746
363774,요양승인취소결정처분취소,[대구지방법원 2008구단1868],https://www.law.go.kr/LSW/precInfoP.do?mode=0&precSeq=363774
385600,요양승인취소및부당이득결정처분취소,"본 컨텐츠는
 근로복지공단 산재판례 에서 수집한 데이터로, 관련 문의는 해당 기관으로 부탁드립니다.",https://www.law.go.kr/LSW/precInfoP.do?mode=0&precSeq=385600
371826,요양승인취소및부당이득금징수처분취소,[서울행정법원 2010구단15592],https://www.law.go.kr/LSW/precInfoP.do?mode=0&precSeq=371826
395260,요양승인취소처분등,[대구고등법원 2015누4496],https://www.law.go.kr/LSW/precInfoP.do?mode=0&precSeq=395260
397512,요양승인취소처분등취소청구의소,[서울행정법원 2016구단65612],https://www.law.go.kr/LSW/precInfoP.do?mode=0&precSeq=397512
363696,요양승인취소처분취소,[서울행정법원 2008구단17328],https://www.law.go.kr/LSW/precInfoP.do?mode=0&precSeq=363696
209719,요양신청반려처분취소,[대법원 2004. 3. 11. 선고 2004두916 판결],https://www.law.go.kr/LSW/precInfoP.do?mode=0&precSeq=209719
363308,요양신청반려처분취소,[서울행정법원 2008구단1217],https://www.law.go.kr/LSW/precInfoP.do?mode=0&precSeq=363308
363318,요양신청반려처분취소,[서울행정법원 2008구단12255],https://www.law.go.kr/LSW/precInfoP.do?mode=0&precSeq=363318
363384,요양신청반려처분취소,"본 컨텐츠는
 근로복지공단 산재판례 에서 수집한 데이터로, 관련 문의는 해당 기관으로 부탁드립니다.",https://www.law.go.kr/LSW/precInfoP.do?mode=0&precSeq=363384
367468,요양신청반려처분취소,[서울행정법원 2009구단228],https://www.law.go.kr/LSW/precInfoP.do?mode=0&precSeq=367468
372342,요양신청반려처분취소,[서울행정법원 2010구단25063],https://www.law.go.kr/LSW/precInfoP.do?mode=0&precSeq=372342
365492,요양신청불승인처분취소,[서울고등법원 2008누14236],https://www.law.go.kr/LSW/precInfoP.do?mode=0&precSeq=365492
369806,요양신청불승인처분취소,[서울고등법원 2009누23824],https://www.law.go.kr/LSW/precInfoP.do?mode=0&precSeq=369806
374942,요양신청불승인처분취소,[서울고등법원 2010누37461],https://www.law.go.kr/LSW/precInfoP.do?mode=0&precSeq=374942
362492,요양신청불승인처분취소,[서울행정법원 2007구단7782],https://www.law.go.kr/LSW/precInfoP.do?mode=0&precSeq=362492
371590,요양신청불승인처분취소,[서울행정법원 2010구단11538],https://www.law.go.kr/LSW/precInfoP.do?mode=0&precSeq=371590
365266,요양신청불승인처분취소,[제주지방법원 2008구합642],https://www.law.go.kr/LSW/precInfoP.do?mode=0&precSeq=365266
121023,요양신청서반려처분취소,[서울행법 1999. 8. 10. 선고 98구21836 판결 : 항소기각·확정],https://www.law.go.kr/LSW/precInfoP.do?mode=0&precSeq=121023
361562,요양신청서반려처분취소,[서울행정법원 2006구단1480],https://www.law.go.kr/LSW/precInfoP.do?mode=0&precSeq=361562
362546,요양신청서반려처분취소,"본 컨텐츠는
 근로복지공단 산재판례 에서 수집한 데이터로, 관련 문의는 해당 기관으로 부탁드립니다.",https://www.law.go.kr/LSW/precInfoP.do?mode=0&precSeq=362546
370564,요양연기불승인처분취소,[대구고등법원 2009누585],https://www.law.go.kr/LSW/precInfoP.do?mode=0&precSeq=370564
398564,요양연기불승인처분취소,[대전고등법원 2016누12453],https://www.law.go.kr/LSW/precInfoP.do?mode=0&precSeq=398564
397342,요양연기불승인처분취소,[서울행정법원 2016구단60167],https://www.law.go.kr/LSW/precInfoP.do?mode=0&precSeq=397342
415562,요양연기불승인처분취소,"본 컨텐츠는
 근로복지공단 산재판례 에서 수집한 데이터로, 관련 문의는 해당 기관으로 부탁드립니다.",https://www.law.go.kr/LSW/precInfoP.do?mode=0&precSeq=415562
375146,요양연기일부불승인처분취소,[서울고등법원 2010누4775],https://www.law.go.kr/LSW/precInfoP.do?mode=0&precSeq=375146
398546,요양일부불승인처분취소,[부산고등법원창원재판부 2016누11783],https://www.law.go.kr/LSW/precInfoP.do?mode=0&precSeq=398546
415402,요양일부불승인처분취소,[부산지방법원 2022구단21171],https://www.law.go.kr/LSW/precInfoP.do?mode=0&precSeq=415402
366472,요양일부불승인처분취소,[서울고등법원 2008누9814],https://www.law.go.kr/LSW/precInfoP.do?mode=0&precSeq=366472
375132,요양일부불승인처분취소,[서울고등법원 2010누46328],https://www.law.go.kr/LSW/precInfoP.do?mode=0&precSeq=375132
379426,요양일부불승인처분취소,"본 컨텐츠는
 근로복지공단 산재판례 에서 수집한 데이터로, 관련 문의는 해당 기관으로 부탁드립니다.",https://www.law.go.kr/LSW/precInfoP.do?mode=0&precSeq=379426
363288,요양일부불승인처분취소,[서울행정법원 2008구단1194],https://www.law.go.kr/LSW/precInfoP.do?mode=0&precSeq=363288
363304,요양일부불승인처분취소,[서울행정법원 2008구단12064],https://www.law.go.kr/LSW/precInfoP.do?mode=0&precSeq=363304
367278,요양일부불승인처분취소,"본 컨텐츠는
 근로복지공단 산재판례 에서 수집한 데이터로, 관련 문의는 해당 기관으로 부탁드립니다.",https://www.law.go.kr/LSW/precInfoP.do?mode=0&precSeq=367278
380346,요양일부불승인처분취소,[서울행정법원 2012구단10737],https://www.law.go.kr/LSW/precInfoP.do?mode=0&precSeq=380346
393582,요양일부불승인처분취소,[서울행정법원 2015구단62388],https://www.law.go.kr/LSW/precInfoP.do?mode=0&precSeq=393582
396820,요양일부불승인처분취소,[서울행정법원 2016구단25416],https://www.law.go.kr/LSW/precInfoP.do?mode=0&precSeq=396820
415746,요양일부불승인처분취소,"본 컨텐츠는
 근로복지공단 산재판례 에서 수집한 데이터로, 관련 문의는 해당 기관으로 부탁드립니다.",https://www.law.go.kr/LSW/precInfoP.do?mode=0&precSeq=415746
415918,요양일부불승인처분취소,"본 컨텐츠는
 근로복지공단 산재판례 에서 수집한 데이터로, 관련 문의는 해당 기관으로 부탁드립니다.",https://www.law.go.kr/LSW/precInfoP.do?mode=0&precSeq=415918
416010,요양일부불승인처분취소,"본 컨텐츠는
 근로복지공단 산재판례 에서 수집한 데이터로, 관련 문의는 해당 기관으로 부탁드립니다.",https://www.law.go.kr/LSW/precInfoP.do?mode=0&precSeq=416010
416020,요양일부불승인처분취소,"본 컨텐츠는
 근로복지공단 산재판례 에서 수집한 데이터로, 관련 문의는 해당 기관으로 부탁드립니다.",https://www.law.go.kr/LSW/precInfoP.do?mode=0&precSeq=416020
417128,요양일부불승인처분취소,[서울행정법원 2023구단58551],https://www.law.go.kr/LSW/precInfoP.do?mode=0&precSeq=417128
417144,요양일부불승인처분취소,[서울행정법원 2023구단63737],https://www.law.go.kr/LSW/precInfoP.do?mode=0&precSeq=417144
362634,요양일부불승인처분취소,[울산지방법원 2007구합1662],https://www.law.go.kr/LSW/precInfoP.do?mode=0&precSeq=362634
362698,요양일부불승인처분취소,"본 컨텐츠는
 근로복지공단 산재판례 에서 수집한 데이터로, 관련 문의는 해당 기관으로 부탁드립니다.",https://www.law.go.kr/LSW/precInfoP.do?mode=0&precSeq=362698
362704,요양일부불승인처분취소,"본 컨텐츠는
 근로복지공단 산재판례 에서 수집한 데이터로, 관련 문의는 해당 기관으로 부탁드립니다.",https://www.law.go.kr/LSW/precInfoP.do?mode=0&precSeq=362704
368724,요양일부불승인처분취소,"본 컨텐츠는
 근로복지공단 산재판례 에서 수집한 데이터로, 관련 문의는 해당 기관으로 부탁드립니다.",https://www.law.go.kr/LSW/precInfoP.do?mode=0&precSeq=368724
398004,요양일부불승인처분취소,[울산지방법원 2016구합5819],https://www.law.go.kr/LSW/precInfoP.do?mode=0&precSeq=398004
361746,요양일부불승인처분취소,[제주지방법원 2006구합914],https://www.law.go.kr/LSW/precInfoP.do?mode=0&precSeq=361746
415864,요양일부불승인처분취소 등,"본 컨텐츠는
 근로복지공단 산재판례 에서 수집한 데이터로, 관련 문의는 해당 기관으로 부탁드립니다.",https://www.law.go.kr/LSW/precInfoP.do?mode=0&precSeq=415864
387082,요양일부승인처분취소,[서울고등법원 2013누26769],https://www.law.go.kr/LSW/precInfoP.do?mode=0&precSeq=387082
380972,요양일부승인처분취소,"본 컨텐츠는
 근로복지공단 산재판례 에서 수집한 데이터로, 관련 문의는 해당 기관으로 부탁드립니다.",https://www.law.go.kr/LSW/precInfoP.do?mode=0&precSeq=380972
415808,요양일부승인처분취소,"본 컨텐츠는
 근로복지공단 산재판례 에서 수집한 데이터로, 관련 문의는 해당 기관으로 부탁드립니다.",https://www.law.go.kr/LSW/precInfoP.do?mode=0&precSeq=415808
415886,요양일부승인처분취소,"본 컨텐츠는
 근로복지공단 산재판례 에서 수집한 데이터로, 관련 문의는 해당 기관으로 부탁드립니다.",https://www.law.go.kr/LSW/precInfoP.do?mode=0&precSeq=415886
415934,요양일부승인처분취소,"본 컨텐츠는
 근로복지공단 산재판례 에서 수집한 데이터로, 관련 문의는 해당 기관으로 부탁드립니다.",https://www.law.go.kr/LSW/precInfoP.do?mode=0&precSeq=415934
415998,요양일부승인처분취소,"본 컨텐츠는
 근로복지공단 산재판례 에서 수집한 데이터로, 관련 문의는 해당 기관으로 부탁드립니다.",https://www.law.go.kr/LSW/precInfoP.do?mode=0&precSeq=415998
417084,요양일부승인처분취소,[서울행정법원 2023구단53303],https://www.law.go.kr/LSW/precInfoP.do?mode=0&precSeq=417084
393602,요양종결처분취소,[서울행정법원 2015구단62654],https://www.law.go.kr/LSW/precInfoP.do?mode=0&precSeq=393602
76909,요양중지및보험급여회수처분등취소청구사건,,https://www.law.go.kr/LSW/precInfoP.do?mode=0&precSeq=76909
603105,요양중지처분취소,,https://www.law.go.kr/LSW/precInfoP.do?mode=0&precSeq=603105
366480,요양취소및부당이득금납부고지처분취소,[대법원 2008두10287],https://www.law.go.kr/LSW/precInfoP.do?mode=0&precSeq=366480
361626,요양취소및부당이득금납부고지처분취소,[창원지방법원 2006구단560],https://www.law.go.kr/LSW/precInfoP.do?mode=0&precSeq=361626
397664,요양취소처분 및 부당이득금징수결정처분취소,[대전지방법원 2016구합100415],https://www.law.go.kr/LSW/precInfoP.do?mode=0&precSeq=397664
219843,용역비,[대법원 2021. 11. 11. 선고 2021다255051 판결],https://www.law.go.kr/LSW/precInfoP.do?mode=0&precSeq=219843
214339,우선재고용의무위반등[경영상 이유에 의해 해고된 근로자가 우선 재고용 의무의 이행과 손해배상 등을 청구한 사건],[대법원 2020. 11. 26. 선고 2016다13437 판결],https://www.law.go.kr/LSW/precInfoP.do?mode=0&precSeq=214339
600531,우선재고용의무이행등청구의소,[서울중앙지법 2024. 11. 15. 선고 2023가합86650 판결 : 항소],https://www.law.go.kr/LSW/precInfoP.do?mode=0&precSeq=600531
212259,운영위원회결의무효확인,"[서울지법 2000. 1. 13. 선고 99가합2220 판결：항소기각, 상고기각]",https://www.law.go.kr/LSW/precInfoP.do?mode=0&precSeq=212259
179749,원인무효에인한법인세부과처분취소,[대법원 2014. 12. 24. 선고 2010두19775 판결],https://www.law.go.kr/LSW/precInfoP.do?mode=0&precSeq=179749
81297,위로금,[대법원 2002. 2. 22. 선고 2000다65086 판결],https://www.law.go.kr/LSW/precInfoP.do?mode=0&precSeq=81297
227181,위로금반환,[대법원 2022. 3. 11. 선고 2017다202272 판결],https://www.law.go.kr/LSW/precInfoP.do?mode=0&precSeq=227181
101998,위자료등,,https://www.law.go.kr/LSW/precInfoP.do?mode=0&precSeq=101998
73529,위자료등청구사건,,https://www.law.go.kr/LSW/precInfoP.do?mode=0&precSeq=73529
74291,위자료등청구사건,[서울고법 1977. 5. 26. 선고 77나175 제6민사부판결 : 상고],https://www.law.go.kr/LSW/precInfoP.do?mode=0&precSeq=74291
172024,위탁계약직권해지무효확인,[대법원 2013. 7. 12. 선고 2011다46371 판결],https://www.law.go.kr/LSW/precInfoP.do?mode=0&precSeq=172024
194783,위헌제청신청,[대법원 2002. 10. 25. 자 2000카기183 결정],https://www.law.go.kr/LSW/precInfoP.do?mode=0&precSeq=194783
160192,유족 급여및 장의비 부지급 처분 취소,[서울행법 2011. 9. 22. 선고 2011구합4084 판결 : 항소],https://www.law.go.kr/LSW/precInfoP.do?mode=0&precSeq=160192
414082,유족급여 등 보험금 지급 처분 취소,"본 컨텐츠는
 근로복지공단 산재판례 에서 수집한 데이터로, 관련 문의는 해당 기관으로 부탁드립니다.",https://www.law.go.kr/LSW/precInfoP.do?mode=0&precSeq=414082
398094,유족급여 등 부지급 처분 취소,[서울행정법원 2016구합63200],https://www.law.go.kr/LSW/precInfoP.do?mode=0&precSeq=398094
396442,유족급여 등 부지급처분 취소,[대전지방법원 2016구단100937],https://www.law.go.kr/LSW/precInfoP.do?mode=0&precSeq=396442
391644,유족급여 등 부지급처분 취소 청구,[서울고등법원 2014누69909],https://www.law.go.kr/LSW/precInfoP.do?mode=0&precSeq=391644
398330,유족급여 등 부지급처분 취소청구,[서울행정법원 2016구합78141],https://www.law.go.kr/LSW/precInfoP.do?mode=0&precSeq=398330
414238,유족급여 등 부지급처분 취소청구,"본 컨텐츠는
 근로복지공단 산재판례 에서 수집한 데이터로, 관련 문의는 해당 기관으로 부탁드립니다.",https://www.law.go.kr/LSW/precInfoP.do?mode=0&precSeq=414238
395524,유족급여 등 부지급처분 취소청구의 소,[광주고등법원 2015누5855],https://www.law.go.kr/LSW/precInfoP.do?mode=0&precSeq=395524
397806,유족급여 등 부지급처분 취소청구의 소,[서울행정법원 2016구합50365],https://www.law.go.kr/LSW/precInfoP.do?mode=0&precSeq=397806
394354,유족급여 등 부지급처분취소 청구의 소,[서울행정법원 2015구합71211],https://www.law.go.kr/LSW/precInfoP.do?mode=0&precSeq=394354
398034,유족급여 등 장의비 부지급처분 취소청구,[서울행정법원 2016구합60386],https://www.law.go.kr/LSW/precInfoP.do?mode=0&precSeq=398034
401384,유족급여 등 추가지급,[서울행정법원 2017구합4260],https://www.law.go.kr/LSW/precInfoP.do?mode=0&precSeq=401384
416110,유족급여 및 장례비 부지급 처분 취소 청구,"본 컨텐츠는
 근로복지공단 산재판례 에서 수집한 데이터로, 관련 문의는 해당 기관으로 부탁드립니다.",https://www.law.go.kr/LSW/precInfoP.do?mode=0&precSeq=416110
398376,유족급여 및 장의비 부지급 결정 취소,[서울행정법원 2016구합8159],https://www.law.go.kr/LSW/precInfoP.do?mode=0&precSeq=398376
388532,유족급여 및 장의비 부지급 결정처분 취소,[대구지방법원 2014구단10788],https://www.law.go.kr/LSW/precInfoP.do?mode=0&precSeq=388532
416112,유족급여 및 장의비 부지급 결정처분 취소,"본 컨텐츠는
 근로복지공단 산재판례 에서 수집한 데이터로, 관련 문의는 해당 기관으로 부탁드립니다.",https://www.law.go.kr/LSW/precInfoP.do?mode=0&precSeq=416112
373320,유족급여 및 장의비 부지급 결정취소,[울산지방법원 2010구합1976],https://www.law.go.kr/LSW/precInfoP.do?mode=0&precSeq=373320
394328,유족급여 및 장의비 부지급 처분 등 취소,"본 컨텐츠는
 근로복지공단 산재판례 에서 수집한 데이터로, 관련 문의는 해당 기관으로 부탁드립니다.",https://www.law.go.kr/LSW/precInfoP.do?mode=0&precSeq=394328
402484,유족급여 및 장의비 부지급 처분 취소,[대구고등법원 2017누6328],https://www.law.go.kr/LSW/precInfoP.do?mode=0&precSeq=402484
402010,유족급여 및 장의비 부지급 처분 취소,[부산고등법원 2017누23025],https://www.law.go.kr/LSW/precInfoP.do?mode=0&precSeq=402010
405414,유족급여 및 장의비 부지급 처분 취소,[부산고등법원창원재판부 2018누10555],https://www.law.go.kr/LSW/precInfoP.do?mode=0&precSeq=405414
380382,유족급여 및 장의비 부지급 처분 취소,[부산지방법원 2012구단1185],https://www.law.go.kr/LSW/precInfoP.do?mode=0&precSeq=380382
374486,유족급여 및 장의비 부지급 처분 취소,[서울고등법원 2010누22087],https://www.law.go.kr/LSW/precInfoP.do?mode=0&precSeq=374486
402750,유족급여 및 장의비 부지급 처분 취소,[서울고등법원 2017누83982],https://www.law.go.kr/LSW/precInfoP.do?mode=0&precSeq=402750
402816,유족급여 및 장의비 부지급 처분 취소,[서울고등법원 2017누87236],https://www.law.go.kr/LSW/precInfoP.do?mode=0&precSeq=402816
416638,유족급여 및 장의비 부지급 처분 취소,"본 컨텐츠는
 근로복지공단 산재판례 에서 수집한 데이터로, 관련 문의는 해당 기관으로 부탁드립니다.",https://www.law.go.kr/LSW/precInfoP.do?mode=0&precSeq=416638
385750,유족급여 및 장의비 부지급 처분 취소,[서울행정법원 2013구합12959],https://www.law.go.kr/LSW/precInfoP.do?mode=0&precSeq=385750
401370,유족급여 및 장의비 부지급 처분 취소,[서울행정법원 2017구합3410],https://www.law.go.kr/LSW/precInfoP.do?mode=0&precSeq=401370
401464,유족급여 및 장의비 부지급 처분 취소,[서울행정법원 2017구합52610],https://www.law.go.kr/LSW/precInfoP.do?mode=0&precSeq=401464
401656,유족급여 및 장의비 부지급 처분 취소,[서울행정법원 2017구합65258],https://www.law.go.kr/LSW/precInfoP.do?mode=0&precSeq=401656
401704,유족급여 및 장의비 부지급 처분 취소,[서울행정법원 2017구합6853],https://www.law.go.kr/LSW/precInfoP.do?mode=0&precSeq=401704
411436,유족급여 및 장의비 부지급 처분 취소,"본 컨텐츠는
 근로복지공단 산재판례 에서 수집한 데이터로, 관련 문의는 해당 기관으로 부탁드립니다.",https://www.law.go.kr/LSW/precInfoP.do?mode=0&precSeq=411436
401420,유족급여 및 장의비 부지급 처분 취소,[울산지방법원 2017구합5076],https://www.law.go.kr/LSW/precInfoP.do?mode=0&precSeq=401420
404994,유족급여 및 장의비 부지급 처분 취소,[울산지방법원 2018구합5752],https://www.law.go.kr/LSW/precInfoP.do?mode=0&precSeq=404994
414206,유족급여 및 장의비 부지급 처분 취소,"본 컨텐츠는
 근로복지공단 산재판례 에서 수집한 데이터로, 관련 문의는 해당 기관으로 부탁드립니다.",https://www.law.go.kr/LSW/precInfoP.do?mode=0&precSeq=414206
408662,유족급여 및 장의비 부지급 처분 취소 청구의 소,"본 컨텐츠는
 근로복지공단 산재판례 에서 수집한 데이터로, 관련 문의는 해당 기관으로 부탁드립니다.",https://www.law.go.kr/LSW/precInfoP.do?mode=0&precSeq=408662
408476,유족급여 및 장의비 부지급 처분 취소의 소,"본 컨텐츠는
 근로복지공단 산재판례 에서 수집한 데이터로, 관련 문의는 해당 기관으로 부탁드립니다.",https://www.law.go.kr/LSW/precInfoP.do?mode=0&precSeq=408476
385046,유족급여 및 장의비 부지급 처분취소,[대전지방법원 2013구단333],https://www.law.go.kr/LSW/precInfoP.do?mode=0&precSeq=385046
398344,유족급여 및 장의비 부지급 처분취소,[서울행정법원 2016구합78868],https://www.law.go.kr/LSW/precInfoP.do?mode=0&precSeq=398344
390972,유족급여 및 장의비 부지급 처분취소 청구의 소,[서울고등법원 2014누46982],https://www.law.go.kr/LSW/precInfoP.do?mode=0&precSeq=390972
398236,유족급여 및 장의비 부지급 취소,[청주지방법원 2016구합716],https://www.law.go.kr/LSW/precInfoP.do?mode=0&precSeq=398236
395228,유족급여 및 장의비 부지급결정처분취소,[대구고등법원 2015누4373],https://www.law.go.kr/LSW/precInfoP.do?mode=0&precSeq=395228
393902,유족급여 및 장의비 부지급처분 취소,[대구지방법원 2015구합21270],https://www.law.go.kr/LSW/precInfoP.do?mode=0&precSeq=393902
386658,유족급여 및 장의비 부지급처분 취소,[부산고등법원창원재판부 2013누1464],https://www.law.go.kr/LSW/precInfoP.do?mode=0&precSeq=386658
380422,유족급여 및 장의비 부지급처분 취소,[부산지방법원 2012구단1253],https://www.law.go.kr/LSW/precInfoP.do?mode=0&precSeq=380422
411408,유족급여 및 장의비 부지급처분 취소,"본 컨텐츠는
 근로복지공단 산재판례 에서 수집한 데이터로, 관련 문의는 해당 기관으로 부탁드립니다.",https://www.law.go.kr/LSW/precInfoP.do?mode=0&precSeq=411408
404290,유족급여 및 장의비 부지급처분 취소,[전주지방법원 2018구단661],https://www.law.go.kr/LSW/precInfoP.do?mode=0&precSeq=404290
406874,유족급여 및 장의비 부지급처분 취소,[전주지방법원 2019구단200],https://www.law.go.kr/LSW/precInfoP.do?mode=0&precSeq=406874
391664,유족급여 및 장의비 부지급처분 취소 청구,[서울고등법원 2014누70961],https://www.law.go.kr/LSW/precInfoP.do?mode=0&precSeq=391664
397944,유족급여 및 장의비 부지급처분 취소 청구,[서울행정법원 2016구합55452],https://www.law.go.kr/LSW/precInfoP.do?mode=0&precSeq=397944
398354,유족급여 및 장의비 부지급처분 취소 청구의 소,[서울행정법원 2016구합80045],https://www.law.go.kr/LSW/precInfoP.do?mode=0&precSeq=398354
393896,유족급여 및 장의비 부지급처분 취소청구,[청주지방법원 2015구합207],https://www.law.go.kr/LSW/precInfoP.do?mode=0&precSeq=393896
408636,유족급여 및 장의비 부지급처분 취소청구의 소,"본 컨텐츠는
 근로복지공단 산재판례 에서 수집한 데이터로, 관련 문의는 해당 기관으로 부탁드립니다.",https://www.law.go.kr/LSW/precInfoP.do?mode=0&precSeq=408636
390932,유족급여 및 장의비 부지급처분취소,[대구고등법원 2014누4574],https://www.law.go.kr/LSW/precInfoP.do?mode=0&precSeq=390932
391258,유족급여 및 장의비 부지급처분취소,[대구고등법원 2014누5768],https://www.law.go.kr/LSW/precInfoP.do?mode=0&precSeq=391258
391340,유족급여 및 장의비 부지급처분취소,[대구고등법원 2014누6037],https://www.law.go.kr/LSW/precInfoP.do?mode=0&precSeq=391340
385048,유족급여 및 장의비 부지급처분취소,[대구지방법원 2013구단3332],https://www.law.go.kr/LSW/precInfoP.do?mode=0&precSeq=385048
396028,유족급여 및 장의비 부지급처분취소,[대법원 2015두37839],https://www.law.go.kr/LSW/precInfoP.do?mode=0&precSeq=396028
398156,유족급여 및 장의비 부지급처분취소,[울산지방법원 2016구합6713],https://www.law.go.kr/LSW/precInfoP.do?mode=0&precSeq=398156
397736,유족급여 및 장의비 부지급처분취소,[춘천지방법원 2016구합207],https://www.law.go.kr/LSW/precInfoP.do?mode=0&precSeq=397736
396544,유족급여 및 장의비 부지급처분취소 청구의 소,[광주지방법원 2016구단11516],https://www.law.go.kr/LSW/precInfoP.do?mode=0&precSeq=396544
394332,유족급여 및 장의비 부지급처분취소 청구의 소,"본 컨텐츠는
 근로복지공단 산재판례 에서 수집한 데이터로, 관련 문의는 해당 기관으로 부탁드립니다.",https://www.law.go.kr/LSW/precInfoP.do?mode=0&precSeq=394332
398454,유족급여 및 장의비 불승인처분취소,[청주지방법원 2016구합914],https://www.law.go.kr/LSW/precInfoP.do?mode=0&precSeq=398454
398460,유족급여 및 장의비 불승인처분취소,[청주지방법원 2016구합945],https://www.law.go.kr/LSW/precInfoP.do?mode=0&precSeq=398460
401906,유족급여 및 장의비 지급 처분 취소,"본 컨텐츠는
 근로복지공단 산재판례 에서 수집한 데이터로, 관련 문의는 해당 기관으로 부탁드립니다.",https://www.law.go.kr/LSW/precInfoP.do?mode=0&precSeq=401906
405012,유족급여 및 장의비 지급 처분 취소,[서울행정법원 2018구합58622],https://www.law.go.kr/LSW/precInfoP.do?mode=0&precSeq=405012
393406,유족급여 및 장의비 지급거부처분취소,[전주지방법원 2015구단585],https://www.law.go.kr/LSW/precInfoP.do?mode=0&precSeq=393406
414166,유족급여 및 장의비 지급처분 취소 소송,"본 컨텐츠는
 근로복지공단 산재판례 에서 수집한 데이터로, 관련 문의는 해당 기관으로 부탁드립니다.",https://www.law.go.kr/LSW/precInfoP.do?mode=0&precSeq=414166
362952,유족급여 및 장의비부지급 처분취소,[광주고등법원 2007누1162],https://www.law.go.kr/LSW/precInfoP.do?mode=0&precSeq=362952
365820,유족급여 및 장의비부지급 처분취소,[대전고등법원 2008누2482],https://www.law.go.kr/LSW/precInfoP.do?mode=0&precSeq=365820
394722,유족급여 및 장의비부지급 처분취소,[대전고등법원 2015누13404],https://www.law.go.kr/LSW/precInfoP.do?mode=0&precSeq=394722
399970,유족급여 및 장의비부지급 처분취소,[대전지방법원 2017구단100088],https://www.law.go.kr/LSW/precInfoP.do?mode=0&precSeq=399970
364660,유족급여 및 장의비부지급 처분취소,[서울행정법원 2008구합11884],https://www.law.go.kr/LSW/precInfoP.do?mode=0&precSeq=364660
383684,유족급여 및 장의비부지급결정취소,[대법원 2012두10161],https://www.law.go.kr/LSW/precInfoP.do?mode=0&precSeq=383684
394654,유족급여 및 장의비부지급처분 취소,"본 컨텐츠는
 근로복지공단 산재판례 에서 수집한 데이터로, 관련 문의는 해당 기관으로 부탁드립니다.",https://www.law.go.kr/LSW/precInfoP.do?mode=0&precSeq=394654
397676,유족급여 및 장의비부지급처분 취소,[청주지방법원 2016구합10423],https://www.law.go.kr/LSW/precInfoP.do?mode=0&precSeq=397676
397716,유족급여 및 장의비부지급처분 취소,[청주지방법원 2016구합181],https://www.law.go.kr/LSW/precInfoP.do?mode=0&precSeq=397716
373800,유족급여 및 장의비부지급처분 취소 등,[부산지방법원 2010구합4415],https://www.law.go.kr/LSW/precInfoP.do?mode=0&precSeq=373800
408360,유족급여 및 장의비부지급처분 취소청구,"본 컨텐츠는
 근로복지공단 산재판례 에서 수집한 데이터로, 관련 문의는 해당 기관으로 부탁드립니다.",https://www.law.go.kr/LSW/precInfoP.do?mode=0&precSeq=408360
362796,유족급여 및 장의비부지급처분취소,"본 컨텐츠는
 근로복지공단 산재판례 에서 수집한 데이터로, 관련 문의는 해당 기관으로 부탁드립니다.",https://www.law.go.kr/LSW/precInfoP.do?mode=0&precSeq=362796
396530,유족급여 및 장의비부지급처분취소,[대구지방법원 2016구단11419],https://www.law.go.kr/LSW/precInfoP.do?mode=0&precSeq=396530
396432,유족급여 및 장의비부지급처분취소,[대전지방법원 2016구단100357],https://www.law.go.kr/LSW/precInfoP.do?mode=0&precSeq=396432
162983,유족급여 및 장의비부지급처분취소,,https://www.law.go.kr/LSW/precInfoP.do?mode=0&precSeq=162983
378820,유족급여 및 장의비부지급처분취소,"본 컨텐츠는
 근로복지공단 산재판례 에서 수집한 데이터로, 관련 문의는 해당 기관으로 부탁드립니다.",https://www.law.go.kr/LSW/precInfoP.do?mode=0&precSeq=378820
367846,유족급여 및 장의비부지급처분취소,"본 컨텐츠는
 근로복지공단 산재판례 에서 수집한 데이터로, 관련 문의는 해당 기관으로 부탁드립니다.",https://www.law.go.kr/LSW/precInfoP.do?mode=0&precSeq=367846
371562,유족급여 및 장의비부지급처분취소,[부산지방법원 2010구단1099],https://www.law.go.kr/LSW/precInfoP.do?mode=0&precSeq=371562
372632,유족급여 및 장의비부지급처분취소,[부산지방법원 2010구단355],https://www.law.go.kr/LSW/precInfoP.do?mode=0&precSeq=372632
395546,유족급여 및 장의비부지급처분취소,[서울고등법원 2015누59664],https://www.law.go.kr/LSW/precInfoP.do?mode=0&precSeq=395546
395648,유족급여 및 장의비부지급처분취소,[서울고등법원 2015누63434],https://www.law.go.kr/LSW/precInfoP.do?mode=0&precSeq=395648
395672,유족급여 및 장의비부지급처분취소,"본 컨텐츠는
 근로복지공단 산재판례 에서 수집한 데이터로, 관련 문의는 해당 기관으로 부탁드립니다.",https://www.law.go.kr/LSW/precInfoP.do?mode=0&precSeq=395672
386390,유족급여 및 장의비부지급처분취소,[서울행정법원 2013구합8578],https://www.law.go.kr/LSW/precInfoP.do?mode=0&precSeq=386390
393998,유족급여 및 장의비부지급처분취소,[서울행정법원 2015구합50382],https://www.law.go.kr/LSW/precInfoP.do?mode=0&precSeq=393998
408342,유족급여 및 장의비부지급처분취소,"본 컨텐츠는
 근로복지공단 산재판례 에서 수집한 데이터로, 관련 문의는 해당 기관으로 부탁드립니다.",https://www.law.go.kr/LSW/precInfoP.do?mode=0&precSeq=408342
408640,유족급여 및 장의비부지급처분취소,[서울행정법원 2019구합87375],https://www.law.go.kr/LSW/precInfoP.do?mode=0&precSeq=408640
368732,유족급여 및 장의비부지급처분취소,"본 컨텐츠는
 근로복지공단 산재판례 에서 수집한 데이터로, 관련 문의는 해당 기관으로 부탁드립니다.",https://www.law.go.kr/LSW/precInfoP.do?mode=0&precSeq=368732
416196,유족급여 및 장의비부지급처분취소청구의 소,"본 컨텐츠는
 근로복지공단 산재판례 에서 수집한 데이터로, 관련 문의는 해당 기관으로 부탁드립니다.",https://www.law.go.kr/LSW/precInfoP.do?mode=0&precSeq=416196
392488,유족급여 및 장의비지급처분 취소,[광주지방법원 2015구단10905],https://www.law.go.kr/LSW/precInfoP.do?mode=0&precSeq=392488
397006,유족급여 및 장의비청구서부지급처분취소,[전주지방법원 2016구단513],https://www.law.go.kr/LSW/precInfoP.do?mode=0&precSeq=397006
394326,유족급여 및장의비부지급처분취소,"본 컨텐츠는
 근로복지공단 산재판례 에서 수집한 데이터로, 관련 문의는 해당 기관으로 부탁드립니다.",https://www.law.go.kr/LSW/precInfoP.do?mode=0&precSeq=394326
394626,유족급여 부지급 결정 취소,[광주고등법원전주부 2015누1088],https://www.law.go.kr/LSW/precInfoP.do?mode=0&precSeq=394626
395876,유족급여 부지급 처분 취소,[광주고등법원 2015누7370],https://www.law.go.kr/LSW/precInfoP.do?mode=0&precSeq=395876
397776,유족급여·장의비 등에 대한 부지급결정취소,[제주지방법원 2016구합340],https://www.law.go.kr/LSW/precInfoP.do?mode=0&precSeq=397776
390988,유족급여거부처분취소,[서울고등법원 2014누47398],https://www.law.go.kr/LSW/precInfoP.do?mode=0&precSeq=390988
166952,유족급여등 부지급 처분취소,[대법원 2012. 11. 29. 선고 2011두28165 판결],https://www.law.go.kr/LSW/precInfoP.do?mode=0&precSeq=166952
408324,유족급여등 부지급결정 처분 취소 청구의 소,"본 컨텐츠는
 근로복지공단 산재판례 에서 수집한 데이터로, 관련 문의는 해당 기관으로 부탁드립니다.",https://www.law.go.kr/LSW/precInfoP.do?mode=0&precSeq=408324
167968,유족급여등 부지급처분 취소,,https://www.law.go.kr/LSW/precInfoP.do?mode=0&precSeq=167968
393836,유족급여등 부지급처분취소,[인천지방법원 2015구합1186],https://www.law.go.kr/LSW/precInfoP.do?mode=0&precSeq=393836
369148,유족급여등부지급결정처분취소,[서울행정법원 2009구합8588],https://www.law.go.kr/LSW/precInfoP.do?mode=0&precSeq=369148
105811,유족급여등부지급결정취소,,https://www.law.go.kr/LSW/precInfoP.do?mode=0&precSeq=105811
396926,유족급여등부지급처분취소,"본 컨텐츠는
 근로복지공단 산재판례 에서 수집한 데이터로, 관련 문의는 해당 기관으로 부탁드립니다.",https://www.law.go.kr/LSW/precInfoP.do?mode=0&precSeq=396926
371578,유족급여등부지급처분취소,[대구지방법원 2010구단1137],https://www.law.go.kr/LSW/precInfoP.do?mode=0&precSeq=371578
371824,유족급여등부지급처분취소,[대구지방법원 2010구단1557],https://www.law.go.kr/LSW/precInfoP.do?mode=0&precSeq=371824
372708,유족급여등부지급처분취소,[대구지방법원 2010구단4280],https://www.law.go.kr/LSW/precInfoP.do?mode=0&precSeq=372708
388520,유족급여등부지급처분취소,[대구지방법원 2014구단10665],https://www.law.go.kr/LSW/precInfoP.do?mode=0&precSeq=388520
229135,유족급여등부지급처분취소,,https://www.law.go.kr/LSW/precInfoP.do?mode=0&precSeq=229135
191357,유족급여등부지급처분취소,,https://www.law.go.kr/LSW/precInfoP.do?mode=0&precSeq=191357
206134,유족급여등부지급처분취소,[대법원 2005. 7. 15. 선고 2003두4805 판결],https://www.law.go.kr/LSW/precInfoP.do?mode=0&precSeq=206134
67461,유족급여등부지급처분취소,,https://www.law.go.kr/LSW/precInfoP.do?mode=0&precSeq=67461
216269,유족급여등부지급처분취소,,https://www.law.go.kr/LSW/precInfoP.do?mode=0&precSeq=216269
64458,유족급여등부지급처분취소,[대법원 2008. 9. 25. 선고 2006두4127 판결],https://www.law.go.kr/LSW/precInfoP.do?mode=0&precSeq=64458
145711,유족급여등부지급처분취소,,https://www.law.go.kr/LSW/precInfoP.do?mode=0&precSeq=145711
205710,유족급여등부지급처분취소,,https://www.law.go.kr/LSW/precInfoP.do?mode=0&precSeq=205710
105409,유족급여등부지급처분취소,,https://www.law.go.kr/LSW/precInfoP.do?mode=0&precSeq=105409
107505,유족급여등부지급처분취소,,https://www.law.go.kr/LSW/precInfoP.do?mode=0&precSeq=107505
204177,유족급여등부지급처분취소,[대법원 1991. 11. 8. 선고 91누3314 판결],https://www.law.go.kr/LSW/precInfoP.do?mode=0&precSeq=204177
199370,유족급여등부지급처분취소,,https://www.law.go.kr/LSW/precInfoP.do?mode=0&precSeq=199370
197461,유족급여등부지급처분취소,,https://www.law.go.kr/LSW/precInfoP.do?mode=0&precSeq=197461
195293,유족급여등부지급처분취소,[대법원 1998. 10. 27. 선고 96누19062 판결],https://www.law.go.kr/LSW/precInfoP.do?mode=0&precSeq=195293
198080,유족급여등부지급처분취소,,https://www.law.go.kr/LSW/precInfoP.do?mode=0&precSeq=198080
197097,유족급여등부지급처분취소,,https://www.law.go.kr/LSW/precInfoP.do?mode=0&precSeq=197097
197354,유족급여등부지급처분취소,,https://www.law.go.kr/LSW/precInfoP.do?mode=0&precSeq=197354
115215,유족급여등부지급처분취소,,https://www.law.go.kr/LSW/precInfoP.do?mode=0&precSeq=115215
116011,유족급여등부지급처분취소,,https://www.law.go.kr/LSW/precInfoP.do?mode=0&precSeq=116011
230121,유족급여등부지급처분취소,,https://www.law.go.kr/LSW/precInfoP.do?mode=0&precSeq=230121
190387,유족급여등부지급처분취소,,https://www.law.go.kr/LSW/precInfoP.do?mode=0&precSeq=190387
369472,유족급여등부지급처분취소,[대전고등법원 2009누162],https://www.law.go.kr/LSW/precInfoP.do?mode=0&precSeq=369472
398490,유족급여등부지급처분취소,[대전고등법원 2016누10440],https://www.law.go.kr/LSW/precInfoP.do?mode=0&precSeq=398490
367358,유족급여등부지급처분취소,"본 컨텐츠는
 근로복지공단 산재판례 에서 수집한 데이터로, 관련 문의는 해당 기관으로 부탁드립니다.",https://www.law.go.kr/LSW/precInfoP.do?mode=0&precSeq=367358
363192,유족급여등부지급처분취소,[부산지방법원 2008구단1089],https://www.law.go.kr/LSW/precInfoP.do?mode=0&precSeq=363192
380444,유족급여등부지급처분취소,[부산지방법원 2012구단1314],https://www.law.go.kr/LSW/precInfoP.do?mode=0&precSeq=380444
365762,유족급여등부지급처분취소,[서울고등법원 2008누23032],https://www.law.go.kr/LSW/precInfoP.do?mode=0&precSeq=365762
369346,유족급여등부지급처분취소,[서울고등법원 2009누13599],https://www.law.go.kr/LSW/precInfoP.do?mode=0&precSeq=369346
369532,유족급여등부지급처분취소,[서울고등법원 2009누17317],https://www.law.go.kr/LSW/precInfoP.do?mode=0&precSeq=369532
370216,유족급여등부지급처분취소,"본 컨텐츠는
 근로복지공단 산재판례 에서 수집한 데이터로, 관련 문의는 해당 기관으로 부탁드립니다.",https://www.law.go.kr/LSW/precInfoP.do?mode=0&precSeq=370216
374618,유족급여등부지급처분취소,[서울고등법원 2010누26171],https://www.law.go.kr/LSW/precInfoP.do?mode=0&precSeq=374618
390612,유족급여등부지급처분취소,[서울고등법원 2014누2012],https://www.law.go.kr/LSW/precInfoP.do?mode=0&precSeq=390612
395210,유족급여등부지급처분취소,"본 컨텐츠는
 근로복지공단 산재판례 에서 수집한 데이터로, 관련 문의는 해당 기관으로 부탁드립니다.",https://www.law.go.kr/LSW/precInfoP.do?mode=0&precSeq=395210
120203,유족급여등부지급처분취소,,https://www.law.go.kr/LSW/precInfoP.do?mode=0&precSeq=120203
120311,유족급여등부지급처분취소,[서울고법 1996. 11. 15. 선고 96구8354 판결 ： 확정],https://www.law.go.kr/LSW/precInfoP.do?mode=0&precSeq=120311
148236,유족급여등부지급처분취소,,https://www.law.go.kr/LSW/precInfoP.do?mode=0&precSeq=148236
120764,유족급여등부지급처분취소,,https://www.law.go.kr/LSW/precInfoP.do?mode=0&precSeq=120764
78542,유족급여등부지급처분취소,,https://www.law.go.kr/LSW/precInfoP.do?mode=0&precSeq=78542
362722,유족급여등부지급처분취소,"본 컨텐츠는
 근로복지공단 산재판례 에서 수집한 데이터로, 관련 문의는 해당 기관으로 부탁드립니다.",https://www.law.go.kr/LSW/precInfoP.do?mode=0&precSeq=362722
362736,유족급여등부지급처분취소,"본 컨텐츠는
 근로복지공단 산재판례 에서 수집한 데이터로, 관련 문의는 해당 기관으로 부탁드립니다.",https://www.law.go.kr/LSW/precInfoP.do?mode=0&precSeq=362736
362748,유족급여등부지급처분취소,"본 컨텐츠는
 근로복지공단 산재판례 에서 수집한 데이터로, 관련 문의는 해당 기관으로 부탁드립니다.",https://www.law.go.kr/LSW/precInfoP.do?mode=0&precSeq=362748
362824,유족급여등부지급처분취소,"본 컨텐츠는
 근로복지공단 산재판례 에서 수집한 데이터로, 관련 문의는 해당 기관으로 부탁드립니다.",https://www.law.go.kr/LSW/precInfoP.do?mode=0&precSeq=362824
364784,유족급여등부지급처분취소,[서울행정법원 2008구합20161],https://www.law.go.kr/LSW/precInfoP.do?mode=0&precSeq=364784
365154,유족급여등부지급처분취소,[서울행정법원 2008구합4503],https://www.law.go.kr/LSW/precInfoP.do?mode=0&precSeq=365154
365182,유족급여등부지급처분취소,[서울행정법원 2008구합46323],https://www.law.go.kr/LSW/precInfoP.do?mode=0&precSeq=365182
365230,유족급여등부지급처분취소,[서울행정법원 2008구합51011],https://www.law.go.kr/LSW/precInfoP.do?mode=0&precSeq=365230
147101,유족급여등부지급처분취소,,https://www.law.go.kr/LSW/precInfoP.do?mode=0&precSeq=147101
368752,유족급여등부지급처분취소,"본 컨텐츠는
 근로복지공단 산재판례 에서 수집한 데이터로, 관련 문의는 해당 기관으로 부탁드립니다.",https://www.law.go.kr/LSW/precInfoP.do?mode=0&precSeq=368752
368762,유족급여등부지급처분취소,"본 컨텐츠는
 근로복지공단 산재판례 에서 수집한 데이터로, 관련 문의는 해당 기관으로 부탁드립니다.",https://www.law.go.kr/LSW/precInfoP.do?mode=0&precSeq=368762
368830,유족급여등부지급처분취소,"본 컨텐츠는
 근로복지공단 산재판례 에서 수집한 데이터로, 관련 문의는 해당 기관으로 부탁드립니다.",https://www.law.go.kr/LSW/precInfoP.do?mode=0&precSeq=368830
368962,유족급여등부지급처분취소,"본 컨텐츠는
 근로복지공단 산재판례 에서 수집한 데이터로, 관련 문의는 해당 기관으로 부탁드립니다.",https://www.law.go.kr/LSW/precInfoP.do?mode=0&precSeq=368962
369070,유족급여등부지급처분취소,[서울행정법원 2009구합56921],https://www.law.go.kr/LSW/precInfoP.do?mode=0&precSeq=369070
373350,유족급여등부지급처분취소,[서울행정법원 2010구합21129],https://www.law.go.kr/LSW/precInfoP.do?mode=0&precSeq=373350
373414,유족급여등부지급처분취소,[서울행정법원 2010구합23675],https://www.law.go.kr/LSW/precInfoP.do?mode=0&precSeq=373414
373502,유족급여등부지급처분취소,[서울행정법원 2010구합28229],https://www.law.go.kr/LSW/precInfoP.do?mode=0&precSeq=373502
373822,유족급여등부지급처분취소,[서울행정법원 2010구합45514],https://www.law.go.kr/LSW/precInfoP.do?mode=0&precSeq=373822
373834,유족급여등부지급처분취소,[서울행정법원 2010구합46098],https://www.law.go.kr/LSW/precInfoP.do?mode=0&precSeq=373834
373844,유족급여등부지급처분취소,[서울행정법원 2010구합46784],https://www.law.go.kr/LSW/precInfoP.do?mode=0&precSeq=373844
377704,유족급여등부지급처분취소,"본 컨텐츠는
 근로복지공단 산재판례 에서 수집한 데이터로, 관련 문의는 해당 기관으로 부탁드립니다.",https://www.law.go.kr/LSW/precInfoP.do?mode=0&precSeq=377704
378082,유족급여등부지급처분취소,[서울행정법원 2011구합5599],https://www.law.go.kr/LSW/precInfoP.do?mode=0&precSeq=378082
381900,유족급여등부지급처분취소,"본 컨텐츠는
 근로복지공단 산재판례 에서 수집한 데이터로, 관련 문의는 해당 기관으로 부탁드립니다.",https://www.law.go.kr/LSW/precInfoP.do?mode=0&precSeq=381900
381944,유족급여등부지급처분취소,[서울행정법원 2012구합25798],https://www.law.go.kr/LSW/precInfoP.do?mode=0&precSeq=381944
389908,유족급여등부지급처분취소,"본 컨텐츠는
 근로복지공단 산재판례 에서 수집한 데이터로, 관련 문의는 해당 기관으로 부탁드립니다.",https://www.law.go.kr/LSW/precInfoP.do?mode=0&precSeq=389908
393846,유족급여등부지급처분취소,[서울행정법원 2015구합12861],https://www.law.go.kr/LSW/precInfoP.do?mode=0&precSeq=393846
393932,유족급여등부지급처분취소,[서울행정법원 2015구합264],https://www.law.go.kr/LSW/precInfoP.do?mode=0&precSeq=393932
394174,유족급여등부지급처분취소,"본 컨텐츠는
 근로복지공단 산재판례 에서 수집한 데이터로, 관련 문의는 해당 기관으로 부탁드립니다.",https://www.law.go.kr/LSW/precInfoP.do?mode=0&precSeq=394174
394410,유족급여등부지급처분취소,[서울행정법원 2015구합74258],https://www.law.go.kr/LSW/precInfoP.do?mode=0&precSeq=394410
398246,유족급여등부지급처분취소,[서울행정법원 2016구합71980],https://www.law.go.kr/LSW/precInfoP.do?mode=0&precSeq=398246
416244,유족급여등부지급처분취소,[서울행정법원 2022구합82417],https://www.law.go.kr/LSW/precInfoP.do?mode=0&precSeq=416244
381710,유족급여등부지급처분취소,[수원지방법원 2012구합15976],https://www.law.go.kr/LSW/precInfoP.do?mode=0&precSeq=381710
397640,유족급여등부지급처분취소,[수원지방법원 2016구단920],https://www.law.go.kr/LSW/precInfoP.do?mode=0&precSeq=397640
393882,유족급여등부지급처분취소,[인천지방법원 2015구합1681],https://www.law.go.kr/LSW/precInfoP.do?mode=0&precSeq=393882
361578,유족급여등부지급처분취소,[창원지방법원 2006구단2658],https://www.law.go.kr/LSW/precInfoP.do?mode=0&precSeq=361578
361794,유족급여등부지급처분취소,[창원지방법원 2007구단1010],https://www.law.go.kr/LSW/precInfoP.do?mode=0&precSeq=361794
367452,유족급여등부지급처분취소,[창원지방법원 2009구단2222],https://www.law.go.kr/LSW/precInfoP.do?mode=0&precSeq=367452
371968,유족급여등부지급처분취소,[창원지방법원 2010구단1829],https://www.law.go.kr/LSW/precInfoP.do?mode=0&precSeq=371968
372648,유족급여등부지급처분취소,[창원지방법원 2010구단369],https://www.law.go.kr/LSW/precInfoP.do?mode=0&precSeq=372648
380506,유족급여등부지급처분취소,[창원지방법원 2012구단1427],https://www.law.go.kr/LSW/precInfoP.do?mode=0&precSeq=380506
373324,유족급여등부지급처분취소,[청주지방법원 2010구합1984],https://www.law.go.kr/LSW/precInfoP.do?mode=0&precSeq=373324
398120,유족급여등부지급처분취소 청구의 소,[서울행정법원 2016구합65138],https://www.law.go.kr/LSW/precInfoP.do?mode=0&precSeq=398120
394352,유족급여등부지급처분취소청구,[서울행정법원 2015구합71204],https://www.law.go.kr/LSW/precInfoP.do?mode=0&precSeq=394352
369098,유족급여등부지급처분취소청구의소,"본 컨텐츠는
 근로복지공단 산재판례 에서 수집한 데이터로, 관련 문의는 해당 기관으로 부탁드립니다.",https://www.law.go.kr/LSW/precInfoP.do?mode=0&precSeq=369098
369130,유족급여등부지급처분취소청구의소,[서울행정법원 2009구합7318],https://www.law.go.kr/LSW/precInfoP.do?mode=0&precSeq=369130
398262,유족급여등지급결정취소처분 취소청구의 소,[서울행정법원 2016구합72709],https://www.law.go.kr/LSW/precInfoP.do?mode=0&precSeq=398262
386916,유족급여등지급청구부결처분취소,[서울고등법원 2013누21900],https://www.law.go.kr/LSW/precInfoP.do?mode=0&precSeq=386916
382140,유족급여등지급청구부결처분취소,"본 컨텐츠는
 근로복지공단 산재판례 에서 수집한 데이터로, 관련 문의는 해당 기관으로 부탁드립니다.",https://www.law.go.kr/LSW/precInfoP.do?mode=0&precSeq=382140
394716,유족급여및 장의비부지급처분취소,[대전고등법원 2015누13367],https://www.law.go.kr/LSW/precInfoP.do?mode=0&precSeq=394716
392354,유족급여및 장의비부지급처분취소,[대전지방법원 2015구단100183],https://www.law.go.kr/LSW/precInfoP.do?mode=0&precSeq=392354
393820,유족급여및 장의비부지급처분취소,[청주지방법원 2015구합10495],https://www.law.go.kr/LSW/precInfoP.do?mode=0&precSeq=393820
216481,유족급여및일부부지급처분취소,,https://www.law.go.kr/LSW/precInfoP.do?mode=0&precSeq=216481
77412,유족급여및일부부지급처분취소,,https://www.law.go.kr/LSW/precInfoP.do?mode=0&precSeq=77412
416252,유족급여및장례비부지급결정취소청구,"본 컨텐츠는
 근로복지공단 산재판례 에서 수집한 데이터로, 관련 문의는 해당 기관으로 부탁드립니다.",https://www.law.go.kr/LSW/precInfoP.do?mode=0&precSeq=416252
362680,유족급여및장의 비부지급처분취소,[서울행정법원 2007구합20645],https://www.law.go.kr/LSW/precInfoP.do?mode=0&precSeq=362680
368750,유족급여및장의 비부지급처분취소,"본 컨텐츠는
 근로복지공단 산재판례 에서 수집한 데이터로, 관련 문의는 해당 기관으로 부탁드립니다.",https://www.law.go.kr/LSW/precInfoP.do?mode=0&precSeq=368750
370636,유족급여및장의부지급처분취소,[부산고등법원 2009누6896],https://www.law.go.kr/LSW/precInfoP.do?mode=0&precSeq=370636
364004,유족급여및장의부지급처분취소,"본 컨텐츠는
 근로복지공단 산재판례 에서 수집한 데이터로, 관련 문의는 해당 기관으로 부탁드립니다.",https://www.law.go.kr/LSW/precInfoP.do?mode=0&precSeq=364004
364014,유족급여및장의부지급처분취소,[부산지방법원 2008구단3313],https://www.law.go.kr/LSW/precInfoP.do?mode=0&precSeq=364014
363446,유족급여및장의부지급처분취소,"본 컨텐츠는
 근로복지공단 산재판례 에서 수집한 데이터로, 관련 문의는 해당 기관으로 부탁드립니다.",https://www.law.go.kr/LSW/precInfoP.do?mode=0&precSeq=363446
363804,유족급여및장의부지급처분취소,[창원지방법원 2008구단2065],https://www.law.go.kr/LSW/precInfoP.do?mode=0&precSeq=363804
200118,유족급여및장의비급여부지급결정처분취소,,https://www.law.go.kr/LSW/precInfoP.do?mode=0&precSeq=200118
388834,유족급여및장의비대체지급청구부지급처분,[부산지방법원 2014구단20005],https://www.law.go.kr/LSW/precInfoP.do?mode=0&precSeq=388834
380344,유족급여및장의비부지급결정처분취소,[대구지방법원 2012구단1070],https://www.law.go.kr/LSW/precInfoP.do?mode=0&precSeq=380344
369078,유족급여및장의비부지급결정처분취소,[서울행정법원 2009구합57184],https://www.law.go.kr/LSW/precInfoP.do?mode=0&precSeq=369078
382028,유족급여및장의비부지급결정처분취소,"본 컨텐츠는
 근로복지공단 산재판례 에서 수집한 데이터로, 관련 문의는 해당 기관으로 부탁드립니다.",https://www.law.go.kr/LSW/precInfoP.do?mode=0&precSeq=382028
393804,유족급여및장의비부지급결정처분취소,[전주지방법원 2015구단981],https://www.law.go.kr/LSW/precInfoP.do?mode=0&precSeq=393804
381998,유족급여및장의비부지급결정취소,"본 컨텐츠는
 근로복지공단 산재판례 에서 수집한 데이터로, 관련 문의는 해당 기관으로 부탁드립니다.",https://www.law.go.kr/LSW/precInfoP.do?mode=0&precSeq=381998
205812,유족급여및장의비부지급결정취소,,https://www.law.go.kr/LSW/precInfoP.do?mode=0&precSeq=205812
114524,유족급여및장의비부지급결정취소,,https://www.law.go.kr/LSW/precInfoP.do?mode=0&precSeq=114524
387144,유족급여및장의비부지급결정취소,[서울고등법원 2013누28253],https://www.law.go.kr/LSW/precInfoP.do?mode=0&precSeq=387144
373274,유족급여및장의비부지급결정취소,[서울행정법원 2010구합18017],https://www.law.go.kr/LSW/precInfoP.do?mode=0&precSeq=373274
363430,유족급여및장의비부지급결정취소,"본 컨텐츠는
 근로복지공단 산재판례 에서 수집한 데이터로, 관련 문의는 해당 기관으로 부탁드립니다.",https://www.law.go.kr/LSW/precInfoP.do?mode=0&precSeq=363430
368812,유족급여및장의비부지급반려처분취소,"본 컨텐츠는
 근로복지공단 산재판례 에서 수집한 데이터로, 관련 문의는 해당 기관으로 부탁드립니다.",https://www.law.go.kr/LSW/precInfoP.do?mode=0&precSeq=368812
393880,유족급여및장의비부지급처분(결정)취소,[인천지방법원 2015구합1612],https://www.law.go.kr/LSW/precInfoP.do?mode=0&precSeq=393880
408352,유족급여및장의비부지급처분취,"본 컨텐츠는
 근로복지공단 산재판례 에서 수집한 데이터로, 관련 문의는 해당 기관으로 부탁드립니다.",https://www.law.go.kr/LSW/precInfoP.do?mode=0&precSeq=408352
136377,유족급여및장의비부지급처분취소,,https://www.law.go.kr/LSW/precInfoP.do?mode=0&precSeq=136377
374462,유족급여및장의비부지급처분취소,[광주고등법원 2010누2134],https://www.law.go.kr/LSW/precInfoP.do?mode=0&precSeq=374462
375362,유족급여및장의비부지급처분취소,[광주고등법원 2010누947],https://www.law.go.kr/LSW/precInfoP.do?mode=0&precSeq=375362
387606,유족급여및장의비부지급처분취소,[광주고등법원 2013누5240],https://www.law.go.kr/LSW/precInfoP.do?mode=0&precSeq=387606
391364,유족급여및장의비부지급처분취소,[광주고등법원 2014누6080],https://www.law.go.kr/LSW/precInfoP.do?mode=0&precSeq=391364
395502,유족급여및장의비부지급처분취소,[광주고등법원 2015누5718],https://www.law.go.kr/LSW/precInfoP.do?mode=0&precSeq=395502
395598,유족급여및장의비부지급처분취소,[광주고등법원 2015누6186],https://www.law.go.kr/LSW/precInfoP.do?mode=0&precSeq=395598
395604,유족급여및장의비부지급처분취소,[광주고등법원 2015누6193],https://www.law.go.kr/LSW/precInfoP.do?mode=0&precSeq=395604
395816,유족급여및장의비부지급처분취소,[광주고등법원 2015누7134],https://www.law.go.kr/LSW/precInfoP.do?mode=0&precSeq=395816
374616,유족급여및장의비부지급처분취소,[광주고등법원제주부 2010누261],https://www.law.go.kr/LSW/precInfoP.do?mode=0&precSeq=374616
368740,유족급여및장의비부지급처분취소,[광주지방법원 2009구합3293],https://www.law.go.kr/LSW/precInfoP.do?mode=0&precSeq=368740
368742,유족급여및장의비부지급처분취소,"본 컨텐츠는
 근로복지공단 산재판례 에서 수집한 데이터로, 관련 문의는 해당 기관으로 부탁드립니다.",https://www.law.go.kr/LSW/precInfoP.do?mode=0&precSeq=368742
368924,유족급여및장의비부지급처분취소,[광주지방법원 2009구합4708],https://www.law.go.kr/LSW/precInfoP.do?mode=0&precSeq=368924
373302,유족급여및장의비부지급처분취소,[광주지방법원 2010구합1910],https://www.law.go.kr/LSW/precInfoP.do?mode=0&precSeq=373302
373396,유족급여및장의비부지급처분취소,[광주지방법원 2010구합2302],https://www.law.go.kr/LSW/precInfoP.do?mode=0&precSeq=373396
373918,유족급여및장의비부지급처분취소,"본 컨텐츠는
 근로복지공단 산재판례 에서 수집한 데이터로, 관련 문의는 해당 기관으로 부탁드립니다.",https://www.law.go.kr/LSW/precInfoP.do?mode=0&precSeq=373918
388518,유족급여및장의비부지급처분취소,[광주지방법원 2014구단10663],https://www.law.go.kr/LSW/precInfoP.do?mode=0&precSeq=388518
389034,유족급여및장의비부지급처분취소,[광주지방법원 2014구단352],https://www.law.go.kr/LSW/precInfoP.do?mode=0&precSeq=389034
393228,유족급여및장의비부지급처분취소,[광주지방법원 2015구단557],https://www.law.go.kr/LSW/precInfoP.do?mode=0&precSeq=393228
396458,유족급여및장의비부지급처분취소,[광주지방법원 2016구단10193],https://www.law.go.kr/LSW/precInfoP.do?mode=0&precSeq=396458
396462,유족급여및장의비부지급처분취소,[광주지방법원 2016구단10230],https://www.law.go.kr/LSW/precInfoP.do?mode=0&precSeq=396462
396518,유족급여및장의비부지급처분취소,[광주지방법원 2016구단11226],https://www.law.go.kr/LSW/precInfoP.do?mode=0&precSeq=396518
403490,유족급여및장의비부지급처분취소,[광주지방법원 2018구단10739],https://www.law.go.kr/LSW/precInfoP.do?mode=0&precSeq=403490
409680,유족급여및장의비부지급처분취소,[광주지방법원 2020구단10114],https://www.law.go.kr/LSW/precInfoP.do?mode=0&precSeq=409680
415276,유족급여및장의비부지급처분취소,"본 컨텐츠는
 근로복지공단 산재판례 에서 수집한 데이터로, 관련 문의는 해당 기관으로 부탁드립니다.",https://www.law.go.kr/LSW/precInfoP.do?mode=0&precSeq=415276
365674,유족급여및장의비부지급처분취소,[대구고등법원 2008누2010],https://www.law.go.kr/LSW/precInfoP.do?mode=0&precSeq=365674
370738,유족급여및장의비부지급처분취소,[대구고등법원 2009누851],https://www.law.go.kr/LSW/precInfoP.do?mode=0&precSeq=370738
374418,유족급여및장의비부지급처분취소,[대구고등법원 2010누1973],https://www.law.go.kr/LSW/precInfoP.do?mode=0&precSeq=374418
374488,유족급여및장의비부지급처분취소,[대구고등법원 2010누2228],https://www.law.go.kr/LSW/precInfoP.do?mode=0&precSeq=374488
374538,유족급여및장의비부지급처분취소,[대구고등법원 2010누2365],https://www.law.go.kr/LSW/precInfoP.do?mode=0&precSeq=374538
374612,유족급여및장의비부지급처분취소,[대구고등법원 2010누2600],https://www.law.go.kr/LSW/precInfoP.do?mode=0&precSeq=374612
378794,유족급여및장의비부지급처분취소,"본 컨텐츠는
 근로복지공단 산재판례 에서 수집한 데이터로, 관련 문의는 해당 기관으로 부탁드립니다.",https://www.law.go.kr/LSW/precInfoP.do?mode=0&precSeq=378794
386808,유족급여및장의비부지급처분취소,[대구고등법원 2013누193],https://www.law.go.kr/LSW/precInfoP.do?mode=0&precSeq=386808
395764,유족급여및장의비부지급처분취소,[대구고등법원 2015누6850],https://www.law.go.kr/LSW/precInfoP.do?mode=0&precSeq=395764
71169,유족급여및장의비부지급처분취소,[대구고법 1998. 10. 29. 선고 98누251 판결：상고],https://www.law.go.kr/LSW/precInfoP.do?mode=0&precSeq=71169
364032,유족급여및장의비부지급처분취소,[대구지방법원 2008구단3482],https://www.law.go.kr/LSW/precInfoP.do?mode=0&precSeq=364032
367498,유족급여및장의비부지급처분취소,[대구지방법원 2009구단2479],https://www.law.go.kr/LSW/precInfoP.do?mode=0&precSeq=367498
371902,유족급여및장의비부지급처분취소,[대구지방법원 2010구단1700],https://www.law.go.kr/LSW/precInfoP.do?mode=0&precSeq=371902
371920,유족급여및장의비부지급처분취소,[대구지방법원 2010구단1731],https://www.law.go.kr/LSW/precInfoP.do?mode=0&precSeq=371920
372610,유족급여및장의비부지급처분취소,[대구지방법원 2010구단3416],https://www.law.go.kr/LSW/precInfoP.do?mode=0&precSeq=372610
372634,유족급여및장의비부지급처분취소,[대구지방법원 2010구단3553],https://www.law.go.kr/LSW/precInfoP.do?mode=0&precSeq=372634
372712,유족급여및장의비부지급처분취소,[대구지방법원 2010구단4303],https://www.law.go.kr/LSW/precInfoP.do?mode=0&precSeq=372712
381212,유족급여및장의비부지급처분취소,[대구지방법원 2012구단3663],https://www.law.go.kr/LSW/precInfoP.do?mode=0&precSeq=381212
384288,유족급여및장의비부지급처분취소,[대구지방법원 2013구단10064],https://www.law.go.kr/LSW/precInfoP.do?mode=0&precSeq=384288
384372,유족급여및장의비부지급처분취소,[대구지방법원 2013구단10569],https://www.law.go.kr/LSW/precInfoP.do?mode=0&precSeq=384372
385542,유족급여및장의비부지급처분취소,[대구지방법원 2013구단746],https://www.law.go.kr/LSW/precInfoP.do?mode=0&precSeq=385542
388930,유족급여및장의비부지급처분취소,[대구지방법원 2014구단2534],https://www.law.go.kr/LSW/precInfoP.do?mode=0&precSeq=388930
393922,유족급여및장의비부지급처분취소,"본 컨텐츠는
 근로복지공단 산재판례 에서 수집한 데이터로, 관련 문의는 해당 기관으로 부탁드립니다.",https://www.law.go.kr/LSW/precInfoP.do?mode=0&precSeq=393922
396452,유족급여및장의비부지급처분취소,[대구지방법원 2016구단10133],https://www.law.go.kr/LSW/precInfoP.do?mode=0&precSeq=396452
396524,유족급여및장의비부지급처분취소,[대구지방법원 2016구단11259],https://www.law.go.kr/LSW/precInfoP.do?mode=0&precSeq=396524
396548,유족급여및장의비부지급처분취소,[대구지방법원 2016구단11570],https://www.law.go.kr/LSW/precInfoP.do?mode=0&precSeq=396548
396640,유족급여및장의비부지급처분취소,[대구지방법원 2016구단1412],https://www.law.go.kr/LSW/precInfoP.do?mode=0&precSeq=396640
397642,유족급여및장의비부지급처분취소,[대구지방법원 2016구단921],https://www.law.go.kr/LSW/precInfoP.do?mode=0&precSeq=397642
403502,유족급여및장의비부지급처분취소,[대구지방법원 2018구단10892],https://www.law.go.kr/LSW/precInfoP.do?mode=0&precSeq=403502
406652,유족급여및장의비부지급처분취소,[대구지방법원 2019구단10561],https://www.law.go.kr/LSW/precInfoP.do?mode=0&precSeq=406652
412472,유족급여및장의비부지급처분취소,"본 컨텐츠는
 근로복지공단 산재판례 에서 수집한 데이터로, 관련 문의는 해당 기관으로 부탁드립니다.",https://www.law.go.kr/LSW/precInfoP.do?mode=0&precSeq=412472
81755,유족급여및장의비부지급처분취소,,https://www.law.go.kr/LSW/precInfoP.do?mode=0&precSeq=81755
67329,유족급여및장의비부지급처분취소,,https://www.law.go.kr/LSW/precInfoP.do?mode=0&precSeq=67329
82917,유족급여및장의비부지급처분취소,[대법원 2003. 11. 14. 선고 2003두5501 판결],https://www.law.go.kr/LSW/precInfoP.do?mode=0&precSeq=82917
83008,유족급여및장의비부지급처분취소,,https://www.law.go.kr/LSW/precInfoP.do?mode=0&precSeq=83008
84144,유족급여및장의비부지급처분취소,,https://www.law.go.kr/LSW/precInfoP.do?mode=0&precSeq=84144
68626,유족급여및장의비부지급처분취소,,https://www.law.go.kr/LSW/precInfoP.do?mode=0&precSeq=68626
68166,유족급여및장의비부지급처분취소,,https://www.law.go.kr/LSW/precInfoP.do?mode=0&precSeq=68166
69298,유족급여및장의비부지급처분취소,,https://www.law.go.kr/LSW/precInfoP.do?mode=0&precSeq=69298
69455,유족급여및장의비부지급처분취소,,https://www.law.go.kr/LSW/precInfoP.do?mode=0&precSeq=69455
138530,유족급여및장의비부지급처분취소,,https://www.law.go.kr/LSW/precInfoP.do?mode=0&precSeq=138530
134343,유족급여및장의비부지급처분취소,[대법원 2009. 5. 14. 선고 2009두157 판결],https://www.law.go.kr/LSW/precInfoP.do?mode=0&precSeq=134343
371348,유족급여및장의비부지급처분취소,"본 컨텐츠는
 근로복지공단 산재판례 에서 수집한 데이터로, 관련 문의는 해당 기관으로 부탁드립니다.",https://www.law.go.kr/LSW/precInfoP.do?mode=0&precSeq=371348
371368,유족급여및장의비부지급처분취소,"본 컨텐츠는
 근로복지공단 산재판례 에서 수집한 데이터로, 관련 문의는 해당 기관으로 부탁드립니다.",https://www.law.go.kr/LSW/precInfoP.do?mode=0&precSeq=371368
375470,유족급여및장의비부지급처분취소,"본 컨텐츠는
 근로복지공단 산재판례 에서 수집한 데이터로, 관련 문의는 해당 기관으로 부탁드립니다.",https://www.law.go.kr/LSW/precInfoP.do?mode=0&precSeq=375470
375620,유족급여및장의비부지급처분취소,[대법원 2010두21266],https://www.law.go.kr/LSW/precInfoP.do?mode=0&precSeq=375620
375696,유족급여및장의비부지급처분취소,"본 컨텐츠는
 근로복지공단 산재판례 에서 수집한 데이터로, 관련 문의는 해당 기관으로 부탁드립니다.",https://www.law.go.kr/LSW/precInfoP.do?mode=0&precSeq=375696
379692,유족급여및장의비부지급처분취소,[대법원 2011두11785],https://www.law.go.kr/LSW/precInfoP.do?mode=0&precSeq=379692
380060,유족급여및장의비부지급처분취소,[대법원 2011두30014],https://www.law.go.kr/LSW/precInfoP.do?mode=0&precSeq=380060
380268,유족급여및장의비부지급처분취소,[대법원 2011두8888],https://www.law.go.kr/LSW/precInfoP.do?mode=0&precSeq=380268
383832,유족급여및장의비부지급처분취소,"본 컨텐츠는
 근로복지공단 산재판례 에서 수집한 데이터로, 관련 문의는 해당 기관으로 부탁드립니다.",https://www.law.go.kr/LSW/precInfoP.do?mode=0&precSeq=383832
384134,유족급여및장의비부지급처분취소,[대법원 2012두5435],https://www.law.go.kr/LSW/precInfoP.do?mode=0&precSeq=384134
384228,유족급여및장의비부지급처분취소,[대법원 2012두9123],https://www.law.go.kr/LSW/precInfoP.do?mode=0&precSeq=384228
177331,유족급여및장의비부지급처분취소,,https://www.law.go.kr/LSW/precInfoP.do?mode=0&precSeq=177331
388396,유족급여및장의비부지급처분취소,[대법원 2013두9717],https://www.law.go.kr/LSW/precInfoP.do?mode=0&precSeq=388396
391834,유족급여및장의비부지급처분취소,[대법원 2014두11670],https://www.law.go.kr/LSW/precInfoP.do?mode=0&precSeq=391834
396196,유족급여및장의비부지급처분취소,[대법원 2015두49122],https://www.law.go.kr/LSW/precInfoP.do?mode=0&precSeq=396196
396338,유족급여및장의비부지급처분취소,[대법원 2015두57734],https://www.law.go.kr/LSW/precInfoP.do?mode=0&precSeq=396338
399622,유족급여및장의비부지급처분취소,"본 컨텐츠는
 근로복지공단 산재판례 에서 수집한 데이터로, 관련 문의는 해당 기관으로 부탁드립니다.",https://www.law.go.kr/LSW/precInfoP.do?mode=0&precSeq=399622
184634,유족급여및장의비부지급처분취소,,https://www.law.go.kr/LSW/precInfoP.do?mode=0&precSeq=184634
186385,유족급여및장의비부지급처분취소,,https://www.law.go.kr/LSW/precInfoP.do?mode=0&precSeq=186385
204605,유족급여및장의비부지급처분취소,[대법원 2018. 6. 19. 선고 2017두35097 판결],https://www.law.go.kr/LSW/precInfoP.do?mode=0&precSeq=204605
403072,유족급여및장의비부지급처분취소,[대법원 2017두44237],https://www.law.go.kr/LSW/precInfoP.do?mode=0&precSeq=403072
204613,유족급여및장의비부지급처분취소,[대법원 2018. 5. 15. 선고 2018두32125 판결],https://www.law.go.kr/LSW/precInfoP.do?mode=0&precSeq=204613
226679,유족급여및장의비부지급처분취소,,https://www.law.go.kr/LSW/precInfoP.do?mode=0&precSeq=226679
227067,유족급여및장의비부지급처분취소,[대법원 2021. 10. 14. 선고 2021두34275 판결],https://www.law.go.kr/LSW/precInfoP.do?mode=0&precSeq=227067
415028,유족급여및장의비부지급처분취소,"본 컨텐츠는
 근로복지공단 산재판례 에서 수집한 데이터로, 관련 문의는 해당 기관으로 부탁드립니다.",https://www.law.go.kr/LSW/precInfoP.do?mode=0&precSeq=415028
230925,유족급여및장의비부지급처분취소,,https://www.law.go.kr/LSW/precInfoP.do?mode=0&precSeq=230925
102226,유족급여및장의비부지급처분취소,,https://www.law.go.kr/LSW/precInfoP.do?mode=0&precSeq=102226
203097,유족급여및장의비부지급처분취소,[대법원 1992. 7. 14. 선고 92누4475 판결],https://www.law.go.kr/LSW/precInfoP.do?mode=0&precSeq=203097
199689,유족급여및장의비부지급처분취소,[대법원 1994. 12. 2. 선고 93누17485 판결],https://www.law.go.kr/LSW/precInfoP.do?mode=0&precSeq=199689
197364,유족급여및장의비부지급처분취소,,https://www.law.go.kr/LSW/precInfoP.do?mode=0&precSeq=197364
195126,유족급여및장의비부지급처분취소,,https://www.law.go.kr/LSW/precInfoP.do?mode=0&precSeq=195126
195257,유족급여및장의비부지급처분취소,[대법원 1998. 12. 8. 선고 98두12642 판결],https://www.law.go.kr/LSW/precInfoP.do?mode=0&precSeq=195257
192496,유족급여및장의비부지급처분취소,,https://www.law.go.kr/LSW/precInfoP.do?mode=0&precSeq=192496
195185,유족급여및장의비부지급처분취소,[대법원 1999. 2. 24. 선고 98두2201 판결],https://www.law.go.kr/LSW/precInfoP.do?mode=0&precSeq=195185
196341,유족급여및장의비부지급처분취소,,https://www.law.go.kr/LSW/precInfoP.do?mode=0&precSeq=196341
386662,유족급여및장의비부지급처분취소,[대전고등법원 2013누1483],https://www.law.go.kr/LSW/precInfoP.do?mode=0&precSeq=386662
408846,유족급여및장의비부지급처분취소,[대전고등법원 2019누2252],https://www.law.go.kr/LSW/precInfoP.do?mode=0&precSeq=408846
371614,유족급여및장의비부지급처분취소,[대전지방법원 2010구단1205],https://www.law.go.kr/LSW/precInfoP.do?mode=0&precSeq=371614
380480,유족급여및장의비부지급처분취소,[대전지방법원 2012구단1384],https://www.law.go.kr/LSW/precInfoP.do?mode=0&precSeq=380480
392390,유족급여및장의비부지급처분취소,[대전지방법원 2015구단101025],https://www.law.go.kr/LSW/precInfoP.do?mode=0&precSeq=392390
396426,유족급여및장의비부지급처분취소,[대전지방법원 2016구단100029],https://www.law.go.kr/LSW/precInfoP.do?mode=0&precSeq=396426
397576,유족급여및장의비부지급처분취소,[대전지방법원 2016구단709],https://www.law.go.kr/LSW/precInfoP.do?mode=0&precSeq=397576
403402,유족급여및장의비부지급처분취소,[대전지방법원 2018구단100245],https://www.law.go.kr/LSW/precInfoP.do?mode=0&precSeq=403402
417034,유족급여및장의비부지급처분취소,[대전지방법원 2023구단200378],https://www.law.go.kr/LSW/precInfoP.do?mode=0&precSeq=417034
149859,유족급여및장의비부지급처분취소,,https://www.law.go.kr/LSW/precInfoP.do?mode=0&precSeq=149859
375204,유족급여및장의비부지급처분취소,"본 컨텐츠는
 근로복지공단 산재판례 에서 수집한 데이터로, 관련 문의는 해당 기관으로 부탁드립니다.",https://www.law.go.kr/LSW/precInfoP.do?mode=0&precSeq=375204
375214,유족급여및장의비부지급처분취소,"본 컨텐츠는
 근로복지공단 산재판례 에서 수집한 데이터로, 관련 문의는 해당 기관으로 부탁드립니다.",https://www.law.go.kr/LSW/precInfoP.do?mode=0&precSeq=375214
414424,유족급여및장의비부지급처분취소,[부산고등법원 2021누22401],https://www.law.go.kr/LSW/precInfoP.do?mode=0&precSeq=414424
394628,유족급여및장의비부지급처분취소,[부산고등법원창원재판부 2015누10882],https://www.law.go.kr/LSW/precInfoP.do?mode=0&precSeq=394628
417164,유족급여및장의비부지급처분취소,[부산고등법원창원재판부 2023누10108],https://www.law.go.kr/LSW/precInfoP.do?mode=0&precSeq=417164
71166,유족급여및장의비부지급처분취소,,https://www.law.go.kr/LSW/precInfoP.do?mode=0&precSeq=71166
362168,유족급여및장의비부지급처분취소,[부산지방법원 2007구단1709],https://www.law.go.kr/LSW/precInfoP.do?mode=0&precSeq=362168
362328,유족급여및장의비부지급처분취소,"본 컨텐츠는
 근로복지공단 산재판례 에서 수집한 데이터로, 관련 문의는 해당 기관으로 부탁드립니다.",https://www.law.go.kr/LSW/precInfoP.do?mode=0&precSeq=362328
362356,유족급여및장의비부지급처분취소,"본 컨텐츠는
 근로복지공단 산재판례 에서 수집한 데이터로, 관련 문의는 해당 기관으로 부탁드립니다.",https://www.law.go.kr/LSW/precInfoP.do?mode=0&precSeq=362356
372336,유족급여및장의비부지급처분취소,[부산지방법원 2010구단249],https://www.law.go.kr/LSW/precInfoP.do?mode=0&precSeq=372336
372696,유족급여및장의비부지급처분취소,[부산지방법원 2010구단4135],https://www.law.go.kr/LSW/precInfoP.do?mode=0&precSeq=372696
381094,유족급여및장의비부지급처분취소,"본 컨텐츠는
 근로복지공단 산재판례 에서 수집한 데이터로, 관련 문의는 해당 기관으로 부탁드립니다.",https://www.law.go.kr/LSW/precInfoP.do?mode=0&precSeq=381094
388516,유족급여및장의비부지급처분취소,[부산지방법원 2014구단1066],https://www.law.go.kr/LSW/precInfoP.do?mode=0&precSeq=388516
388924,유족급여및장의비부지급처분취소,[부산지방법원 2014구단25],https://www.law.go.kr/LSW/precInfoP.do?mode=0&precSeq=388924
392822,유족급여및장의비부지급처분취소,[부산지방법원 2015구단21265],https://www.law.go.kr/LSW/precInfoP.do?mode=0&precSeq=392822
396714,유족급여및장의비부지급처분취소,[부산지방법원 2016구단20016],https://www.law.go.kr/LSW/precInfoP.do?mode=0&precSeq=396714
396718,유족급여및장의비부지급처분취소,[부산지방법원 2016구단20122],https://www.law.go.kr/LSW/precInfoP.do?mode=0&precSeq=396718
396720,유족급여및장의비부지급처분취소,[부산지방법원 2016구단20252],https://www.law.go.kr/LSW/precInfoP.do?mode=0&precSeq=396720
396722,유족급여및장의비부지급처분취소,[부산지방법원 2016구단20320],https://www.law.go.kr/LSW/precInfoP.do?mode=0&precSeq=396722
396756,유족급여및장의비부지급처분취소,[부산지방법원 2016구단20825],https://www.law.go.kr/LSW/precInfoP.do?mode=0&precSeq=396756
396766,유족급여및장의비부지급처분취소,[부산지방법원 2016구단21019],https://www.law.go.kr/LSW/precInfoP.do?mode=0&precSeq=396766
396768,유족급여및장의비부지급처분취소,[부산지방법원 2016구단21095],https://www.law.go.kr/LSW/precInfoP.do?mode=0&precSeq=396768
396826,유족급여및장의비부지급처분취소,[부산지방법원 2016구단265],https://www.law.go.kr/LSW/precInfoP.do?mode=0&precSeq=396826
397620,유족급여및장의비부지급처분취소,[부산지방법원 2016구단814],https://www.law.go.kr/LSW/precInfoP.do?mode=0&precSeq=397620
403770,유족급여및장의비부지급처분취소,[부산지방법원 2018구단21518],https://www.law.go.kr/LSW/precInfoP.do?mode=0&precSeq=403770
406848,유족급여및장의비부지급처분취소,[부산지방법원 2019구단1818],https://www.law.go.kr/LSW/precInfoP.do?mode=0&precSeq=406848
415400,유족급여및장의비부지급처분취소,"본 컨텐츠는
 근로복지공단 산재판례 에서 수집한 데이터로, 관련 문의는 해당 기관으로 부탁드립니다.",https://www.law.go.kr/LSW/precInfoP.do?mode=0&precSeq=415400
365580,유족급여및장의비부지급처분취소,[서울고등법원 2008누17372],https://www.law.go.kr/LSW/precInfoP.do?mode=0&precSeq=365580
365682,유족급여및장의비부지급처분취소,[서울고등법원 2008누20347],https://www.law.go.kr/LSW/precInfoP.do?mode=0&precSeq=365682
369194,유족급여및장의비부지급처분취소,[서울고등법원 2009누10262],https://www.law.go.kr/LSW/precInfoP.do?mode=0&precSeq=369194
369722,유족급여및장의비부지급처분취소,[서울고등법원 2009누21316],https://www.law.go.kr/LSW/precInfoP.do?mode=0&precSeq=369722
370778,유족급여및장의비부지급처분취소,[서울고등법원 2009누9156],https://www.law.go.kr/LSW/precInfoP.do?mode=0&precSeq=370778
374350,유족급여및장의비부지급처분취소,[서울고등법원 2010누17771],https://www.law.go.kr/LSW/precInfoP.do?mode=0&precSeq=374350
374408,유족급여및장의비부지급처분취소,[서울고등법원 2010누19555],https://www.law.go.kr/LSW/precInfoP.do?mode=0&precSeq=374408
374530,유족급여및장의비부지급처분취소,[서울고등법원 2010누23585],https://www.law.go.kr/LSW/precInfoP.do?mode=0&precSeq=374530
374562,유족급여및장의비부지급처분취소,[서울고등법원 2010누24540],https://www.law.go.kr/LSW/precInfoP.do?mode=0&precSeq=374562
374904,유족급여및장의비부지급처분취소,[서울고등법원 2010누36130],https://www.law.go.kr/LSW/precInfoP.do?mode=0&precSeq=374904
374990,유족급여및장의비부지급처분취소,[서울고등법원 2010누39283],https://www.law.go.kr/LSW/precInfoP.do?mode=0&precSeq=374990
375038,유족급여및장의비부지급처분취소,[서울고등법원 2010누41170],https://www.law.go.kr/LSW/precInfoP.do?mode=0&precSeq=375038
375128,유족급여및장의비부지급처분취소,[서울고등법원 2010누45783],https://www.law.go.kr/LSW/precInfoP.do?mode=0&precSeq=375128
375170,유족급여및장의비부지급처분취소,"본 컨텐츠는
 근로복지공단 산재판례 에서 수집한 데이터로, 관련 문의는 해당 기관으로 부탁드립니다.",https://www.law.go.kr/LSW/precInfoP.do?mode=0&precSeq=375170
378304,유족급여및장의비부지급처분취소,[서울고등법원 2011누12490],https://www.law.go.kr/LSW/precInfoP.do?mode=0&precSeq=378304
379132,유족급여및장의비부지급처분취소,[서울고등법원 2011누37932],https://www.law.go.kr/LSW/precInfoP.do?mode=0&precSeq=379132
379182,유족급여및장의비부지급처분취소,"본 컨텐츠는
 근로복지공단 산재판례 에서 수집한 데이터로, 관련 문의는 해당 기관으로 부탁드립니다.",https://www.law.go.kr/LSW/precInfoP.do?mode=0&precSeq=379182
379340,유족급여및장의비부지급처분취소,"본 컨텐츠는
 근로복지공단 산재판례 에서 수집한 데이터로, 관련 문의는 해당 기관으로 부탁드립니다.",https://www.law.go.kr/LSW/precInfoP.do?mode=0&precSeq=379340
382640,유족급여및장의비부지급처분취소,[서울고등법원 2012누16024],https://www.law.go.kr/LSW/precInfoP.do?mode=0&precSeq=382640
382824,유족급여및장의비부지급처분취소,[서울고등법원 2012누20641],https://www.law.go.kr/LSW/precInfoP.do?mode=0&precSeq=382824
383498,유족급여및장의비부지급처분취소,[서울고등법원 2012누5628],https://www.law.go.kr/LSW/precInfoP.do?mode=0&precSeq=383498
383528,유족급여및장의비부지급처분취소,[서울고등법원 2012누6225],https://www.law.go.kr/LSW/precInfoP.do?mode=0&precSeq=383528
383534,유족급여및장의비부지급처분취소,[서울고등법원 2012누6430],https://www.law.go.kr/LSW/precInfoP.do?mode=0&precSeq=383534
386656,유족급여및장의비부지급처분취소,[서울고등법원 2013누14636],https://www.law.go.kr/LSW/precInfoP.do?mode=0&precSeq=386656
386698,유족급여및장의비부지급처분취소,[서울고등법원 2013누15691],https://www.law.go.kr/LSW/precInfoP.do?mode=0&precSeq=386698
386714,유족급여및장의비부지급처분취소,[서울고등법원 2013누16076],https://www.law.go.kr/LSW/precInfoP.do?mode=0&precSeq=386714
386718,유족급여및장의비부지급처분취소,[서울고등법원 2013누16137],https://www.law.go.kr/LSW/precInfoP.do?mode=0&precSeq=386718
386892,유족급여및장의비부지급처분취소,[서울고등법원 2013누21115],https://www.law.go.kr/LSW/precInfoP.do?mode=0&precSeq=386892
387110,유족급여및장의비부지급처분취소,[서울고등법원 2013누27533],https://www.law.go.kr/LSW/precInfoP.do?mode=0&precSeq=387110
387182,유족급여및장의비부지급처분취소,[서울고등법원 2013누29102],https://www.law.go.kr/LSW/precInfoP.do?mode=0&precSeq=387182
387276,유족급여및장의비부지급처분취소,[서울고등법원 2013누30621],https://www.law.go.kr/LSW/precInfoP.do?mode=0&precSeq=387276
387504,유족급여및장의비부지급처분취소,[서울고등법원 2013누48264],https://www.law.go.kr/LSW/precInfoP.do?mode=0&precSeq=387504
387650,유족급여및장의비부지급처분취소,[서울고등법원 2013누5687],https://www.law.go.kr/LSW/precInfoP.do?mode=0&precSeq=387650
387744,유족급여및장의비부지급처분취소,[서울고등법원 2013누7379],https://www.law.go.kr/LSW/precInfoP.do?mode=0&precSeq=387744
390840,유족급여및장의비부지급처분취소,[서울고등법원 2014누41161],https://www.law.go.kr/LSW/precInfoP.do?mode=0&precSeq=390840
390852,유족급여및장의비부지급처분취소,[서울고등법원 2014누41437],https://www.law.go.kr/LSW/precInfoP.do?mode=0&precSeq=390852
390858,유족급여및장의비부지급처분취소,[서울고등법원 2014누41864],https://www.law.go.kr/LSW/precInfoP.do?mode=0&precSeq=390858
390958,유족급여및장의비부지급처분취소,[서울고등법원 2014누46661],https://www.law.go.kr/LSW/precInfoP.do?mode=0&precSeq=390958
390974,유족급여및장의비부지급처분취소,[서울고등법원 2014누47022],https://www.law.go.kr/LSW/precInfoP.do?mode=0&precSeq=390974
391182,유족급여및장의비부지급처분취소,[서울고등법원 2014누54853],https://www.law.go.kr/LSW/precInfoP.do?mode=0&precSeq=391182
391232,유족급여및장의비부지급처분취소,[서울고등법원 2014누57098],https://www.law.go.kr/LSW/precInfoP.do?mode=0&precSeq=391232
391612,유족급여및장의비부지급처분취소,[서울고등법원 2014누69411],https://www.law.go.kr/LSW/precInfoP.do?mode=0&precSeq=391612
391670,유족급여및장의비부지급처분취소,[서울고등법원 2014누71100],https://www.law.go.kr/LSW/precInfoP.do?mode=0&precSeq=391670
391676,유족급여및장의비부지급처분취소,[서울고등법원 2014누71445],https://www.law.go.kr/LSW/precInfoP.do?mode=0&precSeq=391676
391690,유족급여및장의비부지급처분취소,[서울고등법원 2014누72202],https://www.law.go.kr/LSW/precInfoP.do?mode=0&precSeq=391690
391720,유족급여및장의비부지급처분취소,[서울고등법원 2014누73748],https://www.law.go.kr/LSW/precInfoP.do?mode=0&precSeq=391720
391746,유족급여및장의비부지급처분취소,[서울고등법원 2014누771],https://www.law.go.kr/LSW/precInfoP.do?mode=0&precSeq=391746
391780,유족급여및장의비부지급처분취소,[서울고등법원 2014누8393],https://www.law.go.kr/LSW/precInfoP.do?mode=0&precSeq=391780
394988,유족급여및장의비부지급처분취소,[서울고등법원 2015누33266],https://www.law.go.kr/LSW/precInfoP.do?mode=0&precSeq=394988
395038,유족급여및장의비부지급처분취소,"본 컨텐츠는
 근로복지공단 산재판례 에서 수집한 데이터로, 관련 문의는 해당 기관으로 부탁드립니다.",https://www.law.go.kr/LSW/precInfoP.do?mode=0&precSeq=395038
395154,유족급여및장의비부지급처분취소,"본 컨텐츠는
 근로복지공단 산재판례 에서 수집한 데이터로, 관련 문의는 해당 기관으로 부탁드립니다.",https://www.law.go.kr/LSW/precInfoP.do?mode=0&precSeq=395154
395200,유족급여및장의비부지급처분취소,[서울고등법원 2015누42598],https://www.law.go.kr/LSW/precInfoP.do?mode=0&precSeq=395200
395286,유족급여및장의비부지급처분취소,[서울고등법원 2015누46637],https://www.law.go.kr/LSW/precInfoP.do?mode=0&precSeq=395286
395334,유족급여및장의비부지급처분취소,"본 컨텐츠는
 근로복지공단 산재판례 에서 수집한 데이터로, 관련 문의는 해당 기관으로 부탁드립니다.",https://www.law.go.kr/LSW/precInfoP.do?mode=0&precSeq=395334
395402,유족급여및장의비부지급처분취소,[서울고등법원 2015누52359],https://www.law.go.kr/LSW/precInfoP.do?mode=0&precSeq=395402
395448,유족급여및장의비부지급처분취소,[서울고등법원 2015누54232],https://www.law.go.kr/LSW/precInfoP.do?mode=0&precSeq=395448
395472,유족급여및장의비부지급처분취소,[서울고등법원 2015누55051],https://www.law.go.kr/LSW/precInfoP.do?mode=0&precSeq=395472
395532,유족급여및장의비부지급처분취소,[서울고등법원 2015누58821],https://www.law.go.kr/LSW/precInfoP.do?mode=0&precSeq=395532
395560,유족급여및장의비부지급처분취소,"본 컨텐츠는
 근로복지공단 산재판례 에서 수집한 데이터로, 관련 문의는 해당 기관으로 부탁드립니다.",https://www.law.go.kr/LSW/precInfoP.do?mode=0&precSeq=395560
395578,유족급여및장의비부지급처분취소,[서울고등법원 2015누60961],https://www.law.go.kr/LSW/precInfoP.do?mode=0&precSeq=395578
395602,유족급여및장의비부지급처분취소,[서울고등법원 2015누61926],https://www.law.go.kr/LSW/precInfoP.do?mode=0&precSeq=395602
395626,유족급여및장의비부지급처분취소,[서울고등법원 2015누62684],https://www.law.go.kr/LSW/precInfoP.do?mode=0&precSeq=395626
395710,유족급여및장의비부지급처분취소,"본 컨텐츠는
 근로복지공단 산재판례 에서 수집한 데이터로, 관련 문의는 해당 기관으로 부탁드립니다.",https://www.law.go.kr/LSW/precInfoP.do?mode=0&precSeq=395710
395716,유족급여및장의비부지급처분취소,"본 컨텐츠는
 근로복지공단 산재판례 에서 수집한 데이터로, 관련 문의는 해당 기관으로 부탁드립니다.",https://www.law.go.kr/LSW/precInfoP.do?mode=0&precSeq=395716
395802,유족급여및장의비부지급처분취소,[서울고등법원 2015누70388],https://www.law.go.kr/LSW/precInfoP.do?mode=0&precSeq=395802
399072,유족급여및장의비부지급처분취소,[서울고등법원 2016누54604],https://www.law.go.kr/LSW/precInfoP.do?mode=0&precSeq=399072
399522,유족급여및장의비부지급처분취소,[서울고등법원 2016누81958],https://www.law.go.kr/LSW/precInfoP.do?mode=0&precSeq=399522
405882,유족급여및장의비부지급처분취소,[서울고등법원 2018누48931],https://www.law.go.kr/LSW/precInfoP.do?mode=0&precSeq=405882
411976,유족급여및장의비부지급처분취소,[서울고등법원 2020누52742],https://www.law.go.kr/LSW/precInfoP.do?mode=0&precSeq=411976
414706,유족급여및장의비부지급처분취소,"본 컨텐츠는
 근로복지공단 산재판례 에서 수집한 데이터로, 관련 문의는 해당 기관으로 부탁드립니다.",https://www.law.go.kr/LSW/precInfoP.do?mode=0&precSeq=414706
414742,유족급여및장의비부지급처분취소,[서울고등법원 2021누52466],https://www.law.go.kr/LSW/precInfoP.do?mode=0&precSeq=414742
414848,유족급여및장의비부지급처분취소,"본 컨텐츠는
 근로복지공단 산재판례 에서 수집한 데이터로, 관련 문의는 해당 기관으로 부탁드립니다.",https://www.law.go.kr/LSW/precInfoP.do?mode=0&precSeq=414848
414856,유족급여및장의비부지급처분취소,[서울고등법원 2021누62487],https://www.law.go.kr/LSW/precInfoP.do?mode=0&precSeq=414856
414938,유족급여및장의비부지급처분취소,[서울고등법원 2021누75421],https://www.law.go.kr/LSW/precInfoP.do?mode=0&precSeq=414938
416628,유족급여및장의비부지급처분취소,[서울고등법원 2022누51699],https://www.law.go.kr/LSW/precInfoP.do?mode=0&precSeq=416628
417254,유족급여및장의비부지급처분취소,[서울고등법원 2023누37911],https://www.law.go.kr/LSW/precInfoP.do?mode=0&precSeq=417254
205609,유족급여및장의비부지급처분취소,,https://www.law.go.kr/LSW/precInfoP.do?mode=0&precSeq=205609
70952,유족급여및장의비부지급처분취소,[서울행법 2007. 11. 29. 선고 2007구합2241 판결 : 확정],https://www.law.go.kr/LSW/precInfoP.do?mode=0&precSeq=70952
148887,유족급여및장의비부지급처분취소,,https://www.law.go.kr/LSW/precInfoP.do?mode=0&precSeq=148887
148242,유족급여및장의비부지급처분취소,,https://www.law.go.kr/LSW/precInfoP.do?mode=0&precSeq=148242
180300,유족급여및장의비부지급처분취소,,https://www.law.go.kr/LSW/precInfoP.do?mode=0&precSeq=180300
179318,유족급여및장의비부지급처분취소,[서울행법 2015. 9. 11. 선고 2015구합58522 판결 : 항소],https://www.law.go.kr/LSW/precInfoP.do?mode=0&precSeq=179318
184803,유족급여및장의비부지급처분취소,[서울행법 2017. 4. 13. 선고 2016구합72792 판결 : 확정],https://www.law.go.kr/LSW/precInfoP.do?mode=0&precSeq=184803
230483,유족급여및장의비부지급처분취소,,https://www.law.go.kr/LSW/precInfoP.do?mode=0&precSeq=230483
240853,유족급여및장의비부지급처분취소,[서울행법 2024. 4. 19. 선고 2023구합75058 판결 : 확정],https://www.law.go.kr/LSW/precInfoP.do?mode=0&precSeq=240853
362594,유족급여및장의비부지급처분취소,"본 컨텐츠는
 근로복지공단 산재판례 에서 수집한 데이터로, 관련 문의는 해당 기관으로 부탁드립니다.",https://www.law.go.kr/LSW/precInfoP.do?mode=0&precSeq=362594
362598,유족급여및장의비부지급처분취소,"본 컨텐츠는
 근로복지공단 산재판례 에서 수집한 데이터로, 관련 문의는 해당 기관으로 부탁드립니다.",https://www.law.go.kr/LSW/precInfoP.do?mode=0&precSeq=362598
362610,유족급여및장의비부지급처분취소,"본 컨텐츠는
 근로복지공단 산재판례 에서 수집한 데이터로, 관련 문의는 해당 기관으로 부탁드립니다.",https://www.law.go.kr/LSW/precInfoP.do?mode=0&precSeq=362610
362652,유족급여및장의비부지급처분취소,[서울행정법원 2007구합18512],https://www.law.go.kr/LSW/precInfoP.do?mode=0&precSeq=362652
362662,유족급여및장의비부지급처분취소,[서울행정법원 2007구합19690],https://www.law.go.kr/LSW/precInfoP.do?mode=0&precSeq=362662
362718,유족급여및장의비부지급처분취소,"본 컨텐츠는
 근로복지공단 산재판례 에서 수집한 데이터로, 관련 문의는 해당 기관으로 부탁드립니다.",https://www.law.go.kr/LSW/precInfoP.do?mode=0&precSeq=362718
362800,유족급여및장의비부지급처분취소,"본 컨텐츠는
 근로복지공단 산재판례 에서 수집한 데이터로, 관련 문의는 해당 기관으로 부탁드립니다.",https://www.law.go.kr/LSW/precInfoP.do?mode=0&precSeq=362800
362826,유족급여및장의비부지급처분취소,"본 컨텐츠는
 근로복지공단 산재판례 에서 수집한 데이터로, 관련 문의는 해당 기관으로 부탁드립니다.",https://www.law.go.kr/LSW/precInfoP.do?mode=0&precSeq=362826
362828,유족급여및장의비부지급처분취소,"본 컨텐츠는
 근로복지공단 산재판례 에서 수집한 데이터로, 관련 문의는 해당 기관으로 부탁드립니다.",https://www.law.go.kr/LSW/precInfoP.do?mode=0&precSeq=362828
362832,유족급여및장의비부지급처분취소,"본 컨텐츠는
 근로복지공단 산재판례 에서 수집한 데이터로, 관련 문의는 해당 기관으로 부탁드립니다.",https://www.law.go.kr/LSW/precInfoP.do?mode=0&precSeq=362832
362842,유족급여및장의비부지급처분취소,"본 컨텐츠는
 근로복지공단 산재판례 에서 수집한 데이터로, 관련 문의는 해당 기관으로 부탁드립니다.",https://www.law.go.kr/LSW/precInfoP.do?mode=0&precSeq=362842
362854,유족급여및장의비부지급처분취소,"본 컨텐츠는
 근로복지공단 산재판례 에서 수집한 데이터로, 관련 문의는 해당 기관으로 부탁드립니다.",https://www.law.go.kr/LSW/precInfoP.do?mode=0&precSeq=362854
362856,유족급여및장의비부지급처분취소,"본 컨텐츠는
 근로복지공단 산재판례 에서 수집한 데이터로, 관련 문의는 해당 기관으로 부탁드립니다.",https://www.law.go.kr/LSW/precInfoP.do?mode=0&precSeq=362856
362862,유족급여및장의비부지급처분취소,"본 컨텐츠는
 근로복지공단 산재판례 에서 수집한 데이터로, 관련 문의는 해당 기관으로 부탁드립니다.",https://www.law.go.kr/LSW/precInfoP.do?mode=0&precSeq=362862
362876,유족급여및장의비부지급처분취소,"본 컨텐츠는
 근로복지공단 산재판례 에서 수집한 데이터로, 관련 문의는 해당 기관으로 부탁드립니다.",https://www.law.go.kr/LSW/precInfoP.do?mode=0&precSeq=362876
364636,유족급여및장의비부지급처분취소,[서울행정법원 2008구합10362],https://www.law.go.kr/LSW/precInfoP.do?mode=0&precSeq=364636
364674,유족급여및장의비부지급처분취소,[서울행정법원 2008구합13255],https://www.law.go.kr/LSW/precInfoP.do?mode=0&precSeq=364674
364704,유족급여및장의비부지급처분취소,[서울행정법원 2008구합1573],https://www.law.go.kr/LSW/precInfoP.do?mode=0&precSeq=364704
364712,유족급여및장의비부지급처분취소,[서울행정법원 2008구합16162],https://www.law.go.kr/LSW/precInfoP.do?mode=0&precSeq=364712
364760,유족급여및장의비부지급처분취소,[서울행정법원 2008구합18632],https://www.law.go.kr/LSW/precInfoP.do?mode=0&precSeq=364760
364780,유족급여및장의비부지급처분취소,[서울행정법원 2008구합19932],https://www.law.go.kr/LSW/precInfoP.do?mode=0&precSeq=364780
364792,유족급여및장의비부지급처분취소,[서울행정법원 2008구합20482],https://www.law.go.kr/LSW/precInfoP.do?mode=0&precSeq=364792
365130,유족급여및장의비부지급처분취소,[서울행정법원 2008구합43430],https://www.law.go.kr/LSW/precInfoP.do?mode=0&precSeq=365130
365144,유족급여및장의비부지급처분취소,"본 컨텐츠는
 근로복지공단 산재판례 에서 수집한 데이터로, 관련 문의는 해당 기관으로 부탁드립니다.",https://www.law.go.kr/LSW/precInfoP.do?mode=0&precSeq=365144
365148,유족급여및장의비부지급처분취소,"본 컨텐츠는
 근로복지공단 산재판례 에서 수집한 데이터로, 관련 문의는 해당 기관으로 부탁드립니다.",https://www.law.go.kr/LSW/precInfoP.do?mode=0&precSeq=365148
365164,유족급여및장의비부지급처분취소,[서울행정법원 2008구합45528],https://www.law.go.kr/LSW/precInfoP.do?mode=0&precSeq=365164
365172,유족급여및장의비부지급처분취소,[서울행정법원 2008구합457],https://www.law.go.kr/LSW/precInfoP.do?mode=0&precSeq=365172
365176,유족급여및장의비부지급처분취소,[서울행정법원 2008구합4602],https://www.law.go.kr/LSW/precInfoP.do?mode=0&precSeq=365176
365196,유족급여및장의비부지급처분취소,[서울행정법원 2008구합47920],https://www.law.go.kr/LSW/precInfoP.do?mode=0&precSeq=365196
365200,유족급여및장의비부지급처분취소,[서울행정법원 2008구합48251],https://www.law.go.kr/LSW/precInfoP.do?mode=0&precSeq=365200
365206,유족급여및장의비부지급처분취소,[서울행정법원 2008구합48664],https://www.law.go.kr/LSW/precInfoP.do?mode=0&precSeq=365206
365222,유족급여및장의비부지급처분취소,[서울행정법원 2008구합50230],https://www.law.go.kr/LSW/precInfoP.do?mode=0&precSeq=365222
365228,유족급여및장의비부지급처분취소,[서울행정법원 2008구합50988],https://www.law.go.kr/LSW/precInfoP.do?mode=0&precSeq=365228
368672,유족급여및장의비부지급처분취소,"본 컨텐츠는
 근로복지공단 산재판례 에서 수집한 데이터로, 관련 문의는 해당 기관으로 부탁드립니다.",https://www.law.go.kr/LSW/precInfoP.do?mode=0&precSeq=368672
368722,유족급여및장의비부지급처분취소,"본 컨텐츠는
 근로복지공단 산재판례 에서 수집한 데이터로, 관련 문의는 해당 기관으로 부탁드립니다.",https://www.law.go.kr/LSW/precInfoP.do?mode=0&precSeq=368722
368726,유족급여및장의비부지급처분취소,"본 컨텐츠는
 근로복지공단 산재판례 에서 수집한 데이터로, 관련 문의는 해당 기관으로 부탁드립니다.",https://www.law.go.kr/LSW/precInfoP.do?mode=0&precSeq=368726
368730,유족급여및장의비부지급처분취소,"본 컨텐츠는
 근로복지공단 산재판례 에서 수집한 데이터로, 관련 문의는 해당 기관으로 부탁드립니다.",https://www.law.go.kr/LSW/precInfoP.do?mode=0&precSeq=368730
368770,유족급여및장의비부지급처분취소,"본 컨텐츠는
 근로복지공단 산재판례 에서 수집한 데이터로, 관련 문의는 해당 기관으로 부탁드립니다.",https://www.law.go.kr/LSW/precInfoP.do?mode=0&precSeq=368770
368810,유족급여및장의비부지급처분취소,"본 컨텐츠는
 근로복지공단 산재판례 에서 수집한 데이터로, 관련 문의는 해당 기관으로 부탁드립니다.",https://www.law.go.kr/LSW/precInfoP.do?mode=0&precSeq=368810
368836,유족급여및장의비부지급처분취소,"본 컨텐츠는
 근로복지공단 산재판례 에서 수집한 데이터로, 관련 문의는 해당 기관으로 부탁드립니다.",https://www.law.go.kr/LSW/precInfoP.do?mode=0&precSeq=368836
369040,유족급여및장의비부지급처분취소,[서울행정법원 2009구합54857],https://www.law.go.kr/LSW/precInfoP.do?mode=0&precSeq=369040
369046,유족급여및장의비부지급처분취소,[서울행정법원 2009구합55119],https://www.law.go.kr/LSW/precInfoP.do?mode=0&precSeq=369046
369058,유족급여및장의비부지급처분취소,[서울행정법원 2009구합56297],https://www.law.go.kr/LSW/precInfoP.do?mode=0&precSeq=369058
369060,유족급여및장의비부지급처분취소,[서울행정법원 2009구합56372],https://www.law.go.kr/LSW/precInfoP.do?mode=0&precSeq=369060
369064,유족급여및장의비부지급처분취소,[서울행정법원 2009구합56723],https://www.law.go.kr/LSW/precInfoP.do?mode=0&precSeq=369064
369074,유족급여및장의비부지급처분취소,[서울행정법원 2009구합56990],https://www.law.go.kr/LSW/precInfoP.do?mode=0&precSeq=369074
369112,유족급여및장의비부지급처분취소,[서울행정법원 2009구합6797],https://www.law.go.kr/LSW/precInfoP.do?mode=0&precSeq=369112
369128,유족급여및장의비부지급처분취소,[서울행정법원 2009구합7240],https://www.law.go.kr/LSW/precInfoP.do?mode=0&precSeq=369128
369140,유족급여및장의비부지급처분취소,[서울행정법원 2009구합7806],https://www.law.go.kr/LSW/precInfoP.do?mode=0&precSeq=369140
369156,유족급여및장의비부지급처분취소,[서울행정법원 2009구합8717],https://www.law.go.kr/LSW/precInfoP.do?mode=0&precSeq=369156
373142,유족급여및장의비부지급처분취소,[서울행정법원 2010구합11641],https://www.law.go.kr/LSW/precInfoP.do?mode=0&precSeq=373142
373146,유족급여및장의비부지급처분취소,[서울행정법원 2010구합11795],https://www.law.go.kr/LSW/precInfoP.do?mode=0&precSeq=373146
373162,유족급여및장의비부지급처분취소,[서울행정법원 2010구합12521],https://www.law.go.kr/LSW/precInfoP.do?mode=0&precSeq=373162
373172,유족급여및장의비부지급처분취소,[서울행정법원 2010구합1286],https://www.law.go.kr/LSW/precInfoP.do?mode=0&precSeq=373172
373174,유족급여및장의비부지급처분취소,[서울행정법원 2010구합12965],https://www.law.go.kr/LSW/precInfoP.do?mode=0&precSeq=373174
373280,유족급여및장의비부지급처분취소,[서울행정법원 2010구합18208],https://www.law.go.kr/LSW/precInfoP.do?mode=0&precSeq=373280
373290,유족급여및장의비부지급처분취소,[서울행정법원 2010구합18529],https://www.law.go.kr/LSW/precInfoP.do?mode=0&precSeq=373290
373298,유족급여및장의비부지급처분취소,[서울행정법원 2010구합19089],https://www.law.go.kr/LSW/precInfoP.do?mode=0&precSeq=373298
373314,유족급여및장의비부지급처분취소,[서울행정법원 2010구합19638],https://www.law.go.kr/LSW/precInfoP.do?mode=0&precSeq=373314
373368,유족급여및장의비부지급처분취소,[서울행정법원 2010구합21990],https://www.law.go.kr/LSW/precInfoP.do?mode=0&precSeq=373368
373392,유족급여및장의비부지급처분취소,[서울행정법원 2010구합22894],https://www.law.go.kr/LSW/precInfoP.do?mode=0&precSeq=373392
373412,유족급여및장의비부지급처분취소,[서울행정법원 2010구합23620],https://www.law.go.kr/LSW/precInfoP.do?mode=0&precSeq=373412
373416,유족급여및장의비부지급처분취소,[서울행정법원 2010구합23682],https://www.law.go.kr/LSW/precInfoP.do?mode=0&precSeq=373416
373420,유족급여및장의비부지급처분취소,[서울행정법원 2010구합23859],https://www.law.go.kr/LSW/precInfoP.do?mode=0&precSeq=373420
373422,유족급여및장의비부지급처분취소,[서울행정법원 2010구합23866],https://www.law.go.kr/LSW/precInfoP.do?mode=0&precSeq=373422
373436,유족급여및장의비부지급처분취소,[서울행정법원 2010구합24944],https://www.law.go.kr/LSW/precInfoP.do?mode=0&precSeq=373436
373450,유족급여및장의비부지급처분취소,[서울행정법원 2010구합25886],https://www.law.go.kr/LSW/precInfoP.do?mode=0&precSeq=373450
373500,유족급여및장의비부지급처분취소,[서울행정법원 2010구합28205],https://www.law.go.kr/LSW/precInfoP.do?mode=0&precSeq=373500
373652,유족급여및장의비부지급처분취소,"본 컨텐츠는
 근로복지공단 산재판례 에서 수집한 데이터로, 관련 문의는 해당 기관으로 부탁드립니다.",https://www.law.go.kr/LSW/precInfoP.do?mode=0&precSeq=373652
373808,유족급여및장의비부지급처분취소,[서울행정법원 2010구합44634],https://www.law.go.kr/LSW/precInfoP.do?mode=0&precSeq=373808
373832,유족급여및장의비부지급처분취소,[서울행정법원 2010구합45828],https://www.law.go.kr/LSW/precInfoP.do?mode=0&precSeq=373832
373850,유족급여및장의비부지급처분취소,[서울행정법원 2010구합47176],https://www.law.go.kr/LSW/precInfoP.do?mode=0&precSeq=373850
373852,유족급여및장의비부지급처분취소,[서울행정법원 2010구합47213],https://www.law.go.kr/LSW/precInfoP.do?mode=0&precSeq=373852
373854,유족급여및장의비부지급처분취소,[서울행정법원 2010구합47299],https://www.law.go.kr/LSW/precInfoP.do?mode=0&precSeq=373854
373860,유족급여및장의비부지급처분취소,[서울행정법원 2010구합47480],https://www.law.go.kr/LSW/precInfoP.do?mode=0&precSeq=373860
373868,유족급여및장의비부지급처분취소,[서울행정법원 2010구합47701],https://www.law.go.kr/LSW/precInfoP.do?mode=0&precSeq=373868
373872,유족급여및장의비부지급처분취소,[서울행정법원 2010구합47732],https://www.law.go.kr/LSW/precInfoP.do?mode=0&precSeq=373872
377356,유족급여및장의비부지급처분취소,"본 컨텐츠는
 근로복지공단 산재판례 에서 수집한 데이터로, 관련 문의는 해당 기관으로 부탁드립니다.",https://www.law.go.kr/LSW/precInfoP.do?mode=0&precSeq=377356
377380,유족급여및장의비부지급처분취소,[서울행정법원 2011구합11693],https://www.law.go.kr/LSW/precInfoP.do?mode=0&precSeq=377380
377444,유족급여및장의비부지급처분취소,"본 컨텐츠는
 근로복지공단 산재판례 에서 수집한 데이터로, 관련 문의는 해당 기관으로 부탁드립니다.",https://www.law.go.kr/LSW/precInfoP.do?mode=0&precSeq=377444
381856,유족급여및장의비부지급처분취소,[서울행정법원 2012구합21604],https://www.law.go.kr/LSW/precInfoP.do?mode=0&precSeq=381856
381858,유족급여및장의비부지급처분취소,"본 컨텐츠는
 근로복지공단 산재판례 에서 수집한 데이터로, 관련 문의는 해당 기관으로 부탁드립니다.",https://www.law.go.kr/LSW/precInfoP.do?mode=0&precSeq=381858
381862,유족급여및장의비부지급처분취소,"본 컨텐츠는
 근로복지공단 산재판례 에서 수집한 데이터로, 관련 문의는 해당 기관으로 부탁드립니다.",https://www.law.go.kr/LSW/precInfoP.do?mode=0&precSeq=381862
381906,유족급여및장의비부지급처분취소,"본 컨텐츠는
 근로복지공단 산재판례 에서 수집한 데이터로, 관련 문의는 해당 기관으로 부탁드립니다.",https://www.law.go.kr/LSW/precInfoP.do?mode=0&precSeq=381906
381912,유족급여및장의비부지급처분취소,"본 컨텐츠는
 근로복지공단 산재판례 에서 수집한 데이터로, 관련 문의는 해당 기관으로 부탁드립니다.",https://www.law.go.kr/LSW/precInfoP.do?mode=0&precSeq=381912
381922,유족급여및장의비부지급처분취소,"본 컨텐츠는
 근로복지공단 산재판례 에서 수집한 데이터로, 관련 문의는 해당 기관으로 부탁드립니다.",https://www.law.go.kr/LSW/precInfoP.do?mode=0&precSeq=381922
381926,유족급여및장의비부지급처분취소,"본 컨텐츠는
 근로복지공단 산재판례 에서 수집한 데이터로, 관련 문의는 해당 기관으로 부탁드립니다.",https://www.law.go.kr/LSW/precInfoP.do?mode=0&precSeq=381926
381996,유족급여및장의비부지급처분취소,"본 컨텐츠는
 근로복지공단 산재판례 에서 수집한 데이터로, 관련 문의는 해당 기관으로 부탁드립니다.",https://www.law.go.kr/LSW/precInfoP.do?mode=0&precSeq=381996
382002,유족급여및장의비부지급처분취소,"본 컨텐츠는
 근로복지공단 산재판례 에서 수집한 데이터로, 관련 문의는 해당 기관으로 부탁드립니다.",https://www.law.go.kr/LSW/precInfoP.do?mode=0&precSeq=382002
382020,유족급여및장의비부지급처분취소,"본 컨텐츠는
 근로복지공단 산재판례 에서 수집한 데이터로, 관련 문의는 해당 기관으로 부탁드립니다.",https://www.law.go.kr/LSW/precInfoP.do?mode=0&precSeq=382020
382024,유족급여및장의비부지급처분취소,"본 컨텐츠는
 근로복지공단 산재판례 에서 수집한 데이터로, 관련 문의는 해당 기관으로 부탁드립니다.",https://www.law.go.kr/LSW/precInfoP.do?mode=0&precSeq=382024
382026,유족급여및장의비부지급처분취소,"본 컨텐츠는
 근로복지공단 산재판례 에서 수집한 데이터로, 관련 문의는 해당 기관으로 부탁드립니다.",https://www.law.go.kr/LSW/precInfoP.do?mode=0&precSeq=382026
382112,유족급여및장의비부지급처분취소,[서울행정법원 2012구합33676],https://www.law.go.kr/LSW/precInfoP.do?mode=0&precSeq=382112
382142,유족급여및장의비부지급처분취소,"본 컨텐츠는
 근로복지공단 산재판례 에서 수집한 데이터로, 관련 문의는 해당 기관으로 부탁드립니다.",https://www.law.go.kr/LSW/precInfoP.do?mode=0&precSeq=382142
382146,유족급여및장의비부지급처분취소,"본 컨텐츠는
 근로복지공단 산재판례 에서 수집한 데이터로, 관련 문의는 해당 기관으로 부탁드립니다.",https://www.law.go.kr/LSW/precInfoP.do?mode=0&precSeq=382146
382148,유족급여및장의비부지급처분취소,"본 컨텐츠는
 근로복지공단 산재판례 에서 수집한 데이터로, 관련 문의는 해당 기관으로 부탁드립니다.",https://www.law.go.kr/LSW/precInfoP.do?mode=0&precSeq=382148
382150,유족급여및장의비부지급처분취소,"본 컨텐츠는
 근로복지공단 산재판례 에서 수집한 데이터로, 관련 문의는 해당 기관으로 부탁드립니다.",https://www.law.go.kr/LSW/precInfoP.do?mode=0&precSeq=382150
382154,유족급여및장의비부지급처분취소,"본 컨텐츠는
 근로복지공단 산재판례 에서 수집한 데이터로, 관련 문의는 해당 기관으로 부탁드립니다.",https://www.law.go.kr/LSW/precInfoP.do?mode=0&precSeq=382154
382164,유족급여및장의비부지급처분취소,"본 컨텐츠는
 근로복지공단 산재판례 에서 수집한 데이터로, 관련 문의는 해당 기관으로 부탁드립니다.",https://www.law.go.kr/LSW/precInfoP.do?mode=0&precSeq=382164
382176,유족급여및장의비부지급처분취소,[서울행정법원 2012구합38305],https://www.law.go.kr/LSW/precInfoP.do?mode=0&precSeq=382176
382242,유족급여및장의비부지급처분취소,[서울행정법원 2012구합42700],https://www.law.go.kr/LSW/precInfoP.do?mode=0&precSeq=382242
382262,유족급여및장의비부지급처분취소,[서울행정법원 2012구합43932],https://www.law.go.kr/LSW/precInfoP.do?mode=0&precSeq=382262
385822,유족급여및장의비부지급처분취소,"본 컨텐츠는
 근로복지공단 산재판례 에서 수집한 데이터로, 관련 문의는 해당 기관으로 부탁드립니다.",https://www.law.go.kr/LSW/precInfoP.do?mode=0&precSeq=385822
386160,유족급여및장의비부지급처분취소,[서울행정법원 2013구합51244],https://www.law.go.kr/LSW/precInfoP.do?mode=0&precSeq=386160
386176,유족급여및장의비부지급처분취소,"본 컨텐츠는
 근로복지공단 산재판례 에서 수집한 데이터로, 관련 문의는 해당 기관으로 부탁드립니다.",https://www.law.go.kr/LSW/precInfoP.do?mode=0&precSeq=386176
386182,유족급여및장의비부지급처분취소,[서울행정법원 2013구합52810],https://www.law.go.kr/LSW/precInfoP.do?mode=0&precSeq=386182
386194,유족급여및장의비부지급처분취소,[서울행정법원 2013구합53288],https://www.law.go.kr/LSW/precInfoP.do?mode=0&precSeq=386194
386202,유족급여및장의비부지급처분취소,"본 컨텐츠는
 근로복지공단 산재판례 에서 수집한 데이터로, 관련 문의는 해당 기관으로 부탁드립니다.",https://www.law.go.kr/LSW/precInfoP.do?mode=0&precSeq=386202
386210,유족급여및장의비부지급처분취소,[서울행정법원 2013구합54892],https://www.law.go.kr/LSW/precInfoP.do?mode=0&precSeq=386210
386346,유족급여및장의비부지급처분취소,[서울행정법원 2013구합6770],https://www.law.go.kr/LSW/precInfoP.do?mode=0&precSeq=386346
389784,유족급여및장의비부지급처분취소,"본 컨텐츠는
 근로복지공단 산재판례 에서 수집한 데이터로, 관련 문의는 해당 기관으로 부탁드립니다.",https://www.law.go.kr/LSW/precInfoP.do?mode=0&precSeq=389784
390260,유족급여및장의비부지급처분취소,"본 컨텐츠는
 근로복지공단 산재판례 에서 수집한 데이터로, 관련 문의는 해당 기관으로 부탁드립니다.",https://www.law.go.kr/LSW/precInfoP.do?mode=0&precSeq=390260
393834,유족급여및장의비부지급처분취소,[서울행정법원 2015구합11844],https://www.law.go.kr/LSW/precInfoP.do?mode=0&precSeq=393834
393862,유족급여및장의비부지급처분취소,[서울행정법원 2015구합1366],https://www.law.go.kr/LSW/precInfoP.do?mode=0&precSeq=393862
393872,유족급여및장의비부지급처분취소,[서울행정법원 2015구합1526],https://www.law.go.kr/LSW/precInfoP.do?mode=0&precSeq=393872
393878,유족급여및장의비부지급처분취소,[서울행정법원 2015구합1601],https://www.law.go.kr/LSW/precInfoP.do?mode=0&precSeq=393878
393888,유족급여및장의비부지급처분취소,[서울행정법원 2015구합1724],https://www.law.go.kr/LSW/precInfoP.do?mode=0&precSeq=393888
393934,유족급여및장의비부지급처분취소,[서울행정법원 2015구합2796],https://www.law.go.kr/LSW/precInfoP.do?mode=0&precSeq=393934
393966,유족급여및장의비부지급처분취소,[서울행정법원 2015구합4419],https://www.law.go.kr/LSW/precInfoP.do?mode=0&precSeq=393966
393968,유족급여및장의비부지급처분취소,[서울행정법원 2015구합4471],https://www.law.go.kr/LSW/precInfoP.do?mode=0&precSeq=393968
393974,유족급여및장의비부지급처분취소,[서울행정법원 2015구합4778],https://www.law.go.kr/LSW/precInfoP.do?mode=0&precSeq=393974
393986,유족급여및장의비부지급처분취소,[서울행정법원 2015구합50092],https://www.law.go.kr/LSW/precInfoP.do?mode=0&precSeq=393986
393988,유족급여및장의비부지급처분취소,[서울행정법원 2015구합50207],https://www.law.go.kr/LSW/precInfoP.do?mode=0&precSeq=393988
393994,유족급여및장의비부지급처분취소,[서울행정법원 2015구합50283],https://www.law.go.kr/LSW/precInfoP.do?mode=0&precSeq=393994
394014,유족급여및장의비부지급처분취소,"본 컨텐츠는
 근로복지공단 산재판례 에서 수집한 데이터로, 관련 문의는 해당 기관으로 부탁드립니다.",https://www.law.go.kr/LSW/precInfoP.do?mode=0&precSeq=394014
394054,유족급여및장의비부지급처분취소,[서울행정법원 2015구합53961],https://www.law.go.kr/LSW/precInfoP.do?mode=0&precSeq=394054
394092,유족급여및장의비부지급처분취소,[서울행정법원 2015구합56373],https://www.law.go.kr/LSW/precInfoP.do?mode=0&precSeq=394092
394098,유족급여및장의비부지급처분취소,[서울행정법원 2015구합57123],https://www.law.go.kr/LSW/precInfoP.do?mode=0&precSeq=394098
394138,유족급여및장의비부지급처분취소,[서울행정법원 2015구합59242],https://www.law.go.kr/LSW/precInfoP.do?mode=0&precSeq=394138
394264,유족급여및장의비부지급처분취소,"본 컨텐츠는
 근로복지공단 산재판례 에서 수집한 데이터로, 관련 문의는 해당 기관으로 부탁드립니다.",https://www.law.go.kr/LSW/precInfoP.do?mode=0&precSeq=394264
394266,유족급여및장의비부지급처분취소,"본 컨텐츠는
 근로복지공단 산재판례 에서 수집한 데이터로, 관련 문의는 해당 기관으로 부탁드립니다.",https://www.law.go.kr/LSW/precInfoP.do?mode=0&precSeq=394266
394268,유족급여및장의비부지급처분취소,"본 컨텐츠는
 근로복지공단 산재판례 에서 수집한 데이터로, 관련 문의는 해당 기관으로 부탁드립니다.",https://www.law.go.kr/LSW/precInfoP.do?mode=0&precSeq=394268
394274,유족급여및장의비부지급처분취소,"본 컨텐츠는
 근로복지공단 산재판례 에서 수집한 데이터로, 관련 문의는 해당 기관으로 부탁드립니다.",https://www.law.go.kr/LSW/precInfoP.do?mode=0&precSeq=394274
394276,유족급여및장의비부지급처분취소,"본 컨텐츠는
 근로복지공단 산재판례 에서 수집한 데이터로, 관련 문의는 해당 기관으로 부탁드립니다.",https://www.law.go.kr/LSW/precInfoP.do?mode=0&precSeq=394276
394280,유족급여및장의비부지급처분취소,"본 컨텐츠는
 근로복지공단 산재판례 에서 수집한 데이터로, 관련 문의는 해당 기관으로 부탁드립니다.",https://www.law.go.kr/LSW/precInfoP.do?mode=0&precSeq=394280
394284,유족급여및장의비부지급처분취소,"본 컨텐츠는
 근로복지공단 산재판례 에서 수집한 데이터로, 관련 문의는 해당 기관으로 부탁드립니다.",https://www.law.go.kr/LSW/precInfoP.do?mode=0&precSeq=394284
394286,유족급여및장의비부지급처분취소,"본 컨텐츠는
 근로복지공단 산재판례 에서 수집한 데이터로, 관련 문의는 해당 기관으로 부탁드립니다.",https://www.law.go.kr/LSW/precInfoP.do?mode=0&precSeq=394286
394288,유족급여및장의비부지급처분취소,"본 컨텐츠는
 근로복지공단 산재판례 에서 수집한 데이터로, 관련 문의는 해당 기관으로 부탁드립니다.",https://www.law.go.kr/LSW/precInfoP.do?mode=0&precSeq=394288
394292,유족급여및장의비부지급처분취소,"본 컨텐츠는
 근로복지공단 산재판례 에서 수집한 데이터로, 관련 문의는 해당 기관으로 부탁드립니다.",https://www.law.go.kr/LSW/precInfoP.do?mode=0&precSeq=394292
394294,유족급여및장의비부지급처분취소,"본 컨텐츠는
 근로복지공단 산재판례 에서 수집한 데이터로, 관련 문의는 해당 기관으로 부탁드립니다.",https://www.law.go.kr/LSW/precInfoP.do?mode=0&precSeq=394294
394296,유족급여및장의비부지급처분취소,"본 컨텐츠는
 근로복지공단 산재판례 에서 수집한 데이터로, 관련 문의는 해당 기관으로 부탁드립니다.",https://www.law.go.kr/LSW/precInfoP.do?mode=0&precSeq=394296
394302,유족급여및장의비부지급처분취소,"본 컨텐츠는
 근로복지공단 산재판례 에서 수집한 데이터로, 관련 문의는 해당 기관으로 부탁드립니다.",https://www.law.go.kr/LSW/precInfoP.do?mode=0&precSeq=394302
394304,유족급여및장의비부지급처분취소,"본 컨텐츠는
 근로복지공단 산재판례 에서 수집한 데이터로, 관련 문의는 해당 기관으로 부탁드립니다.",https://www.law.go.kr/LSW/precInfoP.do?mode=0&precSeq=394304
394306,유족급여및장의비부지급처분취소,"본 컨텐츠는
 근로복지공단 산재판례 에서 수집한 데이터로, 관련 문의는 해당 기관으로 부탁드립니다.",https://www.law.go.kr/LSW/precInfoP.do?mode=0&precSeq=394306
394310,유족급여및장의비부지급처분취소,"본 컨텐츠는
 근로복지공단 산재판례 에서 수집한 데이터로, 관련 문의는 해당 기관으로 부탁드립니다.",https://www.law.go.kr/LSW/precInfoP.do?mode=0&precSeq=394310
394312,유족급여및장의비부지급처분취소,"본 컨텐츠는
 근로복지공단 산재판례 에서 수집한 데이터로, 관련 문의는 해당 기관으로 부탁드립니다.",https://www.law.go.kr/LSW/precInfoP.do?mode=0&precSeq=394312
394318,유족급여및장의비부지급처분취소,"본 컨텐츠는
 근로복지공단 산재판례 에서 수집한 데이터로, 관련 문의는 해당 기관으로 부탁드립니다.",https://www.law.go.kr/LSW/precInfoP.do?mode=0&precSeq=394318
394320,유족급여및장의비부지급처분취소,"본 컨텐츠는
 근로복지공단 산재판례 에서 수집한 데이터로, 관련 문의는 해당 기관으로 부탁드립니다.",https://www.law.go.kr/LSW/precInfoP.do?mode=0&precSeq=394320
394322,유족급여및장의비부지급처분취소,"본 컨텐츠는
 근로복지공단 산재판례 에서 수집한 데이터로, 관련 문의는 해당 기관으로 부탁드립니다.",https://www.law.go.kr/LSW/precInfoP.do?mode=0&precSeq=394322
394330,유족급여및장의비부지급처분취소,"본 컨텐츠는
 근로복지공단 산재판례 에서 수집한 데이터로, 관련 문의는 해당 기관으로 부탁드립니다.",https://www.law.go.kr/LSW/precInfoP.do?mode=0&precSeq=394330
394338,유족급여및장의비부지급처분취소,"본 컨텐츠는
 근로복지공단 산재판례 에서 수집한 데이터로, 관련 문의는 해당 기관으로 부탁드립니다.",https://www.law.go.kr/LSW/precInfoP.do?mode=0&precSeq=394338
394342,유족급여및장의비부지급처분취소,"본 컨텐츠는
 근로복지공단 산재판례 에서 수집한 데이터로, 관련 문의는 해당 기관으로 부탁드립니다.",https://www.law.go.kr/LSW/precInfoP.do?mode=0&precSeq=394342
394344,유족급여및장의비부지급처분취소,"본 컨텐츠는
 근로복지공단 산재판례 에서 수집한 데이터로, 관련 문의는 해당 기관으로 부탁드립니다.",https://www.law.go.kr/LSW/precInfoP.do?mode=0&precSeq=394344
394346,유족급여및장의비부지급처분취소,[서울행정법원 2015구합71112],https://www.law.go.kr/LSW/precInfoP.do?mode=0&precSeq=394346
394348,유족급여및장의비부지급처분취소,[서울행정법원 2015구합71129],https://www.law.go.kr/LSW/precInfoP.do?mode=0&precSeq=394348
394350,유족급여및장의비부지급처분취소,[서울행정법원 2015구합71181],https://www.law.go.kr/LSW/precInfoP.do?mode=0&precSeq=394350
394360,유족급여및장의비부지급처분취소,[서울행정법원 2015구합71662],https://www.law.go.kr/LSW/precInfoP.do?mode=0&precSeq=394360
394364,유족급여및장의비부지급처분취소,[서울행정법원 2015구합71846],https://www.law.go.kr/LSW/precInfoP.do?mode=0&precSeq=394364
394368,유족급여및장의비부지급처분취소,[서울행정법원 2015구합72306],https://www.law.go.kr/LSW/precInfoP.do?mode=0&precSeq=394368
394372,유족급여및장의비부지급처분취소,[서울행정법원 2015구합72566],https://www.law.go.kr/LSW/precInfoP.do?mode=0&precSeq=394372
394374,유족급여및장의비부지급처분취소,[서울행정법원 2015구합72658],https://www.law.go.kr/LSW/precInfoP.do?mode=0&precSeq=394374
394376,유족급여및장의비부지급처분취소,[서울행정법원 2015구합72665],https://www.law.go.kr/LSW/precInfoP.do?mode=0&precSeq=394376
394380,유족급여및장의비부지급처분취소,[서울행정법원 2015구합72740],https://www.law.go.kr/LSW/precInfoP.do?mode=0&precSeq=394380
394382,유족급여및장의비부지급처분취소,[서울행정법원 2015구합72870],https://www.law.go.kr/LSW/precInfoP.do?mode=0&precSeq=394382
394396,유족급여및장의비부지급처분취소,[서울행정법원 2015구합73385],https://www.law.go.kr/LSW/precInfoP.do?mode=0&precSeq=394396
394398,유족급여및장의비부지급처분취소,[서울행정법원 2015구합73811],https://www.law.go.kr/LSW/precInfoP.do?mode=0&precSeq=394398
394402,유족급여및장의비부지급처분취소,[서울행정법원 2015구합73941],https://www.law.go.kr/LSW/precInfoP.do?mode=0&precSeq=394402
394404,유족급여및장의비부지급처분취소,[서울행정법원 2015구합73958],https://www.law.go.kr/LSW/precInfoP.do?mode=0&precSeq=394404
394406,유족급여및장의비부지급처분취소,[서울행정법원 2015구합74005],https://www.law.go.kr/LSW/precInfoP.do?mode=0&precSeq=394406
394408,유족급여및장의비부지급처분취소,[서울행정법원 2015구합74227],https://www.law.go.kr/LSW/precInfoP.do?mode=0&precSeq=394408
394412,유족급여및장의비부지급처분취소,[서울행정법원 2015구합74302],https://www.law.go.kr/LSW/precInfoP.do?mode=0&precSeq=394412
394418,유족급여및장의비부지급처분취소,[서울행정법원 2015구합74753],https://www.law.go.kr/LSW/precInfoP.do?mode=0&precSeq=394418
394420,유족급여및장의비부지급처분취소,[서울행정법원 2015구합74890],https://www.law.go.kr/LSW/precInfoP.do?mode=0&precSeq=394420
394422,유족급여및장의비부지급처분취소,[서울행정법원 2015구합75169],https://www.law.go.kr/LSW/precInfoP.do?mode=0&precSeq=394422
394426,유족급여및장의비부지급처분취소,[서울행정법원 2015구합75411],https://www.law.go.kr/LSW/precInfoP.do?mode=0&precSeq=394426
394428,유족급여및장의비부지급처분취소,[서울행정법원 2015구합75671],https://www.law.go.kr/LSW/precInfoP.do?mode=0&precSeq=394428
394434,유족급여및장의비부지급처분취소,[서울행정법원 2015구합76544],https://www.law.go.kr/LSW/precInfoP.do?mode=0&precSeq=394434
394436,유족급여및장의비부지급처분취소,[서울행정법원 2015구합76698],https://www.law.go.kr/LSW/precInfoP.do?mode=0&precSeq=394436
394444,유족급여및장의비부지급처분취소,[서울행정법원 2015구합77035],https://www.law.go.kr/LSW/precInfoP.do?mode=0&precSeq=394444
394446,유족급여및장의비부지급처분취소,[서울행정법원 2015구합77042],https://www.law.go.kr/LSW/precInfoP.do?mode=0&precSeq=394446
394448,유족급여및장의비부지급처분취소,[서울행정법원 2015구합77059],https://www.law.go.kr/LSW/precInfoP.do?mode=0&precSeq=394448
394452,유족급여및장의비부지급처분취소,[서울행정법원 2015구합77622],https://www.law.go.kr/LSW/precInfoP.do?mode=0&precSeq=394452
394454,유족급여및장의비부지급처분취소,[서울행정법원 2015구합77639],https://www.law.go.kr/LSW/precInfoP.do?mode=0&precSeq=394454
394456,유족급여및장의비부지급처분취소,[서울행정법원 2015구합77929],https://www.law.go.kr/LSW/precInfoP.do?mode=0&precSeq=394456
394462,유족급여및장의비부지급처분취소,[서울행정법원 2015구합78236],https://www.law.go.kr/LSW/precInfoP.do?mode=0&precSeq=394462
394468,유족급여및장의비부지급처분취소,[서울행정법원 2015구합78526],https://www.law.go.kr/LSW/precInfoP.do?mode=0&precSeq=394468
394470,유족급여및장의비부지급처분취소,[서울행정법원 2015구합78717],https://www.law.go.kr/LSW/precInfoP.do?mode=0&precSeq=394470
394486,유족급여및장의비부지급처분취소,[서울행정법원 2015구합80208],https://www.law.go.kr/LSW/precInfoP.do?mode=0&precSeq=394486
394534,유족급여및장의비부지급처분취소,[서울행정법원 2015구합82655],https://www.law.go.kr/LSW/precInfoP.do?mode=0&precSeq=394534
394536,유족급여및장의비부지급처분취소,[서울행정법원 2015구합82815],https://www.law.go.kr/LSW/precInfoP.do?mode=0&precSeq=394536
394540,유족급여및장의비부지급처분취소,[서울행정법원 2015구합82846],https://www.law.go.kr/LSW/precInfoP.do?mode=0&precSeq=394540
394550,유족급여및장의비부지급처분취소,[서울행정법원 2015구합83214],https://www.law.go.kr/LSW/precInfoP.do?mode=0&precSeq=394550
397694,유족급여및장의비부지급처분취소,[서울행정법원 2016구합1172],https://www.law.go.kr/LSW/precInfoP.do?mode=0&precSeq=397694
397706,유족급여및장의비부지급처분취소,[서울행정법원 2016구합1363],https://www.law.go.kr/LSW/precInfoP.do?mode=0&precSeq=397706
397714,유족급여및장의비부지급처분취소,[서울행정법원 2016구합1691],https://www.law.go.kr/LSW/precInfoP.do?mode=0&precSeq=397714
397764,유족급여및장의비부지급처분취소,[서울행정법원 2016구합2687],https://www.law.go.kr/LSW/precInfoP.do?mode=0&precSeq=397764
397766,유족급여및장의비부지급처분취소,[서울행정법원 2016구합2748],https://www.law.go.kr/LSW/precInfoP.do?mode=0&precSeq=397766
397778,유족급여및장의비부지급처분취소,[서울행정법원 2016구합346],https://www.law.go.kr/LSW/precInfoP.do?mode=0&precSeq=397778
397788,유족급여및장의비부지급처분취소,[서울행정법원 2016구합421],https://www.law.go.kr/LSW/precInfoP.do?mode=0&precSeq=397788
397790,유족급여및장의비부지급처분취소,[서울행정법원 2016구합4546],https://www.law.go.kr/LSW/precInfoP.do?mode=0&precSeq=397790
397794,유족급여및장의비부지급처분취소,[서울행정법원 2016구합50075],https://www.law.go.kr/LSW/precInfoP.do?mode=0&precSeq=397794
397796,유족급여및장의비부지급처분취소,[서울행정법원 2016구합50082],https://www.law.go.kr/LSW/precInfoP.do?mode=0&precSeq=397796
397808,유족급여및장의비부지급처분취소,[서울행정법원 2016구합50501],https://www.law.go.kr/LSW/precInfoP.do?mode=0&precSeq=397808
397814,유족급여및장의비부지급처분취소,[서울행정법원 2016구합50518],https://www.law.go.kr/LSW/precInfoP.do?mode=0&precSeq=397814
397820,유족급여및장의비부지급처분취소,[서울행정법원 2016구합50617],https://www.law.go.kr/LSW/precInfoP.do?mode=0&precSeq=397820
397828,유족급여및장의비부지급처분취소,[서울행정법원 2016구합50808],https://www.law.go.kr/LSW/precInfoP.do?mode=0&precSeq=397828
397842,유족급여및장의비부지급처분취소,[서울행정법원 2016구합51207],https://www.law.go.kr/LSW/precInfoP.do?mode=0&precSeq=397842
397848,유족급여및장의비부지급처분취소,[서울행정법원 2016구합51313],https://www.law.go.kr/LSW/precInfoP.do?mode=0&precSeq=397848
397854,유족급여및장의비부지급처분취소,[서울행정법원 2016구합51443],https://www.law.go.kr/LSW/precInfoP.do?mode=0&precSeq=397854
397862,유족급여및장의비부지급처분취소,[서울행정법원 2016구합51849],https://www.law.go.kr/LSW/precInfoP.do?mode=0&precSeq=397862
397864,유족급여및장의비부지급처분취소,[서울행정법원 2016구합51863],https://www.law.go.kr/LSW/precInfoP.do?mode=0&precSeq=397864
397866,유족급여및장의비부지급처분취소,[서울행정법원 2016구합51870],https://www.law.go.kr/LSW/precInfoP.do?mode=0&precSeq=397866
397868,유족급여및장의비부지급처분취소,[서울행정법원 2016구합51917],https://www.law.go.kr/LSW/precInfoP.do?mode=0&precSeq=397868
397880,유족급여및장의비부지급처분취소,[서울행정법원 2016구합52576],https://www.law.go.kr/LSW/precInfoP.do?mode=0&precSeq=397880
397884,유족급여및장의비부지급처분취소,[서울행정법원 2016구합52736],https://www.law.go.kr/LSW/precInfoP.do?mode=0&precSeq=397884
397892,유족급여및장의비부지급처분취소,[서울행정법원 2016구합52804],https://www.law.go.kr/LSW/precInfoP.do?mode=0&precSeq=397892
397894,유족급여및장의비부지급처분취소,[서울행정법원 2016구합52835],https://www.law.go.kr/LSW/precInfoP.do?mode=0&precSeq=397894
397906,유족급여및장의비부지급처분취소,"본 컨텐츠는
 근로복지공단 산재판례 에서 수집한 데이터로, 관련 문의는 해당 기관으로 부탁드립니다.",https://www.law.go.kr/LSW/precInfoP.do?mode=0&precSeq=397906
397908,유족급여및장의비부지급처분취소,[서울행정법원 2016구합53487],https://www.law.go.kr/LSW/precInfoP.do?mode=0&precSeq=397908
397912,유족급여및장의비부지급처분취소,"본 컨텐츠는
 근로복지공단 산재판례 에서 수집한 데이터로, 관련 문의는 해당 기관으로 부탁드립니다.",https://www.law.go.kr/LSW/precInfoP.do?mode=0&precSeq=397912
397914,유족급여및장의비부지급처분취소,[서울행정법원 2016구합53708],https://www.law.go.kr/LSW/precInfoP.do?mode=0&precSeq=397914
397916,유족급여및장의비부지급처분취소,[서울행정법원 2016구합53784],https://www.law.go.kr/LSW/precInfoP.do?mode=0&precSeq=397916
397918,유족급여및장의비부지급처분취소,[서울행정법원 2016구합54145],https://www.law.go.kr/LSW/precInfoP.do?mode=0&precSeq=397918
397920,유족급여및장의비부지급처분취소,[서울행정법원 2016구합54152],https://www.law.go.kr/LSW/precInfoP.do?mode=0&precSeq=397920
397926,유족급여및장의비부지급처분취소,[서울행정법원 2016구합54497],https://www.law.go.kr/LSW/precInfoP.do?mode=0&precSeq=397926
397928,유족급여및장의비부지급처분취소,[서울행정법원 2016구합54527],https://www.law.go.kr/LSW/precInfoP.do?mode=0&precSeq=397928
397932,유족급여및장의비부지급처분취소,[서울행정법원 2016구합54701],https://www.law.go.kr/LSW/precInfoP.do?mode=0&precSeq=397932
397938,유족급여및장의비부지급처분취소,[서울행정법원 2016구합54985],https://www.law.go.kr/LSW/precInfoP.do?mode=0&precSeq=397938
397946,유족급여및장의비부지급처분취소,[서울행정법원 2016구합55490],https://www.law.go.kr/LSW/precInfoP.do?mode=0&precSeq=397946
397948,유족급여및장의비부지급처분취소,[서울행정법원 2016구합55537],https://www.law.go.kr/LSW/precInfoP.do?mode=0&precSeq=397948
397950,유족급여및장의비부지급처분취소,[서울행정법원 2016구합55650],https://www.law.go.kr/LSW/precInfoP.do?mode=0&precSeq=397950
397954,유족급여및장의비부지급처분취소,[서울행정법원 2016구합55759],https://www.law.go.kr/LSW/precInfoP.do?mode=0&precSeq=397954
397978,유족급여및장의비부지급처분취소,"본 컨텐츠는
 근로복지공단 산재판례 에서 수집한 데이터로, 관련 문의는 해당 기관으로 부탁드립니다.",https://www.law.go.kr/LSW/precInfoP.do?mode=0&precSeq=397978
398000,유족급여및장의비부지급처분취소,[서울행정법원 2016구합57847],https://www.law.go.kr/LSW/precInfoP.do?mode=0&precSeq=398000
398006,유족급여및장의비부지급처분취소,[서울행정법원 2016구합58369],https://www.law.go.kr/LSW/precInfoP.do?mode=0&precSeq=398006
398036,유족급여및장의비부지급처분취소,[서울행정법원 2016구합60423],https://www.law.go.kr/LSW/precInfoP.do?mode=0&precSeq=398036
398040,유족급여및장의비부지급처분취소,[서울행정법원 2016구합6054],https://www.law.go.kr/LSW/precInfoP.do?mode=0&precSeq=398040
398042,유족급여및장의비부지급처분취소,[서울행정법원 2016구합60881],https://www.law.go.kr/LSW/precInfoP.do?mode=0&precSeq=398042
398048,유족급여및장의비부지급처분취소,[서울행정법원 2016구합61112],https://www.law.go.kr/LSW/precInfoP.do?mode=0&precSeq=398048
398052,유족급여및장의비부지급처분취소,[서울행정법원 2016구합61228],https://www.law.go.kr/LSW/precInfoP.do?mode=0&precSeq=398052
398054,유족급여및장의비부지급처분취소,[서울행정법원 2016구합61365],https://www.law.go.kr/LSW/precInfoP.do?mode=0&precSeq=398054
398056,유족급여및장의비부지급처분취소,[서울행정법원 2016구합61426],https://www.law.go.kr/LSW/precInfoP.do?mode=0&precSeq=398056
398058,유족급여및장의비부지급처분취소,[서울행정법원 2016구합61525],https://www.law.go.kr/LSW/precInfoP.do?mode=0&precSeq=398058
398060,유족급여및장의비부지급처분취소,[서울행정법원 2016구합61624],https://www.law.go.kr/LSW/precInfoP.do?mode=0&precSeq=398060
398068,유족급여및장의비부지급처분취소,[서울행정법원 2016구합62191],https://www.law.go.kr/LSW/precInfoP.do?mode=0&precSeq=398068
398076,유족급여및장의비부지급처분취소,[서울행정법원 2016구합62573],https://www.law.go.kr/LSW/precInfoP.do?mode=0&precSeq=398076
398078,유족급여및장의비부지급처분취소,[서울행정법원 2016구합62603],https://www.law.go.kr/LSW/precInfoP.do?mode=0&precSeq=398078
398080,유족급여및장의비부지급처분취소,[서울행정법원 2016구합62696],https://www.law.go.kr/LSW/precInfoP.do?mode=0&precSeq=398080
398084,유족급여및장의비부지급처분취소,[서울행정법원 2016구합62795],https://www.law.go.kr/LSW/precInfoP.do?mode=0&precSeq=398084
398092,유족급여및장의비부지급처분취소,[서울행정법원 2016구합63064],https://www.law.go.kr/LSW/precInfoP.do?mode=0&precSeq=398092
398096,유족급여및장의비부지급처분취소,[서울행정법원 2016구합63224],https://www.law.go.kr/LSW/precInfoP.do?mode=0&precSeq=398096
398098,유족급여및장의비부지급처분취소,[서울행정법원 2016구합63316],https://www.law.go.kr/LSW/precInfoP.do?mode=0&precSeq=398098
398100,유족급여및장의비부지급처분취소,[서울행정법원 2016구합63415],https://www.law.go.kr/LSW/precInfoP.do?mode=0&precSeq=398100
398102,유족급여및장의비부지급처분취소,[서울행정법원 2016구합63538],https://www.law.go.kr/LSW/precInfoP.do?mode=0&precSeq=398102
398104,유족급여및장의비부지급처분취소,[서울행정법원 2016구합63729],https://www.law.go.kr/LSW/precInfoP.do?mode=0&precSeq=398104
398106,유족급여및장의비부지급처분취소,[서울행정법원 2016구합63781],https://www.law.go.kr/LSW/precInfoP.do?mode=0&precSeq=398106
398108,유족급여및장의비부지급처분취소,[서울행정법원 2016구합64319],https://www.law.go.kr/LSW/precInfoP.do?mode=0&precSeq=398108
398110,유족급여및장의비부지급처분취소,[서울행정법원 2016구합64531],https://www.law.go.kr/LSW/precInfoP.do?mode=0&precSeq=398110
398114,유족급여및장의비부지급처분취소,[서울행정법원 2016구합64753],https://www.law.go.kr/LSW/precInfoP.do?mode=0&precSeq=398114
398118,유족급여및장의비부지급처분취소,[서울행정법원 2016구합64951],https://www.law.go.kr/LSW/precInfoP.do?mode=0&precSeq=398118
398128,유족급여및장의비부지급처분취소,[서울행정법원 2016구합65251],https://www.law.go.kr/LSW/precInfoP.do?mode=0&precSeq=398128
398130,유족급여및장의비부지급처분취소,[서울행정법원 2016구합65466],https://www.law.go.kr/LSW/precInfoP.do?mode=0&precSeq=398130
398140,유족급여및장의비부지급처분취소,[서울행정법원 2016구합66087],https://www.law.go.kr/LSW/precInfoP.do?mode=0&precSeq=398140
398142,유족급여및장의비부지급처분취소,[서울행정법원 2016구합66100],https://www.law.go.kr/LSW/precInfoP.do?mode=0&precSeq=398142
398144,유족급여및장의비부지급처분취소,[서울행정법원 2016구합66346],https://www.law.go.kr/LSW/precInfoP.do?mode=0&precSeq=398144
398146,유족급여및장의비부지급처분취소,[서울행정법원 2016구합66360],https://www.law.go.kr/LSW/precInfoP.do?mode=0&precSeq=398146
398148,유족급여및장의비부지급처분취소,[서울행정법원 2016구합66537],https://www.law.go.kr/LSW/precInfoP.do?mode=0&precSeq=398148
398150,유족급여및장의비부지급처분취소,[서울행정법원 2016구합66636],https://www.law.go.kr/LSW/precInfoP.do?mode=0&precSeq=398150
398152,유족급여및장의비부지급처분취소,[서울행정법원 2016구합66889],https://www.law.go.kr/LSW/precInfoP.do?mode=0&precSeq=398152
398160,유족급여및장의비부지급처분취소,[서울행정법원 2016구합67264],https://www.law.go.kr/LSW/precInfoP.do?mode=0&precSeq=398160
398162,유족급여및장의비부지급처분취소,[서울행정법원 2016구합67394],https://www.law.go.kr/LSW/precInfoP.do?mode=0&precSeq=398162
398184,유족급여및장의비부지급처분취소,[서울행정법원 2016구합68045],https://www.law.go.kr/LSW/precInfoP.do?mode=0&precSeq=398184
398186,유족급여및장의비부지급처분취소,[서울행정법원 2016구합68182],https://www.law.go.kr/LSW/precInfoP.do?mode=0&precSeq=398186
398194,유족급여및장의비부지급처분취소,[서울행정법원 2016구합68847],https://www.law.go.kr/LSW/precInfoP.do?mode=0&precSeq=398194
398196,유족급여및장의비부지급처분취소,[서울행정법원 2016구합68885],https://www.law.go.kr/LSW/precInfoP.do?mode=0&precSeq=398196
398198,유족급여및장의비부지급처분취소,[서울행정법원 2016구합69024],https://www.law.go.kr/LSW/precInfoP.do?mode=0&precSeq=398198
398204,유족급여및장의비부지급처분취소,[서울행정법원 2016구합69178],https://www.law.go.kr/LSW/precInfoP.do?mode=0&precSeq=398204
398208,유족급여및장의비부지급처분취소,[서울행정법원 2016구합69697],https://www.law.go.kr/LSW/precInfoP.do?mode=0&precSeq=398208
398210,유족급여및장의비부지급처분취소,[서울행정법원 2016구합69819],https://www.law.go.kr/LSW/precInfoP.do?mode=0&precSeq=398210
398212,유족급여및장의비부지급처분취소,[서울행정법원 2016구합70215],https://www.law.go.kr/LSW/precInfoP.do?mode=0&precSeq=398212
398216,유족급여및장의비부지급처분취소,[서울행정법원 2016구합70680],https://www.law.go.kr/LSW/precInfoP.do?mode=0&precSeq=398216
398218,유족급여및장의비부지급처분취소,[서울행정법원 2016구합70727],https://www.law.go.kr/LSW/precInfoP.do?mode=0&precSeq=398218
398224,유족급여및장의비부지급처분취소,[서울행정법원 2016구합71218],https://www.law.go.kr/LSW/precInfoP.do?mode=0&precSeq=398224
398226,유족급여및장의비부지급처분취소,[서울행정법원 2016구합71348],https://www.law.go.kr/LSW/precInfoP.do?mode=0&precSeq=398226
398228,유족급여및장의비부지급처분취소,[서울행정법원 2016구합71409],https://www.law.go.kr/LSW/precInfoP.do?mode=0&precSeq=398228
398232,유족급여및장의비부지급처분취소,[서울행정법원 2016구합71515],https://www.law.go.kr/LSW/precInfoP.do?mode=0&precSeq=398232
398234,유족급여및장의비부지급처분취소,[서울행정법원 2016구합71546],https://www.law.go.kr/LSW/precInfoP.do?mode=0&precSeq=398234
398238,유족급여및장의비부지급처분취소,[서울행정법원 2016구합71768],https://www.law.go.kr/LSW/precInfoP.do?mode=0&precSeq=398238
398248,유족급여및장의비부지급처분취소,[서울행정법원 2016구합72259],https://www.law.go.kr/LSW/precInfoP.do?mode=0&precSeq=398248
398250,유족급여및장의비부지급처분취소,[서울행정법원 2016구합72266],https://www.law.go.kr/LSW/precInfoP.do?mode=0&precSeq=398250
398254,유족급여및장의비부지급처분취소,[서울행정법원 2016구합72297],https://www.law.go.kr/LSW/precInfoP.do?mode=0&precSeq=398254
398256,유족급여및장의비부지급처분취소,[서울행정법원 2016구합72518],https://www.law.go.kr/LSW/precInfoP.do?mode=0&precSeq=398256
398258,유족급여및장의비부지급처분취소,[서울행정법원 2016구합72563],https://www.law.go.kr/LSW/precInfoP.do?mode=0&precSeq=398258
398260,유족급여및장의비부지급처분취소,[서울행정법원 2016구합72686],https://www.law.go.kr/LSW/precInfoP.do?mode=0&precSeq=398260
398264,유족급여및장의비부지급처분취소,[서울행정법원 2016구합72716],https://www.law.go.kr/LSW/precInfoP.do?mode=0&precSeq=398264
398266,유족급여및장의비부지급처분취소,[서울행정법원 2016구합72723],https://www.law.go.kr/LSW/precInfoP.do?mode=0&precSeq=398266
398268,유족급여및장의비부지급처분취소,[서울행정법원 2016구합72785],https://www.law.go.kr/LSW/precInfoP.do?mode=0&precSeq=398268
398270,유족급여및장의비부지급처분취소,[서울행정법원 2016구합728],https://www.law.go.kr/LSW/precInfoP.do?mode=0&precSeq=398270
398272,유족급여및장의비부지급처분취소,[서울행정법원 2016구합72914],https://www.law.go.kr/LSW/precInfoP.do?mode=0&precSeq=398272
398274,유족급여및장의비부지급처분취소,[서울행정법원 2016구합73047],https://www.law.go.kr/LSW/precInfoP.do?mode=0&precSeq=398274
398278,유족급여및장의비부지급처분취소,[서울행정법원 2016구합73665],https://www.law.go.kr/LSW/precInfoP.do?mode=0&precSeq=398278
398282,유족급여및장의비부지급처분취소,[서울행정법원 2016구합74392],https://www.law.go.kr/LSW/precInfoP.do?mode=0&precSeq=398282
398284,유족급여및장의비부지급처분취소,[서울행정법원 2016구합74576],https://www.law.go.kr/LSW/precInfoP.do?mode=0&precSeq=398284
398286,유족급여및장의비부지급처분취소,[서울행정법원 2016구합74781],https://www.law.go.kr/LSW/precInfoP.do?mode=0&precSeq=398286
398288,유족급여및장의비부지급처분취소,[서울행정법원 2016구합74798],https://www.law.go.kr/LSW/precInfoP.do?mode=0&precSeq=398288
398290,유족급여및장의비부지급처분취소,[서울행정법원 2016구합74842],https://www.law.go.kr/LSW/precInfoP.do?mode=0&precSeq=398290
398292,유족급여및장의비부지급처분취소,[서울행정법원 2016구합74927],https://www.law.go.kr/LSW/precInfoP.do?mode=0&precSeq=398292
398296,유족급여및장의비부지급처분취소,[서울행정법원 2016구합75166],https://www.law.go.kr/LSW/precInfoP.do?mode=0&precSeq=398296
398302,유족급여및장의비부지급처분취소,[서울행정법원 2016구합75500],https://www.law.go.kr/LSW/precInfoP.do?mode=0&precSeq=398302
398308,유족급여및장의비부지급처분취소,[서울행정법원 2016구합76442],https://www.law.go.kr/LSW/precInfoP.do?mode=0&precSeq=398308
398310,유족급여및장의비부지급처분취소,[서울행정법원 2016구합76749],https://www.law.go.kr/LSW/precInfoP.do?mode=0&precSeq=398310
398312,유족급여및장의비부지급처분취소,[서울행정법원 2016구합76824],https://www.law.go.kr/LSW/precInfoP.do?mode=0&precSeq=398312
398314,유족급여및장의비부지급처분취소,[서울행정법원 2016구합76855],https://www.law.go.kr/LSW/precInfoP.do?mode=0&precSeq=398314
398316,유족급여및장의비부지급처분취소,[서울행정법원 2016구합76930],https://www.law.go.kr/LSW/precInfoP.do?mode=0&precSeq=398316
398318,유족급여및장의비부지급처분취소,[서울행정법원 2016구합77070],https://www.law.go.kr/LSW/precInfoP.do?mode=0&precSeq=398318
398320,유족급여및장의비부지급처분취소,[서울행정법원 2016구합77377],https://www.law.go.kr/LSW/precInfoP.do?mode=0&precSeq=398320
398322,유족급여및장의비부지급처분취소,[서울행정법원 2016구합77483],https://www.law.go.kr/LSW/precInfoP.do?mode=0&precSeq=398322
398324,유족급여및장의비부지급처분취소,[서울행정법원 2016구합77599],https://www.law.go.kr/LSW/precInfoP.do?mode=0&precSeq=398324
398326,유족급여및장의비부지급처분취소,[서울행정법원 2016구합77735],https://www.law.go.kr/LSW/precInfoP.do?mode=0&precSeq=398326
398334,유족급여및장의비부지급처분취소,[서울행정법원 2016구합78424],https://www.law.go.kr/LSW/precInfoP.do?mode=0&precSeq=398334
398336,유족급여및장의비부지급처분취소,"본 컨텐츠는
 근로복지공단 산재판례 에서 수집한 데이터로, 관련 문의는 해당 기관으로 부탁드립니다.",https://www.law.go.kr/LSW/precInfoP.do?mode=0&precSeq=398336
398338,유족급여및장의비부지급처분취소,[서울행정법원 2016구합78639],https://www.law.go.kr/LSW/precInfoP.do?mode=0&precSeq=398338
398346,유족급여및장의비부지급처분취소,[서울행정법원 2016구합7927],https://www.law.go.kr/LSW/precInfoP.do?mode=0&precSeq=398346
398348,유족급여및장의비부지급처분취소,[서울행정법원 2016구합79366],https://www.law.go.kr/LSW/precInfoP.do?mode=0&precSeq=398348
398350,유족급여및장의비부지급처분취소,[서울행정법원 2016구합79380],https://www.law.go.kr/LSW/precInfoP.do?mode=0&precSeq=398350
398358,유족급여및장의비부지급처분취소,[서울행정법원 2016구합80144],https://www.law.go.kr/LSW/precInfoP.do?mode=0&precSeq=398358
398360,유족급여및장의비부지급처분취소,[서울행정법원 2016구합80410],https://www.law.go.kr/LSW/precInfoP.do?mode=0&precSeq=398360
398366,유족급여및장의비부지급처분취소,[서울행정법원 2016구합80663],https://www.law.go.kr/LSW/precInfoP.do?mode=0&precSeq=398366
398368,유족급여및장의비부지급처분취소,[서울행정법원 2016구합80816],https://www.law.go.kr/LSW/precInfoP.do?mode=0&precSeq=398368
398372,유족급여및장의비부지급처분취소,[서울행정법원 2016구합80960],https://www.law.go.kr/LSW/precInfoP.do?mode=0&precSeq=398372
398374,유족급여및장의비부지급처분취소,[서울행정법원 2016구합81437],https://www.law.go.kr/LSW/precInfoP.do?mode=0&precSeq=398374
398378,유족급여및장의비부지급처분취소,[서울행정법원 2016구합81642],https://www.law.go.kr/LSW/precInfoP.do?mode=0&precSeq=398378
398380,유족급여및장의비부지급처분취소,[서울행정법원 2016구합81727],https://www.law.go.kr/LSW/precInfoP.do?mode=0&precSeq=398380
398388,유족급여및장의비부지급처분취소,[서울행정법원 2016구합81925],https://www.law.go.kr/LSW/precInfoP.do?mode=0&precSeq=398388
398390,유족급여및장의비부지급처분취소,[서울행정법원 2016구합81963],https://www.law.go.kr/LSW/precInfoP.do?mode=0&precSeq=398390
398392,유족급여및장의비부지급처분취소,[서울행정법원 2016구합82058],https://www.law.go.kr/LSW/precInfoP.do?mode=0&precSeq=398392
398396,유족급여및장의비부지급처분취소,[서울행정법원 2016구합82515],https://www.law.go.kr/LSW/precInfoP.do?mode=0&precSeq=398396
398398,유족급여및장의비부지급처분취소,[서울행정법원 2016구합82607],https://www.law.go.kr/LSW/precInfoP.do?mode=0&precSeq=398398
398402,유족급여및장의비부지급처분취소,[서울행정법원 2016구합82751],https://www.law.go.kr/LSW/precInfoP.do?mode=0&precSeq=398402
398404,유족급여및장의비부지급처분취소,[서울행정법원 2016구합83037],https://www.law.go.kr/LSW/precInfoP.do?mode=0&precSeq=398404
398406,유족급여및장의비부지급처분취소,[서울행정법원 2016구합83433],https://www.law.go.kr/LSW/precInfoP.do?mode=0&precSeq=398406
398410,유족급여및장의비부지급처분취소,[서울행정법원 2016구합83532],https://www.law.go.kr/LSW/precInfoP.do?mode=0&precSeq=398410
398414,유족급여및장의비부지급처분취소,[서울행정법원 2016구합84085],https://www.law.go.kr/LSW/precInfoP.do?mode=0&precSeq=398414
398418,유족급여및장의비부지급처분취소,[서울행정법원 2016구합841],https://www.law.go.kr/LSW/precInfoP.do?mode=0&precSeq=398418
398422,유족급여및장의비부지급처분취소,[서울행정법원 2016구합84382],https://www.law.go.kr/LSW/precInfoP.do?mode=0&precSeq=398422
398424,유족급여및장의비부지급처분취소,[서울행정법원 2016구합84672],https://www.law.go.kr/LSW/precInfoP.do?mode=0&precSeq=398424
398428,유족급여및장의비부지급처분취소,[서울행정법원 2016구합85231],https://www.law.go.kr/LSW/precInfoP.do?mode=0&precSeq=398428
398430,유족급여및장의비부지급처분취소,[서울행정법원 2016구합85408],https://www.law.go.kr/LSW/precInfoP.do?mode=0&precSeq=398430
398432,유족급여및장의비부지급처분취소,[서울행정법원 2016구합85507],https://www.law.go.kr/LSW/precInfoP.do?mode=0&precSeq=398432
398434,유족급여및장의비부지급처분취소,[서울행정법원 2016구합85552],https://www.law.go.kr/LSW/precInfoP.do?mode=0&precSeq=398434
398436,유족급여및장의비부지급처분취소,[서울행정법원 2016구합85613],https://www.law.go.kr/LSW/precInfoP.do?mode=0&precSeq=398436
398438,유족급여및장의비부지급처분취소,[서울행정법원 2016구합85712],https://www.law.go.kr/LSW/precInfoP.do?mode=0&precSeq=398438
398444,유족급여및장의비부지급처분취소,[서울행정법원 2016구합85880],https://www.law.go.kr/LSW/precInfoP.do?mode=0&precSeq=398444
398446,유족급여및장의비부지급처분취소,[서울행정법원 2016구합872],https://www.law.go.kr/LSW/precInfoP.do?mode=0&precSeq=398446
398452,유족급여및장의비부지급처분취소,[서울행정법원 2016구합9121],https://www.law.go.kr/LSW/precInfoP.do?mode=0&precSeq=398452
398456,유족급여및장의비부지급처분취소,[서울행정법원 2016구합9145],https://www.law.go.kr/LSW/precInfoP.do?mode=0&precSeq=398456
401796,유족급여및장의비부지급처분취소,"본 컨텐츠는
 근로복지공단 산재판례 에서 수집한 데이터로, 관련 문의는 해당 기관으로 부탁드립니다.",https://www.law.go.kr/LSW/precInfoP.do?mode=0&precSeq=401796
405310,유족급여및장의비부지급처분취소,[서울행정법원 2018구합82076],https://www.law.go.kr/LSW/precInfoP.do?mode=0&precSeq=405310
405382,유족급여및장의비부지급처분취소,[서울행정법원 2018구합89947],https://www.law.go.kr/LSW/precInfoP.do?mode=0&precSeq=405382
408156,유족급여및장의비부지급처분취소,[서울행정법원 2019구합5144],https://www.law.go.kr/LSW/precInfoP.do?mode=0&precSeq=408156
408274,유족급여및장의비부지급처분취소,[서울행정법원 2019구합58988],https://www.law.go.kr/LSW/precInfoP.do?mode=0&precSeq=408274
408290,유족급여및장의비부지급처분취소,"본 컨텐츠는
 근로복지공단 산재판례 에서 수집한 데이터로, 관련 문의는 해당 기관으로 부탁드립니다.",https://www.law.go.kr/LSW/precInfoP.do?mode=0&precSeq=408290
408292,유족급여및장의비부지급처분취소,"본 컨텐츠는
 근로복지공단 산재판례 에서 수집한 데이터로, 관련 문의는 해당 기관으로 부탁드립니다.",https://www.law.go.kr/LSW/precInfoP.do?mode=0&precSeq=408292
408294,유족급여및장의비부지급처분취소,"본 컨텐츠는
 근로복지공단 산재판례 에서 수집한 데이터로, 관련 문의는 해당 기관으로 부탁드립니다.",https://www.law.go.kr/LSW/precInfoP.do?mode=0&precSeq=408294
408298,유족급여및장의비부지급처분취소,"본 컨텐츠는
 근로복지공단 산재판례 에서 수집한 데이터로, 관련 문의는 해당 기관으로 부탁드립니다.",https://www.law.go.kr/LSW/precInfoP.do?mode=0&precSeq=408298
408302,유족급여및장의비부지급처분취소,"본 컨텐츠는
 근로복지공단 산재판례 에서 수집한 데이터로, 관련 문의는 해당 기관으로 부탁드립니다.",https://www.law.go.kr/LSW/precInfoP.do?mode=0&precSeq=408302
408306,유족급여및장의비부지급처분취소,"본 컨텐츠는
 근로복지공단 산재판례 에서 수집한 데이터로, 관련 문의는 해당 기관으로 부탁드립니다.",https://www.law.go.kr/LSW/precInfoP.do?mode=0&precSeq=408306
408308,유족급여및장의비부지급처분취소,"본 컨텐츠는
 근로복지공단 산재판례 에서 수집한 데이터로, 관련 문의는 해당 기관으로 부탁드립니다.",https://www.law.go.kr/LSW/precInfoP.do?mode=0&precSeq=408308
408312,유족급여및장의비부지급처분취소,"본 컨텐츠는
 근로복지공단 산재판례 에서 수집한 데이터로, 관련 문의는 해당 기관으로 부탁드립니다.",https://www.law.go.kr/LSW/precInfoP.do?mode=0&precSeq=408312
408314,유족급여및장의비부지급처분취소,"본 컨텐츠는
 근로복지공단 산재판례 에서 수집한 데이터로, 관련 문의는 해당 기관으로 부탁드립니다.",https://www.law.go.kr/LSW/precInfoP.do?mode=0&precSeq=408314
408326,유족급여및장의비부지급처분취소,"본 컨텐츠는
 근로복지공단 산재판례 에서 수집한 데이터로, 관련 문의는 해당 기관으로 부탁드립니다.",https://www.law.go.kr/LSW/precInfoP.do?mode=0&precSeq=408326
408328,유족급여및장의비부지급처분취소,"본 컨텐츠는
 근로복지공단 산재판례 에서 수집한 데이터로, 관련 문의는 해당 기관으로 부탁드립니다.",https://www.law.go.kr/LSW/precInfoP.do?mode=0&precSeq=408328
408336,유족급여및장의비부지급처분취소,"본 컨텐츠는
 근로복지공단 산재판례 에서 수집한 데이터로, 관련 문의는 해당 기관으로 부탁드립니다.",https://www.law.go.kr/LSW/precInfoP.do?mode=0&precSeq=408336
408346,유족급여및장의비부지급처분취소,"본 컨텐츠는
 근로복지공단 산재판례 에서 수집한 데이터로, 관련 문의는 해당 기관으로 부탁드립니다.",https://www.law.go.kr/LSW/precInfoP.do?mode=0&precSeq=408346
408348,유족급여및장의비부지급처분취소,"본 컨텐츠는
 근로복지공단 산재판례 에서 수집한 데이터로, 관련 문의는 해당 기관으로 부탁드립니다.",https://www.law.go.kr/LSW/precInfoP.do?mode=0&precSeq=408348
408354,유족급여및장의비부지급처분취소,"본 컨텐츠는
 근로복지공단 산재판례 에서 수집한 데이터로, 관련 문의는 해당 기관으로 부탁드립니다.",https://www.law.go.kr/LSW/precInfoP.do?mode=0&precSeq=408354
408358,유족급여및장의비부지급처분취소,[서울행정법원 2019구합651],https://www.law.go.kr/LSW/precInfoP.do?mode=0&precSeq=408358
408364,유족급여및장의비부지급처분취소,"본 컨텐츠는
 근로복지공단 산재판례 에서 수집한 데이터로, 관련 문의는 해당 기관으로 부탁드립니다.",https://www.law.go.kr/LSW/precInfoP.do?mode=0&precSeq=408364
408460,유족급여및장의비부지급처분취소,"본 컨텐츠는
 근로복지공단 산재판례 에서 수집한 데이터로, 관련 문의는 해당 기관으로 부탁드립니다.",https://www.law.go.kr/LSW/precInfoP.do?mode=0&precSeq=408460
408462,유족급여및장의비부지급처분취소,"본 컨텐츠는
 근로복지공단 산재판례 에서 수집한 데이터로, 관련 문의는 해당 기관으로 부탁드립니다.",https://www.law.go.kr/LSW/precInfoP.do?mode=0&precSeq=408462
408464,유족급여및장의비부지급처분취소,"본 컨텐츠는
 근로복지공단 산재판례 에서 수집한 데이터로, 관련 문의는 해당 기관으로 부탁드립니다.",https://www.law.go.kr/LSW/precInfoP.do?mode=0&precSeq=408464
408468,유족급여및장의비부지급처분취소,"본 컨텐츠는
 근로복지공단 산재판례 에서 수집한 데이터로, 관련 문의는 해당 기관으로 부탁드립니다.",https://www.law.go.kr/LSW/precInfoP.do?mode=0&precSeq=408468
408474,유족급여및장의비부지급처분취소,"본 컨텐츠는
 근로복지공단 산재판례 에서 수집한 데이터로, 관련 문의는 해당 기관으로 부탁드립니다.",https://www.law.go.kr/LSW/precInfoP.do?mode=0&precSeq=408474
408480,유족급여및장의비부지급처분취소,"본 컨텐츠는
 근로복지공단 산재판례 에서 수집한 데이터로, 관련 문의는 해당 기관으로 부탁드립니다.",https://www.law.go.kr/LSW/precInfoP.do?mode=0&precSeq=408480
408484,유족급여및장의비부지급처분취소,"본 컨텐츠는
 근로복지공단 산재판례 에서 수집한 데이터로, 관련 문의는 해당 기관으로 부탁드립니다.",https://www.law.go.kr/LSW/precInfoP.do?mode=0&precSeq=408484
408486,유족급여및장의비부지급처분취소,"본 컨텐츠는
 근로복지공단 산재판례 에서 수집한 데이터로, 관련 문의는 해당 기관으로 부탁드립니다.",https://www.law.go.kr/LSW/precInfoP.do?mode=0&precSeq=408486
408584,유족급여및장의비부지급처분취소,"본 컨텐츠는
 근로복지공단 산재판례 에서 수집한 데이터로, 관련 문의는 해당 기관으로 부탁드립니다.",https://www.law.go.kr/LSW/precInfoP.do?mode=0&precSeq=408584
408586,유족급여및장의비부지급처분취소,[서울행정법원 2019구합83076],https://www.law.go.kr/LSW/precInfoP.do?mode=0&precSeq=408586
408590,유족급여및장의비부지급처분취소,"본 컨텐츠는
 근로복지공단 산재판례 에서 수집한 데이터로, 관련 문의는 해당 기관으로 부탁드립니다.",https://www.law.go.kr/LSW/precInfoP.do?mode=0&precSeq=408590
408598,유족급여및장의비부지급처분취소,"본 컨텐츠는
 근로복지공단 산재판례 에서 수집한 데이터로, 관련 문의는 해당 기관으로 부탁드립니다.",https://www.law.go.kr/LSW/precInfoP.do?mode=0&precSeq=408598
408604,유족급여및장의비부지급처분취소,"본 컨텐츠는
 근로복지공단 산재판례 에서 수집한 데이터로, 관련 문의는 해당 기관으로 부탁드립니다.",https://www.law.go.kr/LSW/precInfoP.do?mode=0&precSeq=408604
408606,유족급여및장의비부지급처분취소,"본 컨텐츠는
 근로복지공단 산재판례 에서 수집한 데이터로, 관련 문의는 해당 기관으로 부탁드립니다.",https://www.law.go.kr/LSW/precInfoP.do?mode=0&precSeq=408606
408608,유족급여및장의비부지급처분취소,"본 컨텐츠는
 근로복지공단 산재판례 에서 수집한 데이터로, 관련 문의는 해당 기관으로 부탁드립니다.",https://www.law.go.kr/LSW/precInfoP.do?mode=0&precSeq=408608
408610,유족급여및장의비부지급처분취소,"본 컨텐츠는
 근로복지공단 산재판례 에서 수집한 데이터로, 관련 문의는 해당 기관으로 부탁드립니다.",https://www.law.go.kr/LSW/precInfoP.do?mode=0&precSeq=408610
408620,유족급여및장의비부지급처분취소,"본 컨텐츠는
 근로복지공단 산재판례 에서 수집한 데이터로, 관련 문의는 해당 기관으로 부탁드립니다.",https://www.law.go.kr/LSW/precInfoP.do?mode=0&precSeq=408620
408628,유족급여및장의비부지급처분취소,[서울행정법원 2019구합86099],https://www.law.go.kr/LSW/precInfoP.do?mode=0&precSeq=408628
408634,유족급여및장의비부지급처분취소,"본 컨텐츠는
 근로복지공단 산재판례 에서 수집한 데이터로, 관련 문의는 해당 기관으로 부탁드립니다.",https://www.law.go.kr/LSW/precInfoP.do?mode=0&precSeq=408634
408644,유족급여및장의비부지급처분취소,[서울행정법원 2019구합87825],https://www.law.go.kr/LSW/precInfoP.do?mode=0&precSeq=408644
408646,유족급여및장의비부지급처분취소,[서울행정법원 2019구합88132],https://www.law.go.kr/LSW/precInfoP.do?mode=0&precSeq=408646
408648,유족급여및장의비부지급처분취소,"본 컨텐츠는
 근로복지공단 산재판례 에서 수집한 데이터로, 관련 문의는 해당 기관으로 부탁드립니다.",https://www.law.go.kr/LSW/precInfoP.do?mode=0&precSeq=408648
408654,유족급여및장의비부지급처분취소,"본 컨텐츠는
 근로복지공단 산재판례 에서 수집한 데이터로, 관련 문의는 해당 기관으로 부탁드립니다.",https://www.law.go.kr/LSW/precInfoP.do?mode=0&precSeq=408654
408658,유족급여및장의비부지급처분취소,"본 컨텐츠는
 근로복지공단 산재판례 에서 수집한 데이터로, 관련 문의는 해당 기관으로 부탁드립니다.",https://www.law.go.kr/LSW/precInfoP.do?mode=0&precSeq=408658
408664,유족급여및장의비부지급처분취소,"본 컨텐츠는
 근로복지공단 산재판례 에서 수집한 데이터로, 관련 문의는 해당 기관으로 부탁드립니다.",https://www.law.go.kr/LSW/precInfoP.do?mode=0&precSeq=408664
408666,유족급여및장의비부지급처분취소,"본 컨텐츠는
 근로복지공단 산재판례 에서 수집한 데이터로, 관련 문의는 해당 기관으로 부탁드립니다.",https://www.law.go.kr/LSW/precInfoP.do?mode=0&precSeq=408666
408668,유족급여및장의비부지급처분취소,"본 컨텐츠는
 근로복지공단 산재판례 에서 수집한 데이터로, 관련 문의는 해당 기관으로 부탁드립니다.",https://www.law.go.kr/LSW/precInfoP.do?mode=0&precSeq=408668
408670,유족급여및장의비부지급처분취소,"본 컨텐츠는
 근로복지공단 산재판례 에서 수집한 데이터로, 관련 문의는 해당 기관으로 부탁드립니다.",https://www.law.go.kr/LSW/precInfoP.do?mode=0&precSeq=408670
408672,유족급여및장의비부지급처분취소,"본 컨텐츠는
 근로복지공단 산재판례 에서 수집한 데이터로, 관련 문의는 해당 기관으로 부탁드립니다.",https://www.law.go.kr/LSW/precInfoP.do?mode=0&precSeq=408672
408674,유족급여및장의비부지급처분취소,[서울행정법원 2019구합91077],https://www.law.go.kr/LSW/precInfoP.do?mode=0&precSeq=408674
411224,유족급여및장의비부지급처분취소,[서울행정법원 2020구합59222],https://www.law.go.kr/LSW/precInfoP.do?mode=0&precSeq=411224
411402,유족급여및장의비부지급처분취소,"본 컨텐츠는
 근로복지공단 산재판례 에서 수집한 데이터로, 관련 문의는 해당 기관으로 부탁드립니다.",https://www.law.go.kr/LSW/precInfoP.do?mode=0&precSeq=411402
411404,유족급여및장의비부지급처분취소,"본 컨텐츠는
 근로복지공단 산재판례 에서 수집한 데이터로, 관련 문의는 해당 기관으로 부탁드립니다.",https://www.law.go.kr/LSW/precInfoP.do?mode=0&precSeq=411404
411412,유족급여및장의비부지급처분취소,"본 컨텐츠는
 근로복지공단 산재판례 에서 수집한 데이터로, 관련 문의는 해당 기관으로 부탁드립니다.",https://www.law.go.kr/LSW/precInfoP.do?mode=0&precSeq=411412
411418,유족급여및장의비부지급처분취소,"본 컨텐츠는
 근로복지공단 산재판례 에서 수집한 데이터로, 관련 문의는 해당 기관으로 부탁드립니다.",https://www.law.go.kr/LSW/precInfoP.do?mode=0&precSeq=411418
411422,유족급여및장의비부지급처분취소,"본 컨텐츠는
 근로복지공단 산재판례 에서 수집한 데이터로, 관련 문의는 해당 기관으로 부탁드립니다.",https://www.law.go.kr/LSW/precInfoP.do?mode=0&precSeq=411422
411426,유족급여및장의비부지급처분취소,"본 컨텐츠는
 근로복지공단 산재판례 에서 수집한 데이터로, 관련 문의는 해당 기관으로 부탁드립니다.",https://www.law.go.kr/LSW/precInfoP.do?mode=0&precSeq=411426
411432,유족급여및장의비부지급처분취소,"본 컨텐츠는
 근로복지공단 산재판례 에서 수집한 데이터로, 관련 문의는 해당 기관으로 부탁드립니다.",https://www.law.go.kr/LSW/precInfoP.do?mode=0&precSeq=411432
411434,유족급여및장의비부지급처분취소,"본 컨텐츠는
 근로복지공단 산재판례 에서 수집한 데이터로, 관련 문의는 해당 기관으로 부탁드립니다.",https://www.law.go.kr/LSW/precInfoP.do?mode=0&precSeq=411434
411440,유족급여및장의비부지급처분취소,"본 컨텐츠는
 근로복지공단 산재판례 에서 수집한 데이터로, 관련 문의는 해당 기관으로 부탁드립니다.",https://www.law.go.kr/LSW/precInfoP.do?mode=0&precSeq=411440
411446,유족급여및장의비부지급처분취소,"본 컨텐츠는
 근로복지공단 산재판례 에서 수집한 데이터로, 관련 문의는 해당 기관으로 부탁드립니다.",https://www.law.go.kr/LSW/precInfoP.do?mode=0&precSeq=411446
411448,유족급여및장의비부지급처분취소,"본 컨텐츠는
 근로복지공단 산재판례 에서 수집한 데이터로, 관련 문의는 해당 기관으로 부탁드립니다.",https://www.law.go.kr/LSW/precInfoP.do?mode=0&precSeq=411448
411450,유족급여및장의비부지급처분취소,"본 컨텐츠는
 근로복지공단 산재판례 에서 수집한 데이터로, 관련 문의는 해당 기관으로 부탁드립니다.",https://www.law.go.kr/LSW/precInfoP.do?mode=0&precSeq=411450
411452,유족급여및장의비부지급처분취소,"본 컨텐츠는
 근로복지공단 산재판례 에서 수집한 데이터로, 관련 문의는 해당 기관으로 부탁드립니다.",https://www.law.go.kr/LSW/precInfoP.do?mode=0&precSeq=411452
411472,유족급여및장의비부지급처분취소,[서울행정법원 2020구합79264],https://www.law.go.kr/LSW/precInfoP.do?mode=0&precSeq=411472
411500,유족급여및장의비부지급처분취소,"본 컨텐츠는
 근로복지공단 산재판례 에서 수집한 데이터로, 관련 문의는 해당 기관으로 부탁드립니다.",https://www.law.go.kr/LSW/precInfoP.do?mode=0&precSeq=411500
411526,유족급여및장의비부지급처분취소,[서울행정법원 2020구합83058],https://www.law.go.kr/LSW/precInfoP.do?mode=0&precSeq=411526
413710,유족급여및장의비부지급처분취소,[서울행정법원 2021구합2018],https://www.law.go.kr/LSW/precInfoP.do?mode=0&precSeq=413710
413912,유족급여및장의비부지급처분취소,[서울행정법원 2021구합58363],https://www.law.go.kr/LSW/precInfoP.do?mode=0&precSeq=413912
413954,유족급여및장의비부지급처분취소,[서울행정법원 2021구합60793],https://www.law.go.kr/LSW/precInfoP.do?mode=0&precSeq=413954
414008,유족급여및장의비부지급처분취소,"본 컨텐츠는
 근로복지공단 산재판례 에서 수집한 데이터로, 관련 문의는 해당 기관으로 부탁드립니다.",https://www.law.go.kr/LSW/precInfoP.do?mode=0&precSeq=414008
414012,유족급여및장의비부지급처분취소,"본 컨텐츠는
 근로복지공단 산재판례 에서 수집한 데이터로, 관련 문의는 해당 기관으로 부탁드립니다.",https://www.law.go.kr/LSW/precInfoP.do?mode=0&precSeq=414012
414018,유족급여및장의비부지급처분취소,"본 컨텐츠는
 근로복지공단 산재판례 에서 수집한 데이터로, 관련 문의는 해당 기관으로 부탁드립니다.",https://www.law.go.kr/LSW/precInfoP.do?mode=0&precSeq=414018
414020,유족급여및장의비부지급처분취소,"본 컨텐츠는
 근로복지공단 산재판례 에서 수집한 데이터로, 관련 문의는 해당 기관으로 부탁드립니다.",https://www.law.go.kr/LSW/precInfoP.do?mode=0&precSeq=414020
414026,유족급여및장의비부지급처분취소,"본 컨텐츠는
 근로복지공단 산재판례 에서 수집한 데이터로, 관련 문의는 해당 기관으로 부탁드립니다.",https://www.law.go.kr/LSW/precInfoP.do?mode=0&precSeq=414026
414028,유족급여및장의비부지급처분취소,"본 컨텐츠는
 근로복지공단 산재판례 에서 수집한 데이터로, 관련 문의는 해당 기관으로 부탁드립니다.",https://www.law.go.kr/LSW/precInfoP.do?mode=0&precSeq=414028
414030,유족급여및장의비부지급처분취소,"본 컨텐츠는
 근로복지공단 산재판례 에서 수집한 데이터로, 관련 문의는 해당 기관으로 부탁드립니다.",https://www.law.go.kr/LSW/precInfoP.do?mode=0&precSeq=414030
414034,유족급여및장의비부지급처분취소,"본 컨텐츠는
 근로복지공단 산재판례 에서 수집한 데이터로, 관련 문의는 해당 기관으로 부탁드립니다.",https://www.law.go.kr/LSW/precInfoP.do?mode=0&precSeq=414034
414036,유족급여및장의비부지급처분취소,"본 컨텐츠는
 근로복지공단 산재판례 에서 수집한 데이터로, 관련 문의는 해당 기관으로 부탁드립니다.",https://www.law.go.kr/LSW/precInfoP.do?mode=0&precSeq=414036
414042,유족급여및장의비부지급처분취소,[서울행정법원 2021구합66234],https://www.law.go.kr/LSW/precInfoP.do?mode=0&precSeq=414042
414068,유족급여및장의비부지급처분취소,"본 컨텐츠는
 근로복지공단 산재판례 에서 수집한 데이터로, 관련 문의는 해당 기관으로 부탁드립니다.",https://www.law.go.kr/LSW/precInfoP.do?mode=0&precSeq=414068
414072,유족급여및장의비부지급처분취소,"본 컨텐츠는
 근로복지공단 산재판례 에서 수집한 데이터로, 관련 문의는 해당 기관으로 부탁드립니다.",https://www.law.go.kr/LSW/precInfoP.do?mode=0&precSeq=414072
414074,유족급여및장의비부지급처분취소,"본 컨텐츠는
 근로복지공단 산재판례 에서 수집한 데이터로, 관련 문의는 해당 기관으로 부탁드립니다.",https://www.law.go.kr/LSW/precInfoP.do?mode=0&precSeq=414074
414076,유족급여및장의비부지급처분취소,"본 컨텐츠는
 근로복지공단 산재판례 에서 수집한 데이터로, 관련 문의는 해당 기관으로 부탁드립니다.",https://www.law.go.kr/LSW/precInfoP.do?mode=0&precSeq=414076
414078,유족급여및장의비부지급처분취소,"본 컨텐츠는
 근로복지공단 산재판례 에서 수집한 데이터로, 관련 문의는 해당 기관으로 부탁드립니다.",https://www.law.go.kr/LSW/precInfoP.do?mode=0&precSeq=414078
414084,유족급여및장의비부지급처분취소,"본 컨텐츠는
 근로복지공단 산재판례 에서 수집한 데이터로, 관련 문의는 해당 기관으로 부탁드립니다.",https://www.law.go.kr/LSW/precInfoP.do?mode=0&precSeq=414084
414086,유족급여및장의비부지급처분취소,[서울행정법원 2021구합68438],https://www.law.go.kr/LSW/precInfoP.do?mode=0&precSeq=414086
414088,유족급여및장의비부지급처분취소,"본 컨텐츠는
 근로복지공단 산재판례 에서 수집한 데이터로, 관련 문의는 해당 기관으로 부탁드립니다.",https://www.law.go.kr/LSW/precInfoP.do?mode=0&precSeq=414088
414090,유족급여및장의비부지급처분취소,"본 컨텐츠는
 근로복지공단 산재판례 에서 수집한 데이터로, 관련 문의는 해당 기관으로 부탁드립니다.",https://www.law.go.kr/LSW/precInfoP.do?mode=0&precSeq=414090
414092,유족급여및장의비부지급처분취소,"본 컨텐츠는
 근로복지공단 산재판례 에서 수집한 데이터로, 관련 문의는 해당 기관으로 부탁드립니다.",https://www.law.go.kr/LSW/precInfoP.do?mode=0&precSeq=414092
414094,유족급여및장의비부지급처분취소,"본 컨텐츠는
 근로복지공단 산재판례 에서 수집한 데이터로, 관련 문의는 해당 기관으로 부탁드립니다.",https://www.law.go.kr/LSW/precInfoP.do?mode=0&precSeq=414094
414096,유족급여및장의비부지급처분취소,"본 컨텐츠는
 근로복지공단 산재판례 에서 수집한 데이터로, 관련 문의는 해당 기관으로 부탁드립니다.",https://www.law.go.kr/LSW/precInfoP.do?mode=0&precSeq=414096
414104,유족급여및장의비부지급처분취소,[서울행정법원 2021구합69769],https://www.law.go.kr/LSW/precInfoP.do?mode=0&precSeq=414104
414106,유족급여및장의비부지급처분취소,"본 컨텐츠는
 근로복지공단 산재판례 에서 수집한 데이터로, 관련 문의는 해당 기관으로 부탁드립니다.",https://www.law.go.kr/LSW/precInfoP.do?mode=0&precSeq=414106
414108,유족급여및장의비부지급처분취소,"본 컨텐츠는
 근로복지공단 산재판례 에서 수집한 데이터로, 관련 문의는 해당 기관으로 부탁드립니다.",https://www.law.go.kr/LSW/precInfoP.do?mode=0&precSeq=414108
414110,유족급여및장의비부지급처분취소,"본 컨텐츠는
 근로복지공단 산재판례 에서 수집한 데이터로, 관련 문의는 해당 기관으로 부탁드립니다.",https://www.law.go.kr/LSW/precInfoP.do?mode=0&precSeq=414110
414120,유족급여및장의비부지급처분취소,"본 컨텐츠는
 근로복지공단 산재판례 에서 수집한 데이터로, 관련 문의는 해당 기관으로 부탁드립니다.",https://www.law.go.kr/LSW/precInfoP.do?mode=0&precSeq=414120
414126,유족급여및장의비부지급처분취소,"본 컨텐츠는
 근로복지공단 산재판례 에서 수집한 데이터로, 관련 문의는 해당 기관으로 부탁드립니다.",https://www.law.go.kr/LSW/precInfoP.do?mode=0&precSeq=414126
414128,유족급여및장의비부지급처분취소,"본 컨텐츠는
 근로복지공단 산재판례 에서 수집한 데이터로, 관련 문의는 해당 기관으로 부탁드립니다.",https://www.law.go.kr/LSW/precInfoP.do?mode=0&precSeq=414128
414134,유족급여및장의비부지급처분취소,"본 컨텐츠는
 근로복지공단 산재판례 에서 수집한 데이터로, 관련 문의는 해당 기관으로 부탁드립니다.",https://www.law.go.kr/LSW/precInfoP.do?mode=0&precSeq=414134
414136,유족급여및장의비부지급처분취소,"본 컨텐츠는
 근로복지공단 산재판례 에서 수집한 데이터로, 관련 문의는 해당 기관으로 부탁드립니다.",https://www.law.go.kr/LSW/precInfoP.do?mode=0&precSeq=414136
414138,유족급여및장의비부지급처분취소,"본 컨텐츠는
 근로복지공단 산재판례 에서 수집한 데이터로, 관련 문의는 해당 기관으로 부탁드립니다.",https://www.law.go.kr/LSW/precInfoP.do?mode=0&precSeq=414138
414140,유족급여및장의비부지급처분취소,"본 컨텐츠는
 근로복지공단 산재판례 에서 수집한 데이터로, 관련 문의는 해당 기관으로 부탁드립니다.",https://www.law.go.kr/LSW/precInfoP.do?mode=0&precSeq=414140
414142,유족급여및장의비부지급처분취소,"본 컨텐츠는
 근로복지공단 산재판례 에서 수집한 데이터로, 관련 문의는 해당 기관으로 부탁드립니다.",https://www.law.go.kr/LSW/precInfoP.do?mode=0&precSeq=414142
414150,유족급여및장의비부지급처분취소,"본 컨텐츠는
 근로복지공단 산재판례 에서 수집한 데이터로, 관련 문의는 해당 기관으로 부탁드립니다.",https://www.law.go.kr/LSW/precInfoP.do?mode=0&precSeq=414150
414154,유족급여및장의비부지급처분취소,"본 컨텐츠는
 근로복지공단 산재판례 에서 수집한 데이터로, 관련 문의는 해당 기관으로 부탁드립니다.",https://www.law.go.kr/LSW/precInfoP.do?mode=0&precSeq=414154
414156,유족급여및장의비부지급처분취소,"본 컨텐츠는
 근로복지공단 산재판례 에서 수집한 데이터로, 관련 문의는 해당 기관으로 부탁드립니다.",https://www.law.go.kr/LSW/precInfoP.do?mode=0&precSeq=414156
414172,유족급여및장의비부지급처분취소,"본 컨텐츠는
 근로복지공단 산재판례 에서 수집한 데이터로, 관련 문의는 해당 기관으로 부탁드립니다.",https://www.law.go.kr/LSW/precInfoP.do?mode=0&precSeq=414172
414174,유족급여및장의비부지급처분취소,"본 컨텐츠는
 근로복지공단 산재판례 에서 수집한 데이터로, 관련 문의는 해당 기관으로 부탁드립니다.",https://www.law.go.kr/LSW/precInfoP.do?mode=0&precSeq=414174
414176,유족급여및장의비부지급처분취소,"본 컨텐츠는
 근로복지공단 산재판례 에서 수집한 데이터로, 관련 문의는 해당 기관으로 부탁드립니다.",https://www.law.go.kr/LSW/precInfoP.do?mode=0&precSeq=414176
414180,유족급여및장의비부지급처분취소,"본 컨텐츠는
 근로복지공단 산재판례 에서 수집한 데이터로, 관련 문의는 해당 기관으로 부탁드립니다.",https://www.law.go.kr/LSW/precInfoP.do?mode=0&precSeq=414180
414188,유족급여및장의비부지급처분취소,"본 컨텐츠는
 근로복지공단 산재판례 에서 수집한 데이터로, 관련 문의는 해당 기관으로 부탁드립니다.",https://www.law.go.kr/LSW/precInfoP.do?mode=0&precSeq=414188
414190,유족급여및장의비부지급처분취소,"본 컨텐츠는
 근로복지공단 산재판례 에서 수집한 데이터로, 관련 문의는 해당 기관으로 부탁드립니다.",https://www.law.go.kr/LSW/precInfoP.do?mode=0&precSeq=414190
414192,유족급여및장의비부지급처분취소,"본 컨텐츠는
 근로복지공단 산재판례 에서 수집한 데이터로, 관련 문의는 해당 기관으로 부탁드립니다.",https://www.law.go.kr/LSW/precInfoP.do?mode=0&precSeq=414192
414196,유족급여및장의비부지급처분취소,"본 컨텐츠는
 근로복지공단 산재판례 에서 수집한 데이터로, 관련 문의는 해당 기관으로 부탁드립니다.",https://www.law.go.kr/LSW/precInfoP.do?mode=0&precSeq=414196
414200,유족급여및장의비부지급처분취소,"본 컨텐츠는
 근로복지공단 산재판례 에서 수집한 데이터로, 관련 문의는 해당 기관으로 부탁드립니다.",https://www.law.go.kr/LSW/precInfoP.do?mode=0&precSeq=414200
414204,유족급여및장의비부지급처분취소,"본 컨텐츠는
 근로복지공단 산재판례 에서 수집한 데이터로, 관련 문의는 해당 기관으로 부탁드립니다.",https://www.law.go.kr/LSW/precInfoP.do?mode=0&precSeq=414204
414208,유족급여및장의비부지급처분취소,"본 컨텐츠는
 근로복지공단 산재판례 에서 수집한 데이터로, 관련 문의는 해당 기관으로 부탁드립니다.",https://www.law.go.kr/LSW/precInfoP.do?mode=0&precSeq=414208
414210,유족급여및장의비부지급처분취소,"본 컨텐츠는
 근로복지공단 산재판례 에서 수집한 데이터로, 관련 문의는 해당 기관으로 부탁드립니다.",https://www.law.go.kr/LSW/precInfoP.do?mode=0&precSeq=414210
414212,유족급여및장의비부지급처분취소,"본 컨텐츠는
 근로복지공단 산재판례 에서 수집한 데이터로, 관련 문의는 해당 기관으로 부탁드립니다.",https://www.law.go.kr/LSW/precInfoP.do?mode=0&precSeq=414212
414218,유족급여및장의비부지급처분취소,"본 컨텐츠는
 근로복지공단 산재판례 에서 수집한 데이터로, 관련 문의는 해당 기관으로 부탁드립니다.",https://www.law.go.kr/LSW/precInfoP.do?mode=0&precSeq=414218
414220,유족급여및장의비부지급처분취소,"본 컨텐츠는
 근로복지공단 산재판례 에서 수집한 데이터로, 관련 문의는 해당 기관으로 부탁드립니다.",https://www.law.go.kr/LSW/precInfoP.do?mode=0&precSeq=414220
414226,유족급여및장의비부지급처분취소,"본 컨텐츠는
 근로복지공단 산재판례 에서 수집한 데이터로, 관련 문의는 해당 기관으로 부탁드립니다.",https://www.law.go.kr/LSW/precInfoP.do?mode=0&precSeq=414226
414228,유족급여및장의비부지급처분취소,"본 컨텐츠는
 근로복지공단 산재판례 에서 수집한 데이터로, 관련 문의는 해당 기관으로 부탁드립니다.",https://www.law.go.kr/LSW/precInfoP.do?mode=0&precSeq=414228
414234,유족급여및장의비부지급처분취소,"본 컨텐츠는
 근로복지공단 산재판례 에서 수집한 데이터로, 관련 문의는 해당 기관으로 부탁드립니다.",https://www.law.go.kr/LSW/precInfoP.do?mode=0&precSeq=414234
414240,유족급여및장의비부지급처분취소,"본 컨텐츠는
 근로복지공단 산재판례 에서 수집한 데이터로, 관련 문의는 해당 기관으로 부탁드립니다.",https://www.law.go.kr/LSW/precInfoP.do?mode=0&precSeq=414240
414244,유족급여및장의비부지급처분취소,"본 컨텐츠는
 근로복지공단 산재판례 에서 수집한 데이터로, 관련 문의는 해당 기관으로 부탁드립니다.",https://www.law.go.kr/LSW/precInfoP.do?mode=0&precSeq=414244
414246,유족급여및장의비부지급처분취소,"본 컨텐츠는
 근로복지공단 산재판례 에서 수집한 데이터로, 관련 문의는 해당 기관으로 부탁드립니다.",https://www.law.go.kr/LSW/precInfoP.do?mode=0&precSeq=414246
414256,유족급여및장의비부지급처분취소,"본 컨텐츠는
 근로복지공단 산재판례 에서 수집한 데이터로, 관련 문의는 해당 기관으로 부탁드립니다.",https://www.law.go.kr/LSW/precInfoP.do?mode=0&precSeq=414256
414258,유족급여및장의비부지급처분취소,"본 컨텐츠는
 근로복지공단 산재판례 에서 수집한 데이터로, 관련 문의는 해당 기관으로 부탁드립니다.",https://www.law.go.kr/LSW/precInfoP.do?mode=0&precSeq=414258
414262,유족급여및장의비부지급처분취소,"본 컨텐츠는
 근로복지공단 산재판례 에서 수집한 데이터로, 관련 문의는 해당 기관으로 부탁드립니다.",https://www.law.go.kr/LSW/precInfoP.do?mode=0&precSeq=414262
414270,유족급여및장의비부지급처분취소,"본 컨텐츠는
 근로복지공단 산재판례 에서 수집한 데이터로, 관련 문의는 해당 기관으로 부탁드립니다.",https://www.law.go.kr/LSW/precInfoP.do?mode=0&precSeq=414270
414272,유족급여및장의비부지급처분취소,"본 컨텐츠는
 근로복지공단 산재판례 에서 수집한 데이터로, 관련 문의는 해당 기관으로 부탁드립니다.",https://www.law.go.kr/LSW/precInfoP.do?mode=0&precSeq=414272
414274,유족급여및장의비부지급처분취소,"본 컨텐츠는
 근로복지공단 산재판례 에서 수집한 데이터로, 관련 문의는 해당 기관으로 부탁드립니다.",https://www.law.go.kr/LSW/precInfoP.do?mode=0&precSeq=414274
416060,유족급여및장의비부지급처분취소,"본 컨텐츠는
 근로복지공단 산재판례 에서 수집한 데이터로, 관련 문의는 해당 기관으로 부탁드립니다.",https://www.law.go.kr/LSW/precInfoP.do?mode=0&precSeq=416060
416068,유족급여및장의비부지급처분취소,"본 컨텐츠는
 근로복지공단 산재판례 에서 수집한 데이터로, 관련 문의는 해당 기관으로 부탁드립니다.",https://www.law.go.kr/LSW/precInfoP.do?mode=0&precSeq=416068
416070,유족급여및장의비부지급처분취소,"본 컨텐츠는
 근로복지공단 산재판례 에서 수집한 데이터로, 관련 문의는 해당 기관으로 부탁드립니다.",https://www.law.go.kr/LSW/precInfoP.do?mode=0&precSeq=416070
416074,유족급여및장의비부지급처분취소,"본 컨텐츠는
 근로복지공단 산재판례 에서 수집한 데이터로, 관련 문의는 해당 기관으로 부탁드립니다.",https://www.law.go.kr/LSW/precInfoP.do?mode=0&precSeq=416074
416076,유족급여및장의비부지급처분취소,"본 컨텐츠는
 근로복지공단 산재판례 에서 수집한 데이터로, 관련 문의는 해당 기관으로 부탁드립니다.",https://www.law.go.kr/LSW/precInfoP.do?mode=0&precSeq=416076
416078,유족급여및장의비부지급처분취소,"본 컨텐츠는
 근로복지공단 산재판례 에서 수집한 데이터로, 관련 문의는 해당 기관으로 부탁드립니다.",https://www.law.go.kr/LSW/precInfoP.do?mode=0&precSeq=416078
416082,유족급여및장의비부지급처분취소,"본 컨텐츠는
 근로복지공단 산재판례 에서 수집한 데이터로, 관련 문의는 해당 기관으로 부탁드립니다.",https://www.law.go.kr/LSW/precInfoP.do?mode=0&precSeq=416082
416086,유족급여및장의비부지급처분취소,"본 컨텐츠는
 근로복지공단 산재판례 에서 수집한 데이터로, 관련 문의는 해당 기관으로 부탁드립니다.",https://www.law.go.kr/LSW/precInfoP.do?mode=0&precSeq=416086
416108,유족급여및장의비부지급처분취소,"본 컨텐츠는
 근로복지공단 산재판례 에서 수집한 데이터로, 관련 문의는 해당 기관으로 부탁드립니다.",https://www.law.go.kr/LSW/precInfoP.do?mode=0&precSeq=416108
416120,유족급여및장의비부지급처분취소,"본 컨텐츠는
 근로복지공단 산재판례 에서 수집한 데이터로, 관련 문의는 해당 기관으로 부탁드립니다.",https://www.law.go.kr/LSW/precInfoP.do?mode=0&precSeq=416120
416124,유족급여및장의비부지급처분취소,"본 컨텐츠는
 근로복지공단 산재판례 에서 수집한 데이터로, 관련 문의는 해당 기관으로 부탁드립니다.",https://www.law.go.kr/LSW/precInfoP.do?mode=0&precSeq=416124
416126,유족급여및장의비부지급처분취소,"본 컨텐츠는
 근로복지공단 산재판례 에서 수집한 데이터로, 관련 문의는 해당 기관으로 부탁드립니다.",https://www.law.go.kr/LSW/precInfoP.do?mode=0&precSeq=416126
416130,유족급여및장의비부지급처분취소,"본 컨텐츠는
 근로복지공단 산재판례 에서 수집한 데이터로, 관련 문의는 해당 기관으로 부탁드립니다.",https://www.law.go.kr/LSW/precInfoP.do?mode=0&precSeq=416130
416132,유족급여및장의비부지급처분취소,"본 컨텐츠는
 근로복지공단 산재판례 에서 수집한 데이터로, 관련 문의는 해당 기관으로 부탁드립니다.",https://www.law.go.kr/LSW/precInfoP.do?mode=0&precSeq=416132
416140,유족급여및장의비부지급처분취소,[서울행정법원 2022구합64914],https://www.law.go.kr/LSW/precInfoP.do?mode=0&precSeq=416140
416146,유족급여및장의비부지급처분취소,"본 컨텐츠는
 근로복지공단 산재판례 에서 수집한 데이터로, 관련 문의는 해당 기관으로 부탁드립니다.",https://www.law.go.kr/LSW/precInfoP.do?mode=0&precSeq=416146
416148,유족급여및장의비부지급처분취소,"본 컨텐츠는
 근로복지공단 산재판례 에서 수집한 데이터로, 관련 문의는 해당 기관으로 부탁드립니다.",https://www.law.go.kr/LSW/precInfoP.do?mode=0&precSeq=416148
416150,유족급여및장의비부지급처분취소,"본 컨텐츠는
 근로복지공단 산재판례 에서 수집한 데이터로, 관련 문의는 해당 기관으로 부탁드립니다.",https://www.law.go.kr/LSW/precInfoP.do?mode=0&precSeq=416150
416152,유족급여및장의비부지급처분취소,"본 컨텐츠는
 근로복지공단 산재판례 에서 수집한 데이터로, 관련 문의는 해당 기관으로 부탁드립니다.",https://www.law.go.kr/LSW/precInfoP.do?mode=0&precSeq=416152
416166,유족급여및장의비부지급처분취소,"본 컨텐츠는
 근로복지공단 산재판례 에서 수집한 데이터로, 관련 문의는 해당 기관으로 부탁드립니다.",https://www.law.go.kr/LSW/precInfoP.do?mode=0&precSeq=416166
416170,유족급여및장의비부지급처분취소,"본 컨텐츠는
 근로복지공단 산재판례 에서 수집한 데이터로, 관련 문의는 해당 기관으로 부탁드립니다.",https://www.law.go.kr/LSW/precInfoP.do?mode=0&precSeq=416170
416178,유족급여및장의비부지급처분취소,"본 컨텐츠는
 근로복지공단 산재판례 에서 수집한 데이터로, 관련 문의는 해당 기관으로 부탁드립니다.",https://www.law.go.kr/LSW/precInfoP.do?mode=0&precSeq=416178
416180,유족급여및장의비부지급처분취소,"본 컨텐츠는
 근로복지공단 산재판례 에서 수집한 데이터로, 관련 문의는 해당 기관으로 부탁드립니다.",https://www.law.go.kr/LSW/precInfoP.do?mode=0&precSeq=416180
416182,유족급여및장의비부지급처분취소,"본 컨텐츠는
 근로복지공단 산재판례 에서 수집한 데이터로, 관련 문의는 해당 기관으로 부탁드립니다.",https://www.law.go.kr/LSW/precInfoP.do?mode=0&precSeq=416182
416184,유족급여및장의비부지급처분취소,"본 컨텐츠는
 근로복지공단 산재판례 에서 수집한 데이터로, 관련 문의는 해당 기관으로 부탁드립니다.",https://www.law.go.kr/LSW/precInfoP.do?mode=0&precSeq=416184
416188,유족급여및장의비부지급처분취소,"본 컨텐츠는
 근로복지공단 산재판례 에서 수집한 데이터로, 관련 문의는 해당 기관으로 부탁드립니다.",https://www.law.go.kr/LSW/precInfoP.do?mode=0&precSeq=416188
416190,유족급여및장의비부지급처분취소,"본 컨텐츠는
 근로복지공단 산재판례 에서 수집한 데이터로, 관련 문의는 해당 기관으로 부탁드립니다.",https://www.law.go.kr/LSW/precInfoP.do?mode=0&precSeq=416190
416194,유족급여및장의비부지급처분취소,"본 컨텐츠는
 근로복지공단 산재판례 에서 수집한 데이터로, 관련 문의는 해당 기관으로 부탁드립니다.",https://www.law.go.kr/LSW/precInfoP.do?mode=0&precSeq=416194
416198,유족급여및장의비부지급처분취소,"본 컨텐츠는
 근로복지공단 산재판례 에서 수집한 데이터로, 관련 문의는 해당 기관으로 부탁드립니다.",https://www.law.go.kr/LSW/precInfoP.do?mode=0&precSeq=416198
416202,유족급여및장의비부지급처분취소,"본 컨텐츠는
 근로복지공단 산재판례 에서 수집한 데이터로, 관련 문의는 해당 기관으로 부탁드립니다.",https://www.law.go.kr/LSW/precInfoP.do?mode=0&precSeq=416202
416204,유족급여및장의비부지급처분취소,"본 컨텐츠는
 근로복지공단 산재판례 에서 수집한 데이터로, 관련 문의는 해당 기관으로 부탁드립니다.",https://www.law.go.kr/LSW/precInfoP.do?mode=0&precSeq=416204
416236,유족급여및장의비부지급처분취소,[서울행정법원 2022구합80763],https://www.law.go.kr/LSW/precInfoP.do?mode=0&precSeq=416236
416250,유족급여및장의비부지급처분취소,"본 컨텐츠는
 근로복지공단 산재판례 에서 수집한 데이터로, 관련 문의는 해당 기관으로 부탁드립니다.",https://www.law.go.kr/LSW/precInfoP.do?mode=0&precSeq=416250
417154,유족급여및장의비부지급처분취소,[서울행정법원 2023구합57791],https://www.law.go.kr/LSW/precInfoP.do?mode=0&precSeq=417154
396818,유족급여및장의비부지급처분취소,[수원지방법원 2016구단2520],https://www.law.go.kr/LSW/precInfoP.do?mode=0&precSeq=396818
396906,유족급여및장의비부지급처분취소,"본 컨텐츠는
 근로복지공단 산재판례 에서 수집한 데이터로, 관련 문의는 해당 기관으로 부탁드립니다.",https://www.law.go.kr/LSW/precInfoP.do?mode=0&precSeq=396906
397402,유족급여및장의비부지급처분취소,[수원지방법원 2016구단6195],https://www.law.go.kr/LSW/precInfoP.do?mode=0&precSeq=397402
397638,유족급여및장의비부지급처분취소,[수원지방법원 2016구단9132],https://www.law.go.kr/LSW/precInfoP.do?mode=0&precSeq=397638
413662,유족급여및장의비부지급처분취소,[수원지방법원 2021구단8102],https://www.law.go.kr/LSW/precInfoP.do?mode=0&precSeq=413662
415730,유족급여및장의비부지급처분취소,"본 컨텐츠는
 근로복지공단 산재판례 에서 수집한 데이터로, 관련 문의는 해당 기관으로 부탁드립니다.",https://www.law.go.kr/LSW/precInfoP.do?mode=0&precSeq=415730
362774,유족급여및장의비부지급처분취소,"본 컨텐츠는
 근로복지공단 산재판례 에서 수집한 데이터로, 관련 문의는 해당 기관으로 부탁드립니다.",https://www.law.go.kr/LSW/precInfoP.do?mode=0&precSeq=362774
365244,유족급여및장의비부지급처분취소,[울산지방법원 2008구합529],https://www.law.go.kr/LSW/precInfoP.do?mode=0&precSeq=365244
368622,유족급여및장의비부지급처분취소,"본 컨텐츠는
 근로복지공단 산재판례 에서 수집한 데이터로, 관련 문의는 해당 기관으로 부탁드립니다.",https://www.law.go.kr/LSW/precInfoP.do?mode=0&precSeq=368622
377838,유족급여및장의비부지급처분취소,[울산지방법원 2011구합31],https://www.law.go.kr/LSW/precInfoP.do?mode=0&precSeq=377838
381908,유족급여및장의비부지급처분취소,"본 컨텐츠는
 근로복지공단 산재판례 에서 수집한 데이터로, 관련 문의는 해당 기관으로 부탁드립니다.",https://www.law.go.kr/LSW/precInfoP.do?mode=0&precSeq=381908
393850,유족급여및장의비부지급처분취소,[울산지방법원 2015구합1315],https://www.law.go.kr/LSW/precInfoP.do?mode=0&precSeq=393850
393940,유족급여및장의비부지급처분취소,[울산지방법원 2015구합305],https://www.law.go.kr/LSW/precInfoP.do?mode=0&precSeq=393940
394196,유족급여및장의비부지급처분취소,[울산지방법원 2015구합6280],https://www.law.go.kr/LSW/precInfoP.do?mode=0&precSeq=394196
394282,유족급여및장의비부지급처분취소,"본 컨텐츠는
 근로복지공단 산재판례 에서 수집한 데이터로, 관련 문의는 해당 기관으로 부탁드립니다.",https://www.law.go.kr/LSW/precInfoP.do?mode=0&precSeq=394282
394300,유족급여및장의비부지급처분취소,"본 컨텐츠는
 근로복지공단 산재판례 에서 수집한 데이터로, 관련 문의는 해당 기관으로 부탁드립니다.",https://www.law.go.kr/LSW/precInfoP.do?mode=0&precSeq=394300
394370,유족급여및장의비부지급처분취소,[울산지방법원 2015구합725],https://www.law.go.kr/LSW/precInfoP.do?mode=0&precSeq=394370
397722,유족급여및장의비부지급처분취소,[울산지방법원 2016구합203],https://www.law.go.kr/LSW/precInfoP.do?mode=0&precSeq=397722
397824,유족급여및장의비부지급처분취소,[울산지방법원 2016구합5079],https://www.law.go.kr/LSW/precInfoP.do?mode=0&precSeq=397824
397874,유족급여및장의비부지급처분취소,[울산지방법원 2016구합5208],https://www.law.go.kr/LSW/precInfoP.do?mode=0&precSeq=397874
397952,유족급여및장의비부지급처분취소,[울산지방법원 2016구합5567],https://www.law.go.kr/LSW/precInfoP.do?mode=0&precSeq=397952
397998,유족급여및장의비부지급처분취소,[울산지방법원 2016구합5772],https://www.law.go.kr/LSW/precInfoP.do?mode=0&precSeq=397998
398044,유족급여및장의비부지급처분취소,[울산지방법원 2016구합6096],https://www.law.go.kr/LSW/precInfoP.do?mode=0&precSeq=398044
398082,유족급여및장의비부지급처분취소,[울산지방법원 2016구합6270],https://www.law.go.kr/LSW/precInfoP.do?mode=0&precSeq=398082
398154,유족급여및장의비부지급처분취소,[울산지방법원 2016구합6706],https://www.law.go.kr/LSW/precInfoP.do?mode=0&precSeq=398154
398158,유족급여및장의비부지급처분취소,[울산지방법원 2016구합6720],https://www.law.go.kr/LSW/precInfoP.do?mode=0&precSeq=398158
398448,유족급여및장의비부지급처분취소,[울산지방법원 2016구합876],https://www.law.go.kr/LSW/precInfoP.do?mode=0&precSeq=398448
408466,유족급여및장의비부지급처분취소,"본 컨텐츠는
 근로복지공단 산재판례 에서 수집한 데이터로, 관련 문의는 해당 기관으로 부탁드립니다.",https://www.law.go.kr/LSW/precInfoP.do?mode=0&precSeq=408466
411444,유족급여및장의비부지급처분취소,"본 컨텐츠는
 근로복지공단 산재판례 에서 수집한 데이터로, 관련 문의는 해당 기관으로 부탁드립니다.",https://www.law.go.kr/LSW/precInfoP.do?mode=0&precSeq=411444
414164,유족급여및장의비부지급처분취소,"본 컨텐츠는
 근로복지공단 산재판례 에서 수집한 데이터로, 관련 문의는 해당 기관으로 부탁드립니다.",https://www.law.go.kr/LSW/precInfoP.do?mode=0&precSeq=414164
414178,유족급여및장의비부지급처분취소,"본 컨텐츠는
 근로복지공단 산재판례 에서 수집한 데이터로, 관련 문의는 해당 기관으로 부탁드립니다.",https://www.law.go.kr/LSW/precInfoP.do?mode=0&precSeq=414178
414242,유족급여및장의비부지급처분취소,"본 컨텐츠는
 근로복지공단 산재판례 에서 수집한 데이터로, 관련 문의는 해당 기관으로 부탁드립니다.",https://www.law.go.kr/LSW/precInfoP.do?mode=0&precSeq=414242
414252,유족급여및장의비부지급처분취소,"본 컨텐츠는
 근로복지공단 산재판례 에서 수집한 데이터로, 관련 문의는 해당 기관으로 부탁드립니다.",https://www.law.go.kr/LSW/precInfoP.do?mode=0&precSeq=414252
414276,유족급여및장의비부지급처분취소,"본 컨텐츠는
 근로복지공단 산재판례 에서 수집한 데이터로, 관련 문의는 해당 기관으로 부탁드립니다.",https://www.law.go.kr/LSW/precInfoP.do?mode=0&precSeq=414276
416128,유족급여및장의비부지급처분취소,[울산지방법원 2022구합6363],https://www.law.go.kr/LSW/precInfoP.do?mode=0&precSeq=416128
416168,유족급여및장의비부지급처분취소,"본 컨텐츠는
 근로복지공단 산재판례 에서 수집한 데이터로, 관련 문의는 해당 기관으로 부탁드립니다.",https://www.law.go.kr/LSW/precInfoP.do?mode=0&precSeq=416168
408078,유족급여및장의비부지급처분취소,[의정부지방법원 2019구합14914],https://www.law.go.kr/LSW/precInfoP.do?mode=0&precSeq=408078
416050,유족급여및장의비부지급처분취소,[의정부지방법원 2022구합14259],https://www.law.go.kr/LSW/precInfoP.do?mode=0&precSeq=416050
363794,유족급여및장의비부지급처분취소,[인천지방법원 2008구단201],https://www.law.go.kr/LSW/precInfoP.do?mode=0&precSeq=363794
369104,유족급여및장의비부지급처분취소,[인천지방법원 2009구합670],https://www.law.go.kr/LSW/precInfoP.do?mode=0&precSeq=369104
397886,유족급여및장의비부지급처분취소,[인천지방법원 2016구합52761],https://www.law.go.kr/LSW/precInfoP.do?mode=0&precSeq=397886
362596,유족급여및장의비부지급처분취소,"본 컨텐츠는
 근로복지공단 산재판례 에서 수집한 데이터로, 관련 문의는 해당 기관으로 부탁드립니다.",https://www.law.go.kr/LSW/precInfoP.do?mode=0&precSeq=362596
364800,유족급여및장의비부지급처분취소,[전주지방법원 2008구합2115],https://www.law.go.kr/LSW/precInfoP.do?mode=0&precSeq=364800
396978,유족급여및장의비부지급처분취소,[전주지방법원 2016구단506],https://www.law.go.kr/LSW/precInfoP.do?mode=0&precSeq=396978
409904,유족급여및장의비부지급처분취소,"본 컨텐츠는
 근로복지공단 산재판례 에서 수집한 데이터로, 관련 문의는 해당 기관으로 부탁드립니다.",https://www.law.go.kr/LSW/precInfoP.do?mode=0&precSeq=409904
411010,유족급여및장의비부지급처분취소,"본 컨텐츠는
 근로복지공단 산재판례 에서 수집한 데이터로, 관련 문의는 해당 기관으로 부탁드립니다.",https://www.law.go.kr/LSW/precInfoP.do?mode=0&precSeq=411010
411014,유족급여및장의비부지급처분취소,"본 컨텐츠는
 근로복지공단 산재판례 에서 수집한 데이터로, 관련 문의는 해당 기관으로 부탁드립니다.",https://www.law.go.kr/LSW/precInfoP.do?mode=0&precSeq=411014
369124,유족급여및장의비부지급처분취소,[제주지방법원 2009구합717],https://www.law.go.kr/LSW/precInfoP.do?mode=0&precSeq=369124
378098,유족급여및장의비부지급처분취소,[제주지방법원 2011구합611],https://www.law.go.kr/LSW/precInfoP.do?mode=0&precSeq=378098
408320,유족급여및장의비부지급처분취소,"본 컨텐츠는
 근로복지공단 산재판례 에서 수집한 데이터로, 관련 문의는 해당 기관으로 부탁드립니다.",https://www.law.go.kr/LSW/precInfoP.do?mode=0&precSeq=408320
413834,유족급여및장의비부지급처분취소,[제주지방법원 2021구합5424],https://www.law.go.kr/LSW/precInfoP.do?mode=0&precSeq=413834
230349,유족급여및장의비부지급처분취소,,https://www.law.go.kr/LSW/precInfoP.do?mode=0&precSeq=230349
361544,유족급여및장의비부지급처분취소,[창원지방법원 2006구단1198],https://www.law.go.kr/LSW/precInfoP.do?mode=0&precSeq=361544
362182,유족급여및장의비부지급처분취소,[창원지방법원 2007구단1898],https://www.law.go.kr/LSW/precInfoP.do?mode=0&precSeq=362182
362200,유족급여및장의비부지급처분취소,"본 컨텐츠는
 근로복지공단 산재판례 에서 수집한 데이터로, 관련 문의는 해당 기관으로 부탁드립니다.",https://www.law.go.kr/LSW/precInfoP.do?mode=0&precSeq=362200
362286,유족급여및장의비부지급처분취소,"본 컨텐츠는
 근로복지공단 산재판례 에서 수집한 데이터로, 관련 문의는 해당 기관으로 부탁드립니다.",https://www.law.go.kr/LSW/precInfoP.do?mode=0&precSeq=362286
371536,유족급여및장의비부지급처분취소,[창원지방법원 2010구단1041],https://www.law.go.kr/LSW/precInfoP.do?mode=0&precSeq=371536
371738,유족급여및장의비부지급처분취소,"본 컨텐츠는
 근로복지공단 산재판례 에서 수집한 데이터로, 관련 문의는 해당 기관으로 부탁드립니다.",https://www.law.go.kr/LSW/precInfoP.do?mode=0&precSeq=371738
371978,유족급여및장의비부지급처분취소,[창원지방법원 2010구단1843],https://www.law.go.kr/LSW/precInfoP.do?mode=0&precSeq=371978
384296,유족급여및장의비부지급처분취소,[창원지방법원 2013구단10091],https://www.law.go.kr/LSW/precInfoP.do?mode=0&precSeq=384296
388526,유족급여및장의비부지급처분취소,[창원지방법원 2014구단107],https://www.law.go.kr/LSW/precInfoP.do?mode=0&precSeq=388526
388926,유족급여및장의비부지급처분취소,[창원지방법원 2014구단251],https://www.law.go.kr/LSW/precInfoP.do?mode=0&precSeq=388926
392374,유족급여및장의비부지급처분취소,"본 컨텐츠는
 근로복지공단 산재판례 에서 수집한 데이터로, 관련 문의는 해당 기관으로 부탁드립니다.",https://www.law.go.kr/LSW/precInfoP.do?mode=0&precSeq=392374
392410,유족급여및장의비부지급처분취소,"본 컨텐츠는
 근로복지공단 산재판례 에서 수집한 데이터로, 관련 문의는 해당 기관으로 부탁드립니다.",https://www.law.go.kr/LSW/precInfoP.do?mode=0&precSeq=392410
392688,유족급여및장의비부지급처분취소,"본 컨텐츠는
 근로복지공단 산재판례 에서 수집한 데이터로, 관련 문의는 해당 기관으로 부탁드립니다.",https://www.law.go.kr/LSW/precInfoP.do?mode=0&precSeq=392688
393802,유족급여및장의비부지급처분취소,[창원지방법원 2015구단98],https://www.law.go.kr/LSW/precInfoP.do?mode=0&precSeq=393802
396464,유족급여및장의비부지급처분취소,[창원지방법원 2016구단10245],https://www.law.go.kr/LSW/precInfoP.do?mode=0&precSeq=396464
396918,유족급여및장의비부지급처분취소,"본 컨텐츠는
 근로복지공단 산재판례 에서 수집한 데이터로, 관련 문의는 해당 기관으로 부탁드립니다.",https://www.law.go.kr/LSW/precInfoP.do?mode=0&precSeq=396918
413766,유족급여및장의비부지급처분취소,"본 컨텐츠는
 근로복지공단 산재판례 에서 수집한 데이터로, 관련 문의는 해당 기관으로 부탁드립니다.",https://www.law.go.kr/LSW/precInfoP.do?mode=0&precSeq=413766
415312,유족급여및장의비부지급처분취소,"본 컨텐츠는
 근로복지공단 산재판례 에서 수집한 데이터로, 관련 문의는 해당 기관으로 부탁드립니다.",https://www.law.go.kr/LSW/precInfoP.do?mode=0&precSeq=415312
416062,유족급여및장의비부지급처분취소,"본 컨텐츠는
 근로복지공단 산재판례 에서 수집한 데이터로, 관련 문의는 해당 기관으로 부탁드립니다.",https://www.law.go.kr/LSW/precInfoP.do?mode=0&precSeq=416062
373292,유족급여및장의비부지급처분취소,[청주지방법원 2010구합1854],https://www.law.go.kr/LSW/precInfoP.do?mode=0&precSeq=373292
393832,유족급여및장의비부지급처분취소,[청주지방법원 2015구합11788],https://www.law.go.kr/LSW/precInfoP.do?mode=0&precSeq=393832
393838,유족급여및장의비부지급처분취소,[청주지방법원 2015구합12071],https://www.law.go.kr/LSW/precInfoP.do?mode=0&precSeq=393838
408322,유족급여및장의비부지급처분취소,[청주지방법원 2019구합6210],https://www.law.go.kr/LSW/precInfoP.do?mode=0&precSeq=408322
408362,유족급여및장의비부지급처분취소,"본 컨텐츠는
 근로복지공단 산재판례 에서 수집한 데이터로, 관련 문의는 해당 기관으로 부탁드립니다.",https://www.law.go.kr/LSW/precInfoP.do?mode=0&precSeq=408362
393990,유족급여및장의비부지급처분취소,[춘천지방법원 2015구합5021],https://www.law.go.kr/LSW/precInfoP.do?mode=0&precSeq=393990
397712,유족급여및장의비부지급처분취소,[춘천지방법원 2016구합16],https://www.law.go.kr/LSW/precInfoP.do?mode=0&precSeq=397712
397826,유족급여및장의비부지급처분취소,[춘천지방법원 2016구합50790],https://www.law.go.kr/LSW/precInfoP.do?mode=0&precSeq=397826
397846,유족급여및장의비부지급처분취소,[춘천지방법원 2016구합51304],https://www.law.go.kr/LSW/precInfoP.do?mode=0&precSeq=397846
397850,유족급여및장의비부지급처분취소,[춘천지방법원 2016구합51328],https://www.law.go.kr/LSW/precInfoP.do?mode=0&precSeq=397850
397856,유족급여및장의비부지급처분취소,[춘천지방법원 2016구합51489],https://www.law.go.kr/LSW/precInfoP.do?mode=0&precSeq=397856
393884,유족급여및장의비부지급처분취소,[춘천지방법원강릉지원 2015구합1688],https://www.law.go.kr/LSW/precInfoP.do?mode=0&precSeq=393884
184748,유족급여및장의비부지급처분취소(업무상 재해 여부가 문제된 사건),[대법원 2017. 4. 27. 선고 2016두55919 판결],https://www.law.go.kr/LSW/precInfoP.do?mode=0&precSeq=184748
226353,유족급여및장의비부지급처분취소[산업재해보상보험법상 상당인과관계 인정 여부 사건],,https://www.law.go.kr/LSW/precInfoP.do?mode=0&precSeq=226353
221963,유족급여및장의비부지급처분취소[유족급여및장의비부지급처분취소 사건],[대법원 2022. 5. 26. 선고 2022두30072 판결],https://www.law.go.kr/LSW/precInfoP.do?mode=0&precSeq=221963
184003,유족급여및장의비부지급처분취소등,[대법원 2016. 8. 30. 선고 2014두12185 판결],https://www.law.go.kr/LSW/precInfoP.do?mode=0&precSeq=184003
381918,유족급여및장의비부지급처분취소등,"본 컨텐츠는
 근로복지공단 산재판례 에서 수집한 데이터로, 관련 문의는 해당 기관으로 부탁드립니다.",https://www.law.go.kr/LSW/precInfoP.do?mode=0&precSeq=381918
238415,유족급여및장의비부지급처분취소의소,[대법원 2023. 5. 18. 선고 2019두44330 판결],https://www.law.go.kr/LSW/precInfoP.do?mode=0&precSeq=238415
396772,유족급여및장의비부지급처분취소의소,[부산지방법원 2016구단21170],https://www.law.go.kr/LSW/precInfoP.do?mode=0&precSeq=396772
414198,유족급여및장의비부지급처분취소의소,"본 컨텐츠는
 근로복지공단 산재판례 에서 수집한 데이터로, 관련 문의는 해당 기관으로 부탁드립니다.",https://www.law.go.kr/LSW/precInfoP.do?mode=0&precSeq=414198
145925,유족급여및장의비부지급처분취소청구사건,[서울고법 1994. 6. 16. 선고 93구25785 제10특별부판결 : 확정],https://www.law.go.kr/LSW/precInfoP.do?mode=0&precSeq=145925
373192,유족급여및장의비부지급처분취소청구의소,[서울행정법원 2010구합139],https://www.law.go.kr/LSW/precInfoP.do?mode=0&precSeq=373192
373348,유족급여및장의비부지급처분취소청구의소,[서울행정법원 2010구합2104],https://www.law.go.kr/LSW/precInfoP.do?mode=0&precSeq=373348
408338,유족급여및장의비부지급처분취소청구의소,"본 컨텐츠는
 근로복지공단 산재판례 에서 수집한 데이터로, 관련 문의는 해당 기관으로 부탁드립니다.",https://www.law.go.kr/LSW/precInfoP.do?mode=0&precSeq=408338
367496,유족급여및장의비불승인결정취소,[인천지방법원 2009구단2433],https://www.law.go.kr/LSW/precInfoP.do?mode=0&precSeq=367496
394424,유족급여및장의비불승인처분취소,[서울행정법원 2015구합75312],https://www.law.go.kr/LSW/precInfoP.do?mode=0&precSeq=394424
393712,유족급여및장의비불승인처분취소,"본 컨텐츠는
 근로복지공단 산재판례 에서 수집한 데이터로, 관련 문의는 해당 기관으로 부탁드립니다.",https://www.law.go.kr/LSW/precInfoP.do?mode=0&precSeq=393712
69221,유족급여및장의비조정지급처분취소,,https://www.law.go.kr/LSW/precInfoP.do?mode=0&precSeq=69221
365240,유족급여및장의비지급거부처분취소,[전주지방법원 2008구합522],https://www.law.go.kr/LSW/precInfoP.do?mode=0&precSeq=365240
382226,유족급여및장의비지급처분취소,[서울행정법원 2012구합41448],https://www.law.go.kr/LSW/precInfoP.do?mode=0&precSeq=382226
398134,유족급여및장의비지급처분취소,[서울행정법원 2016구합65633],https://www.law.go.kr/LSW/precInfoP.do?mode=0&precSeq=398134
416136,유족급여및장의비지급처분취소,"본 컨텐츠는
 근로복지공단 산재판례 에서 수집한 데이터로, 관련 문의는 해당 기관으로 부탁드립니다.",https://www.law.go.kr/LSW/precInfoP.do?mode=0&precSeq=416136
373398,유족급여및장의비청구반려처분취소,[서울행정법원 2010구합23064],https://www.law.go.kr/LSW/precInfoP.do?mode=0&precSeq=373398
381872,유족급여및장의비청구서반려처분취소,"본 컨텐츠는
 근로복지공단 산재판례 에서 수집한 데이터로, 관련 문의는 해당 기관으로 부탁드립니다.",https://www.law.go.kr/LSW/precInfoP.do?mode=0&precSeq=381872
397896,유족급여및장의비청구처리결과알림처분취소,[울산지방법원 2016구합5307],https://www.law.go.kr/LSW/precInfoP.do?mode=0&precSeq=397896
365212,유족급여반려처분취소,[서울행정법원 2008구합49223],https://www.law.go.kr/LSW/precInfoP.do?mode=0&precSeq=365212
397762,유족급여부지급처분등취소,[서울행정법원 2016구합261],https://www.law.go.kr/LSW/precInfoP.do?mode=0&precSeq=397762
179748,유족급여부지급처분취소,,https://www.law.go.kr/LSW/precInfoP.do?mode=0&precSeq=179748
203284,유족급여부지급처분취소,,https://www.law.go.kr/LSW/precInfoP.do?mode=0&precSeq=203284
390744,유족급여부지급처분취소,[서울고등법원 2014누2845],https://www.law.go.kr/LSW/precInfoP.do?mode=0&precSeq=390744
362640,유족급여부지급처분취소,[서울행정법원 2007구합17182],https://www.law.go.kr/LSW/precInfoP.do?mode=0&precSeq=362640
381876,유족급여부지급처분취소,"본 컨텐츠는
 근로복지공단 산재판례 에서 수집한 데이터로, 관련 문의는 해당 기관으로 부탁드립니다.",https://www.law.go.kr/LSW/precInfoP.do?mode=0&precSeq=381876
398370,유족급여부지급처분취소,[서울행정법원 2016구합80915],https://www.law.go.kr/LSW/precInfoP.do?mode=0&precSeq=398370
411420,유족급여부지급처분취소,"본 컨텐츠는
 근로복지공단 산재판례 에서 수집한 데이터로, 관련 문의는 해당 기관으로 부탁드립니다.",https://www.law.go.kr/LSW/precInfoP.do?mode=0&precSeq=411420
411424,유족급여부지급처분취소,"본 컨텐츠는
 근로복지공단 산재판례 에서 수집한 데이터로, 관련 문의는 해당 기관으로 부탁드립니다.",https://www.law.go.kr/LSW/precInfoP.do?mode=0&precSeq=411424
373336,유족급여부지급처분취소,[춘천지방법원 2010구합2034],https://www.law.go.kr/LSW/precInfoP.do?mode=0&precSeq=373336
394336,유족급여부지급처분취소 청구의 소,"본 컨텐츠는
 근로복지공단 산재판례 에서 수집한 데이터로, 관련 문의는 해당 기관으로 부탁드립니다.",https://www.law.go.kr/LSW/precInfoP.do?mode=0&precSeq=394336
414162,유족급여부지급처분취소 청구의 소,"본 컨텐츠는
 근로복지공단 산재판례 에서 수집한 데이터로, 관련 문의는 해당 기관으로 부탁드립니다.",https://www.law.go.kr/LSW/precInfoP.do?mode=0&precSeq=414162
107299,"유족급여부지급취소,장의비부지급취소",,https://www.law.go.kr/LSW/precInfoP.do?mode=0&precSeq=107299
377518,유족급여불승인처분취소,"본 컨텐츠는
 근로복지공단 산재판례 에서 수집한 데이터로, 관련 문의는 해당 기관으로 부탁드립니다.",https://www.law.go.kr/LSW/precInfoP.do?mode=0&precSeq=377518
393892,유족급여빛장의비부지급처분취소,[서울행정법원 2015구합2048],https://www.law.go.kr/LSW/precInfoP.do?mode=0&precSeq=393892
398684,유족급여수급권소멸 및 부당이득금 징수결정취소,[부산고등법원 2016누24038],https://www.law.go.kr/LSW/precInfoP.do?mode=0&precSeq=398684
375072,유족급여수급권자결정처분취소,[서울고등법원 2010누42937],https://www.law.go.kr/LSW/precInfoP.do?mode=0&precSeq=375072
373300,유족급여수급권자결정처분취소,[서울행정법원 2010구합19096],https://www.law.go.kr/LSW/precInfoP.do?mode=0&precSeq=373300
373430,유족급여신청에대한부작위위법확인등,[서울행정법원 2010구합24449],https://www.law.go.kr/LSW/precInfoP.do?mode=0&precSeq=373430
414182,유족급여일부부지급처분취소,"본 컨텐츠는
 근로복지공단 산재판례 에서 수집한 데이터로, 관련 문의는 해당 기관으로 부탁드립니다.",https://www.law.go.kr/LSW/precInfoP.do?mode=0&precSeq=414182
170918,유족급여일부부지급처분취소,,https://www.law.go.kr/LSW/precInfoP.do?mode=0&precSeq=170918
414160,유족급여일부부지급처분취소의소,"본 컨텐츠는
 근로복지공단 산재판례 에서 수집한 데이터로, 관련 문의는 해당 기관으로 부탁드립니다.",https://www.law.go.kr/LSW/precInfoP.do?mode=0&precSeq=414160
201464,유족급여일시금및장의비부지급처분취소,,https://www.law.go.kr/LSW/precInfoP.do?mode=0&precSeq=201464
387846,유족급여일시금부지급처분취소,[서울고등법원 2013누9085],https://www.law.go.kr/LSW/precInfoP.do?mode=0&precSeq=387846
70067,유족급여조정지급처분취소,[서울행법 2005. 5. 17. 선고 2004구합38164 판결: 확정],https://www.law.go.kr/LSW/precInfoP.do?mode=0&precSeq=70067
379754,유족급여지급거부처분취소,[대법원 2011두15145],https://www.law.go.kr/LSW/precInfoP.do?mode=0&precSeq=379754
397830,유족급여지급결정취소처분취소청구등,[서울행정법원 2016구합50884],https://www.law.go.kr/LSW/precInfoP.do?mode=0&precSeq=397830
193824,유족급여지급방식결정처분취소,,https://www.law.go.kr/LSW/precInfoP.do?mode=0&precSeq=193824
381964,유족급여지급중지및기지급액환수처분취소,"본 컨텐츠는
 근로복지공단 산재판례 에서 수집한 데이터로, 관련 문의는 해당 기관으로 부탁드립니다.",https://www.law.go.kr/LSW/precInfoP.do?mode=0&precSeq=381964
398002,유족급여지급처분취소 등,[서울행정법원 2016구합58031],https://www.law.go.kr/LSW/precInfoP.do?mode=0&precSeq=398002
369080,유족급여청구거부처분취소,[서울행정법원 2009구합57313],https://www.law.go.kr/LSW/precInfoP.do?mode=0&precSeq=369080
366470,유족보상 등,[대구고등법원 2008누977],https://www.law.go.kr/LSW/precInfoP.do?mode=0&precSeq=366470
362686,유족보상 및 장의비 부지급 결정 취소,"본 컨텐츠는
 근로복지공단 산재판례 에서 수집한 데이터로, 관련 문의는 해당 기관으로 부탁드립니다.",https://www.law.go.kr/LSW/precInfoP.do?mode=0&precSeq=362686
397674,유족보상 및 장의비 부지급 처분취소,[청주지방법원 2016구합10409],https://www.law.go.kr/LSW/precInfoP.do?mode=0&precSeq=397674
397492,유족보상 및 장의비 부지급 처분취소청구의,[수원지방법원 2016구단6522],https://www.law.go.kr/LSW/precInfoP.do?mode=0&precSeq=397492
391422,유족보상 및 장의비 부지급처분취소,[대구고등법원 2014누6273],https://www.law.go.kr/LSW/precInfoP.do?mode=0&precSeq=391422
375144,유족보상 및 장의비 부지급처분취소,[부산고등법원 2010누4698],https://www.law.go.kr/LSW/precInfoP.do?mode=0&precSeq=375144
372690,유족보상 및 장의비부지급 처분취소,[부산지방법원 2010구단41],https://www.law.go.kr/LSW/precInfoP.do?mode=0&precSeq=372690
365248,유족보상 및 장의비부지급결정취소,[서울행정법원 2008구합5384],https://www.law.go.kr/LSW/precInfoP.do?mode=0&precSeq=365248
362890,유족보상 및 장의비부지급처 분취소,"본 컨텐츠는
 근로복지공단 산재판례 에서 수집한 데이터로, 관련 문의는 해당 기관으로 부탁드립니다.",https://www.law.go.kr/LSW/precInfoP.do?mode=0&precSeq=362890
369664,유족보상 및 장의비부지급취소,[대구고등법원 2009누2031],https://www.law.go.kr/LSW/precInfoP.do?mode=0&precSeq=369664
363816,"유족보상, 장의비 부지급처분취소",[창원지방법원 2008구단2119],https://www.law.go.kr/LSW/precInfoP.do?mode=0&precSeq=363816
374960,"유족보상,장의비부지급처분취소",[부산고등법원 2010누3824],https://www.law.go.kr/LSW/precInfoP.do?mode=0&precSeq=374960
365238,유족보상.장의비부지급처분취소,[춘천지방법원강릉지원 2008구합519],https://www.law.go.kr/LSW/precInfoP.do?mode=0&precSeq=365238
365242,유족보상.장의비지급거부처분취소,[춘천지방법원강릉지원 2008구합526],https://www.law.go.kr/LSW/precInfoP.do?mode=0&precSeq=365242
177470,유족보상·장의비부지급처분취소,,https://www.law.go.kr/LSW/precInfoP.do?mode=0&precSeq=177470
363820,유족보상·장의비청구서부지급처분취소,[부산지방법원 2008구단215],https://www.law.go.kr/LSW/precInfoP.do?mode=0&precSeq=363820
120866,유족보상금,[서울지법 1999. 6. 8. 선고 98가합79650 판결 ： 확정],https://www.law.go.kr/LSW/precInfoP.do?mode=0&precSeq=120866
120866,유족보상금,,https://www.law.go.kr/LSW/precInfoP.do?mode=0&precSeq=120866
364642,유족보상금 및 장의비부지급 처분취소,[서울행정법원 2008구합10577],https://www.law.go.kr/LSW/precInfoP.do?mode=0&precSeq=364642
196113,유족보상금등,[대법원 1998. 1. 20. 선고 97다39087 판결],https://www.law.go.kr/LSW/precInfoP.do?mode=0&precSeq=196113
364658,유족보상금등 부지급처분취소,[울산지방법원 2008구합1188],https://www.law.go.kr/LSW/precInfoP.do?mode=0&precSeq=364658
368704,유족보상금등부지 급처 분취 소,"본 컨텐츠는
 근로복지공단 산재판례 에서 수집한 데이터로, 관련 문의는 해당 기관으로 부탁드립니다.",https://www.law.go.kr/LSW/precInfoP.do?mode=0&precSeq=368704
199287,유족보상금등부지급처분취소,,https://www.law.go.kr/LSW/precInfoP.do?mode=0&precSeq=199287
375246,유족보상금등부지급처분취소,"본 컨텐츠는
 근로복지공단 산재판례 에서 수집한 데이터로, 관련 문의는 해당 기관으로 부탁드립니다.",https://www.law.go.kr/LSW/precInfoP.do?mode=0&precSeq=375246
363906,유족보상금등부지급처분취소,[부산지방법원 2008구단2563],https://www.law.go.kr/LSW/precInfoP.do?mode=0&precSeq=363906
374728,유족보상금등부지급처분취소,[서울고등법원 2010누30002],https://www.law.go.kr/LSW/precInfoP.do?mode=0&precSeq=374728
368588,유족보상금등부지급처분취소,"본 컨텐츠는
 근로복지공단 산재판례 에서 수집한 데이터로, 관련 문의는 해당 기관으로 부탁드립니다.",https://www.law.go.kr/LSW/precInfoP.do?mode=0&precSeq=368588
368772,유족보상금등부지급처분취소,"본 컨텐츠는
 근로복지공단 산재판례 에서 수집한 데이터로, 관련 문의는 해당 기관으로 부탁드립니다.",https://www.law.go.kr/LSW/precInfoP.do?mode=0&precSeq=368772
362702,유족보상금등부지급처분취소,"본 컨텐츠는
 근로복지공단 산재판례 에서 수집한 데이터로, 관련 문의는 해당 기관으로 부탁드립니다.",https://www.law.go.kr/LSW/precInfoP.do?mode=0&precSeq=362702
362728,유족보상금등부지급처분취소,"본 컨텐츠는
 근로복지공단 산재판례 에서 수집한 데이터로, 관련 문의는 해당 기관으로 부탁드립니다.",https://www.law.go.kr/LSW/precInfoP.do?mode=0&precSeq=362728
373930,유족보상금등부지급처분취소,"본 컨텐츠는
 근로복지공단 산재판례 에서 수집한 데이터로, 관련 문의는 해당 기관으로 부탁드립니다.",https://www.law.go.kr/LSW/precInfoP.do?mode=0&precSeq=373930
373802,유족보상금등부지급취소청구의소,[서울행정법원 2010구합4421],https://www.law.go.kr/LSW/precInfoP.do?mode=0&precSeq=373802
362362,유족보상금등지급청구반려처분취소,"본 컨텐츠는
 근로복지공단 산재판례 에서 수집한 데이터로, 관련 문의는 해당 기관으로 부탁드립니다.",https://www.law.go.kr/LSW/precInfoP.do?mode=0&precSeq=362362
204178,유족보상금등지급청구부결처분취소,[대법원 1991. 11. 8. 선고 91누3727 판결],https://www.law.go.kr/LSW/precInfoP.do?mode=0&precSeq=204178
201461,유족보상금등지급청구부결처분취소,,https://www.law.go.kr/LSW/precInfoP.do?mode=0&precSeq=201461
200195,유족보상금등지급청구부결처분취소,[대법원 1994. 5. 24. 선고 94누3056 판결],https://www.law.go.kr/LSW/precInfoP.do?mode=0&precSeq=200195
366358,유족보상금등지급청구부결처분취소,[서울고등법원 2008누5386],https://www.law.go.kr/LSW/precInfoP.do?mode=0&precSeq=366358
119583,유족보상금등지급청구부결처분취소,,https://www.law.go.kr/LSW/precInfoP.do?mode=0&precSeq=119583
362758,유족보상금등지급청구부결처분취소,"본 컨텐츠는
 근로복지공단 산재판례 에서 수집한 데이터로, 관련 문의는 해당 기관으로 부탁드립니다.",https://www.law.go.kr/LSW/precInfoP.do?mode=0&precSeq=362758
373248,유족보상금등지급청구부결처분취소,"본 컨텐츠는
 근로복지공단 산재판례 에서 수집한 데이터로, 관련 문의는 해당 기관으로 부탁드립니다.",https://www.law.go.kr/LSW/precInfoP.do?mode=0&precSeq=373248
369308,유족보상금및장의비부지급처분취소,[대구고등법원 2009누1250],https://www.law.go.kr/LSW/precInfoP.do?mode=0&precSeq=369308
67589,유족보상금및장의비부지급처분취소,,https://www.law.go.kr/LSW/precInfoP.do?mode=0&precSeq=67589
83558,유족보상금및장의비부지급처분취소,,https://www.law.go.kr/LSW/precInfoP.do?mode=0&precSeq=83558
69343,유족보상금및장의비부지급처분취소,,https://www.law.go.kr/LSW/precInfoP.do?mode=0&precSeq=69343
372702,유족보상금및장의비부지급처분취소,[부산지방법원 2010구단4241],https://www.law.go.kr/LSW/precInfoP.do?mode=0&precSeq=372702
387692,유족보상금및장의비부지급처분취소,[서울고등법원 2013누6246],https://www.law.go.kr/LSW/precInfoP.do?mode=0&precSeq=387692
362776,유족보상금및장의비부지급처분취소,"본 컨텐츠는
 근로복지공단 산재판례 에서 수집한 데이터로, 관련 문의는 해당 기관으로 부탁드립니다.",https://www.law.go.kr/LSW/precInfoP.do?mode=0&precSeq=362776
362810,유족보상금및장의비부지급처분취소,"본 컨텐츠는
 근로복지공단 산재판례 에서 수집한 데이터로, 관련 문의는 해당 기관으로 부탁드립니다.",https://www.law.go.kr/LSW/precInfoP.do?mode=0&precSeq=362810
362814,유족보상금및장의비부지급처분취소,"본 컨텐츠는
 근로복지공단 산재판례 에서 수집한 데이터로, 관련 문의는 해당 기관으로 부탁드립니다.",https://www.law.go.kr/LSW/precInfoP.do?mode=0&precSeq=362814
362818,유족보상금및장의비부지급처분취소,"본 컨텐츠는
 근로복지공단 산재판례 에서 수집한 데이터로, 관련 문의는 해당 기관으로 부탁드립니다.",https://www.law.go.kr/LSW/precInfoP.do?mode=0&precSeq=362818
364738,유족보상금및장의비부지급처분취소,[서울행정법원 2008구합17295],https://www.law.go.kr/LSW/precInfoP.do?mode=0&precSeq=364738
365198,유족보상금및장의비부지급처분취소,[서울행정법원 2008구합4800],https://www.law.go.kr/LSW/precInfoP.do?mode=0&precSeq=365198
373282,유족보상금및장의비부지급처분취소,[서울행정법원 2010구합18246],https://www.law.go.kr/LSW/precInfoP.do?mode=0&precSeq=373282
363890,유족보상금및장의비부지급처분취소,[인천지방법원 2008구단249],https://www.law.go.kr/LSW/precInfoP.do?mode=0&precSeq=363890
362514,유족보상금및장의비부지급처분취소,[창원지방법원 2007구단833],https://www.law.go.kr/LSW/precInfoP.do?mode=0&precSeq=362514
362804,유족보상금부지급결정처분취소,"본 컨텐츠는
 근로복지공단 산재판례 에서 수집한 데이터로, 관련 문의는 해당 기관으로 부탁드립니다.",https://www.law.go.kr/LSW/precInfoP.do?mode=0&precSeq=362804
194599,유족보상금부지급처분취소,,https://www.law.go.kr/LSW/precInfoP.do?mode=0&precSeq=194599
201947,유족보상금부지급처분취소,,https://www.law.go.kr/LSW/precInfoP.do?mode=0&precSeq=201947
70488,유족보상금부지급처분취소,,https://www.law.go.kr/LSW/precInfoP.do?mode=0&precSeq=70488
373342,유족보상금부지급처분취소,[서울행정법원 2010구합20898],https://www.law.go.kr/LSW/precInfoP.do?mode=0&precSeq=373342
373374,유족보상금부지급처분취소,[서울행정법원 2010구합22139],https://www.law.go.kr/LSW/precInfoP.do?mode=0&precSeq=373374
373386,유족보상금부지급처분취소,[서울행정법원 2010구합22603],https://www.law.go.kr/LSW/precInfoP.do?mode=0&precSeq=373386
362738,유족보상금장의비부지급처분취소,[서울행정법원 2007구합25695],https://www.law.go.kr/LSW/precInfoP.do?mode=0&precSeq=362738
106141,유족보상금지급청구부결처분취소,,https://www.law.go.kr/LSW/precInfoP.do?mode=0&precSeq=106141
105823,유족보상금지급청구부결처분취소,[대법원 1989. 10. 24. 선고 89누4888 판결],https://www.law.go.kr/LSW/precInfoP.do?mode=0&precSeq=105823
106287,유족보상금지급청구부결처분취소,,https://www.law.go.kr/LSW/precInfoP.do?mode=0&precSeq=106287
108438,유족보상금지급청구부결처분취소,,https://www.law.go.kr/LSW/precInfoP.do?mode=0&precSeq=108438
107634,유족보상금지급청구부결처분취소,[대법원 1990. 11. 13. 선고 90누3690 판결],https://www.law.go.kr/LSW/precInfoP.do?mode=0&precSeq=107634
108020,유족보상금지급청구부결처분취소,,https://www.law.go.kr/LSW/precInfoP.do?mode=0&precSeq=108020
204826,유족보상금지급청구부결처분취소,,https://www.law.go.kr/LSW/precInfoP.do?mode=0&precSeq=204826
201116,유족보상금지급청구부결처분취소,[대법원 1993. 1. 19. 선고 92누13073 판결],https://www.law.go.kr/LSW/precInfoP.do?mode=0&precSeq=201116
123889,유족보상금지급청구부결처분취소,,https://www.law.go.kr/LSW/precInfoP.do?mode=0&precSeq=123889
197380,유족보상금지급청구부결처분취소,,https://www.law.go.kr/LSW/precInfoP.do?mode=0&precSeq=197380
146128,유족보상금지급청구부결처분취소,,https://www.law.go.kr/LSW/precInfoP.do?mode=0&precSeq=146128
361608,유족보상급여 등,[부산지방법원 2006구단4220],https://www.law.go.kr/LSW/precInfoP.do?mode=0&precSeq=361608
365252,유족보상급여및장의비부지급결정취소,[서울행정법원 2008구합5421],https://www.law.go.kr/LSW/precInfoP.do?mode=0&precSeq=365252
197529,유족보상등,,https://www.law.go.kr/LSW/precInfoP.do?mode=0&precSeq=197529
408408,유족보상등반려처분취소의 소,[서울행정법원 2019구합68732],https://www.law.go.kr/LSW/precInfoP.do?mode=0&precSeq=408408
362632,유족보상등부지급처분취소,[대구지방법원 2007구합1646],https://www.law.go.kr/LSW/precInfoP.do?mode=0&precSeq=362632
114836,유족보상등부지급처분취소,,https://www.law.go.kr/LSW/precInfoP.do?mode=0&precSeq=114836
363026,유족보상등부지급처분취소,[서울고등법원 2007누26379],https://www.law.go.kr/LSW/precInfoP.do?mode=0&precSeq=363026
362620,유족보상등부지급처분취소,[서울행정법원 2007구합13982],https://www.law.go.kr/LSW/precInfoP.do?mode=0&precSeq=362620
362920,유족보상등부지급처분취소,[서울행정법원 2007구합7857],https://www.law.go.kr/LSW/precInfoP.do?mode=0&precSeq=362920
364776,유족보상등부지급처분취소,[서울행정법원 2008구합19895],https://www.law.go.kr/LSW/precInfoP.do?mode=0&precSeq=364776
144215,유족보상등청구서반려처분취소,,https://www.law.go.kr/LSW/precInfoP.do?mode=0&precSeq=144215
144636,유족보상등청구서반려처분취소,,https://www.law.go.kr/LSW/precInfoP.do?mode=0&precSeq=144636
370214,유족보상및장의부지급처분취소,"본 컨텐츠는
 근로복지공단 산재판례 에서 수집한 데이터로, 관련 문의는 해당 기관으로 부탁드립니다.",https://www.law.go.kr/LSW/precInfoP.do?mode=0&precSeq=370214
374756,유족보상및장의부지급처분취소,[서울고등법원 2010누30804],https://www.law.go.kr/LSW/precInfoP.do?mode=0&precSeq=374756
365250,유족보상및장의비 부지급 결정처분 취소,[전주지방법원 2008구합539],https://www.law.go.kr/LSW/precInfoP.do?mode=0&precSeq=365250
363198,유족보상및장의비부지급결저처분취소,[대전지방법원 2008구단1097],https://www.law.go.kr/LSW/precInfoP.do?mode=0&precSeq=363198
393914,유족보상및장의비부지급결정처분취소,[대구지방법원 2015구합23436],https://www.law.go.kr/LSW/precInfoP.do?mode=0&precSeq=393914
81854,유족보상및장의비부지급결정처분취소,,https://www.law.go.kr/LSW/precInfoP.do?mode=0&precSeq=81854
369464,유족보상및장의비부지급결정처분취소,[대전고등법원 2009누1608],https://www.law.go.kr/LSW/precInfoP.do?mode=0&precSeq=369464
362370,유족보상및장의비부지급결정처분취소,[부산지방법원 2007구단4555],https://www.law.go.kr/LSW/precInfoP.do?mode=0&precSeq=362370
387070,유족보상및장의비부지급결정처분취소,[서울고등법원 2013누26677],https://www.law.go.kr/LSW/precInfoP.do?mode=0&precSeq=387070
362638,유족보상및장의비부지급결정처분취소,[서울행정법원 2007구합17090],https://www.law.go.kr/LSW/precInfoP.do?mode=0&precSeq=362638
362864,유족보상및장의비부지급결정처분취소,"본 컨텐츠는
 근로복지공단 산재판례 에서 수집한 데이터로, 관련 문의는 해당 기관으로 부탁드립니다.",https://www.law.go.kr/LSW/precInfoP.do?mode=0&precSeq=362864
365166,유족보상및장의비부지급결정처분취소,[서울행정법원 2008구합4558],https://www.law.go.kr/LSW/precInfoP.do?mode=0&precSeq=365166
368564,유족보상및장의비부지급결정처분취소,[서울행정법원 2009구합23631],https://www.law.go.kr/LSW/precInfoP.do?mode=0&precSeq=368564
373382,유족보상및장의비부지급결정처분취소의소,[서울행정법원 2010구합2258],https://www.law.go.kr/LSW/precInfoP.do?mode=0&precSeq=373382
136367,유족보상및장의비부지급결정취소,[대법원 2009. 3. 26. 선고 2009두164 판결],https://www.law.go.kr/LSW/precInfoP.do?mode=0&precSeq=136367
379356,유족보상및장의비부지급결정취소,"본 컨텐츠는
 근로복지공단 산재판례 에서 수집한 데이터로, 관련 문의는 해당 기관으로 부탁드립니다.",https://www.law.go.kr/LSW/precInfoP.do?mode=0&precSeq=379356
362866,유족보상및장의비부지급결정취소,"본 컨텐츠는
 근로복지공단 산재판례 에서 수집한 데이터로, 관련 문의는 해당 기관으로 부탁드립니다.",https://www.law.go.kr/LSW/precInfoP.do?mode=0&precSeq=362866
367768,유족보상및장의비부지급처분취소,"본 컨텐츠는
 근로복지공단 산재판례 에서 수집한 데이터로, 관련 문의는 해당 기관으로 부탁드립니다.",https://www.law.go.kr/LSW/precInfoP.do?mode=0&precSeq=367768
372426,유족보상및장의비부지급처분취소,[대구지방법원 2010구단2680],https://www.law.go.kr/LSW/precInfoP.do?mode=0&precSeq=372426
384776,유족보상및장의비부지급처분취소,[대구지방법원 2013구단197],https://www.law.go.kr/LSW/precInfoP.do?mode=0&precSeq=384776
83169,유족보상및장의비부지급처분취소,[대법원 2004. 3. 26. 선고 2003두13939 판결],https://www.law.go.kr/LSW/precInfoP.do?mode=0&precSeq=83169
67561,유족보상및장의비부지급처분취소,,https://www.law.go.kr/LSW/precInfoP.do?mode=0&precSeq=67561
67488,유족보상및장의비부지급처분취소,,https://www.law.go.kr/LSW/precInfoP.do?mode=0&precSeq=67488
125065,유족보상및장의비부지급처분취소,,https://www.law.go.kr/LSW/precInfoP.do?mode=0&precSeq=125065
124935,유족보상및장의비부지급처분취소,,https://www.law.go.kr/LSW/precInfoP.do?mode=0&precSeq=124935
138512,유족보상및장의비부지급처분취소,[대법원 2009. 4. 9. 선고 2009두508 판결],https://www.law.go.kr/LSW/precInfoP.do?mode=0&precSeq=138512
387994,유족보상및장의비부지급처분취소,[대법원 2013두154],https://www.law.go.kr/LSW/precInfoP.do?mode=0&precSeq=387994
202739,유족보상및장의비부지급처분취소,[대법원 1992. 10. 9. 선고 92누11107 판결],https://www.law.go.kr/LSW/precInfoP.do?mode=0&precSeq=202739
369778,유족보상및장의비부지급처분취소,[대전고등법원 2009누2298],https://www.law.go.kr/LSW/precInfoP.do?mode=0&precSeq=369778
370748,유족보상및장의비부지급처분취소,[대전고등법원 2009누865],https://www.law.go.kr/LSW/precInfoP.do?mode=0&precSeq=370748
370782,유족보상및장의비부지급처분취소,[대전고등법원 2009누926],https://www.law.go.kr/LSW/precInfoP.do?mode=0&precSeq=370782
363226,유족보상및장의비부지급처분취소,[대전지방법원 2008구단1134],https://www.law.go.kr/LSW/precInfoP.do?mode=0&precSeq=363226
363292,유족보상및장의비부지급처분취소,[대전지방법원 2008구단1196],https://www.law.go.kr/LSW/precInfoP.do?mode=0&precSeq=363292
363296,유족보상및장의비부지급처분취소,[대전지방법원 2008구단1202],https://www.law.go.kr/LSW/precInfoP.do?mode=0&precSeq=363296
372666,유족보상및장의비부지급처분취소,[대전지방법원 2010구단387],https://www.law.go.kr/LSW/precInfoP.do?mode=0&precSeq=372666
70746,유족보상및장의비부지급처분취소,,https://www.law.go.kr/LSW/precInfoP.do?mode=0&precSeq=70746
365868,유족보상및장의비부지급처분취소,[부산고등법원 2008누2552],https://www.law.go.kr/LSW/precInfoP.do?mode=0&precSeq=365868
366356,유족보상및장의비부지급처분취소,[부산고등법원 2008누5377],https://www.law.go.kr/LSW/precInfoP.do?mode=0&precSeq=366356
361538,유족보상및장의비부지급처분취소,[부산지방법원 2006구단1184],https://www.law.go.kr/LSW/precInfoP.do?mode=0&precSeq=361538
362282,유족보상및장의비부지급처분취소,"본 컨텐츠는
 근로복지공단 산재판례 에서 수집한 데이터로, 관련 문의는 해당 기관으로 부탁드립니다.",https://www.law.go.kr/LSW/precInfoP.do?mode=0&precSeq=362282
363838,유족보상및장의비부지급처분취소,[부산지방법원 2008구단222],https://www.law.go.kr/LSW/precInfoP.do?mode=0&precSeq=363838
363914,유족보상및장의비부지급처분취소,[부산지방법원 2008구단260],https://www.law.go.kr/LSW/precInfoP.do?mode=0&precSeq=363914
371746,유족보상및장의비부지급처분취소,"본 컨텐츠는
 근로복지공단 산재판례 에서 수집한 데이터로, 관련 문의는 해당 기관으로 부탁드립니다.",https://www.law.go.kr/LSW/precInfoP.do?mode=0&precSeq=371746
365570,유족보상및장의비부지급처분취소,[서울고등법원 2008누17174],https://www.law.go.kr/LSW/precInfoP.do?mode=0&precSeq=365570
365948,유족보상및장의비부지급처분취소,"본 컨텐츠는
 근로복지공단 산재판례 에서 수집한 데이터로, 관련 문의는 해당 기관으로 부탁드립니다.",https://www.law.go.kr/LSW/precInfoP.do?mode=0&precSeq=365948
369582,유족보상및장의비부지급처분취소,[서울고등법원 2009누18716],https://www.law.go.kr/LSW/precInfoP.do?mode=0&precSeq=369582
369858,유족보상및장의비부지급처분취소,[서울고등법원 2009누25189],https://www.law.go.kr/LSW/precInfoP.do?mode=0&precSeq=369858
374760,유족보상및장의비부지급처분취소,[서울고등법원 2010누30828],https://www.law.go.kr/LSW/precInfoP.do?mode=0&precSeq=374760
374888,유족보상및장의비부지급처분취소,[서울고등법원 2010누35496],https://www.law.go.kr/LSW/precInfoP.do?mode=0&precSeq=374888
374906,유족보상및장의비부지급처분취소,[서울고등법원 2010누36314],https://www.law.go.kr/LSW/precInfoP.do?mode=0&precSeq=374906
374948,유족보상및장의비부지급처분취소,[서울고등법원 2010누37744],https://www.law.go.kr/LSW/precInfoP.do?mode=0&precSeq=374948
379150,유족보상및장의비부지급처분취소,"본 컨텐츠는
 근로복지공단 산재판례 에서 수집한 데이터로, 관련 문의는 해당 기관으로 부탁드립니다.",https://www.law.go.kr/LSW/precInfoP.do?mode=0&precSeq=379150
395360,유족보상및장의비부지급처분취소,[서울고등법원 2015누50452],https://www.law.go.kr/LSW/precInfoP.do?mode=0&precSeq=395360
70550,유족보상및장의비부지급처분취소,,https://www.law.go.kr/LSW/precInfoP.do?mode=0&precSeq=70550
70921,유족보상및장의비부지급처분취소,,https://www.law.go.kr/LSW/precInfoP.do?mode=0&precSeq=70921
362600,유족보상및장의비부지급처분취소,"본 컨텐츠는
 근로복지공단 산재판례 에서 수집한 데이터로, 관련 문의는 해당 기관으로 부탁드립니다.",https://www.law.go.kr/LSW/precInfoP.do?mode=0&precSeq=362600
362668,유족보상및장의비부지급처분취소,[서울행정법원 2007구합20157],https://www.law.go.kr/LSW/precInfoP.do?mode=0&precSeq=362668
362674,유족보상및장의비부지급처분취소,[서울행정법원 2007구합2029],https://www.law.go.kr/LSW/precInfoP.do?mode=0&precSeq=362674
362688,유족보상및장의비부지급처분취소,"본 컨텐츠는
 근로복지공단 산재판례 에서 수집한 데이터로, 관련 문의는 해당 기관으로 부탁드립니다.",https://www.law.go.kr/LSW/precInfoP.do?mode=0&precSeq=362688
362730,유족보상및장의비부지급처분취소,"본 컨텐츠는
 근로복지공단 산재판례 에서 수집한 데이터로, 관련 문의는 해당 기관으로 부탁드립니다.",https://www.law.go.kr/LSW/precInfoP.do?mode=0&precSeq=362730
362734,유족보상및장의비부지급처분취소,"본 컨텐츠는
 근로복지공단 산재판례 에서 수집한 데이터로, 관련 문의는 해당 기관으로 부탁드립니다.",https://www.law.go.kr/LSW/precInfoP.do?mode=0&precSeq=362734
362786,유족보상및장의비부지급처분취소,"본 컨텐츠는
 근로복지공단 산재판례 에서 수집한 데이터로, 관련 문의는 해당 기관으로 부탁드립니다.",https://www.law.go.kr/LSW/precInfoP.do?mode=0&precSeq=362786
362816,유족보상및장의비부지급처분취소,"본 컨텐츠는
 근로복지공단 산재판례 에서 수집한 데이터로, 관련 문의는 해당 기관으로 부탁드립니다.",https://www.law.go.kr/LSW/precInfoP.do?mode=0&precSeq=362816
362846,유족보상및장의비부지급처분취소,"본 컨텐츠는
 근로복지공단 산재판례 에서 수집한 데이터로, 관련 문의는 해당 기관으로 부탁드립니다.",https://www.law.go.kr/LSW/precInfoP.do?mode=0&precSeq=362846
362848,유족보상및장의비부지급처분취소,"본 컨텐츠는
 근로복지공단 산재판례 에서 수집한 데이터로, 관련 문의는 해당 기관으로 부탁드립니다.",https://www.law.go.kr/LSW/precInfoP.do?mode=0&precSeq=362848
362872,유족보상및장의비부지급처분취소,"본 컨텐츠는
 근로복지공단 산재판례 에서 수집한 데이터로, 관련 문의는 해당 기관으로 부탁드립니다.",https://www.law.go.kr/LSW/precInfoP.do?mode=0&precSeq=362872
362894,유족보상및장의비부지급처분취소,"본 컨텐츠는
 근로복지공단 산재판례 에서 수집한 데이터로, 관련 문의는 해당 기관으로 부탁드립니다.",https://www.law.go.kr/LSW/precInfoP.do?mode=0&precSeq=362894
364640,유족보상및장의비부지급처분취소,[서울행정법원 2008구합1054],https://www.law.go.kr/LSW/precInfoP.do?mode=0&precSeq=364640
364672,유족보상및장의비부지급처분취소,[서울행정법원 2008구합129],https://www.law.go.kr/LSW/precInfoP.do?mode=0&precSeq=364672
364692,유족보상및장의비부지급처분취소,[서울행정법원 2008구합14951],https://www.law.go.kr/LSW/precInfoP.do?mode=0&precSeq=364692
364716,유족보상및장의비부지급처분취소,[서울행정법원 2008구합16513],https://www.law.go.kr/LSW/precInfoP.do?mode=0&precSeq=364716
364728,유족보상및장의비부지급처분취소,[서울행정법원 2008구합17035],https://www.law.go.kr/LSW/precInfoP.do?mode=0&precSeq=364728
364736,유족보상및장의비부지급처분취소,[서울행정법원 2008구합17264],https://www.law.go.kr/LSW/precInfoP.do?mode=0&precSeq=364736
364762,유족보상및장의비부지급처분취소,[서울행정법원 2008구합18649],https://www.law.go.kr/LSW/precInfoP.do?mode=0&precSeq=364762
364768,유족보상및장의비부지급처분취소,[서울행정법원 2008구합19307],https://www.law.go.kr/LSW/precInfoP.do?mode=0&precSeq=364768
364796,유족보상및장의비부지급처분취소,[서울행정법원 2008구합20567],https://www.law.go.kr/LSW/precInfoP.do?mode=0&precSeq=364796
364804,유족보상및장의비부지급처분취소,[서울행정법원 2008구합21294],https://www.law.go.kr/LSW/precInfoP.do?mode=0&precSeq=364804
364922,유족보상및장의비부지급처분취소,[서울행정법원 2008구합28585],https://www.law.go.kr/LSW/precInfoP.do?mode=0&precSeq=364922
365048,유족보상및장의비부지급처분취소,"본 컨텐츠는
 근로복지공단 산재판례 에서 수집한 데이터로, 관련 문의는 해당 기관으로 부탁드립니다.",https://www.law.go.kr/LSW/precInfoP.do?mode=0&precSeq=365048
365146,유족보상및장의비부지급처분취소,"본 컨텐츠는
 근로복지공단 산재판례 에서 수집한 데이터로, 관련 문의는 해당 기관으로 부탁드립니다.",https://www.law.go.kr/LSW/precInfoP.do?mode=0&precSeq=365146
365156,유족보상및장의비부지급처분취소,[서울행정법원 2008구합45313],https://www.law.go.kr/LSW/precInfoP.do?mode=0&precSeq=365156
365204,유족보상및장의비부지급처분취소,[서울행정법원 2008구합48596],https://www.law.go.kr/LSW/precInfoP.do?mode=0&precSeq=365204
365210,유족보상및장의비부지급처분취소,[서울행정법원 2008구합48893],https://www.law.go.kr/LSW/precInfoP.do?mode=0&precSeq=365210
368624,유족보상및장의비부지급처분취소,"본 컨텐츠는
 근로복지공단 산재판례 에서 수집한 데이터로, 관련 문의는 해당 기관으로 부탁드립니다.",https://www.law.go.kr/LSW/precInfoP.do?mode=0&precSeq=368624
368712,유족보상및장의비부지급처분취소,"본 컨텐츠는
 근로복지공단 산재판례 에서 수집한 데이터로, 관련 문의는 해당 기관으로 부탁드립니다.",https://www.law.go.kr/LSW/precInfoP.do?mode=0&precSeq=368712
368728,유족보상및장의비부지급처분취소,"본 컨텐츠는
 근로복지공단 산재판례 에서 수집한 데이터로, 관련 문의는 해당 기관으로 부탁드립니다.",https://www.law.go.kr/LSW/precInfoP.do?mode=0&precSeq=368728
368756,유족보상및장의비부지급처분취소,"본 컨텐츠는
 근로복지공단 산재판례 에서 수집한 데이터로, 관련 문의는 해당 기관으로 부탁드립니다.",https://www.law.go.kr/LSW/precInfoP.do?mode=0&precSeq=368756
368778,유족보상및장의비부지급처분취소,"본 컨텐츠는
 근로복지공단 산재판례 에서 수집한 데이터로, 관련 문의는 해당 기관으로 부탁드립니다.",https://www.law.go.kr/LSW/precInfoP.do?mode=0&precSeq=368778
368808,유족보상및장의비부지급처분취소,"본 컨텐츠는
 근로복지공단 산재판례 에서 수집한 데이터로, 관련 문의는 해당 기관으로 부탁드립니다.",https://www.law.go.kr/LSW/precInfoP.do?mode=0&precSeq=368808
368826,유족보상및장의비부지급처분취소,"본 컨텐츠는
 근로복지공단 산재판례 에서 수집한 데이터로, 관련 문의는 해당 기관으로 부탁드립니다.",https://www.law.go.kr/LSW/precInfoP.do?mode=0&precSeq=368826
368834,유족보상및장의비부지급처분취소,"본 컨텐츠는
 근로복지공단 산재판례 에서 수집한 데이터로, 관련 문의는 해당 기관으로 부탁드립니다.",https://www.law.go.kr/LSW/precInfoP.do?mode=0&precSeq=368834
369082,유족보상및장의비부지급처분취소,[서울행정법원 2009구합57412],https://www.law.go.kr/LSW/precInfoP.do?mode=0&precSeq=369082
369114,유족보상및장의비부지급처분취소,[서울행정법원 2009구합6858],https://www.law.go.kr/LSW/precInfoP.do?mode=0&precSeq=369114
369138,유족보상및장의비부지급처분취소,[서울행정법원 2009구합7783],https://www.law.go.kr/LSW/precInfoP.do?mode=0&precSeq=369138
369168,유족보상및장의비부지급처분취소,[서울행정법원 2009구합9611],https://www.law.go.kr/LSW/precInfoP.do?mode=0&precSeq=369168
373306,유족보상및장의비부지급처분취소,[서울행정법원 2010구합19140],https://www.law.go.kr/LSW/precInfoP.do?mode=0&precSeq=373306
373308,유족보상및장의비부지급처분취소,[서울행정법원 2010구합19362],https://www.law.go.kr/LSW/precInfoP.do?mode=0&precSeq=373308
373318,유족보상및장의비부지급처분취소,[서울행정법원 2010구합1972],https://www.law.go.kr/LSW/precInfoP.do?mode=0&precSeq=373318
373328,유족보상및장의비부지급처분취소,[서울행정법원 2010구합20218],https://www.law.go.kr/LSW/precInfoP.do?mode=0&precSeq=373328
373330,유족보상및장의비부지급처분취소,[서울행정법원 2010구합20225],https://www.law.go.kr/LSW/precInfoP.do?mode=0&precSeq=373330
373352,유족보상및장의비부지급처분취소,[서울행정법원 2010구합21235],https://www.law.go.kr/LSW/precInfoP.do?mode=0&precSeq=373352
373360,유족보상및장의비부지급처분취소,[서울행정법원 2010구합21525],https://www.law.go.kr/LSW/precInfoP.do?mode=0&precSeq=373360
373716,유족보상및장의비부지급처분취소,"본 컨텐츠는
 근로복지공단 산재판례 에서 수집한 데이터로, 관련 문의는 해당 기관으로 부탁드립니다.",https://www.law.go.kr/LSW/precInfoP.do?mode=0&precSeq=373716
373730,유족보상및장의비부지급처분취소,"본 컨텐츠는
 근로복지공단 산재판례 에서 수집한 데이터로, 관련 문의는 해당 기관으로 부탁드립니다.",https://www.law.go.kr/LSW/precInfoP.do?mode=0&precSeq=373730
373812,유족보상및장의비부지급처분취소,[서울행정법원 2010구합45118],https://www.law.go.kr/LSW/precInfoP.do?mode=0&precSeq=373812
373814,유족보상및장의비부지급처분취소,[서울행정법원 2010구합45132],https://www.law.go.kr/LSW/precInfoP.do?mode=0&precSeq=373814
373826,유족보상및장의비부지급처분취소,[서울행정법원 2010구합45620],https://www.law.go.kr/LSW/precInfoP.do?mode=0&precSeq=373826
373828,유족보상및장의비부지급처분취소,[서울행정법원 2010구합45736],https://www.law.go.kr/LSW/precInfoP.do?mode=0&precSeq=373828
373836,유족보상및장의비부지급처분취소,[서울행정법원 2010구합46159],https://www.law.go.kr/LSW/precInfoP.do?mode=0&precSeq=373836
373862,유족보상및장의비부지급처분취소,[서울행정법원 2010구합47619],https://www.law.go.kr/LSW/precInfoP.do?mode=0&precSeq=373862
373870,유족보상및장의비부지급처분취소,[서울행정법원 2010구합47725],https://www.law.go.kr/LSW/precInfoP.do?mode=0&precSeq=373870
381866,유족보상및장의비부지급처분취소,"본 컨텐츠는
 근로복지공단 산재판례 에서 수집한 데이터로, 관련 문의는 해당 기관으로 부탁드립니다.",https://www.law.go.kr/LSW/precInfoP.do?mode=0&precSeq=381866
381878,유족보상및장의비부지급처분취소,"본 컨텐츠는
 근로복지공단 산재판례 에서 수집한 데이터로, 관련 문의는 해당 기관으로 부탁드립니다.",https://www.law.go.kr/LSW/precInfoP.do?mode=0&precSeq=381878
382000,유족보상및장의비부지급처분취소,"본 컨텐츠는
 근로복지공단 산재판례 에서 수집한 데이터로, 관련 문의는 해당 기관으로 부탁드립니다.",https://www.law.go.kr/LSW/precInfoP.do?mode=0&precSeq=382000
382022,유족보상및장의비부지급처분취소,"본 컨텐츠는
 근로복지공단 산재판례 에서 수집한 데이터로, 관련 문의는 해당 기관으로 부탁드립니다.",https://www.law.go.kr/LSW/precInfoP.do?mode=0&precSeq=382022
382102,유족보상및장의비부지급처분취소,"본 컨텐츠는
 근로복지공단 산재판례 에서 수집한 데이터로, 관련 문의는 해당 기관으로 부탁드립니다.",https://www.law.go.kr/LSW/precInfoP.do?mode=0&precSeq=382102
382158,유족보상및장의비부지급처분취소,"본 컨텐츠는
 근로복지공단 산재판례 에서 수집한 데이터로, 관련 문의는 해당 기관으로 부탁드립니다.",https://www.law.go.kr/LSW/precInfoP.do?mode=0&precSeq=382158
382166,유족보상및장의비부지급처분취소,"본 컨텐츠는
 근로복지공단 산재판례 에서 수집한 데이터로, 관련 문의는 해당 기관으로 부탁드립니다.",https://www.law.go.kr/LSW/precInfoP.do?mode=0&precSeq=382166
393848,유족보상및장의비부지급처분취소,[서울행정법원 2015구합13116],https://www.law.go.kr/LSW/precInfoP.do?mode=0&precSeq=393848
362656,유족보상및장의비부지급처분취소,[울산지방법원 2007구합1914],https://www.law.go.kr/LSW/precInfoP.do?mode=0&precSeq=362656
363328,유족보상및장의비부지급처분취소,[인천지방법원 2008구단1235],https://www.law.go.kr/LSW/precInfoP.do?mode=0&precSeq=363328
368670,유족보상및장의비부지급처분취소,"본 컨텐츠는
 근로복지공단 산재판례 에서 수집한 데이터로, 관련 문의는 해당 기관으로 부탁드립니다.",https://www.law.go.kr/LSW/precInfoP.do?mode=0&precSeq=368670
362280,유족보상및장의비부지급처분취소,"본 컨텐츠는
 근로복지공단 산재판례 에서 수집한 데이터로, 관련 문의는 해당 기관으로 부탁드립니다.",https://www.law.go.kr/LSW/precInfoP.do?mode=0&precSeq=362280
363374,유족보상및장의비부지급처분취소,"본 컨텐츠는
 근로복지공단 산재판례 에서 수집한 데이터로, 관련 문의는 해당 기관으로 부탁드립니다.",https://www.law.go.kr/LSW/precInfoP.do?mode=0&precSeq=363374
363728,유족보상및장의비부지급처분취소,[창원지방법원 2008구단1772],https://www.law.go.kr/LSW/precInfoP.do?mode=0&precSeq=363728
364680,유족보상및장의비부지급처분취소,[청주지방법원 2008구합1370],https://www.law.go.kr/LSW/precInfoP.do?mode=0&precSeq=364680
364770,유족보상및장의비부지급처분취소,[청주지방법원 2008구합1943],https://www.law.go.kr/LSW/precInfoP.do?mode=0&precSeq=364770
361742,유족보상및장의비부지급처분취소,[춘천지방법원강릉지원 2006구합850],https://www.law.go.kr/LSW/precInfoP.do?mode=0&precSeq=361742
383924,유족보상및장의비부지급처분취소청구의소,"본 컨텐츠는
 근로복지공단 산재판례 에서 수집한 데이터로, 관련 문의는 해당 기관으로 부탁드립니다.",https://www.law.go.kr/LSW/precInfoP.do?mode=0&precSeq=383924
362522,유족보상및장의비지급결정처분취소,"본 컨텐츠는
 근로복지공단 산재판례 에서 수집한 데이터로, 관련 문의는 해당 기관으로 부탁드립니다.",https://www.law.go.kr/LSW/precInfoP.do?mode=0&precSeq=362522
84585,유족보상및장의비청구반려처분취소,[대법원 2006. 6. 27. 선고 2006두5717 판결],https://www.law.go.kr/LSW/precInfoP.do?mode=0&precSeq=84585
77701,유족보상및장의비청구반려처분취소,,https://www.law.go.kr/LSW/precInfoP.do?mode=0&precSeq=77701
378038,유족보상및장의비청구불승인처분취소,[서울행정법원 2011구합4619],https://www.law.go.kr/LSW/precInfoP.do?mode=0&precSeq=378038
370704,유족보상부지급처분취소,[대구고등법원 2009누783],https://www.law.go.kr/LSW/precInfoP.do?mode=0&precSeq=370704
362616,유족보상부지급처분취소,[대구지방법원 2007구합1370],https://www.law.go.kr/LSW/precInfoP.do?mode=0&precSeq=362616
80454,유족보상비수급권확인,,https://www.law.go.kr/LSW/precInfoP.do?mode=0&precSeq=80454
368150,유족보상일시금 및 장의부지급처분취소,[부산지방법원 2009구단892],https://www.law.go.kr/LSW/precInfoP.do?mode=0&precSeq=368150
398294,유족보상일시금 및 장의비 부지급 취소청구의 소,[서울행정법원 2016구합74958],https://www.law.go.kr/LSW/precInfoP.do?mode=0&precSeq=398294
369146,유족보상일시금 및 장의비부지급 처분취소,[울산지방법원 2009구합823],https://www.law.go.kr/LSW/precInfoP.do?mode=0&precSeq=369146
398468,유족보상일시금 및 장의비부지급처분 취소,[서울행정법원 2016구합9688],https://www.law.go.kr/LSW/precInfoP.do?mode=0&precSeq=398468
398332,유족보상일시금 및 장의비부지급처분취소,[서울행정법원 2016구합78202],https://www.law.go.kr/LSW/precInfoP.do?mode=0&precSeq=398332
199971,유족보상일시금등부지급처분취소,,https://www.law.go.kr/LSW/precInfoP.do?mode=0&precSeq=199971
198209,유족보상일시금등부지급처분취소,,https://www.law.go.kr/LSW/precInfoP.do?mode=0&precSeq=198209
196934,유족보상일시금등부지급처분취소,,https://www.law.go.kr/LSW/precInfoP.do?mode=0&precSeq=196934
118582,유족보상일시금등부지급처분취소,[서울고법 1989. 2. 9. 선고 88구6056 제2특별부판결 : 확정],https://www.law.go.kr/LSW/precInfoP.do?mode=0&precSeq=118582
369188,유족보상일시금및장의비부지급처분취소,[대구고등법원 2009누1014],https://www.law.go.kr/LSW/precInfoP.do?mode=0&precSeq=369188
370468,유족보상일시금및장의비부지급처분취소,[대구고등법원 2009누486],https://www.law.go.kr/LSW/precInfoP.do?mode=0&precSeq=370468
363844,유족보상일시금및장의비부지급처분취소,[대구지방법원 2008구단2229],https://www.law.go.kr/LSW/precInfoP.do?mode=0&precSeq=363844
371636,유족보상일시금및장의비부지급처분취소,"본 컨텐츠는
 근로복지공단 산재판례 에서 수집한 데이터로, 관련 문의는 해당 기관으로 부탁드립니다.",https://www.law.go.kr/LSW/precInfoP.do?mode=0&precSeq=371636
194410,유족보상일시금및장의비부지급처분취소,[대법원 2002. 10. 25. 선고 2002두5566 판결],https://www.law.go.kr/LSW/precInfoP.do?mode=0&precSeq=194410
375984,유족보상일시금및장의비부지급처분취소,"본 컨텐츠는
 근로복지공단 산재판례 에서 수집한 데이터로, 관련 문의는 해당 기관으로 부탁드립니다.",https://www.law.go.kr/LSW/precInfoP.do?mode=0&precSeq=375984
602755,유족보상일시금및장의비부지급처분취소,,https://www.law.go.kr/LSW/precInfoP.do?mode=0&precSeq=602755
194978,유족보상일시금및장의비부지급처분취소,[대법원 1999. 4. 9. 선고 99두189 판결],https://www.law.go.kr/LSW/precInfoP.do?mode=0&precSeq=194978
370576,유족보상일시금및장의비부지급처분취소,[부산고등법원 2009누5978],https://www.law.go.kr/LSW/precInfoP.do?mode=0&precSeq=370576
379320,유족보상일시금및장의비부지급처분취소,"본 컨텐츠는
 근로복지공단 산재판례 에서 수집한 데이터로, 관련 문의는 해당 기관으로 부탁드립니다.",https://www.law.go.kr/LSW/precInfoP.do?mode=0&precSeq=379320
222049,유족보상일시금및장의비부지급처분취소,,https://www.law.go.kr/LSW/precInfoP.do?mode=0&precSeq=222049
120641,유족보상일시금및장의비부지급처분취소,,https://www.law.go.kr/LSW/precInfoP.do?mode=0&precSeq=120641
209572,유족보상일시금및장의비부지급처분취소,,https://www.law.go.kr/LSW/precInfoP.do?mode=0&precSeq=209572
373878,유족보상일시금및장의비부지급처분취소,[서울행정법원 2010구합48025],https://www.law.go.kr/LSW/precInfoP.do?mode=0&precSeq=373878
377430,유족보상일시금및장의비부지급처분취소,"본 컨텐츠는
 근로복지공단 산재판례 에서 수집한 데이터로, 관련 문의는 해당 기관으로 부탁드립니다.",https://www.law.go.kr/LSW/precInfoP.do?mode=0&precSeq=377430
386370,유족보상일시금및장의비부지급처분취소,[서울행정법원 2013구합7780],https://www.law.go.kr/LSW/precInfoP.do?mode=0&precSeq=386370
397662,유족보상일시금및장의비부지급처분취소,[서울행정법원 2016구합1004],https://www.law.go.kr/LSW/precInfoP.do?mode=0&precSeq=397662
362648,유족보상일시금및장의비부지급처분취소,[울산지방법원 2007구합1778],https://www.law.go.kr/LSW/precInfoP.do?mode=0&precSeq=362648
365042,유족보상일시금및장의비부지급취소,"본 컨텐츠는
 근로복지공단 산재판례 에서 수집한 데이터로, 관련 문의는 해당 기관으로 부탁드립니다.",https://www.law.go.kr/LSW/precInfoP.do?mode=0&precSeq=365042
363684,유족보상장의비부지급처분취소,[인천지방법원 2008구단1709],https://www.law.go.kr/LSW/precInfoP.do?mode=0&precSeq=363684
408470,유족연금 부당이득 징수결정 취소의 소,"본 컨텐츠는
 근로복지공단 산재판례 에서 수집한 데이터로, 관련 문의는 해당 기관으로 부탁드립니다.",https://www.law.go.kr/LSW/precInfoP.do?mode=0&precSeq=408470
391552,유족연금 부당이득징수결정 취소,[서울고등법원 2014누66993],https://www.law.go.kr/LSW/precInfoP.do?mode=0&precSeq=391552
414144,유족연금및장의비부지급처분취소청구의,"본 컨텐츠는
 근로복지공단 산재판례 에서 수집한 데이터로, 관련 문의는 해당 기관으로 부탁드립니다.",https://www.law.go.kr/LSW/precInfoP.do?mode=0&precSeq=414144
414114,유족연금부지급처분취소,"본 컨텐츠는
 근로복지공단 산재판례 에서 수집한 데이터로, 관련 문의는 해당 기관으로 부탁드립니다.",https://www.law.go.kr/LSW/precInfoP.do?mode=0&precSeq=414114
411410,유족위로금 및 장의비 부지급 처분 취소,"본 컨텐츠는
 근로복지공단 산재판례 에서 수집한 데이터로, 관련 문의는 해당 기관으로 부탁드립니다.",https://www.law.go.kr/LSW/precInfoP.do?mode=0&precSeq=411410
382032,유족위로금차액부지급처분취소,"본 컨텐츠는
 근로복지공단 산재판례 에서 수집한 데이터로, 관련 문의는 해당 기관으로 부탁드립니다.",https://www.law.go.kr/LSW/precInfoP.do?mode=0&precSeq=382032
394392,유족위로급부지급처분취소,[서울행정법원 2015구합73057],https://www.law.go.kr/LSW/precInfoP.do?mode=0&precSeq=394392
394458,유족일시금결정처분취소,[서울행정법원 2015구합78021],https://www.law.go.kr/LSW/precInfoP.do?mode=0&precSeq=394458
364748,유족특별급여신청반려처분취소,[서울행정법원 2008구합18038],https://www.law.go.kr/LSW/precInfoP.do?mode=0&precSeq=364748
211649,육아휴직급여부지급처분취소,[광주고법 2020. 5. 8. 선고 2019누12509 판결 : 상고],https://www.law.go.kr/LSW/precInfoP.do?mode=0&precSeq=211649
71095,육아휴직급여부지급처분취소,[서울행법 2008. 4. 29. 선고 2007구합48155 판결 : 항소],https://www.law.go.kr/LSW/precInfoP.do?mode=0&precSeq=71095
184148,육아휴직급여부지급처분취소및육아휴직급여지급,[서울행법 2016. 11. 24. 선고 2016구단60150 판결 : 항소],https://www.law.go.kr/LSW/precInfoP.do?mode=0&precSeq=184148
218335,육아휴직급여일부부지급처분취소,[대법원 2021. 6. 3. 선고 2015두49481 판결],https://www.law.go.kr/LSW/precInfoP.do?mode=0&precSeq=218335
194816,육아휴직급여제한및반환·추가징수처분취소,[서울고법 2015. 8. 28. 선고 2014누56002 판결 : 상고],https://www.law.go.kr/LSW/precInfoP.do?mode=0&precSeq=194816
185556,육아휴직급여제한및반환ㆍ추가징수처분취소(육아휴직 중 해외 체류 등을 원인으로 한 육아휴직 급여 제한 및 반환처분 등이 적법한지 여부가 다투어진 사건),[대법원 2017. 8. 23. 선고 2015두51651 판결],https://www.law.go.kr/LSW/precInfoP.do?mode=0&precSeq=185556
218859,육아휴직급여차액지급신청반려처분취소청구,[대법원 2021. 6. 24. 선고 2015두48976 판결],https://www.law.go.kr/LSW/precInfoP.do?mode=0&precSeq=218859
369088,의료기관개선명령및진료제한처분취소,[서울행정법원 2009구합5893],https://www.law.go.kr/LSW/precInfoP.do?mode=0&precSeq=369088
370584,의료기관지정취소,[광주고등법원 2009누606],https://www.law.go.kr/LSW/precInfoP.do?mode=0&precSeq=370584
362760,의료기관지정취소처분취소,"본 컨텐츠는
 근로복지공단 산재판례 에서 수집한 데이터로, 관련 문의는 해당 기관으로 부탁드립니다.",https://www.law.go.kr/LSW/precInfoP.do?mode=0&precSeq=362760
227521,의료비등,,https://www.law.go.kr/LSW/precInfoP.do?mode=0&precSeq=227521
178860,이사선임처분취소·이사선임처분취소,"[대법원 2015. 7. 23. 선고 2012두19496,19502 판결]",https://www.law.go.kr/LSW/precInfoP.do?mode=0&precSeq=178860
101583,이자청구,,https://www.law.go.kr/LSW/precInfoP.do?mode=0&precSeq=101583
75966,이자청구청구사건,,https://www.law.go.kr/LSW/precInfoP.do?mode=0&precSeq=75966
146741,이행강제금부과처분취소,[대법원 2010. 10. 28. 선고 2010두12682 판결],https://www.law.go.kr/LSW/precInfoP.do?mode=0&precSeq=146741
178557,이행강제금부과처분취소,,https://www.law.go.kr/LSW/precInfoP.do?mode=0&precSeq=178557
178724,이행강제금부과처분취소,[대법원 2014. 12. 11. 선고 2011두23481 판결],https://www.law.go.kr/LSW/precInfoP.do?mode=0&precSeq=178724
147047,이행강제금부과처분취소,,https://www.law.go.kr/LSW/precInfoP.do?mode=0&precSeq=147047
177812,이행강제금부과처분취소,[춘천지법 2014. 12. 5. 선고 2014구합1183 판결 : 항소],https://www.law.go.kr/LSW/precInfoP.do?mode=0&precSeq=177812
157572,인사 발령 무효 확인,[창원지법 2011. 7. 19. 선고 2011가합1606 판결 : 확정],https://www.law.go.kr/LSW/precInfoP.do?mode=0&precSeq=157572
231529,인사발령무효확인등,[대법원 2021. 12. 30. 선고 2017다217632 판결],https://www.law.go.kr/LSW/precInfoP.do?mode=0&precSeq=231529
68090,인사부대기역발령무효확인등,,https://www.law.go.kr/LSW/precInfoP.do?mode=0&precSeq=68090
220317,인정취소처분등취소청구의소,[대법원 2022. 4. 14. 선고 2021두60960 판결],https://www.law.go.kr/LSW/precInfoP.do?mode=0&precSeq=220317
211017,일반교통방해·노동쟁의조정법위반·폭력행위등처벌에관한법률위반,[대법원 2008. 11. 13. 선고 2006도755 판결],https://www.law.go.kr/LSW/precInfoP.do?mode=0&precSeq=211017
125358,일반교통방해·노동쟁의조정법위반·폭력행위등처벌에관한법률위반,,https://www.law.go.kr/LSW/precInfoP.do?mode=0&precSeq=125358
363740,일부상병불승인처분취소,[서울행정법원 2008구단17793],https://www.law.go.kr/LSW/precInfoP.do?mode=0&precSeq=363740
414098,일부요양불승인처분취소,"본 컨텐츠는
 근로복지공단 산재판례 에서 수집한 데이터로, 관련 문의는 해당 기관으로 부탁드립니다.",https://www.law.go.kr/LSW/precInfoP.do?mode=0&precSeq=414098
414132,일부요양불승인처분취소,"본 컨텐츠는
 근로복지공단 산재판례 에서 수집한 데이터로, 관련 문의는 해당 기관으로 부탁드립니다.",https://www.law.go.kr/LSW/precInfoP.do?mode=0&precSeq=414132
414268,일부요양불승인처분취소,"본 컨텐츠는
 근로복지공단 산재판례 에서 수집한 데이터로, 관련 문의는 해당 기관으로 부탁드립니다.",https://www.law.go.kr/LSW/precInfoP.do?mode=0&precSeq=414268
415686,일부요양불승인처분취소,"본 컨텐츠는
 근로복지공단 산재판례 에서 수집한 데이터로, 관련 문의는 해당 기관으로 부탁드립니다.",https://www.law.go.kr/LSW/precInfoP.do?mode=0&precSeq=415686
415270,일부요양불승인처분취소,"본 컨텐츠는
 근로복지공단 산재판례 에서 수집한 데이터로, 관련 문의는 해당 기관으로 부탁드립니다.",https://www.law.go.kr/LSW/precInfoP.do?mode=0&precSeq=415270
208460,임금,[광주고법 2019. 6. 19. 선고 2018나23307 판결 : 상고],https://www.law.go.kr/LSW/precInfoP.do?mode=0&precSeq=208460
142454,임금,,https://www.law.go.kr/LSW/precInfoP.do?mode=0&precSeq=142454
212423,임금,[광주지법 2003. 4. 18. 선고 2002가단1180 판결：확정],https://www.law.go.kr/LSW/precInfoP.do?mode=0&precSeq=212423
69844,임금,,https://www.law.go.kr/LSW/precInfoP.do?mode=0&precSeq=69844
147675,임금,[광주지법 2010. 10. 28. 선고 2010가합8213 판결 : 항소],https://www.law.go.kr/LSW/precInfoP.do?mode=0&precSeq=147675
147742,임금,,https://www.law.go.kr/LSW/precInfoP.do?mode=0&precSeq=147742
210209,임금,[대구지법 2005. 4. 20. 선고 2004나5882 판결 : 상고],https://www.law.go.kr/LSW/precInfoP.do?mode=0&precSeq=210209
81571,임금,[대법원 2002. 5. 31. 선고 2000다18127 판결],https://www.law.go.kr/LSW/precInfoP.do?mode=0&precSeq=81571
191012,임금,[대법원 2000. 11. 10. 선고 2000다19441 판결],https://www.law.go.kr/LSW/precInfoP.do?mode=0&precSeq=191012
81738,임금,,https://www.law.go.kr/LSW/precInfoP.do?mode=0&precSeq=81738
191629,임금,[대법원 2001. 9. 18. 선고 2000다60630 판결],https://www.law.go.kr/LSW/precInfoP.do?mode=0&precSeq=191629
191224,임금,[대법원 2001. 2. 23. 선고 2000다61312 판결],https://www.law.go.kr/LSW/precInfoP.do?mode=0&precSeq=191224
81602,임금,,https://www.law.go.kr/LSW/precInfoP.do?mode=0&precSeq=81602
82902,임금,[대법원 2003. 11. 14. 선고 2001다18322 판결],https://www.law.go.kr/LSW/precInfoP.do?mode=0&precSeq=82902
192640,임금,[대법원 2001. 10. 30. 선고 2001다24051 판결],https://www.law.go.kr/LSW/precInfoP.do?mode=0&precSeq=192640
81419,임금,[대법원 2002. 4. 12. 선고 2001다41384 판결],https://www.law.go.kr/LSW/precInfoP.do?mode=0&precSeq=81419
192662,임금,[대법원 2001. 10. 23. 선고 2001다53950 판결],https://www.law.go.kr/LSW/precInfoP.do?mode=0&precSeq=192662
194381,임금,[대법원 2003. 5. 16. 선고 2001다54977 판결],https://www.law.go.kr/LSW/precInfoP.do?mode=0&precSeq=194381
83075,임금,[대법원 2004. 2. 12. 선고 2001다63599 판결],https://www.law.go.kr/LSW/precInfoP.do?mode=0&precSeq=83075
83243,임금,[대법원 2004. 5. 14. 선고 2001다76328 판결],https://www.law.go.kr/LSW/precInfoP.do?mode=0&precSeq=83243
81667,임금,[대법원 2002. 6. 28. 선고 2001다77970 판결],https://www.law.go.kr/LSW/precInfoP.do?mode=0&precSeq=81667
81834,임금,[대법원 2002. 8. 27. 선고 2001다79457 판결],https://www.law.go.kr/LSW/precInfoP.do?mode=0&precSeq=81834
81619,임금,,https://www.law.go.kr/LSW/precInfoP.do?mode=0&precSeq=81619
127120,임금,[대법원 2003. 12. 18. 선고 2002다2843 전원합의체 판결],https://www.law.go.kr/LSW/precInfoP.do?mode=0&precSeq=127120
194784,임금,[대법원 2002. 10. 25. 선고 2002다32332 판결],https://www.law.go.kr/LSW/precInfoP.do?mode=0&precSeq=194784
83320,임금,"[대법원 2004. 6. 25. 선고 2002다56130, 56147 판결]",https://www.law.go.kr/LSW/precInfoP.do?mode=0&precSeq=83320
194606,임금,[대법원 2003. 3. 14. 선고 2002다69631 판결],https://www.law.go.kr/LSW/precInfoP.do?mode=0&precSeq=194606
209819,임금,,https://www.law.go.kr/LSW/precInfoP.do?mode=0&precSeq=209819
194514,임금,[대법원 2003. 6. 27. 선고 2003다1632 판결],https://www.law.go.kr/LSW/precInfoP.do?mode=0&precSeq=194514
228123,임금,[대법원 2005. 3. 25. 선고 2003다39644 판결],https://www.law.go.kr/LSW/precInfoP.do?mode=0&precSeq=228123
82965,임금,[대법원 2003. 12. 11. 선고 2003다40538 판결],https://www.law.go.kr/LSW/precInfoP.do?mode=0&precSeq=82965
194463,임금,"[대법원 2003. 9. 2. 선고 2003다4815, 4822, 4839 판결]",https://www.law.go.kr/LSW/precInfoP.do?mode=0&precSeq=194463
193769,임금,[대법원 2005. 5. 12. 선고 2003다52456 판결],https://www.law.go.kr/LSW/precInfoP.do?mode=0&precSeq=193769
67653,임금,[대법원 2005. 7. 29. 선고 2003다9254 판결],https://www.law.go.kr/LSW/precInfoP.do?mode=0&precSeq=67653
67736,임금,[대법원 2005. 10. 13. 선고 2004다13755 판결],https://www.law.go.kr/LSW/precInfoP.do?mode=0&precSeq=67736
67737,임금,[대법원 2005. 10. 13. 선고 2004다13762 판결],https://www.law.go.kr/LSW/precInfoP.do?mode=0&precSeq=67737
193857,임금,[대법원 2005. 9. 9. 선고 2004다41217 판결],https://www.law.go.kr/LSW/precInfoP.do?mode=0&precSeq=193857
68779,임금,[대법원 2007. 6. 29. 선고 2004다48836 판결],https://www.law.go.kr/LSW/precInfoP.do?mode=0&precSeq=68779
85407,임금,[대법원 2007. 11. 29. 선고 2005다28358 판결],https://www.law.go.kr/LSW/precInfoP.do?mode=0&precSeq=85407
135831,임금,[대법원 2009. 5. 28. 선고 2006다17287 판결],https://www.law.go.kr/LSW/precInfoP.do?mode=0&precSeq=135831
67988,임금,,https://www.law.go.kr/LSW/precInfoP.do?mode=0&precSeq=67988
194085,임금,[대법원 2006. 11. 23. 선고 2006다41990 판결],https://www.law.go.kr/LSW/precInfoP.do?mode=0&precSeq=194085
68358,임금,[대법원 2006. 12. 8. 선고 2006다48229 판결],https://www.law.go.kr/LSW/precInfoP.do?mode=0&precSeq=68358
84857,임금,[대법원 2006. 12. 7. 선고 2006다53627 판결],https://www.law.go.kr/LSW/precInfoP.do?mode=0&precSeq=84857
68583,임금,[대법원 2007. 4. 12. 선고 2006다81974 판결],https://www.law.go.kr/LSW/precInfoP.do?mode=0&precSeq=68583
68919,임금,,https://www.law.go.kr/LSW/precInfoP.do?mode=0&precSeq=68919
85449,임금,[대법원 2007. 12. 14. 선고 2007다18584 판결],https://www.law.go.kr/LSW/precInfoP.do?mode=0&precSeq=85449
124890,임금,[대법원 2008. 11. 13. 선고 2007다590 판결],https://www.law.go.kr/LSW/precInfoP.do?mode=0&precSeq=124890
143705,임금,[대법원 2009. 12. 24. 선고 2007다73277 판결],https://www.law.go.kr/LSW/precInfoP.do?mode=0&precSeq=143705
143616,임금,[대법원 2010. 1. 28. 선고 2007다76566 판결],https://www.law.go.kr/LSW/precInfoP.do?mode=0&precSeq=143616
124951,임금,[대법원 2008. 10. 23. 선고 2007다7973 판결],https://www.law.go.kr/LSW/precInfoP.do?mode=0&precSeq=124951
146238,임금,[대법원 2010. 7. 15. 선고 2008다33399 판결],https://www.law.go.kr/LSW/precInfoP.do?mode=0&precSeq=146238
64709,임금,[대법원 2008. 10. 9. 선고 2008다41666 판결],https://www.law.go.kr/LSW/precInfoP.do?mode=0&precSeq=64709
144007,임금,[대법원 2010. 5. 13. 선고 2008다6052 판결],https://www.law.go.kr/LSW/precInfoP.do?mode=0&precSeq=144007
215775,임금,,https://www.law.go.kr/LSW/precInfoP.do?mode=0&precSeq=215775
215507,임금,[대법원 2010. 1. 28. 선고 2009다76317 판결],https://www.law.go.kr/LSW/precInfoP.do?mode=0&precSeq=215507
158551,임금,[대법원 2011. 10. 13. 선고 2009다86246 판결],https://www.law.go.kr/LSW/precInfoP.do?mode=0&precSeq=158551
168440,임금,[대법원 2013. 3. 14. 선고 2010다101011 판결],https://www.law.go.kr/LSW/precInfoP.do?mode=0&precSeq=168440
157253,임금,[대법원 2011. 8. 18. 선고 2010다106054 판결],https://www.law.go.kr/LSW/precInfoP.do?mode=0&precSeq=157253
167298,임금,[대법원 2012. 6. 28. 선고 2010다17468 판결],https://www.law.go.kr/LSW/precInfoP.do?mode=0&precSeq=167298
165211,임금,[대법원 2012. 2. 23. 선고 2010다3735 판결],https://www.law.go.kr/LSW/precInfoP.do?mode=0&precSeq=165211
160196,임금,,https://www.law.go.kr/LSW/precInfoP.do?mode=0&precSeq=160196
144524,임금,[대법원 2010. 6. 10. 선고 2010다8266 판결],https://www.law.go.kr/LSW/precInfoP.do?mode=0&precSeq=144524
600861,임금,[대법원 2012. 3. 29. 선고 2010다91046 판결],https://www.law.go.kr/LSW/precInfoP.do?mode=0&precSeq=600861
160684,임금,[대법원 2012. 2. 9. 선고 2011다20034 판결],https://www.law.go.kr/LSW/precInfoP.do?mode=0&precSeq=160684
161736,임금,[대법원 2011. 9. 8. 선고 2011다22061 판결],https://www.law.go.kr/LSW/precInfoP.do?mode=0&precSeq=161736
171808,임금,[대법원 2013. 11. 28. 선고 2011다39946 판결],https://www.law.go.kr/LSW/precInfoP.do?mode=0&precSeq=171808
172233,임금,[대법원 2013. 12. 26. 선고 2011다4629 판결],https://www.law.go.kr/LSW/precInfoP.do?mode=0&precSeq=172233
173835,임금,[대법원 2013. 12. 12. 선고 2011다51434 판결],https://www.law.go.kr/LSW/precInfoP.do?mode=0&precSeq=173835
177673,임금,[대법원 2014. 12. 11. 선고 2011다77290 판결],https://www.law.go.kr/LSW/precInfoP.do?mode=0&precSeq=177673
205596,임금,[대법원 2014. 2. 13. 선고 2011다86287 판결],https://www.law.go.kr/LSW/precInfoP.do?mode=0&precSeq=205596
172958,임금,[대법원 2014. 3. 13. 선고 2011다95519 판결],https://www.law.go.kr/LSW/precInfoP.do?mode=0&precSeq=172958
173832,임금,[대법원 2013. 12. 12. 선고 2012다102124 판결],https://www.law.go.kr/LSW/precInfoP.do?mode=0&precSeq=173832
171278,임금,[대법원 2013. 4. 11. 선고 2012다105505 판결],https://www.law.go.kr/LSW/precInfoP.do?mode=0&precSeq=171278
178732,임금,[대법원 2015. 2. 12. 선고 2012다110392 판결],https://www.law.go.kr/LSW/precInfoP.do?mode=0&precSeq=178732
192511,임금,[대법원 2014. 5. 29. 선고 2012다115786 판결],https://www.law.go.kr/LSW/precInfoP.do?mode=0&precSeq=192511
177555,임금,[대법원 2015. 1. 29. 선고 2012다32690 판결],https://www.law.go.kr/LSW/precInfoP.do?mode=0&precSeq=177555
170637,임금,[대법원 2013. 7. 11. 선고 2012다57040 판결],https://www.law.go.kr/LSW/precInfoP.do?mode=0&precSeq=170637
179468,임금,[대법원 2015. 10. 29. 선고 2012다71138 판결],https://www.law.go.kr/LSW/precInfoP.do?mode=0&precSeq=179468
166514,임금,[대법원 2012. 11. 15. 선고 2012다72063 판결],https://www.law.go.kr/LSW/precInfoP.do?mode=0&precSeq=166514
182511,임금,[대법원 2016. 5. 24. 선고 2012다85335 판결],https://www.law.go.kr/LSW/precInfoP.do?mode=0&precSeq=182511
187437,임금,[대법원 2013. 12. 18. 선고 2012다94643 전원합의체 판결],https://www.law.go.kr/LSW/precInfoP.do?mode=0&precSeq=187437
182428,임금,[대법원 2016. 1. 14. 선고 2012다96885 판결],https://www.law.go.kr/LSW/precInfoP.do?mode=0&precSeq=182428
177489,임금,[대법원 2014. 2. 21. 선고 2013다29813 판결],https://www.law.go.kr/LSW/precInfoP.do?mode=0&precSeq=177489
184815,임금,"[대법원 2017. 5. 17. 선고 2014다232296, 232302 판결]",https://www.law.go.kr/LSW/precInfoP.do?mode=0&precSeq=184815
204914,임금,[대법원 2018. 3. 29. 선고 2014다30858 판결],https://www.law.go.kr/LSW/precInfoP.do?mode=0&precSeq=204914
225295,임금,[대법원 2019. 7. 4. 선고 2014다41681 판결],https://www.law.go.kr/LSW/precInfoP.do?mode=0&precSeq=225295
193125,임금,[대법원 2017. 12. 28. 선고 2014다49074 판결],https://www.law.go.kr/LSW/precInfoP.do?mode=0&precSeq=193125
186261,임금,[대법원 2017. 12. 5. 선고 2014다74254 판결],https://www.law.go.kr/LSW/precInfoP.do?mode=0&precSeq=186261
208819,임금,[대법원 2019. 2. 28. 선고 2015다200555 판결],https://www.law.go.kr/LSW/precInfoP.do?mode=0&precSeq=208819
226231,임금,[대법원 2020. 4. 9. 선고 2015다20780 판결],https://www.law.go.kr/LSW/precInfoP.do?mode=0&precSeq=226231
210901,임금,,https://www.law.go.kr/LSW/precInfoP.do?mode=0&precSeq=210901
205366,임금,[대법원 2019. 2. 14. 선고 2015다217287 판결],https://www.law.go.kr/LSW/precInfoP.do?mode=0&precSeq=205366
225869,임금,[대법원 2019. 12. 24. 선고 2015다254873 판결],https://www.law.go.kr/LSW/precInfoP.do?mode=0&precSeq=225869
226235,임금,[대법원 2020. 4. 9. 선고 2015다44069 판결],https://www.law.go.kr/LSW/precInfoP.do?mode=0&precSeq=226235
235243,임금,[대법원 2017. 12. 28. 선고 2015다55878 판결],https://www.law.go.kr/LSW/precInfoP.do?mode=0&precSeq=235243
204907,임금,[대법원 2018. 4. 12. 선고 2015다64469 판결],https://www.law.go.kr/LSW/precInfoP.do?mode=0&precSeq=204907
208397,임금,[대법원 2019. 6. 13. 선고 2015다65561 판결],https://www.law.go.kr/LSW/precInfoP.do?mode=0&precSeq=208397
205370,임금,[대법원 2019. 2. 14. 선고 2015다66052 판결],https://www.law.go.kr/LSW/precInfoP.do?mode=0&precSeq=205370
225235,임금,[대법원 2019. 6. 13. 선고 2015다69846 판결],https://www.law.go.kr/LSW/precInfoP.do?mode=0&precSeq=225235
229055,임금,[대법원 2020. 7. 9. 선고 2015다71917 판결],https://www.law.go.kr/LSW/precInfoP.do?mode=0&precSeq=229055
226209,임금,[대법원 2020. 3. 26. 선고 2015다73050 판결],https://www.law.go.kr/LSW/precInfoP.do?mode=0&precSeq=226209
226211,임금,[대법원 2020. 3. 26. 선고 2015다75285 판결],https://www.law.go.kr/LSW/precInfoP.do?mode=0&precSeq=226211
183375,임금,[대법원 2016. 6. 9. 선고 2015다78536 판결],https://www.law.go.kr/LSW/precInfoP.do?mode=0&precSeq=183375
230707,임금,[대법원 2021. 12. 16. 선고 2016다10544 판결],https://www.law.go.kr/LSW/precInfoP.do?mode=0&precSeq=230707
207576,임금,[대법원 2018. 12. 28. 선고 2016다239680 판결],https://www.law.go.kr/LSW/precInfoP.do?mode=0&precSeq=207576
199881,임금,[대법원 2017. 12. 13. 선고 2016다243078 판결],https://www.law.go.kr/LSW/precInfoP.do?mode=0&precSeq=199881
199882,임금,[대법원 2017. 12. 13. 선고 2016다243085 판결],https://www.law.go.kr/LSW/precInfoP.do?mode=0&precSeq=199882
211777,임금,,https://www.law.go.kr/LSW/precInfoP.do?mode=0&precSeq=211777
231527,임금,[대법원 2021. 12. 30. 선고 2016다4747 판결],https://www.law.go.kr/LSW/precInfoP.do?mode=0&precSeq=231527
198846,임금,[대법원 2018. 6. 28. 선고 2016다48297 판결],https://www.law.go.kr/LSW/precInfoP.do?mode=0&precSeq=198846
226271,임금,[대법원 2020. 4. 29. 선고 2016다7647 판결],https://www.law.go.kr/LSW/precInfoP.do?mode=0&precSeq=226271
222655,임금,[대법원 2021. 12. 16. 선고 2016다7975 판결],https://www.law.go.kr/LSW/precInfoP.do?mode=0&precSeq=222655
226391,임금,[대법원 2020. 6. 11. 선고 2017다206670 판결],https://www.law.go.kr/LSW/precInfoP.do?mode=0&precSeq=226391
225519,임금,[대법원 2019. 9. 9. 선고 2017다230079 판결],https://www.law.go.kr/LSW/precInfoP.do?mode=0&precSeq=225519
237083,임금,[대법원 2017. 12. 28. 선고 2017다2359 판결],https://www.law.go.kr/LSW/precInfoP.do?mode=0&precSeq=237083
212721,임금,[대법원 2020. 11. 26. 선고 2017다239984 판결],https://www.law.go.kr/LSW/precInfoP.do?mode=0&precSeq=212721
218735,임금,,https://www.law.go.kr/LSW/precInfoP.do?mode=0&precSeq=218735
212911,임금,[대법원 2020. 8. 20. 선고 2017다273663 판결],https://www.law.go.kr/LSW/precInfoP.do?mode=0&precSeq=212911
219497,임금,[대법원 2021. 6. 10. 선고 2017다46496 판결],https://www.law.go.kr/LSW/precInfoP.do?mode=0&precSeq=219497
217321,임금,[대법원 2021. 8. 19. 선고 2017다56226 판결],https://www.law.go.kr/LSW/precInfoP.do?mode=0&precSeq=217321
210795,임금,[대법원 2020. 2. 6. 선고 2018다241083 판결],https://www.law.go.kr/LSW/precInfoP.do?mode=0&precSeq=210795
225431,임금,[대법원 2019. 8. 14. 선고 2018다244631 판결],https://www.law.go.kr/LSW/precInfoP.do?mode=0&precSeq=225431
212995,임금,[대법원 2020. 6. 11. 선고 2018다249308 판결],https://www.law.go.kr/LSW/precInfoP.do?mode=0&precSeq=212995
226281,임금,[대법원 2020. 4. 29. 선고 2018다303417 판결],https://www.law.go.kr/LSW/precInfoP.do?mode=0&precSeq=226281
231501,임금,[대법원 2022. 1. 13. 선고 2019다218837 판결],https://www.law.go.kr/LSW/precInfoP.do?mode=0&precSeq=231501
225993,임금,[대법원 2020. 1. 16. 선고 2019다223129 판결],https://www.law.go.kr/LSW/precInfoP.do?mode=0&precSeq=225993
241531,임금,[대법원 2024. 4. 12. 선고 2019다223389 판결],https://www.law.go.kr/LSW/precInfoP.do?mode=0&precSeq=241531
226793,임금,[대법원 2021. 2. 4. 선고 2019다230134 판결],https://www.law.go.kr/LSW/precInfoP.do?mode=0&precSeq=226793
225651,임금,[대법원 2019. 10. 18. 선고 2019다230899 판결],https://www.law.go.kr/LSW/precInfoP.do?mode=0&precSeq=225651
220865,임금,[대법원 2022. 4. 28. 선고 2019다238053 판결],https://www.law.go.kr/LSW/precInfoP.do?mode=0&precSeq=220865
225775,임금,[대법원 2019. 11. 28. 선고 2019다261084 판결],https://www.law.go.kr/LSW/precInfoP.do?mode=0&precSeq=225775
212733,임금,[대법원 2020. 11. 26. 선고 2019다262193 판결],https://www.law.go.kr/LSW/precInfoP.do?mode=0&precSeq=212733
214321,임금,[대법원 2020. 10. 29. 선고 2019다262582 판결],https://www.law.go.kr/LSW/precInfoP.do?mode=0&precSeq=214321
219361,임금,[대법원 2021. 9. 30. 선고 2019다288898 판결],https://www.law.go.kr/LSW/precInfoP.do?mode=0&precSeq=219361
601351,임금,[대법원 2023. 11. 30. 선고 2019다29778 판결],https://www.law.go.kr/LSW/precInfoP.do?mode=0&precSeq=601351
239779,임금,[대법원 2023. 4. 27. 선고 2020다205837 판결],https://www.law.go.kr/LSW/precInfoP.do?mode=0&precSeq=239779
213081,임금,[대법원 2021. 1. 14. 선고 2020다207444 판결],https://www.law.go.kr/LSW/precInfoP.do?mode=0&precSeq=213081
220885,임금,[대법원 2022. 3. 17. 선고 2020다219928 판결],https://www.law.go.kr/LSW/precInfoP.do?mode=0&precSeq=220885
223427,임금,[대법원 2021. 11. 11. 선고 2020다224739 판결],https://www.law.go.kr/LSW/precInfoP.do?mode=0&precSeq=223427
226727,임금,[대법원 2021. 1. 14. 선고 2020다242423 판결],https://www.law.go.kr/LSW/precInfoP.do?mode=0&precSeq=226727
232003,임금,[대법원 2022. 3. 17. 선고 2020다255917 판결],https://www.law.go.kr/LSW/precInfoP.do?mode=0&precSeq=232003
233007,임금,[대법원 2022. 3. 31. 선고 2020다278064 판결],https://www.law.go.kr/LSW/precInfoP.do?mode=0&precSeq=233007
233011,임금,[대법원 2022. 3. 31. 선고 2020다294486 판결],https://www.law.go.kr/LSW/precInfoP.do?mode=0&precSeq=233011
219461,임금,[대법원 2021. 7. 8. 선고 2020다296321 판결],https://www.law.go.kr/LSW/precInfoP.do?mode=0&precSeq=219461
216853,임금,[대법원 2021. 6. 10. 선고 2021다217370 판결],https://www.law.go.kr/LSW/precInfoP.do?mode=0&precSeq=216853
220027,임금,[대법원 2021. 7. 21. 선고 2021다225845 판결],https://www.law.go.kr/LSW/precInfoP.do?mode=0&precSeq=220027
227259,임금,[대법원 2022. 3. 31. 선고 2021다229861 판결],https://www.law.go.kr/LSW/precInfoP.do?mode=0&precSeq=227259
235431,임금,[대법원 2022. 6. 30. 선고 2021다241359 판결],https://www.law.go.kr/LSW/precInfoP.do?mode=0&precSeq=235431
235335,임금,[대법원 2022. 8. 19. 선고 2021다279903 판결],https://www.law.go.kr/LSW/precInfoP.do?mode=0&precSeq=235335
220341,임금,[대법원 2022. 4. 14. 선고 2021다280781 판결],https://www.law.go.kr/LSW/precInfoP.do?mode=0&precSeq=220341
238467,임금,[대법원 2024. 1. 25. 선고 2022다215784 판결],https://www.law.go.kr/LSW/precInfoP.do?mode=0&precSeq=238467
231669,임금,[대법원 2022. 10. 14. 선고 2022다245518 판결],https://www.law.go.kr/LSW/precInfoP.do?mode=0&precSeq=231669
239793,임금,[대법원 2023. 4. 27. 선고 2022다301814 판결],https://www.law.go.kr/LSW/precInfoP.do?mode=0&precSeq=239793
240237,임금,[대법원 2023. 7. 27. 선고 2023다221359 판결],https://www.law.go.kr/LSW/precInfoP.do?mode=0&precSeq=240237
239225,임금,[대법원 2024. 1. 4. 선고 2023다237460 판결],https://www.law.go.kr/LSW/precInfoP.do?mode=0&precSeq=239225
239525,임금,[대법원 2023. 9. 14. 선고 2023다241100 판결],https://www.law.go.kr/LSW/precInfoP.do?mode=0&precSeq=239525
238461,임금,[대법원 2024. 1. 25. 선고 2023다275998 판결],https://www.law.go.kr/LSW/precInfoP.do?mode=0&precSeq=238461
241067,임금,[대법원 2024. 2. 29. 선고 2023다292955 판결],https://www.law.go.kr/LSW/precInfoP.do?mode=0&precSeq=241067
204805,임금,[대법원 1991. 7. 26. 선고 90다카11636 판결],https://www.law.go.kr/LSW/precInfoP.do?mode=0&precSeq=204805
107910,임금,[대법원 1990. 12. 26. 선고 90다카12493 판결],https://www.law.go.kr/LSW/precInfoP.do?mode=0&precSeq=107910
107911,임금,[대법원 1990. 12. 26. 선고 90다카13465 판결],https://www.law.go.kr/LSW/precInfoP.do?mode=0&precSeq=107911
205210,임금,[대법원 1991. 6. 28. 선고 90다카14758 판결],https://www.law.go.kr/LSW/precInfoP.do?mode=0&precSeq=205210
189310,임금,,https://www.law.go.kr/LSW/precInfoP.do?mode=0&precSeq=189310
108010,임금,[대법원 1991. 1. 15. 선고 90다카25734 판결],https://www.law.go.kr/LSW/precInfoP.do?mode=0&precSeq=108010
602219,임금,[대법원 1992. 2. 11. 선고 91다12202 판결],https://www.law.go.kr/LSW/precInfoP.do?mode=0&precSeq=602219
602643,임금,[대법원 1992. 11. 24. 선고 92다24592 판결],https://www.law.go.kr/LSW/precInfoP.do?mode=0&precSeq=602643
203243,임금,[대법원 1992. 5. 22. 선고 92다7306 판결],https://www.law.go.kr/LSW/precInfoP.do?mode=0&precSeq=203243
199219,임금,,https://www.law.go.kr/LSW/precInfoP.do?mode=0&precSeq=199219
197951,임금,,https://www.law.go.kr/LSW/precInfoP.do?mode=0&precSeq=197951
197561,임금,[대법원 1996. 5. 10. 선고 95다2227 판결],https://www.law.go.kr/LSW/precInfoP.do?mode=0&precSeq=197561
600839,임금,[대법원 1996. 3. 22. 선고 95다56767 판결],https://www.law.go.kr/LSW/precInfoP.do?mode=0&precSeq=600839
197244,임금,[대법원 1996. 10. 25. 선고 96다5346 판결],https://www.law.go.kr/LSW/precInfoP.do?mode=0&precSeq=197244
114920,임금,[대법원 1997. 3. 25. 선고 96다723 판결],https://www.law.go.kr/LSW/precInfoP.do?mode=0&precSeq=114920
196205,임금,[대법원 1998. 6. 26. 선고 97다14200 판결],https://www.law.go.kr/LSW/precInfoP.do?mode=0&precSeq=196205
115765,임금,[대법원 1997. 9. 26. 선고 97다25590 판결],https://www.law.go.kr/LSW/precInfoP.do?mode=0&precSeq=115765
195179,임금,[대법원 1999. 3. 9. 선고 97다58194 판결],https://www.law.go.kr/LSW/precInfoP.do?mode=0&precSeq=195179
195070,임금,[대법원 1999. 6. 11. 선고 98다22185 판결],https://www.law.go.kr/LSW/precInfoP.do?mode=0&precSeq=195070
229445,임금,[대법원 2000. 5. 26. 선고 98다34331 판결],https://www.law.go.kr/LSW/precInfoP.do?mode=0&precSeq=229445
118204,임금,[대법원 1999. 11. 12. 선고 98다49357 판결],https://www.law.go.kr/LSW/precInfoP.do?mode=0&precSeq=118204
191498,임금,[대법원 2001. 6. 29. 선고 99다71597 판결],https://www.law.go.kr/LSW/precInfoP.do?mode=0&precSeq=191498
172805,임금,[대전지방법원 천안지원 2010. 10. 15. 선고 2009가합3541 판결],https://www.law.go.kr/LSW/precInfoP.do?mode=0&precSeq=172805
173046,임금,[대전지방법원 천안지원 2011. 9. 23. 선고 2010가합4045 판결],https://www.law.go.kr/LSW/precInfoP.do?mode=0&precSeq=173046
190296,임금,,https://www.law.go.kr/LSW/precInfoP.do?mode=0&precSeq=190296
78008,임금,[부산고등법원 2006. 7. 12. 선고 2005나12018 판결],https://www.law.go.kr/LSW/precInfoP.do?mode=0&precSeq=78008
234409,임금,[부산고등법원 2016. 1. 13. 선고 2015나1888 판결],https://www.law.go.kr/LSW/precInfoP.do?mode=0&precSeq=234409
77975,임금,[부산지방법원 2006. 6. 8. 선고 2005나13872 판결],https://www.law.go.kr/LSW/precInfoP.do?mode=0&precSeq=77975
70421,임금,[부산지법 2006. 5. 12. 선고 2005나7747 판결 : 상고],https://www.law.go.kr/LSW/precInfoP.do?mode=0&precSeq=70421
70533,임금,[부산지법 2006. 9. 1. 선고 2006나2343 판결 : 상고],https://www.law.go.kr/LSW/precInfoP.do?mode=0&precSeq=70533
120258,임금,,https://www.law.go.kr/LSW/precInfoP.do?mode=0&precSeq=120258
137927,임금,[서울고등법원 2006. 2. 7. 선고 2004나49800 판결],https://www.law.go.kr/LSW/precInfoP.do?mode=0&precSeq=137927
78635,임금,[서울고등법원 2005. 4. 26. 선고 2004나81002 판결],https://www.law.go.kr/LSW/precInfoP.do?mode=0&precSeq=78635
143008,임금,[서울고등법원 2009. 8. 21. 선고 2009나23759 판결],https://www.law.go.kr/LSW/precInfoP.do?mode=0&precSeq=143008
169280,임금,[서울고등법원 2010. 10. 29. 선고 2009나41184 판결],https://www.law.go.kr/LSW/precInfoP.do?mode=0&precSeq=169280
173056,임금,[서울고등법원 2010. 12. 10. 선고 2010나70676 판결],https://www.law.go.kr/LSW/precInfoP.do?mode=0&precSeq=173056
71631,임금,,https://www.law.go.kr/LSW/precInfoP.do?mode=0&precSeq=71631
71631,임금,[서울고법 2002. 10. 2. 선고 2002나11047 판결：상고],https://www.law.go.kr/LSW/precInfoP.do?mode=0&precSeq=71631
228349,임금,[서울고법 2022. 4. 6. 선고 2021나2025234 판결 : 확정],https://www.law.go.kr/LSW/precInfoP.do?mode=0&precSeq=228349
239385,임금,[서울고법 2023. 9. 15. 선고 2023나2003917 판결 : 상고],https://www.law.go.kr/LSW/precInfoP.do?mode=0&precSeq=239385
147680,임금,[서울남부지법 2010. 12. 17. 선고 2008가합26231 판결 : 항소],https://www.law.go.kr/LSW/precInfoP.do?mode=0&precSeq=147680
171431,임금,[서울동부지법 2013. 8. 13. 선고 2012가합104180 판결 : 항소],https://www.law.go.kr/LSW/precInfoP.do?mode=0&precSeq=171431
118787,임금,[서울민사지법 1990. 3. 29. 선고 89가합54529 제42부판결 : 확정],https://www.law.go.kr/LSW/precInfoP.do?mode=0&precSeq=118787
70516,임금,[서울서부지법 2006. 8. 24. 선고 2005나4141 판결 : 상고],https://www.law.go.kr/LSW/precInfoP.do?mode=0&precSeq=70516
64685,임금,[서울중앙지방법원 2007. 10. 9. 선고 2007가단1362 판결],https://www.law.go.kr/LSW/precInfoP.do?mode=0&precSeq=64685
159776,임금,,https://www.law.go.kr/LSW/precInfoP.do?mode=0&precSeq=159776
144493,임금,[서울중앙지방법원 2007. 12. 13. 선고 2007나2861 판결],https://www.law.go.kr/LSW/precInfoP.do?mode=0&precSeq=144493
173366,임금,[서울중앙지방법원 2011. 9. 8. 선고 2011나20736 판결],https://www.law.go.kr/LSW/precInfoP.do?mode=0&precSeq=173366
185591,임금,"[서울중앙지법 2017. 8. 31. 선고 2011가합105381, 105398, 105404, 105411 판결 : 항소]",https://www.law.go.kr/LSW/precInfoP.do?mode=0&precSeq=185591
198449,임금,[서울중앙지법 2018. 6. 14. 선고 2017가합507736 판결 : 확정],https://www.law.go.kr/LSW/precInfoP.do?mode=0&precSeq=198449
210637,임금,[서울중앙지법 2019. 11. 7. 선고 2017가합562931 판결 : 확정],https://www.law.go.kr/LSW/precInfoP.do?mode=0&precSeq=210637
69640,임금,[서울지법 2003. 12. 5. 선고 2003가합34156 판결: 항소],https://www.law.go.kr/LSW/precInfoP.do?mode=0&precSeq=69640
69573,임금,[서울지법 2003. 9. 3. 선고 2003나3033 판결: 상고],https://www.law.go.kr/LSW/precInfoP.do?mode=0&precSeq=69573
119128,임금,[서울지법 서부지원 1991. 6. 27. 선고 90가단7848 판결 : 확정],https://www.law.go.kr/LSW/precInfoP.do?mode=0&precSeq=119128
171404,임금,,https://www.law.go.kr/LSW/precInfoP.do?mode=0&precSeq=171404
167768,임금,[수원지방법원 안산지원 2011. 12. 21. 선고 2011가단18895 판결],https://www.law.go.kr/LSW/precInfoP.do?mode=0&precSeq=167768
69866,임금,[울산지법 2004. 9. 1. 선고 2003가합4408 판결: 항소],https://www.law.go.kr/LSW/precInfoP.do?mode=0&precSeq=69866
69794,임금,[울산지법 2004. 6. 10. 선고 2004나704 판결: 상고],https://www.law.go.kr/LSW/precInfoP.do?mode=0&precSeq=69794
160175,임금,[울산지법 2011. 10. 19. 선고 2011가단800 판결 : 확정],https://www.law.go.kr/LSW/precInfoP.do?mode=0&precSeq=160175
70965,임금,[인천지법 2007. 12. 13. 선고 2007가합8347 판결 : 항소],https://www.law.go.kr/LSW/precInfoP.do?mode=0&precSeq=70965
212277,임금,[전주지법 2000. 4. 26. 선고 99나5708 판결：상고기각],https://www.law.go.kr/LSW/precInfoP.do?mode=0&precSeq=212277
120618,임금,,https://www.law.go.kr/LSW/precInfoP.do?mode=0&precSeq=120618
71619,임금,[창원지법 2002. 8. 22. 선고 2001나5498 판결：확정],https://www.law.go.kr/LSW/precInfoP.do?mode=0&precSeq=71619
69566,임금,[청주지법 2003. 6. 5. 선고 2002나2110 판결: 상고],https://www.law.go.kr/LSW/precInfoP.do?mode=0&precSeq=69566
176570,임금,[청주지법 2014. 11. 13. 선고 2014가합1338 판결 : 확정],https://www.law.go.kr/LSW/precInfoP.do?mode=0&precSeq=176570
162980,임금 등,[부산지방법원 2011. 11. 3. 선고 2011나3425 판결],https://www.law.go.kr/LSW/precInfoP.do?mode=0&precSeq=162980
199876,임금(버스운전기사가 버스운행을 마친 후 다음 운행 전까지 대기하는 시간이 근로시간에 해당하는지 문제된 사건),[대법원 2018. 6. 28. 선고 2013다28926 판결],https://www.law.go.kr/LSW/precInfoP.do?mode=0&precSeq=199876
207111,임금(변경된 취업규칙상 소정근로시간 단축 조항이 탈법행위로 무효인지에 관한 사건),,https://www.law.go.kr/LSW/precInfoP.do?mode=0&precSeq=207111
184703,임금(직장폐쇄 유지의 정당성 상실 여부),[대법원 2017. 4. 7. 선고 2013다101425 판결],https://www.law.go.kr/LSW/precInfoP.do?mode=0&precSeq=184703
187513,임금(파산관재인에 대한 임금ㆍ퇴직금 등의 지연손해금 청구 사건),[대법원 2014. 11. 20. 선고 2013다64908 전원합의체 판결],https://www.law.go.kr/LSW/precInfoP.do?mode=0&precSeq=187513
236797,임금[「아이돌봄 지원법」에 따른 아이돌보미들의 근로기준법상 수당 청구 사건],[대법원 2023. 8. 18. 선고 2019다252004 판결],https://www.law.go.kr/LSW/precInfoP.do?mode=0&precSeq=236797
226009,임금[고정수당을 시간급으로 환산하기 위한 ‘총 근로시간 수’의 산정 방법],[대법원 2020. 1. 22. 선고 2015다73067 전원합의체 판결],https://www.law.go.kr/LSW/precInfoP.do?mode=0&precSeq=226009
237583,"임금[국가가 공무원에게 지급하는 수당, 성과상여금 등을 공무직 근로자인 국도관리원들에게 지급하지 않은 것이 근로기준법 제6조를 위반한 차별적 처우에 해당하는지 여부]",[대법원 2023. 9. 21. 선고 2016다255941 전원합의체 판결],https://www.law.go.kr/LSW/precInfoP.do?mode=0&precSeq=237583
600541,임금[소정근로시간을 탈법적으로 정하기 전의 소정근로시간 확정이 문제된 사건],[대법원 2024. 12. 26. 선고 2023다200314 판결],https://www.law.go.kr/LSW/precInfoP.do?mode=0&precSeq=600541
216867,"임금[업적연봉 등이 통상임금에 해당되는지, 업적연봉을 통상임금에 포함하여 계산한 추가 법정수당의 지급청구가 신의칙에 반하는지 쟁점이 된 사건]",[대법원 2021. 6. 10. 선고 2017다52712 판결],https://www.law.go.kr/LSW/precInfoP.do?mode=0&precSeq=216867
221779,임금[여객자동차 운수사업법상 보수교육이 근로시간에 포함됨을 전제로 임금을 청구한 사건],[대법원 2022. 5. 12. 선고 2022다203798 판결],https://www.law.go.kr/LSW/precInfoP.do?mode=0&precSeq=221779
600539,임금[일정 근무일수를 충족하여야만 지급하는 조건이 부가된 정기상여금의 통상임금 해당 여부가 문제된 사건],[대법원 2024. 12. 19. 선고 2023다302838 전원합의체 판결],https://www.law.go.kr/LSW/precInfoP.do?mode=0&precSeq=600539
606817,임금[임금 직접 지급 원칙의 예외 인정 여부가 문제된 사건],[대법원 2025. 6. 12. 선고 2025다209645 판결],https://www.law.go.kr/LSW/precInfoP.do?mode=0&precSeq=606817
241229,임금[주휴수당이 최저임금 지급대상인지 여부가 문제된 사건],[대법원 2024. 7. 25. 선고 2021다246545 판결],https://www.law.go.kr/LSW/precInfoP.do?mode=0&precSeq=241229
241897,임금[최저임금법 특례조항 시행 이후 신설된 택시회사의 소정근로시간 합의의 효력이 문제된 사건],[대법원 2024. 10. 25. 선고 2023다206138 판결],https://www.law.go.kr/LSW/precInfoP.do?mode=0&precSeq=241897
219731,임금[취업규칙 중 급여체계에 관한 규정이 근로자에게 불리하게 변경된 사안],,https://www.law.go.kr/LSW/precInfoP.do?mode=0&precSeq=219731
219935,임금[퇴직금 산정과 관련하여 계속근로기간의 기산점이 언제인지가 문제된 사건],[대법원 2022. 2. 17. 선고 2021다218083 판결],https://www.law.go.kr/LSW/precInfoP.do?mode=0&precSeq=219935
600537,임금[특정 시점에 재직 중인 근로자에게만 지급하는 조건이 부가된 정기상여금 등의 통상임금 해당 여부가 문제된 사건],[대법원 2024. 12. 19. 선고 2020다247190 전원합의체 판결],https://www.law.go.kr/LSW/precInfoP.do?mode=0&precSeq=600537
600543,임금·미납금,"[대법원 2024. 7. 11. 선고 2024다206166, 206173 판결]",https://www.law.go.kr/LSW/precInfoP.do?mode=0&precSeq=600543
210791,임금·부당이득금,,https://www.law.go.kr/LSW/precInfoP.do?mode=0&precSeq=210791
600545,임금·부당이득금,"[대법원 2024. 7. 25. 선고 2021다229076, 229083 판결]",https://www.law.go.kr/LSW/precInfoP.do?mode=0&precSeq=600545
238039,임금·부당이득금,"[대법원 2023. 11. 16. 선고 2022다231403, 231410 판결]",https://www.law.go.kr/LSW/precInfoP.do?mode=0&precSeq=238039
67570,임금·부당이득금반환,[대법원 2005. 5. 27. 선고 2003다48549 판결],https://www.law.go.kr/LSW/precInfoP.do?mode=0&precSeq=67570
601515,임금·부당이득금반환[택시회사의 소정근로시간 단축 합의가 무효인지 여부가 문제된 사건],"[대법원 2024. 5. 30. 선고 2023다279402, 280563 판결]",https://www.law.go.kr/LSW/precInfoP.do?mode=0&precSeq=601515
191435,임금·손해배상(기),,https://www.law.go.kr/LSW/precInfoP.do?mode=0&precSeq=191435
192970,임금·손해배상(기),"[대법원 2017. 12. 22. 선고 2013다25194, 25200 판결]",https://www.law.go.kr/LSW/precInfoP.do?mode=0&precSeq=192970
207588,임금·손해배상(기),"[대법원 2018. 12. 27. 선고 2018다245160, 245177 판결]",https://www.law.go.kr/LSW/precInfoP.do?mode=0&precSeq=207588
178703,임금·손해배상(기)·임금·임금,"[대법원 2015. 2. 12. 선고 2012다85472,85489,85496,85502 판결]",https://www.law.go.kr/LSW/precInfoP.do?mode=0&precSeq=178703
232559,임금·약정금,"[대법원 2022. 12. 1. 선고 2022다219540, 219557 판결]",https://www.law.go.kr/LSW/precInfoP.do?mode=0&precSeq=232559
241217,임금·약정금[택시운전근로자들이 택시회사에 대하여 최저임금 미달액 지급을 청구한 사건],"[대법원 2024. 7. 25. 선고 2023다223744, 223751 판결]",https://www.law.go.kr/LSW/precInfoP.do?mode=0&precSeq=241217
600443,임금·운송수입금등,"[대법원 2024. 9. 12. 선고 2024다235027, 235034 판결]",https://www.law.go.kr/LSW/precInfoP.do?mode=0&precSeq=600443
225607,임금·임금,"[대법원 2019. 10. 17. 선고 2014두3020, 3037 판결]",https://www.law.go.kr/LSW/precInfoP.do?mode=0&precSeq=225607
209130,임금·임금,"[대법원 2019. 8. 14. 선고 2016다9704, 9711 판결]",https://www.law.go.kr/LSW/precInfoP.do?mode=0&precSeq=209130
213101,임금·임금,"[대법원 2020. 8. 27. 선고 2017다290613, 290620 판결]",https://www.law.go.kr/LSW/precInfoP.do?mode=0&precSeq=213101
235479,임금·임금·약정금,"[대법원 2022. 5. 13. 선고 2018다224668, 224675, 224682 판결]",https://www.law.go.kr/LSW/precInfoP.do?mode=0&precSeq=235479
205724,임금·임금·임금,"[대법원 2018. 9. 28. 선고 2017다53210, 53227, 53234 판결]",https://www.law.go.kr/LSW/precInfoP.do?mode=0&precSeq=205724
239473,임금·임금·임금,"[대법원 2024. 2. 8. 선고 2018다206899, 206905, 206912 판결]",https://www.law.go.kr/LSW/precInfoP.do?mode=0&precSeq=239473
211793,임금·임금·임금·임금,"[대법원 2020. 8. 20. 선고 2019다14110, 14127, 14134, 14141 판결]",https://www.law.go.kr/LSW/precInfoP.do?mode=0&precSeq=211793
242005,"임금·임금·임금·임금[임상병리사, 방사선기사, 운전기사, 기계·전기기사, 수술실 간호사의 당직 및 콜대기 근무시간이 근로기준법상 근로시간인지 여부가 문제된 사건]","[대법원 2024. 11. 14. 선고 2021다220062, 220079, 220086, 220093 판결]",https://www.law.go.kr/LSW/precInfoP.do?mode=0&precSeq=242005
205729,임금·임금·임금·임금·임금,"[대법원 2018. 9. 28. 선고 2016다212814, 212821, 212838, 212845, 212852 판결]",https://www.law.go.kr/LSW/precInfoP.do?mode=0&precSeq=205729
216077,임금·임금등,,https://www.law.go.kr/LSW/precInfoP.do?mode=0&precSeq=216077
77609,임금·임금등,[서울고등법원 2003. 9. 18. 선고 2002나18697 판결],https://www.law.go.kr/LSW/precInfoP.do?mode=0&precSeq=77609
77633,임금·임금등,[서울지방법원 2002. 2. 8. 선고 99가합75907 판결],https://www.law.go.kr/LSW/precInfoP.do?mode=0&precSeq=77633
218245,임금ㆍ부당이득금,,https://www.law.go.kr/LSW/precInfoP.do?mode=0&precSeq=218245
140688,임금등,,https://www.law.go.kr/LSW/precInfoP.do?mode=0&precSeq=140688
81307,임금등,[대법원 2002. 2. 26. 선고 2000다39063 판결],https://www.law.go.kr/LSW/precInfoP.do?mode=0&precSeq=81307
83245,임금등,"[대법원 2004. 5. 14. 선고 2002다23185, 23192 판결]",https://www.law.go.kr/LSW/precInfoP.do?mode=0&precSeq=83245
126275,임금등,[대법원 2002. 10. 17. 선고 2002다8025 전원합의체 판결],https://www.law.go.kr/LSW/precInfoP.do?mode=0&precSeq=126275
194576,임금등,[대법원 2003. 4. 22. 선고 2003다10650 판결],https://www.law.go.kr/LSW/precInfoP.do?mode=0&precSeq=194576
191922,임금등,[대법원 2004. 11. 12. 선고 2003다264 판결],https://www.law.go.kr/LSW/precInfoP.do?mode=0&precSeq=191922
216567,임금등,[대법원 2005. 2. 18. 선고 2003다63029 판결],https://www.law.go.kr/LSW/precInfoP.do?mode=0&precSeq=216567
194569,임금등,[대법원 2003. 4. 25. 선고 2003다7005 판결],https://www.law.go.kr/LSW/precInfoP.do?mode=0&precSeq=194569
84445,임금등,,https://www.law.go.kr/LSW/precInfoP.do?mode=0&precSeq=84445
600739,임금등,,https://www.law.go.kr/LSW/precInfoP.do?mode=0&precSeq=600739
194114,임금등,[대법원 2007. 1. 11. 선고 2006다64245 판결],https://www.law.go.kr/LSW/precInfoP.do?mode=0&precSeq=194114
215641,임금등,[대법원 2010. 1. 14. 선고 2009다68774 판결],https://www.law.go.kr/LSW/precInfoP.do?mode=0&precSeq=215641
161718,임금등,[대법원 2011. 8. 25. 선고 2010다63393 판결],https://www.law.go.kr/LSW/precInfoP.do?mode=0&precSeq=161718
161506,임금등,[대법원 2012. 3. 29. 선고 2011다101308 판결],https://www.law.go.kr/LSW/precInfoP.do?mode=0&precSeq=161506
154397,임금등,,https://www.law.go.kr/LSW/precInfoP.do?mode=0&precSeq=154397
161703,임금등,[대법원 2011. 8. 18. 선고 2011다27134 판결],https://www.law.go.kr/LSW/precInfoP.do?mode=0&precSeq=161703
204776,임금등,[대법원 2018. 6. 28. 선고 2012다106423 판결],https://www.law.go.kr/LSW/precInfoP.do?mode=0&precSeq=204776
195375,임금등,[대법원 2018. 4. 26. 선고 2012다8239 판결],https://www.law.go.kr/LSW/precInfoP.do?mode=0&precSeq=195375
199850,임금등,[대법원 2018. 7. 12. 선고 2013다60807 판결],https://www.law.go.kr/LSW/precInfoP.do?mode=0&precSeq=199850
600903,임금등,,https://www.law.go.kr/LSW/precInfoP.do?mode=0&precSeq=600903
204893,임금등,,https://www.law.go.kr/LSW/precInfoP.do?mode=0&precSeq=204893
195444,임금등,[대법원 2017. 7. 11. 선고 2015다54219 판결],https://www.law.go.kr/LSW/precInfoP.do?mode=0&precSeq=195444
211739,임금등,[대법원 2020. 6. 25. 선고 2015다61415 판결],https://www.law.go.kr/LSW/precInfoP.do?mode=0&precSeq=211739
184377,임금등,[대법원 2017. 2. 15. 선고 2016다32193 판결],https://www.law.go.kr/LSW/precInfoP.do?mode=0&precSeq=184377
237639,임금등,[대법원 2022. 10. 14. 선고 2017다55933 판결],https://www.law.go.kr/LSW/precInfoP.do?mode=0&precSeq=237639
229053,임금등,[대법원 2020. 7. 9. 선고 2017다7170 판결],https://www.law.go.kr/LSW/precInfoP.do?mode=0&precSeq=229053
219691,임금등,[대법원 2022. 2. 10. 선고 2018다298904 판결],https://www.law.go.kr/LSW/precInfoP.do?mode=0&precSeq=219691
607843,임금등,[대법원 2025. 7. 18. 선고 2022다257238 판결],https://www.law.go.kr/LSW/precInfoP.do?mode=0&precSeq=607843
156895,임금등,,https://www.law.go.kr/LSW/precInfoP.do?mode=0&precSeq=156895
604461,임금등,[대법원 1993. 3. 9. 선고 92다22770 판결],https://www.law.go.kr/LSW/precInfoP.do?mode=0&precSeq=604461
200187,임금등,[대법원 1994. 5. 24. 선고 93다31979 판결],https://www.law.go.kr/LSW/precInfoP.do?mode=0&precSeq=200187
110896,임금등,[대법원 1994. 5. 24. 선고 93다32514 판결],https://www.law.go.kr/LSW/precInfoP.do?mode=0&precSeq=110896
201969,임금등,[대법원 1993. 5. 11. 선고 93다4816 판결],https://www.law.go.kr/LSW/precInfoP.do?mode=0&precSeq=201969
196409,임금등,[대법원 1998. 3. 24. 선고 96다24699 판결],https://www.law.go.kr/LSW/precInfoP.do?mode=0&precSeq=196409
127760,임금등,[부산지법 2009. 1. 9. 선고 2007가합24292 판결 : 항소],https://www.law.go.kr/LSW/precInfoP.do?mode=0&precSeq=127760
142952,임금등,[서울고등법원 2009. 4. 3. 선고 2008나93348 판결],https://www.law.go.kr/LSW/precInfoP.do?mode=0&precSeq=142952
78063,임금등,,https://www.law.go.kr/LSW/precInfoP.do?mode=0&precSeq=78063
120265,임금등,,https://www.law.go.kr/LSW/precInfoP.do?mode=0&precSeq=120265
157583,임금등,[수원지방법원 2011. 1. 28. 선고 2009나33003 판결],https://www.law.go.kr/LSW/precInfoP.do?mode=0&precSeq=157583
120723,임금등,[제주지법 1998. 8. 14. 선고 97가단7157 판결 ： 항소],https://www.law.go.kr/LSW/precInfoP.do?mode=0&precSeq=120723
120723,임금등,,https://www.law.go.kr/LSW/precInfoP.do?mode=0&precSeq=120723
209122,임금등(선택적 복지제도에 기초한 복지포인트의 근로기준법상 임금성 및 통상임금성이 문제된 사건),[대법원 2019. 8. 22. 선고 2016다48785 전원합의체 판결],https://www.law.go.kr/LSW/precInfoP.do?mode=0&precSeq=209122
198439,임금등(휴일근로에 따른 가산임금과 연장근로에 따른 가산임금의 중복 지급을 구한 사건),[대법원 2018. 6. 21. 선고 2011다112391 전원합의체 판결],https://www.law.go.kr/LSW/precInfoP.do?mode=0&precSeq=198439
241027,임금등[비전업 시간강사가 초단시간근로자에 해당하는지 여부가 문제된 사건],[대법원 2024. 7. 11. 선고 2023다217312 판결],https://www.law.go.kr/LSW/precInfoP.do?mode=0&precSeq=241027
211391,임금등[사무장 병원의 운영과 관련하여 근로기준법상 임금 및 퇴직금 지급의 주체가 문제된 사건],[대법원 2020. 4. 29. 선고 2018다263519 판결],https://www.law.go.kr/LSW/precInfoP.do?mode=0&precSeq=211391
160440,임금등·임금·임금·임금,"[대법원 2011. 5. 26. 선고 2011다1842,1859,1866,1873 판결]",https://www.law.go.kr/LSW/precInfoP.do?mode=0&precSeq=160440
600547,임금등·임금·임금·임금,"[대법원 2024. 7. 25. 선고 2020다212187, 212194, 212200, 212217 판결]",https://www.law.go.kr/LSW/precInfoP.do?mode=0&precSeq=600547
225129,임금등·임금등,"[대법원 2019. 4. 23. 선고 2016다37167, 37174 판결]",https://www.law.go.kr/LSW/precInfoP.do?mode=0&precSeq=225129
199865,임금등ㆍ부당이득금반환(이른바 도급제 방식의 근로계약을 체결한 택시운전근로자들이 최저임금법 특례 조항에 따른 최저임금의 지급을 구한 사건),"[대법원 2018. 7. 11. 선고 2016다9261, 9278 판결]",https://www.law.go.kr/LSW/precInfoP.do?mode=0&precSeq=199865
240649,임금등청구의소[부당하게 해고된 후 원직이 아닌 업무에 복직된 근로자가 사용자를 상대로 미지급 임금의 지급을 구하는 사건],[대법원 2024. 4. 12. 선고 2023다300559 판결],https://www.law.go.kr/LSW/precInfoP.do?mode=0&precSeq=240649
139600,임금및퇴직금,[대법원 2009. 5. 14. 선고 2009다6998 판결],https://www.law.go.kr/LSW/precInfoP.do?mode=0&precSeq=139600
210567,임금및퇴직금청구,[대법원 2019. 11. 14. 선고 2018다200709 판결],https://www.law.go.kr/LSW/precInfoP.do?mode=0&precSeq=210567
191235,임금채권부담금부과처분취소,,https://www.law.go.kr/LSW/precInfoP.do?mode=0&precSeq=191235
194414,임금청구,[대법원 2003. 2. 28. 선고 2002다68416 판결],https://www.law.go.kr/LSW/precInfoP.do?mode=0&precSeq=194414
411040,임기제 공무원 고용보험 피보험자격 가입신청 반려처분 취소,[대전지방법원 2020구합105486],https://www.law.go.kr/LSW/precInfoP.do?mode=0&precSeq=411040
207522,임시대의원결의무효확인청구의소,[울산지법 2019. 4. 24. 선고 2018가합25874 판결 : 확정],https://www.law.go.kr/LSW/precInfoP.do?mode=0&precSeq=207522
81913,임시이사회결의무효확인,,https://www.law.go.kr/LSW/precInfoP.do?mode=0&precSeq=81913
211653,장기요양급여비용환수처분취소,[서울행법 2020. 5. 15. 선고 2019구합76290 판결 : 항소],https://www.law.go.kr/LSW/precInfoP.do?mode=0&precSeq=211653
69888,장려금반환,[서울중앙지법 2004. 9. 16. 선고 2004나4743 판결: 확정],https://www.law.go.kr/LSW/precInfoP.do?mode=0&precSeq=69888
371726,장애결정처분취소,"본 컨텐츠는
 근로복지공단 산재판례 에서 수집한 데이터로, 관련 문의는 해당 기관으로 부탁드립니다.",https://www.law.go.kr/LSW/precInfoP.do?mode=0&precSeq=371726
415708,장애급여부지급처분취소,"본 컨텐츠는
 근로복지공단 산재판례 에서 수집한 데이터로, 관련 문의는 해당 기관으로 부탁드립니다.",https://www.law.go.kr/LSW/precInfoP.do?mode=0&precSeq=415708
414124,장의비부지급처분취소,"본 컨텐츠는
 근로복지공단 산재판례 에서 수집한 데이터로, 관련 문의는 해당 기관으로 부탁드립니다.",https://www.law.go.kr/LSW/precInfoP.do?mode=0&precSeq=414124
397812,장의비부지급처분취소,[춘천지방법원 2016구합50516],https://www.law.go.kr/LSW/precInfoP.do?mode=0&precSeq=397812
158772,장해 급여부 지급 처분취소,,https://www.law.go.kr/LSW/precInfoP.do?mode=0&precSeq=158772
368700,장해 급여부지급처분취소,"본 컨텐츠는
 근로복지공단 산재판례 에서 수집한 데이터로, 관련 문의는 해당 기관으로 부탁드립니다.",https://www.law.go.kr/LSW/precInfoP.do?mode=0&precSeq=368700
396708,장해결정처분취소청구,[대구지방법원 2016구단1986],https://www.law.go.kr/LSW/precInfoP.do?mode=0&precSeq=396708
166757,장해급 여부 지급결정 처분취소,,https://www.law.go.kr/LSW/precInfoP.do?mode=0&precSeq=166757
159886,장해급여 부지급 처분 취소,,https://www.law.go.kr/LSW/precInfoP.do?mode=0&precSeq=159886
402794,장해급여 부지급 처분 취소,[서울고등법원 2017누85773],https://www.law.go.kr/LSW/precInfoP.do?mode=0&precSeq=402794
403530,장해급여 부지급 처분 취소,[창원지방법원 2018구단11181],https://www.law.go.kr/LSW/precInfoP.do?mode=0&precSeq=403530
373376,장해급여결정처분취소,[울산지방법원 2010구합2238],https://www.law.go.kr/LSW/precInfoP.do?mode=0&precSeq=373376
417072,장해급여결정취소및부당이득징수결정 처분 취소,[서울행정법원 2023구단52492],https://www.law.go.kr/LSW/precInfoP.do?mode=0&precSeq=417072
363166,장해급여부지급결정처분취소,[서울행정법원 2008구단10617],https://www.law.go.kr/LSW/precInfoP.do?mode=0&precSeq=363166
380364,장해급여부지급결정처분취소,[창원지방법원 2012구단1120],https://www.law.go.kr/LSW/precInfoP.do?mode=0&precSeq=380364
378810,장해급여부지급결정처분취소등,"본 컨텐츠는
 근로복지공단 산재판례 에서 수집한 데이터로, 관련 문의는 해당 기관으로 부탁드립니다.",https://www.law.go.kr/LSW/precInfoP.do?mode=0&precSeq=378810
371960,장해급여부지급결정처분취소등,[서울행정법원 2010구단1814],https://www.law.go.kr/LSW/precInfoP.do?mode=0&precSeq=371960
227355,장해급여부지급결정처분취소청구사건,,https://www.law.go.kr/LSW/precInfoP.do?mode=0&precSeq=227355
365122,장해급여부지급처분취소,[광주지방법원 2008구합4299],https://www.law.go.kr/LSW/precInfoP.do?mode=0&precSeq=365122
396520,장해급여부지급처분취소,[대구지방법원 2016구단11228],https://www.law.go.kr/LSW/precInfoP.do?mode=0&precSeq=396520
81160,장해급여부지급처분취소,,https://www.law.go.kr/LSW/precInfoP.do?mode=0&precSeq=81160
384088,장해급여부지급처분취소,"본 컨텐츠는
 근로복지공단 산재판례 에서 수집한 데이터로, 관련 문의는 해당 기관으로 부탁드립니다.",https://www.law.go.kr/LSW/precInfoP.do?mode=0&precSeq=384088
184258,장해급여부지급처분취소,[대법원 2016. 9. 28. 선고 2014두14297 판결],https://www.law.go.kr/LSW/precInfoP.do?mode=0&precSeq=184258
391956,장해급여부지급처분취소,[대법원 2014두14921],https://www.law.go.kr/LSW/precInfoP.do?mode=0&precSeq=391956
207137,장해급여부지급처분취소,,https://www.law.go.kr/LSW/precInfoP.do?mode=0&precSeq=207137
115150,장해급여부지급처분취소,,https://www.law.go.kr/LSW/precInfoP.do?mode=0&precSeq=115150
229873,장해급여부지급처분취소,,https://www.law.go.kr/LSW/precInfoP.do?mode=0&precSeq=229873
374652,장해급여부지급처분취소,[부산고등법원 2010누2715],https://www.law.go.kr/LSW/precInfoP.do?mode=0&precSeq=374652
394796,장해급여부지급처분취소,[부산고등법원 2015누21223],https://www.law.go.kr/LSW/precInfoP.do?mode=0&precSeq=394796
417172,장해급여부지급처분취소,[부산고등법원울산재판부 2023누10361],https://www.law.go.kr/LSW/precInfoP.do?mode=0&precSeq=417172
362196,장해급여부지급처분취소,[부산지방법원 2007구단2177],https://www.law.go.kr/LSW/precInfoP.do?mode=0&precSeq=362196
363294,장해급여부지급처분취소,[부산지방법원 2008구단1201],https://www.law.go.kr/LSW/precInfoP.do?mode=0&precSeq=363294
363900,장해급여부지급처분취소,[부산지방법원 2008구단2532],https://www.law.go.kr/LSW/precInfoP.do?mode=0&precSeq=363900
363910,장해급여부지급처분취소,[부산지방법원 2008구단2570],https://www.law.go.kr/LSW/precInfoP.do?mode=0&precSeq=363910
380432,장해급여부지급처분취소,[부산지방법원 2012구단1284],https://www.law.go.kr/LSW/precInfoP.do?mode=0&precSeq=380432
396728,장해급여부지급처분취소,[부산지방법원 2016구단20375],https://www.law.go.kr/LSW/precInfoP.do?mode=0&precSeq=396728
374854,장해급여부지급처분취소,[서울고등법원 2010누34363],https://www.law.go.kr/LSW/precInfoP.do?mode=0&precSeq=374854
374862,장해급여부지급처분취소,[서울고등법원 2010누34578],https://www.law.go.kr/LSW/precInfoP.do?mode=0&precSeq=374862
375310,장해급여부지급처분취소,"본 컨텐츠는
 근로복지공단 산재판례 에서 수집한 데이터로, 관련 문의는 해당 기관으로 부탁드립니다.",https://www.law.go.kr/LSW/precInfoP.do?mode=0&precSeq=375310
379306,장해급여부지급처분취소,"본 컨텐츠는
 근로복지공단 산재판례 에서 수집한 데이터로, 관련 문의는 해당 기관으로 부탁드립니다.",https://www.law.go.kr/LSW/precInfoP.do?mode=0&precSeq=379306
387058,장해급여부지급처분취소,[서울고등법원 2013누26424],https://www.law.go.kr/LSW/precInfoP.do?mode=0&precSeq=387058
387592,장해급여부지급처분취소,[서울고등법원 2013누51864],https://www.law.go.kr/LSW/precInfoP.do?mode=0&precSeq=387592
390606,장해급여부지급처분취소,[서울고등법원 2014누1958],https://www.law.go.kr/LSW/precInfoP.do?mode=0&precSeq=390606
390756,장해급여부지급처분취소,[서울고등법원 2014누3008],https://www.law.go.kr/LSW/precInfoP.do?mode=0&precSeq=390756
390762,장해급여부지급처분취소,[서울고등법원 2014누306],https://www.law.go.kr/LSW/precInfoP.do?mode=0&precSeq=390762
391708,장해급여부지급처분취소,[서울고등법원 2014누73175],https://www.law.go.kr/LSW/precInfoP.do?mode=0&precSeq=391708
379530,장해급여부지급처분취소,[서울고등법원춘천재판부 2011누728],https://www.law.go.kr/LSW/precInfoP.do?mode=0&precSeq=379530
205660,장해급여부지급처분취소,,https://www.law.go.kr/LSW/precInfoP.do?mode=0&precSeq=205660
363232,장해급여부지급처분취소,[서울행정법원 2008구단11382],https://www.law.go.kr/LSW/precInfoP.do?mode=0&precSeq=363232
363702,장해급여부지급처분취소,[서울행정법원 2008구단1743],https://www.law.go.kr/LSW/precInfoP.do?mode=0&precSeq=363702
380354,장해급여부지급처분취소,[서울행정법원 2012구단10928],https://www.law.go.kr/LSW/precInfoP.do?mode=0&precSeq=380354
380512,장해급여부지급처분취소,[서울행정법원 2012구단14463],https://www.law.go.kr/LSW/precInfoP.do?mode=0&precSeq=380512
385378,장해급여부지급처분취소,[서울행정법원 2013구단55256],https://www.law.go.kr/LSW/precInfoP.do?mode=0&precSeq=385378
389354,장해급여부지급처분취소,[서울행정법원 2014구단55383],https://www.law.go.kr/LSW/precInfoP.do?mode=0&precSeq=389354
393250,장해급여부지급처분취소,[서울행정법원 2015구단56017],https://www.law.go.kr/LSW/precInfoP.do?mode=0&precSeq=393250
393360,장해급여부지급처분취소,[서울행정법원 2015구단57713],https://www.law.go.kr/LSW/precInfoP.do?mode=0&precSeq=393360
393368,장해급여부지급처분취소,[서울행정법원 2015구단57812],https://www.law.go.kr/LSW/precInfoP.do?mode=0&precSeq=393368
396822,장해급여부지급처분취소,[서울행정법원 2016구단2567],https://www.law.go.kr/LSW/precInfoP.do?mode=0&precSeq=396822
397100,장해급여부지급처분취소,[서울행정법원 2016구단53183],https://www.law.go.kr/LSW/precInfoP.do?mode=0&precSeq=397100
397204,장해급여부지급처분취소,"본 컨텐츠는
 근로복지공단 산재판례 에서 수집한 데이터로, 관련 문의는 해당 기관으로 부탁드립니다.",https://www.law.go.kr/LSW/precInfoP.do?mode=0&precSeq=397204
397238,장해급여부지급처분취소,[서울행정법원 2016구단56847],https://www.law.go.kr/LSW/precInfoP.do?mode=0&precSeq=397238
397244,장해급여부지급처분취소,[서울행정법원 2016구단56939],https://www.law.go.kr/LSW/precInfoP.do?mode=0&precSeq=397244
397318,장해급여부지급처분취소,[서울행정법원 2016구단59341],https://www.law.go.kr/LSW/precInfoP.do?mode=0&precSeq=397318
397362,장해급여부지급처분취소,[서울행정법원 2016구단60884],https://www.law.go.kr/LSW/precInfoP.do?mode=0&precSeq=397362
397380,장해급여부지급처분취소,[서울행정법원 2016구단61320],https://www.law.go.kr/LSW/precInfoP.do?mode=0&precSeq=397380
397396,장해급여부지급처분취소,[서울행정법원 2016구단61856],https://www.law.go.kr/LSW/precInfoP.do?mode=0&precSeq=397396
397408,장해급여부지급처분취소,[서울행정법원 2016구단62231],https://www.law.go.kr/LSW/precInfoP.do?mode=0&precSeq=397408
397410,장해급여부지급처분취소,[서울행정법원 2016구단62248],https://www.law.go.kr/LSW/precInfoP.do?mode=0&precSeq=397410
397416,장해급여부지급처분취소,[서울행정법원 2016구단62637],https://www.law.go.kr/LSW/precInfoP.do?mode=0&precSeq=397416
397442,장해급여부지급처분취소,[서울행정법원 2016구단63357],https://www.law.go.kr/LSW/precInfoP.do?mode=0&precSeq=397442
397458,장해급여부지급처분취소,[서울행정법원 2016구단63838],https://www.law.go.kr/LSW/precInfoP.do?mode=0&precSeq=397458
397470,장해급여부지급처분취소,[서울행정법원 2016구단64442],https://www.law.go.kr/LSW/precInfoP.do?mode=0&precSeq=397470
397474,장해급여부지급처분취소,[서울행정법원 2016구단64466],https://www.law.go.kr/LSW/precInfoP.do?mode=0&precSeq=397474
397482,장해급여부지급처분취소,[서울행정법원 2016구단64848],https://www.law.go.kr/LSW/precInfoP.do?mode=0&precSeq=397482
397504,장해급여부지급처분취소,[서울행정법원 2016구단65445],https://www.law.go.kr/LSW/precInfoP.do?mode=0&precSeq=397504
397534,장해급여부지급처분취소,[서울행정법원 2016구단66400],https://www.law.go.kr/LSW/precInfoP.do?mode=0&precSeq=397534
397544,장해급여부지급처분취소,[서울행정법원 2016구단66516],https://www.law.go.kr/LSW/precInfoP.do?mode=0&precSeq=397544
400332,장해급여부지급처분취소,[서울행정법원 2017구단25109],https://www.law.go.kr/LSW/precInfoP.do?mode=0&precSeq=400332
404368,장해급여부지급처분취소,[서울행정법원 2018구단68981],https://www.law.go.kr/LSW/precInfoP.do?mode=0&precSeq=404368
410886,장해급여부지급처분취소,"본 컨텐츠는
 근로복지공단 산재판례 에서 수집한 데이터로, 관련 문의는 해당 기관으로 부탁드립니다.",https://www.law.go.kr/LSW/precInfoP.do?mode=0&precSeq=410886
415424,장해급여부지급처분취소,"본 컨텐츠는
 근로복지공단 산재판례 에서 수집한 데이터로, 관련 문의는 해당 기관으로 부탁드립니다.",https://www.law.go.kr/LSW/precInfoP.do?mode=0&precSeq=415424
415458,장해급여부지급처분취소,"본 컨텐츠는
 근로복지공단 산재판례 에서 수집한 데이터로, 관련 문의는 해당 기관으로 부탁드립니다.",https://www.law.go.kr/LSW/precInfoP.do?mode=0&precSeq=415458
415460,장해급여부지급처분취소,"본 컨텐츠는
 근로복지공단 산재판례 에서 수집한 데이터로, 관련 문의는 해당 기관으로 부탁드립니다.",https://www.law.go.kr/LSW/precInfoP.do?mode=0&precSeq=415460
415466,장해급여부지급처분취소,"본 컨텐츠는
 근로복지공단 산재판례 에서 수집한 데이터로, 관련 문의는 해당 기관으로 부탁드립니다.",https://www.law.go.kr/LSW/precInfoP.do?mode=0&precSeq=415466
415534,장해급여부지급처분취소,"본 컨텐츠는
 근로복지공단 산재판례 에서 수집한 데이터로, 관련 문의는 해당 기관으로 부탁드립니다.",https://www.law.go.kr/LSW/precInfoP.do?mode=0&precSeq=415534
415548,장해급여부지급처분취소,"본 컨텐츠는
 근로복지공단 산재판례 에서 수집한 데이터로, 관련 문의는 해당 기관으로 부탁드립니다.",https://www.law.go.kr/LSW/precInfoP.do?mode=0&precSeq=415548
415560,장해급여부지급처분취소,"본 컨텐츠는
 근로복지공단 산재판례 에서 수집한 데이터로, 관련 문의는 해당 기관으로 부탁드립니다.",https://www.law.go.kr/LSW/precInfoP.do?mode=0&precSeq=415560
415584,장해급여부지급처분취소,"본 컨텐츠는
 근로복지공단 산재판례 에서 수집한 데이터로, 관련 문의는 해당 기관으로 부탁드립니다.",https://www.law.go.kr/LSW/precInfoP.do?mode=0&precSeq=415584
415692,장해급여부지급처분취소,"본 컨텐츠는
 근로복지공단 산재판례 에서 수집한 데이터로, 관련 문의는 해당 기관으로 부탁드립니다.",https://www.law.go.kr/LSW/precInfoP.do?mode=0&precSeq=415692
415698,장해급여부지급처분취소,"본 컨텐츠는
 근로복지공단 산재판례 에서 수집한 데이터로, 관련 문의는 해당 기관으로 부탁드립니다.",https://www.law.go.kr/LSW/precInfoP.do?mode=0&precSeq=415698
415706,장해급여부지급처분취소,"본 컨텐츠는
 근로복지공단 산재판례 에서 수집한 데이터로, 관련 문의는 해당 기관으로 부탁드립니다.",https://www.law.go.kr/LSW/precInfoP.do?mode=0&precSeq=415706
415718,장해급여부지급처분취소,"본 컨텐츠는
 근로복지공단 산재판례 에서 수집한 데이터로, 관련 문의는 해당 기관으로 부탁드립니다.",https://www.law.go.kr/LSW/precInfoP.do?mode=0&precSeq=415718
415720,장해급여부지급처분취소,"본 컨텐츠는
 근로복지공단 산재판례 에서 수집한 데이터로, 관련 문의는 해당 기관으로 부탁드립니다.",https://www.law.go.kr/LSW/precInfoP.do?mode=0&precSeq=415720
415722,장해급여부지급처분취소,"본 컨텐츠는
 근로복지공단 산재판례 에서 수집한 데이터로, 관련 문의는 해당 기관으로 부탁드립니다.",https://www.law.go.kr/LSW/precInfoP.do?mode=0&precSeq=415722
415740,장해급여부지급처분취소,"본 컨텐츠는
 근로복지공단 산재판례 에서 수집한 데이터로, 관련 문의는 해당 기관으로 부탁드립니다.",https://www.law.go.kr/LSW/precInfoP.do?mode=0&precSeq=415740
415748,장해급여부지급처분취소,"본 컨텐츠는
 근로복지공단 산재판례 에서 수집한 데이터로, 관련 문의는 해당 기관으로 부탁드립니다.",https://www.law.go.kr/LSW/precInfoP.do?mode=0&precSeq=415748
415758,장해급여부지급처분취소,"본 컨텐츠는
 근로복지공단 산재판례 에서 수집한 데이터로, 관련 문의는 해당 기관으로 부탁드립니다.",https://www.law.go.kr/LSW/precInfoP.do?mode=0&precSeq=415758
415772,장해급여부지급처분취소,"본 컨텐츠는
 근로복지공단 산재판례 에서 수집한 데이터로, 관련 문의는 해당 기관으로 부탁드립니다.",https://www.law.go.kr/LSW/precInfoP.do?mode=0&precSeq=415772
415780,장해급여부지급처분취소,"본 컨텐츠는
 근로복지공단 산재판례 에서 수집한 데이터로, 관련 문의는 해당 기관으로 부탁드립니다.",https://www.law.go.kr/LSW/precInfoP.do?mode=0&precSeq=415780
415804,장해급여부지급처분취소,"본 컨텐츠는
 근로복지공단 산재판례 에서 수집한 데이터로, 관련 문의는 해당 기관으로 부탁드립니다.",https://www.law.go.kr/LSW/precInfoP.do?mode=0&precSeq=415804
415824,장해급여부지급처분취소,"본 컨텐츠는
 근로복지공단 산재판례 에서 수집한 데이터로, 관련 문의는 해당 기관으로 부탁드립니다.",https://www.law.go.kr/LSW/precInfoP.do?mode=0&precSeq=415824
415828,장해급여부지급처분취소,"본 컨텐츠는
 근로복지공단 산재판례 에서 수집한 데이터로, 관련 문의는 해당 기관으로 부탁드립니다.",https://www.law.go.kr/LSW/precInfoP.do?mode=0&precSeq=415828
415848,장해급여부지급처분취소,"본 컨텐츠는
 근로복지공단 산재판례 에서 수집한 데이터로, 관련 문의는 해당 기관으로 부탁드립니다.",https://www.law.go.kr/LSW/precInfoP.do?mode=0&precSeq=415848
415860,장해급여부지급처분취소,"본 컨텐츠는
 근로복지공단 산재판례 에서 수집한 데이터로, 관련 문의는 해당 기관으로 부탁드립니다.",https://www.law.go.kr/LSW/precInfoP.do?mode=0&precSeq=415860
415876,장해급여부지급처분취소,"본 컨텐츠는
 근로복지공단 산재판례 에서 수집한 데이터로, 관련 문의는 해당 기관으로 부탁드립니다.",https://www.law.go.kr/LSW/precInfoP.do?mode=0&precSeq=415876
415882,장해급여부지급처분취소,"본 컨텐츠는
 근로복지공단 산재판례 에서 수집한 데이터로, 관련 문의는 해당 기관으로 부탁드립니다.",https://www.law.go.kr/LSW/precInfoP.do?mode=0&precSeq=415882
415900,장해급여부지급처분취소,"본 컨텐츠는
 근로복지공단 산재판례 에서 수집한 데이터로, 관련 문의는 해당 기관으로 부탁드립니다.",https://www.law.go.kr/LSW/precInfoP.do?mode=0&precSeq=415900
415924,장해급여부지급처분취소,"본 컨텐츠는
 근로복지공단 산재판례 에서 수집한 데이터로, 관련 문의는 해당 기관으로 부탁드립니다.",https://www.law.go.kr/LSW/precInfoP.do?mode=0&precSeq=415924
415952,장해급여부지급처분취소,"본 컨텐츠는
 근로복지공단 산재판례 에서 수집한 데이터로, 관련 문의는 해당 기관으로 부탁드립니다.",https://www.law.go.kr/LSW/precInfoP.do?mode=0&precSeq=415952
415954,장해급여부지급처분취소,"본 컨텐츠는
 근로복지공단 산재판례 에서 수집한 데이터로, 관련 문의는 해당 기관으로 부탁드립니다.",https://www.law.go.kr/LSW/precInfoP.do?mode=0&precSeq=415954
415966,장해급여부지급처분취소,"본 컨텐츠는
 근로복지공단 산재판례 에서 수집한 데이터로, 관련 문의는 해당 기관으로 부탁드립니다.",https://www.law.go.kr/LSW/precInfoP.do?mode=0&precSeq=415966
415978,장해급여부지급처분취소,"본 컨텐츠는
 근로복지공단 산재판례 에서 수집한 데이터로, 관련 문의는 해당 기관으로 부탁드립니다.",https://www.law.go.kr/LSW/precInfoP.do?mode=0&precSeq=415978
415980,장해급여부지급처분취소,"본 컨텐츠는
 근로복지공단 산재판례 에서 수집한 데이터로, 관련 문의는 해당 기관으로 부탁드립니다.",https://www.law.go.kr/LSW/precInfoP.do?mode=0&precSeq=415980
416000,장해급여부지급처분취소,"본 컨텐츠는
 근로복지공단 산재판례 에서 수집한 데이터로, 관련 문의는 해당 기관으로 부탁드립니다.",https://www.law.go.kr/LSW/precInfoP.do?mode=0&precSeq=416000
416004,장해급여부지급처분취소,"본 컨텐츠는
 근로복지공단 산재판례 에서 수집한 데이터로, 관련 문의는 해당 기관으로 부탁드립니다.",https://www.law.go.kr/LSW/precInfoP.do?mode=0&precSeq=416004
416012,장해급여부지급처분취소,"본 컨텐츠는
 근로복지공단 산재판례 에서 수집한 데이터로, 관련 문의는 해당 기관으로 부탁드립니다.",https://www.law.go.kr/LSW/precInfoP.do?mode=0&precSeq=416012
417054,장해급여부지급처분취소,[서울행정법원 2023구단50960],https://www.law.go.kr/LSW/precInfoP.do?mode=0&precSeq=417054
417078,장해급여부지급처분취소,[서울행정법원 2023구단53099],https://www.law.go.kr/LSW/precInfoP.do?mode=0&precSeq=417078
417080,장해급여부지급처분취소,[서울행정법원 2023구단53129],https://www.law.go.kr/LSW/precInfoP.do?mode=0&precSeq=417080
417094,장해급여부지급처분취소,[서울행정법원 2023구단54986],https://www.law.go.kr/LSW/precInfoP.do?mode=0&precSeq=417094
417100,장해급여부지급처분취소,[서울행정법원 2023구단55484],https://www.law.go.kr/LSW/precInfoP.do?mode=0&precSeq=417100
417108,장해급여부지급처분취소,[서울행정법원 2023구단56081],https://www.law.go.kr/LSW/precInfoP.do?mode=0&precSeq=417108
417112,장해급여부지급처분취소,[서울행정법원 2023구단56777],https://www.law.go.kr/LSW/precInfoP.do?mode=0&precSeq=417112
417126,장해급여부지급처분취소,[서울행정법원 2023구단58131],https://www.law.go.kr/LSW/precInfoP.do?mode=0&precSeq=417126
393840,장해급여부지급처분취소,[울산지방법원 2015구합1230],https://www.law.go.kr/LSW/precInfoP.do?mode=0&precSeq=393840
414070,장해급여부지급처분취소,"본 컨텐츠는
 근로복지공단 산재판례 에서 수집한 데이터로, 관련 문의는 해당 기관으로 부탁드립니다.",https://www.law.go.kr/LSW/precInfoP.do?mode=0&precSeq=414070
414280,장해급여부지급처분취소,"본 컨텐츠는
 근로복지공단 산재판례 에서 수집한 데이터로, 관련 문의는 해당 기관으로 부탁드립니다.",https://www.law.go.kr/LSW/precInfoP.do?mode=0&precSeq=414280
415738,장해급여부지급처분취소,"본 컨텐츠는
 근로복지공단 산재판례 에서 수집한 데이터로, 관련 문의는 해당 기관으로 부탁드립니다.",https://www.law.go.kr/LSW/precInfoP.do?mode=0&precSeq=415738
417088,장해급여부지급처분취소,[울산지방법원 2023구단5353],https://www.law.go.kr/LSW/precInfoP.do?mode=0&precSeq=417088
361748,장해급여부지급처분취소,[제주지방법원 2006구합983],https://www.law.go.kr/LSW/precInfoP.do?mode=0&precSeq=361748
403534,장해급여부지급처분취소,[창원지방법원 2018구단11242],https://www.law.go.kr/LSW/precInfoP.do?mode=0&precSeq=403534
373218,장해급여부지급처분취소,[청주지방법원 2010구합1496],https://www.law.go.kr/LSW/precInfoP.do?mode=0&precSeq=373218
397804,장해급여부지급처분취소,[춘천지방법원 2016구합50349],https://www.law.go.kr/LSW/precInfoP.do?mode=0&precSeq=397804
397832,장해급여부지급처분취소,[춘천지방법원 2016구합50936],https://www.law.go.kr/LSW/precInfoP.do?mode=0&precSeq=397832
416054,장해급여부지급처분취소,"본 컨텐츠는
 근로복지공단 산재판례 에서 수집한 데이터로, 관련 문의는 해당 기관으로 부탁드립니다.",https://www.law.go.kr/LSW/precInfoP.do?mode=0&precSeq=416054
393314,장해급여신청반려처분취소,[서울행정법원 2015구단57065],https://www.law.go.kr/LSW/precInfoP.do?mode=0&precSeq=393314
397196,장해급여신청반려처분취소,[서울행정법원 2016구단55844],https://www.law.go.kr/LSW/precInfoP.do?mode=0&precSeq=397196
81162,장해급여에관한처분취소,[대법원 2001. 12. 24. 선고 2000두9656 판결],https://www.law.go.kr/LSW/precInfoP.do?mode=0&precSeq=81162
416002,장해급여일부부지급처분취소,"본 컨텐츠는
 근로복지공단 산재판례 에서 수집한 데이터로, 관련 문의는 해당 기관으로 부탁드립니다.",https://www.law.go.kr/LSW/precInfoP.do?mode=0&precSeq=416002
372370,장해급여지급거부처분취소,[서울행정법원 2010구단25735],https://www.law.go.kr/LSW/precInfoP.do?mode=0&precSeq=372370
393344,장해급여지급거부처분취소,[서울행정법원 2015구단57508],https://www.law.go.kr/LSW/precInfoP.do?mode=0&precSeq=393344
397352,장해급여지급결정 취소 등 청구의 소,[서울행정법원 2016구단60563],https://www.law.go.kr/LSW/precInfoP.do?mode=0&precSeq=397352
415846,장해급여지급결정처분취소,"본 컨텐츠는
 근로복지공단 산재판례 에서 수집한 데이터로, 관련 문의는 해당 기관으로 부탁드립니다.",https://www.law.go.kr/LSW/precInfoP.do?mode=0&precSeq=415846
206047,장해급여지급처분변경,,https://www.law.go.kr/LSW/precInfoP.do?mode=0&precSeq=206047
400854,장해급여지급처분취소,[서울행정법원 2017구단63491],https://www.law.go.kr/LSW/precInfoP.do?mode=0&precSeq=400854
415736,장해급여지급처분취소,"본 컨텐츠는
 근로복지공단 산재판례 에서 수집한 데이터로, 관련 문의는 해당 기관으로 부탁드립니다.",https://www.law.go.kr/LSW/precInfoP.do?mode=0&precSeq=415736
226633,장해급여지급처분취소청구의소,,https://www.law.go.kr/LSW/precInfoP.do?mode=0&precSeq=226633
361570,장해급여처분,[부산지방법원 2006구단2316],https://www.law.go.kr/LSW/precInfoP.do?mode=0&precSeq=361570
197586,장해급여청구,,https://www.law.go.kr/LSW/precInfoP.do?mode=0&precSeq=197586
371942,장해급여청구서처리결과알림처분취소,[부산지방법원 2010구단1792],https://www.law.go.kr/LSW/precInfoP.do?mode=0&precSeq=371942
170757,장해등급 결정처분 취소등,,https://www.law.go.kr/LSW/precInfoP.do?mode=0&precSeq=170757
395734,장해등급 결정처분 취소청구,"본 컨텐츠는
 근로복지공단 산재판례 에서 수집한 데이터로, 관련 문의는 해당 기관으로 부탁드립니다.",https://www.law.go.kr/LSW/precInfoP.do?mode=0&precSeq=395734
397326,장해등급 변경처분 및 부당이득금 징수 처분 및 간병급여 부지급 처분 각 취소,[서울행정법원 2016구단59686],https://www.law.go.kr/LSW/precInfoP.do?mode=0&precSeq=397326
402702,장해등급 변경처분 및 부당이득금 징수처분 및 간병급여 부지급 처분 각 취소,[서울고등법원 2017누80341],https://www.law.go.kr/LSW/precInfoP.do?mode=0&precSeq=402702
397578,장해등급 재결정 취소 청구의 소,[수원지방법원 2016구단7099],https://www.law.go.kr/LSW/precInfoP.do?mode=0&precSeq=397578
415926,장해등급 재판정 결정 처분 취소,"본 컨텐츠는
 근로복지공단 산재판례 에서 수집한 데이터로, 관련 문의는 해당 기관으로 부탁드립니다.",https://www.law.go.kr/LSW/precInfoP.do?mode=0&precSeq=415926
372564,장해등급(제12급)결정처분취소,[대구지방법원 2010구단3126],https://www.law.go.kr/LSW/precInfoP.do?mode=0&precSeq=372564
415314,장해등급결정처분 취소,[광주지방법원 2022구단11647],https://www.law.go.kr/LSW/precInfoP.do?mode=0&precSeq=415314
397586,장해등급결정처분 취소,[대전지방법원 2016구단75],https://www.law.go.kr/LSW/precInfoP.do?mode=0&precSeq=397586
372322,장해등급결정처분및추가상병불승인처분취소,[서울행정법원 2010구단24633],https://www.law.go.kr/LSW/precInfoP.do?mode=0&precSeq=372322
395568,장해등급결정처분쥐소,[광주고등법원 2015누6056],https://www.law.go.kr/LSW/precInfoP.do?mode=0&precSeq=395568
375280,장해등급결정처분취소,[광주고등법원 2010누718],https://www.law.go.kr/LSW/precInfoP.do?mode=0&precSeq=375280
414404,장해등급결정처분취소,"본 컨텐츠는
 근로복지공단 산재판례 에서 수집한 데이터로, 관련 문의는 해당 기관으로 부탁드립니다.",https://www.law.go.kr/LSW/precInfoP.do?mode=0&precSeq=414404
364802,장해등급결정처분취소,[광주지방법원 2008구합2125],https://www.law.go.kr/LSW/precInfoP.do?mode=0&precSeq=364802
373338,장해등급결정처분취소,[광주지방법원 2010구합2081],https://www.law.go.kr/LSW/precInfoP.do?mode=0&precSeq=373338
396486,장해등급결정처분취소,[광주지방법원 2016구단1052],https://www.law.go.kr/LSW/precInfoP.do?mode=0&precSeq=396486
78144,장해등급결정처분취소,,https://www.law.go.kr/LSW/precInfoP.do?mode=0&precSeq=78144
363352,장해등급결정처분취소,[대구지방법원 2008구단1264],https://www.law.go.kr/LSW/precInfoP.do?mode=0&precSeq=363352
396470,장해등급결정처분취소,[대구지방법원 2016구단10294],https://www.law.go.kr/LSW/precInfoP.do?mode=0&precSeq=396470
415300,장해등급결정처분취소,"본 컨텐츠는
 근로복지공단 산재판례 에서 수집한 데이터로, 관련 문의는 해당 기관으로 부탁드립니다.",https://www.law.go.kr/LSW/precInfoP.do?mode=0&precSeq=415300
416030,장해등급결정처분취소,[대구지방법원 2022구단793],https://www.law.go.kr/LSW/precInfoP.do?mode=0&precSeq=416030
417038,장해등급결정처분취소,[대구지방법원 2023구단2093],https://www.law.go.kr/LSW/precInfoP.do?mode=0&precSeq=417038
81478,장해등급결정처분취소,,https://www.law.go.kr/LSW/precInfoP.do?mode=0&precSeq=81478
67204,장해등급결정처분취소,,https://www.law.go.kr/LSW/precInfoP.do?mode=0&precSeq=67204
83823,장해등급결정처분취소,,https://www.law.go.kr/LSW/precInfoP.do?mode=0&precSeq=83823
221967,장해등급결정처분취소,,https://www.law.go.kr/LSW/precInfoP.do?mode=0&precSeq=221967
111506,장해등급결정처분취소,,https://www.law.go.kr/LSW/precInfoP.do?mode=0&precSeq=111506
196967,장해등급결정처분취소,,https://www.law.go.kr/LSW/precInfoP.do?mode=0&precSeq=196967
81164,장해등급결정처분취소,,https://www.law.go.kr/LSW/precInfoP.do?mode=0&precSeq=81164
374648,장해등급결정처분취소,[대전고등법원 2010누2706],https://www.law.go.kr/LSW/precInfoP.do?mode=0&precSeq=374648
361858,장해등급결정처분취소,[대전지방법원 2007구단1151],https://www.law.go.kr/LSW/precInfoP.do?mode=0&precSeq=361858
362092,장해등급결정처분취소,[부산지방법원 2007구단1570],https://www.law.go.kr/LSW/precInfoP.do?mode=0&precSeq=362092
363266,장해등급결정처분취소,[부산지방법원 2008구단1171],https://www.law.go.kr/LSW/precInfoP.do?mode=0&precSeq=363266
380690,장해등급결정처분취소,[부산지방법원 2012구단182],https://www.law.go.kr/LSW/precInfoP.do?mode=0&precSeq=380690
381402,장해등급결정처분취소,"본 컨텐츠는
 근로복지공단 산재판례 에서 수집한 데이터로, 관련 문의는 해당 기관으로 부탁드립니다.",https://www.law.go.kr/LSW/precInfoP.do?mode=0&precSeq=381402
396764,장해등급결정처분취소,[부산지방법원 2016구단20979],https://www.law.go.kr/LSW/precInfoP.do?mode=0&precSeq=396764
415408,장해등급결정처분취소,[부산지방법원 2022구단21416],https://www.law.go.kr/LSW/precInfoP.do?mode=0&precSeq=415408
366242,장해등급결정처분취소,[서울고등법원 2008누38522],https://www.law.go.kr/LSW/precInfoP.do?mode=0&precSeq=366242
369682,장해등급결정처분취소,[서울고등법원 2009누20702],https://www.law.go.kr/LSW/precInfoP.do?mode=0&precSeq=369682
369712,장해등급결정처분취소,[서울고등법원 2009누21279],https://www.law.go.kr/LSW/precInfoP.do?mode=0&precSeq=369712
374472,장해등급결정처분취소,[서울고등법원 2010누21749],https://www.law.go.kr/LSW/precInfoP.do?mode=0&precSeq=374472
374788,장해등급결정처분취소,[서울고등법원 2010누3215],https://www.law.go.kr/LSW/precInfoP.do?mode=0&precSeq=374788
375152,장해등급결정처분취소,[서울고등법원 2010누4805],https://www.law.go.kr/LSW/precInfoP.do?mode=0&precSeq=375152
375370,장해등급결정처분취소,[서울고등법원 2010누9534],https://www.law.go.kr/LSW/precInfoP.do?mode=0&precSeq=375370
378946,장해등급결정처분취소,[서울고등법원 2011누31507],https://www.law.go.kr/LSW/precInfoP.do?mode=0&precSeq=378946
387434,장해등급결정처분취소,[서울고등법원 2013누4219],https://www.law.go.kr/LSW/precInfoP.do?mode=0&precSeq=387434
390696,장해등급결정처분취소,[서울고등법원 2014누2333],https://www.law.go.kr/LSW/precInfoP.do?mode=0&precSeq=390696
395036,장해등급결정처분취소,[서울고등법원 2015누35255],https://www.law.go.kr/LSW/precInfoP.do?mode=0&precSeq=395036
395536,장해등급결정처분취소,[서울고등법원 2015누59046],https://www.law.go.kr/LSW/precInfoP.do?mode=0&precSeq=395536
395624,장해등급결정처분취소,[서울고등법원 2015누62547],https://www.law.go.kr/LSW/precInfoP.do?mode=0&precSeq=395624
399042,장해등급결정처분취소,[서울고등법원 2016누52035],https://www.law.go.kr/LSW/precInfoP.do?mode=0&precSeq=399042
361522,장해등급결정처분취소,[서울행정법원 2006구단10842],https://www.law.go.kr/LSW/precInfoP.do?mode=0&precSeq=361522
361828,장해등급결정처분취소,[서울행정법원 2007구단10696],https://www.law.go.kr/LSW/precInfoP.do?mode=0&precSeq=361828
361924,장해등급결정처분취소,"본 컨텐츠는
 근로복지공단 산재판례 에서 수집한 데이터로, 관련 문의는 해당 기관으로 부탁드립니다.",https://www.law.go.kr/LSW/precInfoP.do?mode=0&precSeq=361924
362086,장해등급결정처분취소,[서울행정법원 2007구단15547],https://www.law.go.kr/LSW/precInfoP.do?mode=0&precSeq=362086
362524,장해등급결정처분취소,"본 컨텐츠는
 근로복지공단 산재판례 에서 수집한 데이터로, 관련 문의는 해당 기관으로 부탁드립니다.",https://www.law.go.kr/LSW/precInfoP.do?mode=0&precSeq=362524
362564,장해등급결정처분취소,"본 컨텐츠는
 근로복지공단 산재판례 에서 수집한 데이터로, 관련 문의는 해당 기관으로 부탁드립니다.",https://www.law.go.kr/LSW/precInfoP.do?mode=0&precSeq=362564
362568,장해등급결정처분취소,"본 컨텐츠는
 근로복지공단 산재판례 에서 수집한 데이터로, 관련 문의는 해당 기관으로 부탁드립니다.",https://www.law.go.kr/LSW/precInfoP.do?mode=0&precSeq=362568
363214,장해등급결정처분취소,"본 컨텐츠는
 근로복지공단 산재판례 에서 수집한 데이터로, 관련 문의는 해당 기관으로 부탁드립니다.",https://www.law.go.kr/LSW/precInfoP.do?mode=0&precSeq=363214
363830,장해등급결정처분취소,[서울행정법원 2008구단2197],https://www.law.go.kr/LSW/precInfoP.do?mode=0&precSeq=363830
363892,장해등급결정처분취소,[서울행정법원 2008구단2494],https://www.law.go.kr/LSW/precInfoP.do?mode=0&precSeq=363892
364350,장해등급결정처분취소,"본 컨텐츠는
 근로복지공단 산재판례 에서 수집한 데이터로, 관련 문의는 해당 기관으로 부탁드립니다.",https://www.law.go.kr/LSW/precInfoP.do?mode=0&precSeq=364350
364402,장해등급결정처분취소,"본 컨텐츠는
 근로복지공단 산재판례 에서 수집한 데이터로, 관련 문의는 해당 기관으로 부탁드립니다.",https://www.law.go.kr/LSW/precInfoP.do?mode=0&precSeq=364402
364554,장해등급결정처분취소,"본 컨텐츠는
 근로복지공단 산재판례 에서 수집한 데이터로, 관련 문의는 해당 기관으로 부탁드립니다.",https://www.law.go.kr/LSW/precInfoP.do?mode=0&precSeq=364554
364626,장해등급결정처분취소,[서울행정법원 2008구단986],https://www.law.go.kr/LSW/precInfoP.do?mode=0&precSeq=364626
366758,장해등급결정처분취소,[서울행정법원 2009구단112],https://www.law.go.kr/LSW/precInfoP.do?mode=0&precSeq=366758
371750,장해등급결정처분취소,"본 컨텐츠는
 근로복지공단 산재판례 에서 수집한 데이터로, 관련 문의는 해당 기관으로 부탁드립니다.",https://www.law.go.kr/LSW/precInfoP.do?mode=0&precSeq=371750
371854,장해등급결정처분취소,[서울행정법원 2010구단15950],https://www.law.go.kr/LSW/precInfoP.do?mode=0&precSeq=371854
372306,장해등급결정처분취소,[서울행정법원 2010구단24336],https://www.law.go.kr/LSW/precInfoP.do?mode=0&precSeq=372306
372314,장해등급결정처분취소,[서울행정법원 2010구단24503],https://www.law.go.kr/LSW/precInfoP.do?mode=0&precSeq=372314
372612,장해등급결정처분취소,[서울행정법원 2010구단3445],https://www.law.go.kr/LSW/precInfoP.do?mode=0&precSeq=372612
376184,장해등급결정처분취소,[서울행정법원 2011구단12385],https://www.law.go.kr/LSW/precInfoP.do?mode=0&precSeq=376184
376574,장해등급결정처분취소,[서울행정법원 2011구단22412],https://www.law.go.kr/LSW/precInfoP.do?mode=0&precSeq=376574
377304,장해등급결정처분취소,[서울행정법원 2011구단9655],https://www.law.go.kr/LSW/precInfoP.do?mode=0&precSeq=377304
380360,장해등급결정처분취소,[서울행정법원 2012구단11075],https://www.law.go.kr/LSW/precInfoP.do?mode=0&precSeq=380360
380386,장해등급결정처분취소,[서울행정법원 2012구단12054],https://www.law.go.kr/LSW/precInfoP.do?mode=0&precSeq=380386
380408,장해등급결정처분취소,[서울행정법원 2012구단12290],https://www.law.go.kr/LSW/precInfoP.do?mode=0&precSeq=380408
380436,장해등급결정처분취소,[서울행정법원 2012구단12894],https://www.law.go.kr/LSW/precInfoP.do?mode=0&precSeq=380436
380450,장해등급결정처분취소,[서울행정법원 2012구단13446],https://www.law.go.kr/LSW/precInfoP.do?mode=0&precSeq=380450
380510,장해등급결정처분취소,[서울행정법원 2012구단14449],https://www.law.go.kr/LSW/precInfoP.do?mode=0&precSeq=380510
380918,장해등급결정처분취소,"본 컨텐츠는
 근로복지공단 산재판례 에서 수집한 데이터로, 관련 문의는 해당 기관으로 부탁드립니다.",https://www.law.go.kr/LSW/precInfoP.do?mode=0&precSeq=380918
381378,장해등급결정처분취소,[서울행정법원 2012구단631],https://www.law.go.kr/LSW/precInfoP.do?mode=0&precSeq=381378
381406,장해등급결정처분취소,"본 컨텐츠는
 근로복지공단 산재판례 에서 수집한 데이터로, 관련 문의는 해당 기관으로 부탁드립니다.",https://www.law.go.kr/LSW/precInfoP.do?mode=0&precSeq=381406
384472,장해등급결정처분취소,[서울행정법원 2013구단1211],https://www.law.go.kr/LSW/precInfoP.do?mode=0&precSeq=384472
384798,장해등급결정처분취소,[서울행정법원 2013구단20120],https://www.law.go.kr/LSW/precInfoP.do?mode=0&precSeq=384798
385062,장해등급결정처분취소,[서울행정법원 2013구단3538],https://www.law.go.kr/LSW/precInfoP.do?mode=0&precSeq=385062
385114,장해등급결정처분취소,[서울행정법원 2013구단3903],https://www.law.go.kr/LSW/precInfoP.do?mode=0&precSeq=385114
393206,장해등급결정처분취소,[서울행정법원 2015구단55120],https://www.law.go.kr/LSW/precInfoP.do?mode=0&precSeq=393206
393306,장해등급결정처분취소,[서울행정법원 2015구단56970],https://www.law.go.kr/LSW/precInfoP.do?mode=0&precSeq=393306
393332,장해등급결정처분취소,[서울행정법원 2015구단5736],https://www.law.go.kr/LSW/precInfoP.do?mode=0&precSeq=393332
393386,장해등급결정처분취소,[서울행정법원 2015구단5828],https://www.law.go.kr/LSW/precInfoP.do?mode=0&precSeq=393386
393480,장해등급결정처분취소,[서울행정법원 2015구단59764],https://www.law.go.kr/LSW/precInfoP.do?mode=0&precSeq=393480
396812,장해등급결정처분취소,[서울행정법원 2016구단24352],https://www.law.go.kr/LSW/precInfoP.do?mode=0&precSeq=396812
397140,장해등급결정처분취소,[서울행정법원 2016구단54315],https://www.law.go.kr/LSW/precInfoP.do?mode=0&precSeq=397140
397280,장해등급결정처분취소,[서울행정법원 2016구단58058],https://www.law.go.kr/LSW/precInfoP.do?mode=0&precSeq=397280
397328,장해등급결정처분취소,[서울행정법원 2016구단59747],https://www.law.go.kr/LSW/precInfoP.do?mode=0&precSeq=397328
397468,장해등급결정처분취소,[서울행정법원 2016구단64237],https://www.law.go.kr/LSW/precInfoP.do?mode=0&precSeq=397468
397486,장해등급결정처분취소,[서울행정법원 2016구단6491],https://www.law.go.kr/LSW/precInfoP.do?mode=0&precSeq=397486
397644,장해등급결정처분취소,[서울행정법원 2016구단9261],https://www.law.go.kr/LSW/precInfoP.do?mode=0&precSeq=397644
411016,장해등급결정처분취소,"본 컨텐츠는
 근로복지공단 산재판례 에서 수집한 데이터로, 관련 문의는 해당 기관으로 부탁드립니다.",https://www.law.go.kr/LSW/precInfoP.do?mode=0&precSeq=411016
415448,장해등급결정처분취소,"본 컨텐츠는
 근로복지공단 산재판례 에서 수집한 데이터로, 관련 문의는 해당 기관으로 부탁드립니다.",https://www.law.go.kr/LSW/precInfoP.do?mode=0&precSeq=415448
415744,장해등급결정처분취소,"본 컨텐츠는
 근로복지공단 산재판례 에서 수집한 데이터로, 관련 문의는 해당 기관으로 부탁드립니다.",https://www.law.go.kr/LSW/precInfoP.do?mode=0&precSeq=415744
415844,장해등급결정처분취소,"본 컨텐츠는
 근로복지공단 산재판례 에서 수집한 데이터로, 관련 문의는 해당 기관으로 부탁드립니다.",https://www.law.go.kr/LSW/precInfoP.do?mode=0&precSeq=415844
415904,장해등급결정처분취소,"본 컨텐츠는
 근로복지공단 산재판례 에서 수집한 데이터로, 관련 문의는 해당 기관으로 부탁드립니다.",https://www.law.go.kr/LSW/precInfoP.do?mode=0&precSeq=415904
415940,장해등급결정처분취소,"본 컨텐츠는
 근로복지공단 산재판례 에서 수집한 데이터로, 관련 문의는 해당 기관으로 부탁드립니다.",https://www.law.go.kr/LSW/precInfoP.do?mode=0&precSeq=415940
415944,장해등급결정처분취소,"본 컨텐츠는
 근로복지공단 산재판례 에서 수집한 데이터로, 관련 문의는 해당 기관으로 부탁드립니다.",https://www.law.go.kr/LSW/precInfoP.do?mode=0&precSeq=415944
415984,장해등급결정처분취소,"본 컨텐츠는
 근로복지공단 산재판례 에서 수집한 데이터로, 관련 문의는 해당 기관으로 부탁드립니다.",https://www.law.go.kr/LSW/precInfoP.do?mode=0&precSeq=415984
415994,장해등급결정처분취소,"본 컨텐츠는
 근로복지공단 산재판례 에서 수집한 데이터로, 관련 문의는 해당 기관으로 부탁드립니다.",https://www.law.go.kr/LSW/precInfoP.do?mode=0&precSeq=415994
417050,장해등급결정처분취소,[서울행정법원 2023구단50717],https://www.law.go.kr/LSW/precInfoP.do?mode=0&precSeq=417050
417056,장해등급결정처분취소,[서울행정법원 2023구단51222],https://www.law.go.kr/LSW/precInfoP.do?mode=0&precSeq=417056
396776,장해등급결정처분취소,[수원지방법원 2016구단2124],https://www.law.go.kr/LSW/precInfoP.do?mode=0&precSeq=396776
397628,장해등급결정처분취소,[수원지방법원 2016구단8542],https://www.law.go.kr/LSW/precInfoP.do?mode=0&precSeq=397628
362744,장해등급결정처분취소,"본 컨텐츠는
 근로복지공단 산재판례 에서 수집한 데이터로, 관련 문의는 해당 기관으로 부탁드립니다.",https://www.law.go.kr/LSW/precInfoP.do?mode=0&precSeq=362744
373380,장해등급결정처분취소,[울산지방법원 2010구합225],https://www.law.go.kr/LSW/precInfoP.do?mode=0&precSeq=373380
415700,장해등급결정처분취소,[울산지방법원 2022구단5981],https://www.law.go.kr/LSW/precInfoP.do?mode=0&precSeq=415700
415858,장해등급결정처분취소,"본 컨텐츠는
 근로복지공단 산재판례 에서 수집한 데이터로, 관련 문의는 해당 기관으로 부탁드립니다.",https://www.law.go.kr/LSW/precInfoP.do?mode=0&precSeq=415858
392520,장해등급결정처분취소,[의정부지방법원 2015구단1128],https://www.law.go.kr/LSW/precInfoP.do?mode=0&precSeq=392520
362240,장해등급결정처분취소,"본 컨텐츠는
 근로복지공단 산재판례 에서 수집한 데이터로, 관련 문의는 해당 기관으로 부탁드립니다.",https://www.law.go.kr/LSW/precInfoP.do?mode=0&precSeq=362240
362278,장해등급결정처분취소,"본 컨텐츠는
 근로복지공단 산재판례 에서 수집한 데이터로, 관련 문의는 해당 기관으로 부탁드립니다.",https://www.law.go.kr/LSW/precInfoP.do?mode=0&precSeq=362278
396528,장해등급결정처분취소,[인천지방법원 2016구단114],https://www.law.go.kr/LSW/precInfoP.do?mode=0&precSeq=396528
400560,장해등급결정처분취소,[인천지방법원 2017구단524],https://www.law.go.kr/LSW/precInfoP.do?mode=0&precSeq=400560
362612,장해등급결정처분취소,[전주지방법원 2007구합1344],https://www.law.go.kr/LSW/precInfoP.do?mode=0&precSeq=362612
362754,장해등급결정처분취소,"본 컨텐츠는
 근로복지공단 산재판례 에서 수집한 데이터로, 관련 문의는 해당 기관으로 부탁드립니다.",https://www.law.go.kr/LSW/precInfoP.do?mode=0&precSeq=362754
397598,장해등급결정처분취소,[전주지방법원 2016구단759],https://www.law.go.kr/LSW/precInfoP.do?mode=0&precSeq=397598
362290,장해등급결정처분취소,[창원지방법원 2007구단3139],https://www.law.go.kr/LSW/precInfoP.do?mode=0&precSeq=362290
364346,장해등급결정처분취소,[창원지방법원 2008구단663],https://www.law.go.kr/LSW/precInfoP.do?mode=0&precSeq=364346
372724,장해등급결정처분취소,[창원지방법원 2010구단444],https://www.law.go.kr/LSW/precInfoP.do?mode=0&precSeq=372724
415288,장해등급결정처분취소,"본 컨텐츠는
 근로복지공단 산재판례 에서 수집한 데이터로, 관련 문의는 해당 기관으로 부탁드립니다.",https://www.law.go.kr/LSW/precInfoP.do?mode=0&precSeq=415288
393816,장해등급결정처분취소,[청주지방법원 2015구합10433],https://www.law.go.kr/LSW/precInfoP.do?mode=0&precSeq=393816
393856,장해등급결정처분취소,[춘천지방법원 2015구합1340],https://www.law.go.kr/LSW/precInfoP.do?mode=0&precSeq=393856
394438,장해등급결정처분취소,[춘천지방법원 2015구합767],https://www.law.go.kr/LSW/precInfoP.do?mode=0&precSeq=394438
393874,장해등급결정처분취소,[춘천지방법원강릉지원 2015구합1534],https://www.law.go.kr/LSW/precInfoP.do?mode=0&precSeq=393874
374706,장해등급결정처분취소 등,[대구고등법원 2010누2853],https://www.law.go.kr/LSW/precInfoP.do?mode=0&precSeq=374706
363458,장해등급결정처분취소등처분취소,"본 컨텐츠는
 근로복지공단 산재판례 에서 수집한 데이터로, 관련 문의는 해당 기관으로 부탁드립니다.",https://www.law.go.kr/LSW/precInfoP.do?mode=0&precSeq=363458
363360,장해등급결정처분취소청구의소,[서울행정법원 2008구단12712],https://www.law.go.kr/LSW/precInfoP.do?mode=0&precSeq=363360
396446,장해등급변경결정등처분취소,[대구지방법원 2016구단10102],https://www.law.go.kr/LSW/precInfoP.do?mode=0&precSeq=396446
397394,장해등급변경처분및부당이득금징수처분및간병급여부지급처분각취소,[서울행정법원 2016구단61801],https://www.law.go.kr/LSW/precInfoP.do?mode=0&precSeq=397394
372356,장해등급부지급처분취소,[서울행정법원 2010구단25339],https://www.law.go.kr/LSW/precInfoP.do?mode=0&precSeq=372356
363550,장해등급인상조정및장해급여인상지급청구,[서울행정법원 2008구단15230],https://www.law.go.kr/LSW/precInfoP.do?mode=0&precSeq=363550
395262,장해등급재결정 및 수시간병급여취소처분 등,[광주고등법원전주부 2015누450],https://www.law.go.kr/LSW/precInfoP.do?mode=0&precSeq=395262
393338,장해등급재결정처분 등 취소,[서울행정법원 2015구단57423],https://www.law.go.kr/LSW/precInfoP.do?mode=0&precSeq=393338
397420,장해등급재결정처분취소,[서울행정법원 2016구단62842],https://www.law.go.kr/LSW/precInfoP.do?mode=0&precSeq=397420
395880,장해등급재결정취소,[광주고등법원 2015누7530],https://www.law.go.kr/LSW/precInfoP.do?mode=0&precSeq=395880
388524,장해등급재결정취소,[광주지방법원 2014구단10694],https://www.law.go.kr/LSW/precInfoP.do?mode=0&precSeq=388524
396516,장해등급재판정결정처분취소,[대구지방법원 2016구단11129],https://www.law.go.kr/LSW/precInfoP.do?mode=0&precSeq=396516
410894,장해등급재판정결정처분취소,"본 컨텐츠는
 근로복지공단 산재판례 에서 수집한 데이터로, 관련 문의는 해당 기관으로 부탁드립니다.",https://www.law.go.kr/LSW/precInfoP.do?mode=0&precSeq=410894
397636,장해등급재판정대상부존재확인,[광주지방법원 2016구단905],https://www.law.go.kr/LSW/precInfoP.do?mode=0&precSeq=397636
396802,장해등급재판정불응에 따른 장해연금일시중지결정처분취소,[서울행정법원 2016구단23458],https://www.law.go.kr/LSW/precInfoP.do?mode=0&precSeq=396802
393298,장해등급재판정처분취소,[서울행정법원 2015구단56758],https://www.law.go.kr/LSW/precInfoP.do?mode=0&precSeq=393298
403648,장해등급제7급처분취소,[부산지방법원 2018구단1484],https://www.law.go.kr/LSW/precInfoP.do?mode=0&precSeq=403648
194380,장해보상,[대법원 2002. 12. 27. 선고 2000다18714 판결],https://www.law.go.kr/LSW/precInfoP.do?mode=0&precSeq=194380
120865,장해보상,[서울지법 1999. 3. 24. 선고 97가합27126 판결：항소기각],https://www.law.go.kr/LSW/precInfoP.do?mode=0&precSeq=120865
372892,장해보상(연금차액)부지급결정취소,[서울행정법원 2010구단6604],https://www.law.go.kr/LSW/precInfoP.do?mode=0&precSeq=372892
362150,장해보상금부지급처분취소,[서울행정법원 2007구단16564],https://www.law.go.kr/LSW/precInfoP.do?mode=0&precSeq=362150
397588,장해보상등급판정,[서울행정법원 2016구단7517],https://www.law.go.kr/LSW/precInfoP.do?mode=0&precSeq=397588
374840,장해보상부지급및휴업급여일부부지급처분취소,[서울고등법원 2010누34165],https://www.law.go.kr/LSW/precInfoP.do?mode=0&precSeq=374840
364394,장해보상부지급처분취소,"본 컨텐츠는
 근로복지공단 산재판례 에서 수집한 데이터로, 관련 문의는 해당 기관으로 부탁드립니다.",https://www.law.go.kr/LSW/precInfoP.do?mode=0&precSeq=364394
143986,장해보상연금,,https://www.law.go.kr/LSW/precInfoP.do?mode=0&precSeq=143986
177974,장해보상연금개시일자결정처분취소,,https://www.law.go.kr/LSW/precInfoP.do?mode=0&precSeq=177974
85145,장해보상연금부지급처분취소,,https://www.law.go.kr/LSW/precInfoP.do?mode=0&precSeq=85145
78306,장해보상연금부지급처분취소,,https://www.law.go.kr/LSW/precInfoP.do?mode=0&precSeq=78306
391130,장해보상연금부지급처분취소,[서울고등법원 2014누53089],https://www.law.go.kr/LSW/precInfoP.do?mode=0&precSeq=391130
415956,장해보상연금지급정지처분취소,"본 컨텐츠는
 근로복지공단 산재판례 에서 수집한 데이터로, 관련 문의는 해당 기관으로 부탁드립니다.",https://www.law.go.kr/LSW/precInfoP.do?mode=0&precSeq=415956
393442,장해보상연금차액일시금부지급처분취소,[서울행정법원 2015구단59023],https://www.law.go.kr/LSW/precInfoP.do?mode=0&precSeq=393442
397082,장해보상일시금지급처분무효확인,[서울행정법원 2016구단52623],https://www.law.go.kr/LSW/precInfoP.do?mode=0&precSeq=397082
372480,장해보상청구거부처분취소,[서울행정법원 2010구단28185],https://www.law.go.kr/LSW/precInfoP.do?mode=0&precSeq=372480
375222,장해보상청구반려처분취소,"본 컨텐츠는
 근로복지공단 산재판례 에서 수집한 데이터로, 관련 문의는 해당 기관으로 부탁드립니다.",https://www.law.go.kr/LSW/precInfoP.do?mode=0&precSeq=375222
362080,장해보상청구반려처분취소,[서울행정법원 2007구단15479],https://www.law.go.kr/LSW/precInfoP.do?mode=0&precSeq=362080
363158,장해보상청구반려처분취소,[서울행정법원 2008구단10518],https://www.law.go.kr/LSW/precInfoP.do?mode=0&precSeq=363158
369786,장해보상청구서반려처분취소,[서울고등법원 2009누23428],https://www.law.go.kr/LSW/precInfoP.do?mode=0&precSeq=369786
361970,장해보상청구서반려처분취소,"본 컨텐츠는
 근로복지공단 산재판례 에서 수집한 데이터로, 관련 문의는 해당 기관으로 부탁드립니다.",https://www.law.go.kr/LSW/precInfoP.do?mode=0&precSeq=361970
396924,장해부지급처분취소,"본 컨텐츠는
 근로복지공단 산재판례 에서 수집한 데이터로, 관련 문의는 해당 기관으로 부탁드립니다.",https://www.law.go.kr/LSW/precInfoP.do?mode=0&precSeq=396924
397604,장해승인급여 조정승인처분 취소 청구의 소,[수원지방법원 2016구단7815],https://www.law.go.kr/LSW/precInfoP.do?mode=0&precSeq=397604
408614,장해연금부지금처분취소,"본 컨텐츠는
 근로복지공단 산재판례 에서 수집한 데이터로, 관련 문의는 해당 기관으로 부탁드립니다.",https://www.law.go.kr/LSW/precInfoP.do?mode=0&precSeq=408614
364766,장해연금지급중지및부당이득징수결정취소,[서울행정법원 2008구합19062],https://www.law.go.kr/LSW/precInfoP.do?mode=0&precSeq=364766
191541,장해연금지급중지처분취소,,https://www.law.go.kr/LSW/precInfoP.do?mode=0&precSeq=191541
396994,장해위로금,[서울행정법원 2016구단50948],https://www.law.go.kr/LSW/precInfoP.do?mode=0&precSeq=396994
402392,장해위로금 부지급 처분 취소,[서울고등법원 2017누57655],https://www.law.go.kr/LSW/precInfoP.do?mode=0&precSeq=402392
203863,장해위로금부지급처분취소,[대법원 2018. 10. 25. 선고 2017두59208 판결],https://www.law.go.kr/LSW/precInfoP.do?mode=0&precSeq=203863
397222,장해위로금부지급처분취소,[서울행정법원 2016구단56403],https://www.law.go.kr/LSW/precInfoP.do?mode=0&precSeq=397222
397388,장해위로금부지급처분취소,[서울행정법원 2016구단61535],https://www.law.go.kr/LSW/precInfoP.do?mode=0&precSeq=397388
397454,장해위로금부지급처분취소,[서울행정법원 2016구단63753],https://www.law.go.kr/LSW/precInfoP.do?mode=0&precSeq=397454
372738,장해일시금지급처분취소,[대전지방법원 2010구단462],https://www.law.go.kr/LSW/precInfoP.do?mode=0&precSeq=372738
400532,장해재판정대상제외불승인처분취소,[서울행정법원 2017구단5174],https://www.law.go.kr/LSW/precInfoP.do?mode=0&precSeq=400532
364082,재결처분취소,[부산지방법원 2008구단3979],https://www.law.go.kr/LSW/precInfoP.do?mode=0&precSeq=364082
160240,재심 판정 처분 취소,[대법원 2012. 1. 27. 선고 2009두13627 판결],https://www.law.go.kr/LSW/precInfoP.do?mode=0&precSeq=160240
160689,재심 판정 처분 취소,[서울고등법원 2009. 7. 9. 선고 2008누33923 판결],https://www.law.go.kr/LSW/precInfoP.do?mode=0&precSeq=160689
160752,재심 판정 처분 취소,[서울행법 2008. 10. 24. 선고 2008구합6622 판결 : 항소],https://www.law.go.kr/LSW/precInfoP.do?mode=0&precSeq=160752
157113,재심 판정취소,[대법원 2011. 7. 28. 선고 2009두2665 판결],https://www.law.go.kr/LSW/precInfoP.do?mode=0&precSeq=157113
170917,재심결정취소의 소,[서울행법 2013. 7. 17. 선고 2013구합50678 판결 : 항소],https://www.law.go.kr/LSW/precInfoP.do?mode=0&precSeq=170917
196011,재심결정취소의소,[대법원 2018. 5. 15. 선고 2018두33050 판결],https://www.law.go.kr/LSW/precInfoP.do?mode=0&precSeq=196011
393530,재심사청구기각결정처분취소,[서울행정법원 2015구단60740],https://www.law.go.kr/LSW/precInfoP.do?mode=0&precSeq=393530
139181,재심판정취소,,https://www.law.go.kr/LSW/precInfoP.do?mode=0&precSeq=139181
143837,재심판정취소,[대법원 2010. 4. 29. 선고 2007두11542 판결],https://www.law.go.kr/LSW/precInfoP.do?mode=0&precSeq=143837
85367,재심판정취소,[대법원 2007. 10. 25. 선고 2007두2067 판결],https://www.law.go.kr/LSW/precInfoP.do?mode=0&precSeq=85367
144184,재심판정취소,[서울고등법원 2007. 4. 26. 선고 2004누17732 판결],https://www.law.go.kr/LSW/precInfoP.do?mode=0&precSeq=144184
78586,재심판정취소,[서울고등법원 2006. 12. 20. 선고 2006누6101 판결],https://www.law.go.kr/LSW/precInfoP.do?mode=0&precSeq=78586
140706,재심판정취소,[서울고등법원 2007. 5. 3. 선고 2006누9698 판결],https://www.law.go.kr/LSW/precInfoP.do?mode=0&precSeq=140706
138233,재심판정취소,[서울행법 2009. 6. 3. 선고 2008구합24743 판결 : 확정],https://www.law.go.kr/LSW/precInfoP.do?mode=0&precSeq=138233
78599,재심판정취소,[서울행정법원 2006. 2. 2. 선고 2005구합22463 판결],https://www.law.go.kr/LSW/precInfoP.do?mode=0&precSeq=78599
415302,재요양 및 추가상병 불승인 처분 취소 청구의 소,"본 컨텐츠는
 근로복지공단 산재판례 에서 수집한 데이터로, 관련 문의는 해당 기관으로 부탁드립니다.",https://www.law.go.kr/LSW/precInfoP.do?mode=0&precSeq=415302
397436,재요양 및 추가상병 불승인처분 취소 청구,[서울행정법원 2016구단63197],https://www.law.go.kr/LSW/precInfoP.do?mode=0&precSeq=397436
415852,재요양 및 추가상병불승인처분취소,"본 컨텐츠는
 근로복지공단 산재판례 에서 수집한 데이터로, 관련 문의는 해당 기관으로 부탁드립니다.",https://www.law.go.kr/LSW/precInfoP.do?mode=0&precSeq=415852
404004,재요양 신청 반려처분 취소,[부산지방법원 2018구단54],https://www.law.go.kr/LSW/precInfoP.do?mode=0&precSeq=404004
397740,재요양급여 불승인처분 취소 청구,[대구지방법원 2016구합21246],https://www.law.go.kr/LSW/precInfoP.do?mode=0&precSeq=397740
389528,재요양급여불승인처분취소,[대전지방법원 2014구단613],https://www.law.go.kr/LSW/precInfoP.do?mode=0&precSeq=389528
364396,재요양급여불승인처분취소,"본 컨텐츠는
 근로복지공단 산재판례 에서 수집한 데이터로, 관련 문의는 해당 기관으로 부탁드립니다.",https://www.law.go.kr/LSW/precInfoP.do?mode=0&precSeq=364396
396840,재요양급여불승인처분취소등,[인천지방법원 2016구단275],https://www.law.go.kr/LSW/precInfoP.do?mode=0&precSeq=396840
371648,재요양급여신청처분취소,"본 컨텐츠는
 근로복지공단 산재판례 에서 수집한 데이터로, 관련 문의는 해당 기관으로 부탁드립니다.",https://www.law.go.kr/LSW/precInfoP.do?mode=0&precSeq=371648
386862,재요양및추가상병급여불승인처분취소,[서울고등법원 2013누20556],https://www.law.go.kr/LSW/precInfoP.do?mode=0&precSeq=386862
396616,재요양및추가상병불승인처분취소,"본 컨텐츠는
 근로복지공단 산재판례 에서 수집한 데이터로, 관련 문의는 해당 기관으로 부탁드립니다.",https://www.law.go.kr/LSW/precInfoP.do?mode=0&precSeq=396616
395000,재요양및추가상병불승인처분취소,"본 컨텐츠는
 근로복지공단 산재판례 에서 수집한 데이터로, 관련 문의는 해당 기관으로 부탁드립니다.",https://www.law.go.kr/LSW/precInfoP.do?mode=0&precSeq=395000
361894,재요양및추가상병불승인처분취소,"본 컨텐츠는
 근로복지공단 산재판례 에서 수집한 데이터로, 관련 문의는 해당 기관으로 부탁드립니다.",https://www.law.go.kr/LSW/precInfoP.do?mode=0&precSeq=361894
361948,재요양및추가상병불승인처분취소,"본 컨텐츠는
 근로복지공단 산재판례 에서 수집한 데이터로, 관련 문의는 해당 기관으로 부탁드립니다.",https://www.law.go.kr/LSW/precInfoP.do?mode=0&precSeq=361948
362076,재요양및추가상병불승인처분취소,[서울행정법원 2007구단15394],https://www.law.go.kr/LSW/precInfoP.do?mode=0&precSeq=362076
362082,재요양및추가상병불승인처분취소,[서울행정법원 2007구단15523],https://www.law.go.kr/LSW/precInfoP.do?mode=0&precSeq=362082
363208,재요양및추가상병불승인처분취소,"본 컨텐츠는
 근로복지공단 산재판례 에서 수집한 데이터로, 관련 문의는 해당 기관으로 부탁드립니다.",https://www.law.go.kr/LSW/precInfoP.do?mode=0&precSeq=363208
372100,재요양및추가상병불승인처분취소,"본 컨텐츠는
 근로복지공단 산재판례 에서 수집한 데이터로, 관련 문의는 해당 기관으로 부탁드립니다.",https://www.law.go.kr/LSW/precInfoP.do?mode=0&precSeq=372100
376512,재요양및추가상병불승인처분취소,[서울행정법원 2011구단21006],https://www.law.go.kr/LSW/precInfoP.do?mode=0&precSeq=376512
381282,재요양및추가상병불승인처분취소,[서울행정법원 2012구단4572],https://www.law.go.kr/LSW/precInfoP.do?mode=0&precSeq=381282
393320,재요양및추가상병불승인처분취소,[서울행정법원 2015구단57195],https://www.law.go.kr/LSW/precInfoP.do?mode=0&precSeq=393320
396674,재요양및추가상병불승인처분취소,"본 컨텐츠는
 근로복지공단 산재판례 에서 수집한 데이터로, 관련 문의는 해당 기관으로 부탁드립니다.",https://www.law.go.kr/LSW/precInfoP.do?mode=0&precSeq=396674
396850,재요양및추가상병불승인처분취소,[서울행정법원 2016구단28804],https://www.law.go.kr/LSW/precInfoP.do?mode=0&precSeq=396850
396888,재요양및추가상병불승인처분취소,"본 컨텐츠는
 근로복지공단 산재판례 에서 수집한 데이터로, 관련 문의는 해당 기관으로 부탁드립니다.",https://www.law.go.kr/LSW/precInfoP.do?mode=0&precSeq=396888
396972,재요양및추가상병불승인처분취소,"본 컨텐츠는
 근로복지공단 산재판례 에서 수집한 데이터로, 관련 문의는 해당 기관으로 부탁드립니다.",https://www.law.go.kr/LSW/precInfoP.do?mode=0&precSeq=396972
397216,재요양및추가상병불승인처분취소,[서울행정법원 2016구단56298],https://www.law.go.kr/LSW/precInfoP.do?mode=0&precSeq=397216
397338,재요양및추가상병불승인처분취소,[서울행정법원 2016구단60112],https://www.law.go.kr/LSW/precInfoP.do?mode=0&precSeq=397338
397660,재요양및추가상병불승인처분취소,[서울행정법원 2016구단9971],https://www.law.go.kr/LSW/precInfoP.do?mode=0&precSeq=397660
400112,재요양및추가상병승인거부처분취소청구의소,[대구지방법원 2017구단1082],https://www.law.go.kr/LSW/precInfoP.do?mode=0&precSeq=400112
373284,재요양불승인처분최소,[전주지방법원 2010구합1825],https://www.law.go.kr/LSW/precInfoP.do?mode=0&precSeq=373284
362870,재요양불승인처분취소,"본 컨텐츠는
 근로복지공단 산재판례 에서 수집한 데이터로, 관련 문의는 해당 기관으로 부탁드립니다.",https://www.law.go.kr/LSW/precInfoP.do?mode=0&precSeq=362870
390910,재요양불승인처분취소,[대구고등법원 2014누4437],https://www.law.go.kr/LSW/precInfoP.do?mode=0&precSeq=390910
391564,재요양불승인처분취소,[대구고등법원 2014누6754],https://www.law.go.kr/LSW/precInfoP.do?mode=0&precSeq=391564
120650,재요양불승인처분취소,,https://www.law.go.kr/LSW/precInfoP.do?mode=0&precSeq=120650
363422,재요양불승인처분취소,"본 컨텐츠는
 근로복지공단 산재판례 에서 수집한 데이터로, 관련 문의는 해당 기관으로 부탁드립니다.",https://www.law.go.kr/LSW/precInfoP.do?mode=0&precSeq=363422
381034,재요양불승인처분취소,[대구지방법원 2012구단2660],https://www.law.go.kr/LSW/precInfoP.do?mode=0&precSeq=381034
81476,재요양불승인처분취소,,https://www.law.go.kr/LSW/precInfoP.do?mode=0&precSeq=81476
67490,재요양불승인처분취소,,https://www.law.go.kr/LSW/precInfoP.do?mode=0&precSeq=67490
391934,재요양불승인처분취소,[대법원 2014두14532],https://www.law.go.kr/LSW/precInfoP.do?mode=0&precSeq=391934
193240,재요양불승인처분취소,,https://www.law.go.kr/LSW/precInfoP.do?mode=0&precSeq=193240
114963,재요양불승인처분취소,,https://www.law.go.kr/LSW/precInfoP.do?mode=0&precSeq=114963
375220,재요양불승인처분취소,"본 컨텐츠는
 근로복지공단 산재판례 에서 수집한 데이터로, 관련 문의는 해당 기관으로 부탁드립니다.",https://www.law.go.kr/LSW/precInfoP.do?mode=0&precSeq=375220
379332,재요양불승인처분취소,"본 컨텐츠는
 근로복지공단 산재판례 에서 수집한 데이터로, 관련 문의는 해당 기관으로 부탁드립니다.",https://www.law.go.kr/LSW/precInfoP.do?mode=0&precSeq=379332
386926,재요양불승인처분취소,[부산고등법원 2013누2211],https://www.law.go.kr/LSW/precInfoP.do?mode=0&precSeq=386926
390588,재요양불승인처분취소,[부산고등법원 2014누175],https://www.law.go.kr/LSW/precInfoP.do?mode=0&precSeq=390588
398524,재요양불승인처분취소,[부산고등법원창원재판부 2016누10988],https://www.law.go.kr/LSW/precInfoP.do?mode=0&precSeq=398524
417160,재요양불승인처분취소,[부산고등법원창원재판부 2023누10061],https://www.law.go.kr/LSW/precInfoP.do?mode=0&precSeq=417160
364008,재요양불승인처분취소,"본 컨텐츠는
 근로복지공단 산재판례 에서 수집한 데이터로, 관련 문의는 해당 기관으로 부탁드립니다.",https://www.law.go.kr/LSW/precInfoP.do?mode=0&precSeq=364008
388920,재요양불승인처분취소,[부산지방법원 2014구단247],https://www.law.go.kr/LSW/precInfoP.do?mode=0&precSeq=388920
392842,재요양불승인처분취소,[부산지방법원 2015구단2219],https://www.law.go.kr/LSW/precInfoP.do?mode=0&precSeq=392842
400714,재요양불승인처분취소,[부산지방법원 2017구단576],https://www.law.go.kr/LSW/precInfoP.do?mode=0&precSeq=400714
374492,재요양불승인처분취소,[서울고등법원 2010누22506],https://www.law.go.kr/LSW/precInfoP.do?mode=0&precSeq=374492
375230,재요양불승인처분취소,"본 컨텐츠는
 근로복지공단 산재판례 에서 수집한 데이터로, 관련 문의는 해당 기관으로 부탁드립니다.",https://www.law.go.kr/LSW/precInfoP.do?mode=0&precSeq=375230
382672,재요양불승인처분취소,[서울고등법원 2012누17249],https://www.law.go.kr/LSW/precInfoP.do?mode=0&precSeq=382672
383158,재요양불승인처분취소,[서울고등법원 2012누31795],https://www.law.go.kr/LSW/precInfoP.do?mode=0&precSeq=383158
387286,재요양불승인처분취소,[서울고등법원 2013누31037],https://www.law.go.kr/LSW/precInfoP.do?mode=0&precSeq=387286
390586,재요양불승인처분취소,[서울고등법원 2014누1743],https://www.law.go.kr/LSW/precInfoP.do?mode=0&precSeq=390586
391114,재요양불승인처분취소,[서울고등법원 2014누52819],https://www.law.go.kr/LSW/precInfoP.do?mode=0&precSeq=391114
391126,재요양불승인처분취소,[서울고등법원 2014누5295],https://www.law.go.kr/LSW/precInfoP.do?mode=0&precSeq=391126
395852,재요양불승인처분취소,[서울고등법원 2015누72186],https://www.law.go.kr/LSW/precInfoP.do?mode=0&precSeq=395852
361644,재요양불승인처분취소,[서울행정법원 2006구단7365],https://www.law.go.kr/LSW/precInfoP.do?mode=0&precSeq=361644
361656,재요양불승인처분취소,[서울행정법원 2006구단8047],https://www.law.go.kr/LSW/precInfoP.do?mode=0&precSeq=361656
361806,재요양불승인처분취소,[서울행정법원 2007구단10290],https://www.law.go.kr/LSW/precInfoP.do?mode=0&precSeq=361806
361892,재요양불승인처분취소,"본 컨텐츠는
 근로복지공단 산재판례 에서 수집한 데이터로, 관련 문의는 해당 기관으로 부탁드립니다.",https://www.law.go.kr/LSW/precInfoP.do?mode=0&precSeq=361892
361946,재요양불승인처분취소,"본 컨텐츠는
 근로복지공단 산재판례 에서 수집한 데이터로, 관련 문의는 해당 기관으로 부탁드립니다.",https://www.law.go.kr/LSW/precInfoP.do?mode=0&precSeq=361946
363236,재요양불승인처분취소,[서울행정법원 2008구단11405],https://www.law.go.kr/LSW/precInfoP.do?mode=0&precSeq=363236
363246,재요양불승인처분취소,[서울행정법원 2008구단11504],https://www.law.go.kr/LSW/precInfoP.do?mode=0&precSeq=363246
363322,재요양불승인처분취소,[서울행정법원 2008구단1231],https://www.law.go.kr/LSW/precInfoP.do?mode=0&precSeq=363322
364550,재요양불승인처분취소,"본 컨텐츠는
 근로복지공단 산재판례 에서 수집한 데이터로, 관련 문의는 해당 기관으로 부탁드립니다.",https://www.law.go.kr/LSW/precInfoP.do?mode=0&precSeq=364550
364628,재요양불승인처분취소,[서울행정법원 2008구단9877],https://www.law.go.kr/LSW/precInfoP.do?mode=0&precSeq=364628
367356,재요양불승인처분취소,[서울행정법원 2009구단1801],https://www.law.go.kr/LSW/precInfoP.do?mode=0&precSeq=367356
371526,재요양불승인처분취소,[서울행정법원 2010구단10306],https://www.law.go.kr/LSW/precInfoP.do?mode=0&precSeq=371526
371714,재요양불승인처분취소,"본 컨텐츠는
 근로복지공단 산재판례 에서 수집한 데이터로, 관련 문의는 해당 기관으로 부탁드립니다.",https://www.law.go.kr/LSW/precInfoP.do?mode=0&precSeq=371714
371742,재요양불승인처분취소,"본 컨텐츠는
 근로복지공단 산재판례 에서 수집한 데이터로, 관련 문의는 해당 기관으로 부탁드립니다.",https://www.law.go.kr/LSW/precInfoP.do?mode=0&precSeq=371742
372090,재요양불승인처분취소,"본 컨텐츠는
 근로복지공단 산재판례 에서 수집한 데이터로, 관련 문의는 해당 기관으로 부탁드립니다.",https://www.law.go.kr/LSW/precInfoP.do?mode=0&precSeq=372090
372092,재요양불승인처분취소,"본 컨텐츠는
 근로복지공단 산재판례 에서 수집한 데이터로, 관련 문의는 해당 기관으로 부탁드립니다.",https://www.law.go.kr/LSW/precInfoP.do?mode=0&precSeq=372092
376350,재요양불승인처분취소,[서울행정법원 2011구단16011],https://www.law.go.kr/LSW/precInfoP.do?mode=0&precSeq=376350
385134,재요양불승인처분취소,[서울행정법원 2013구단4210],https://www.law.go.kr/LSW/precInfoP.do?mode=0&precSeq=385134
388528,재요양불승인처분취소,[서울행정법원 2014구단1072],https://www.law.go.kr/LSW/precInfoP.do?mode=0&precSeq=388528
388538,재요양불승인처분취소,[서울행정법원 2014구단10885],https://www.law.go.kr/LSW/precInfoP.do?mode=0&precSeq=388538
393542,재요양불승인처분취소,[서울행정법원 2015구단60962],https://www.law.go.kr/LSW/precInfoP.do?mode=0&precSeq=393542
396692,재요양불승인처분취소,"본 컨텐츠는
 근로복지공단 산재판례 에서 수집한 데이터로, 관련 문의는 해당 기관으로 부탁드립니다.",https://www.law.go.kr/LSW/precInfoP.do?mode=0&precSeq=396692
397232,재요양불승인처분취소,[서울행정법원 2016구단56755],https://www.law.go.kr/LSW/precInfoP.do?mode=0&precSeq=397232
397600,재요양불승인처분취소,[서울행정법원 2016구단7777],https://www.law.go.kr/LSW/precInfoP.do?mode=0&precSeq=397600
400374,재요양불승인처분취소,[서울행정법원 2017구단31562],https://www.law.go.kr/LSW/precInfoP.do?mode=0&precSeq=400374
415810,재요양불승인처분취소,"본 컨텐츠는
 근로복지공단 산재판례 에서 수집한 데이터로, 관련 문의는 해당 기관으로 부탁드립니다.",https://www.law.go.kr/LSW/precInfoP.do?mode=0&precSeq=415810
416034,재요양불승인처분취소,"본 컨텐츠는
 근로복지공단 산재판례 에서 수집한 데이터로, 관련 문의는 해당 기관으로 부탁드립니다.",https://www.law.go.kr/LSW/precInfoP.do?mode=0&precSeq=416034
417092,재요양불승인처분취소,[서울행정법원 2023구단54818],https://www.law.go.kr/LSW/precInfoP.do?mode=0&precSeq=417092
368738,재요양불승인처분취소,"본 컨텐츠는
 근로복지공단 산재판례 에서 수집한 데이터로, 관련 문의는 해당 기관으로 부탁드립니다.",https://www.law.go.kr/LSW/precInfoP.do?mode=0&precSeq=368738
368828,재요양불승인처분취소,"본 컨텐츠는
 근로복지공단 산재판례 에서 수집한 데이터로, 관련 문의는 해당 기관으로 부탁드립니다.",https://www.law.go.kr/LSW/precInfoP.do?mode=0&precSeq=368828
415482,재요양불승인처분취소,"본 컨텐츠는
 근로복지공단 산재판례 에서 수집한 데이터로, 관련 문의는 해당 기관으로 부탁드립니다.",https://www.law.go.kr/LSW/precInfoP.do?mode=0&precSeq=415482
172934,재요양불승인처분취소,,https://www.law.go.kr/LSW/precInfoP.do?mode=0&precSeq=172934
363840,재요양불승인처분취소,[창원지방법원 2008구단2225],https://www.law.go.kr/LSW/precInfoP.do?mode=0&precSeq=363840
370616,재요양불승인처분취소청구,[부산고등법원 2009누6636],https://www.law.go.kr/LSW/precInfoP.do?mode=0&precSeq=370616
384902,재요양불허처분취소,[서울행정법원 2013구단22836],https://www.law.go.kr/LSW/precInfoP.do?mode=0&precSeq=384902
367434,재요양신청불승인처분취소청구의소,[서울행정법원 2009구단2088],https://www.law.go.kr/LSW/precInfoP.do?mode=0&precSeq=367434
139184,재요양연기단축승인(일부불승인)처분취소,,https://www.law.go.kr/LSW/precInfoP.do?mode=0&precSeq=139184
362156,재요양일부불승인처분취소,"본 컨텐츠는
 근로복지공단 산재판례 에서 수집한 데이터로, 관련 문의는 해당 기관으로 부탁드립니다.",https://www.law.go.kr/LSW/precInfoP.do?mode=0&precSeq=362156
415874,재요양일부불승인처분취소,"본 컨텐츠는
 근로복지공단 산재판례 에서 수집한 데이터로, 관련 문의는 해당 기관으로 부탁드립니다.",https://www.law.go.kr/LSW/precInfoP.do?mode=0&precSeq=415874
204265,재임용거부처분무효확인등[교원실적 평가항목에 신입생 모집실적을 포함시켜 교원의 보수를 차등지급하도록 정한 사립대학교의 교원연봉계약제규정이 무효임을 이유로 삭감된 보수의 지급을 구하는 사건],[대법원 2018. 11. 29. 선고 2018다207854 판결],https://www.law.go.kr/LSW/precInfoP.do?mode=0&precSeq=204265
117854,재해보상금,[대법원 1999. 7. 9. 선고 99다7473 판결],https://www.law.go.kr/LSW/precInfoP.do?mode=0&precSeq=117854
416048,재해원인 및 업무상 사유의 재해사망사실(외인사),"본 컨텐츠는
 근로복지공단 산재판례 에서 수집한 데이터로, 관련 문의는 해당 기관으로 부탁드립니다.",https://www.law.go.kr/LSW/precInfoP.do?mode=0&precSeq=416048
213735,재해위로금부지급처분취소,,https://www.law.go.kr/LSW/precInfoP.do?mode=0&precSeq=213735
213739,재해위로금지급청구의소,,https://www.law.go.kr/LSW/precInfoP.do?mode=0&precSeq=213739
81391,재해위로금청구,,https://www.law.go.kr/LSW/precInfoP.do?mode=0&precSeq=81391
84059,쟁의행위중지명령무효확인,,https://www.law.go.kr/LSW/precInfoP.do?mode=0&precSeq=84059
238987,전보무효확인의소,[대법원 2023. 7. 13. 선고 2020다253744 판결],https://www.law.go.kr/LSW/precInfoP.do?mode=0&precSeq=238987
219543,전세권설정등기말소,[대법원 2021. 5. 7. 선고 2020다289828 판결],https://www.law.go.kr/LSW/precInfoP.do?mode=0&precSeq=219543
417200,전원요양불승인처분취소,[서울고등법원 2023누30217],https://www.law.go.kr/LSW/precInfoP.do?mode=0&precSeq=417200
126096,전임계약직공무원(나급)재계약거부처분및감봉처분취소,,https://www.law.go.kr/LSW/precInfoP.do?mode=0&precSeq=126096
171955,전직무효확인,[대법원 2013. 6. 27. 선고 2013다9475 판결],https://www.law.go.kr/LSW/precInfoP.do?mode=0&precSeq=171955
192812,전직무효확인등,[대법원 2013. 2. 28. 선고 2010다52041 판결],https://www.law.go.kr/LSW/precInfoP.do?mode=0&precSeq=192812
70515,전직무효확인등,[서울고법 2006. 8. 18. 선고 2005나109761 판결 : 상고],https://www.law.go.kr/LSW/precInfoP.do?mode=0&precSeq=70515
218263,정규직근로자지위확인의소,,https://www.law.go.kr/LSW/precInfoP.do?mode=0&precSeq=218263
143209,정년확인,[대법원 2009. 11. 12. 선고 2009다49377 판결],https://www.law.go.kr/LSW/precInfoP.do?mode=0&precSeq=143209
184479,정년확인청구(가족관계등록부상 생년월일 정정 허가결정 후 인사기록상 정년퇴직 예정일 변경 요청이 거부된 사건),[대법원 2017. 3. 9. 선고 2016다249236 판결],https://www.law.go.kr/LSW/precInfoP.do?mode=0&precSeq=184479
209837,정리해고무효확인등,[대법원 2003. 9. 5. 선고 2001다14665 판결],https://www.law.go.kr/LSW/precInfoP.do?mode=0&precSeq=209837
416138,정보부분공개처분취소,"본 컨텐츠는
 근로복지공단 산재판례 에서 수집한 데이터로, 관련 문의는 해당 기관으로 부탁드립니다.",https://www.law.go.kr/LSW/precInfoP.do?mode=0&precSeq=416138
606451,정직무효확인,[광주지법 2025. 5. 29. 선고 2024가합55230 판결 : 확정],https://www.law.go.kr/LSW/precInfoP.do?mode=0&precSeq=606451
235215,정직처분등무효확인,[대법원 2018. 2. 13. 선고 2014다33604 판결],https://www.law.go.kr/LSW/precInfoP.do?mode=0&precSeq=235215
238053,정직처분무효확인등[근로자가 인근 공장에서 발생한 화학물질 누출사고를 이유로 작업중지권을 행사한 사건],,https://www.law.go.kr/LSW/precInfoP.do?mode=0&precSeq=238053
395112,제 2 행정부,"본 컨텐츠는
 근로복지공단 산재판례 에서 수집한 데이터로, 관련 문의는 해당 기관으로 부탁드립니다.",https://www.law.go.kr/LSW/precInfoP.do?mode=0&precSeq=395112
365106,제11부,"본 컨텐츠는
 근로복지공단 산재판례 에서 수집한 데이터로, 관련 문의는 해당 기관으로 부탁드립니다.",https://www.law.go.kr/LSW/precInfoP.do?mode=0&precSeq=365106
390674,제2행정부,[부산고등법원 2014누22465],https://www.law.go.kr/LSW/precInfoP.do?mode=0&precSeq=390674
195380,조기재취업수당부지급처분취소,,https://www.law.go.kr/LSW/precInfoP.do?mode=0&precSeq=195380
218241,조합비등,[대법원 2020. 12. 24. 선고 2017다52118 판결],https://www.law.go.kr/LSW/precInfoP.do?mode=0&precSeq=218241
241969,조합원제명무효확인등,[대법원 2024. 6. 13. 선고 2024다226313 판결],https://www.law.go.kr/LSW/precInfoP.do?mode=0&precSeq=241969
222081,조합원제명처분무효확인,[제주지법 1998. 9. 17. 선고 97가합3930 판결：항소],https://www.law.go.kr/LSW/precInfoP.do?mode=0&precSeq=222081
129779,조합원지위거부처분취소,[수원지법 1997. 7. 11. 선고 97가합1788 판결：확정],https://www.law.go.kr/LSW/precInfoP.do?mode=0&precSeq=129779
209115,조합원지위확인,[울산지법 2019. 6. 26. 선고 2018가합141 판결 : 항소],https://www.law.go.kr/LSW/precInfoP.do?mode=0&precSeq=209115
64901,종업원지위확인,[대법원 2008. 7. 10. 선고 2005다75088 판결],https://www.law.go.kr/LSW/precInfoP.do?mode=0&precSeq=64901
143611,종업원지위확인·종업원지위,,https://www.law.go.kr/LSW/precInfoP.do?mode=0&precSeq=143611
134459,종업원지위확인등,[대법원 2005. 11. 10. 선고 2005다21494 판결],https://www.law.go.kr/LSW/precInfoP.do?mode=0&precSeq=134459
120858,종업원지위확인등,,https://www.law.go.kr/LSW/precInfoP.do?mode=0&precSeq=120858
232761,중앙노동위원회교섭단위분리결정재심결정취소,[대법원 2022. 12. 15. 선고 2022두53716 판결],https://www.law.go.kr/LSW/precInfoP.do?mode=0&precSeq=232761
82759,중재재심결정취소,,https://www.law.go.kr/LSW/precInfoP.do?mode=0&precSeq=82759
136039,중재재심결정취소,[대법원 2007. 4. 26. 선고 2005두12992 판결],https://www.law.go.kr/LSW/precInfoP.do?mode=0&precSeq=136039
113302,중재재심결정취소,[대법원 1996. 2. 23. 선고 94누9177 판결],https://www.law.go.kr/LSW/precInfoP.do?mode=0&precSeq=113302
140124,중재재정해석결정취소,[대법원 2009. 8. 20. 선고 2008두8024 판결],https://www.law.go.kr/LSW/precInfoP.do?mode=0&precSeq=140124
139708,중재재정해석결정취소,[서울행정법원 2007. 6. 5. 선고 2006구합40253 판결],https://www.law.go.kr/LSW/precInfoP.do?mode=0&precSeq=139708
70523,중재회부결정무효확인,,https://www.law.go.kr/LSW/precInfoP.do?mode=0&precSeq=70523
191912,증거인멸·산업안전보건법위반,[대법원 2004. 5. 14. 선고 2004도74 판결],https://www.law.go.kr/LSW/precInfoP.do?mode=0&precSeq=191912
230465,지원금교부결정취소처분취소,[울산지법 2020. 11. 19. 선고 2019구합7465 판결 : 항소],https://www.law.go.kr/LSW/precInfoP.do?mode=0&precSeq=230465
236789,지원금교부결정취소처분취소[직장어린이집 설치비 지원금 교부조건 위반을 이유로 한 지원금교부결정 취소처분 및 지원금 환수처분에 대하여 취소를 구하는 사건],[대법원 2023. 8. 18. 선고 2021두41495 판결],https://www.law.go.kr/LSW/precInfoP.do?mode=0&precSeq=236789
83796,직권남용권리행사방해·업무방해·노동조합및노동관계조정법위반,[대법원 2005. 4. 15. 선고 2002도3453 판결],https://www.law.go.kr/LSW/precInfoP.do?mode=0&precSeq=83796
177434,직권면직무효확인등,[대법원 2014. 9. 4. 선고 2014다210074 판결],https://www.law.go.kr/LSW/precInfoP.do?mode=0&precSeq=177434
67524,직권면직처분취소,[대법원 2005. 4. 15. 선고 2004두14915 판결],https://www.law.go.kr/LSW/precInfoP.do?mode=0&precSeq=67524
392898,직권요양승인처분취소,"본 컨텐츠는
 근로복지공단 산재판례 에서 수집한 데이터로, 관련 문의는 해당 기관으로 부탁드립니다.",https://www.law.go.kr/LSW/precInfoP.do?mode=0&precSeq=392898
229207,직무집행정지가처분,,https://www.law.go.kr/LSW/precInfoP.do?mode=0&precSeq=229207
68227,직업능력개발훈련비용지원금환수및지급제한처분취소,[대법원 2006. 10. 27. 선고 2004두6105 판결],https://www.law.go.kr/LSW/precInfoP.do?mode=0&precSeq=68227
171974,직업능력개발훈련시설 지정취소 등,[대법원 2013. 6. 13. 선고 2011두7564 판결],https://www.law.go.kr/LSW/precInfoP.do?mode=0&precSeq=171974
175123,직업능력개발훈련인정취소및3개월인정제한등취소,[대법원 2014. 7. 24. 선고 2012두24764 판결],https://www.law.go.kr/LSW/precInfoP.do?mode=0&precSeq=175123
605603,직업안정법위반,[대법원 2002. 7. 12. 선고 2001도5995 판결],https://www.law.go.kr/LSW/precInfoP.do?mode=0&precSeq=605603
240561,직업안정법위반,[대법원 2010. 10. 28. 선고 2010도9240 판결],https://www.law.go.kr/LSW/precInfoP.do?mode=0&precSeq=240561
199903,직업안정법위반,,https://www.law.go.kr/LSW/precInfoP.do?mode=0&precSeq=199903
79944,직업안정법위반(인정된죄명:파견근로자보호등에관한법률위반),[대법원 2000. 9. 29. 선고 2000도3051 판결],https://www.law.go.kr/LSW/precInfoP.do?mode=0&precSeq=79944
70747,직업훈련비용지원신청반려처분취소,,https://www.law.go.kr/LSW/precInfoP.do?mode=0&precSeq=70747
69168,직위해제및정직무효확인등,[대법원 2007. 12. 28. 선고 2006다33999 판결],https://www.law.go.kr/LSW/precInfoP.do?mode=0&precSeq=69168
116258,직위해제처분취소등,,https://www.law.go.kr/LSW/precInfoP.do?mode=0&precSeq=116258
413742,직장가입상실 취소,[부산지방법원 2021구합433],https://www.law.go.kr/LSW/precInfoP.do?mode=0&precSeq=413742
377194,직장복귀지원금부지급처분취소,[서울행정법원 2011구단7048],https://www.law.go.kr/LSW/precInfoP.do?mode=0&precSeq=377194
411066,직장어린이집 설치비지원결정 취소 등 처분 취소 청구의 소,[대구지방법원 2020구합25061],https://www.law.go.kr/LSW/precInfoP.do?mode=0&precSeq=411066
409246,직장어린이집 지원금 지원 결정 취소 및 지원금 반환 조치 처분 취소,[서울고등법원 2019누61245],https://www.law.go.kr/LSW/precInfoP.do?mode=0&precSeq=409246
405376,직장어린이집 지원금 지원결정 취소 및 지원금 반환 조치 처분 취소,"본 컨텐츠는
 근로복지공단 산재판례 에서 수집한 데이터로, 관련 문의는 해당 기관으로 부탁드립니다.",https://www.law.go.kr/LSW/precInfoP.do?mode=0&precSeq=405376
408230,직장어린이집 지원금 지원결정 취소처분 및 지원금 반환 조치 처분 취소,[서울행정법원 2019구합55101],https://www.law.go.kr/LSW/precInfoP.do?mode=0&precSeq=408230
416374,진료계획 불승인처분 취소 청구,[부산고등법원 2022누22811],https://www.law.go.kr/LSW/precInfoP.do?mode=0&precSeq=416374
415968,진료계획 일부 불승인 처분 취소,"본 컨텐츠는
 근로복지공단 산재판례 에서 수집한 데이터로, 관련 문의는 해당 기관으로 부탁드립니다.",https://www.law.go.kr/LSW/precInfoP.do?mode=0&precSeq=415968
395786,진료계획단축승인처분취소,[서울고등법원 2015누70036],https://www.law.go.kr/LSW/precInfoP.do?mode=0&precSeq=395786
416008,진료계획변경승인처분취소,"본 컨텐츠는
 근로복지공단 산재판례 에서 수집한 데이터로, 관련 문의는 해당 기관으로 부탁드립니다.",https://www.law.go.kr/LSW/precInfoP.do?mode=0&precSeq=416008
415950,진료계획변경승인처분취소,"본 컨텐츠는
 근로복지공단 산재판례 에서 수집한 데이터로, 관련 문의는 해당 기관으로 부탁드립니다.",https://www.law.go.kr/LSW/precInfoP.do?mode=0&precSeq=415950
393436,진료계획불승인처분및치료종결처분취소,[서울행정법원 2015구단58976],https://www.law.go.kr/LSW/precInfoP.do?mode=0&precSeq=393436
383004,진료계획불승인처분취소,[광주고등법원 2012누26],https://www.law.go.kr/LSW/precInfoP.do?mode=0&precSeq=383004
411050,진료계획불승인처분취소,"본 컨텐츠는
 근로복지공단 산재판례 에서 수집한 데이터로, 관련 문의는 해당 기관으로 부탁드립니다.",https://www.law.go.kr/LSW/precInfoP.do?mode=0&precSeq=411050
417180,진료계획불승인처분취소,[대구고등법원 2023누11291],https://www.law.go.kr/LSW/precInfoP.do?mode=0&precSeq=417180
415278,진료계획불승인처분취소,"본 컨텐츠는
 근로복지공단 산재판례 에서 수집한 데이터로, 관련 문의는 해당 기관으로 부탁드립니다.",https://www.law.go.kr/LSW/precInfoP.do?mode=0&precSeq=415278
374992,진료계획불승인처분취소,[부산고등법원 2010누3954],https://www.law.go.kr/LSW/precInfoP.do?mode=0&precSeq=374992
387334,진료계획불승인처분취소,[서울고등법원 2013누32085],https://www.law.go.kr/LSW/precInfoP.do?mode=0&precSeq=387334
395268,진료계획불승인처분취소,"본 컨텐츠는
 근로복지공단 산재판례 에서 수집한 데이터로, 관련 문의는 해당 기관으로 부탁드립니다.",https://www.law.go.kr/LSW/precInfoP.do?mode=0&precSeq=395268
395834,진료계획불승인처분취소,[서울고등법원 2015누71541],https://www.law.go.kr/LSW/precInfoP.do?mode=0&precSeq=395834
371556,진료계획불승인처분취소,[서울행정법원 2010구단10863],https://www.law.go.kr/LSW/precInfoP.do?mode=0&precSeq=371556
371848,진료계획불승인처분취소,[서울행정법원 2010구단1593],https://www.law.go.kr/LSW/precInfoP.do?mode=0&precSeq=371848
371892,진료계획불승인처분취소,[서울행정법원 2010구단16762],https://www.law.go.kr/LSW/precInfoP.do?mode=0&precSeq=371892
371958,진료계획불승인처분취소,[서울행정법원 2010구단18102],https://www.law.go.kr/LSW/precInfoP.do?mode=0&precSeq=371958
393576,진료계획불승인처분취소,[서울행정법원 2015구단62296],https://www.law.go.kr/LSW/precInfoP.do?mode=0&precSeq=393576
396830,진료계획불승인처분취소,[서울행정법원 2016구단26532],https://www.law.go.kr/LSW/precInfoP.do?mode=0&precSeq=396830
397248,진료계획불승인처분취소,[서울행정법원 2016구단56977],https://www.law.go.kr/LSW/precInfoP.do?mode=0&precSeq=397248
397614,진료계획불승인처분취소,[수원지방법원 2016구단8030],https://www.law.go.kr/LSW/precInfoP.do?mode=0&precSeq=397614
397704,진료계획불승인처분취소,[수원지방법원 2016구합1289],https://www.law.go.kr/LSW/precInfoP.do?mode=0&precSeq=397704
415296,진료계획불승인처분취소청구의 소,"본 컨텐츠는
 근로복지공단 산재판례 에서 수집한 데이터로, 관련 문의는 해당 기관으로 부탁드립니다.",https://www.law.go.kr/LSW/precInfoP.do?mode=0&precSeq=415296
415532,진료계획불승인처분취소청구의소,"본 컨텐츠는
 근로복지공단 산재판례 에서 수집한 데이터로, 관련 문의는 해당 기관으로 부탁드립니다.",https://www.law.go.kr/LSW/precInfoP.do?mode=0&precSeq=415532
394736,진료계획서불승인처분,[서울고등법원 2015누1429],https://www.law.go.kr/LSW/precInfoP.do?mode=0&precSeq=394736
384952,진료계획서불승인처분취소,[서울행정법원 2013구단25507],https://www.law.go.kr/LSW/precInfoP.do?mode=0&precSeq=384952
379004,진료계획승인 취소 등,"본 컨텐츠는
 근로복지공단 산재판례 에서 수집한 데이터로, 관련 문의는 해당 기관으로 부탁드립니다.",https://www.law.go.kr/LSW/precInfoP.do?mode=0&precSeq=379004
416552,진료계획일부불승인처분취소,[대구고등법원 2022누4357],https://www.law.go.kr/LSW/precInfoP.do?mode=0&precSeq=416552
69337,진료비,[대법원 2008. 3. 27. 선고 2007다84420 판결],https://www.law.go.kr/LSW/precInfoP.do?mode=0&precSeq=69337
196073,진료비,,https://www.law.go.kr/LSW/precInfoP.do?mode=0&precSeq=196073
416256,진료비 일부 부지급 취소,"본 컨텐츠는
 근로복지공단 산재판례 에서 수집한 데이터로, 관련 문의는 해당 기관으로 부탁드립니다.",https://www.law.go.kr/LSW/precInfoP.do?mode=0&precSeq=416256
368766,진료비부지급처분취소,"본 컨텐츠는
 근로복지공단 산재판례 에서 수집한 데이터로, 관련 문의는 해당 기관으로 부탁드립니다.",https://www.law.go.kr/LSW/precInfoP.do?mode=0&precSeq=368766
393844,진료제한등행정처분취소,[서울행정법원 2015구합12687],https://www.law.go.kr/LSW/precInfoP.do?mode=0&precSeq=393844
364746,진료제한처분취소,[춘천지방법원 2008구합1762],https://www.law.go.kr/LSW/precInfoP.do?mode=0&precSeq=364746
375162,진료제한처분취소 등,[대전고등법원 2010누489],https://www.law.go.kr/LSW/precInfoP.do?mode=0&precSeq=375162
397890,진료종결처분취소,[서울행정법원 2016구합52781],https://www.law.go.kr/LSW/precInfoP.do?mode=0&precSeq=397890
415598,진페보험급여부지급처분취소,[서울행정법원 2022구단54934],https://www.law.go.kr/LSW/precInfoP.do?mode=0&precSeq=415598
382378,진폐관리구분판정처분취소,[춘천지방법원 2012구합872],https://www.law.go.kr/LSW/precInfoP.do?mode=0&precSeq=382378
400494,진폐등급결정처분취소,[서울행정법원 2017구단50532],https://www.law.go.kr/LSW/precInfoP.do?mode=0&precSeq=400494
416090,진폐미지급위로금부지급처분취소,"본 컨텐츠는
 근로복지공단 산재판례 에서 수집한 데이터로, 관련 문의는 해당 기관으로 부탁드립니다.",https://www.law.go.kr/LSW/precInfoP.do?mode=0&precSeq=416090
384708,진폐보상급여지급처분취소,[서울행정법원 2013구단17285],https://www.law.go.kr/LSW/precInfoP.do?mode=0&precSeq=384708
391714,진폐보상연금및휴업급여부지급처분취소,[서울고등법원 2014누73403],https://www.law.go.kr/LSW/precInfoP.do?mode=0&precSeq=391714
384838,진폐보상연금반려처분취소,[서울행정법원 2013구단20854],https://www.law.go.kr/LSW/precInfoP.do?mode=0&precSeq=384838
390868,진폐보상연금부지급처분취소,[서울고등법원 2014누42768],https://www.law.go.kr/LSW/precInfoP.do?mode=0&precSeq=390868
414558,진폐보상연금부지급처분취소,[서울고등법원 2021누39586],https://www.law.go.kr/LSW/precInfoP.do?mode=0&precSeq=414558
389116,진폐보상연금부지급처분취소,[서울행정법원 2014구단50388],https://www.law.go.kr/LSW/precInfoP.do?mode=0&precSeq=389116
389238,진폐보상연금부지급처분취소,[서울행정법원 2014구단53141],https://www.law.go.kr/LSW/precInfoP.do?mode=0&precSeq=389238
393408,진폐보상연금지급결정취소처분등취소,[서울행정법원 2015구단58525],https://www.law.go.kr/LSW/precInfoP.do?mode=0&precSeq=393408
415480,진폐보험급여 부지급 처분 취소 청구의 소,"본 컨텐츠는
 근로복지공단 산재판례 에서 수집한 데이터로, 관련 문의는 해당 기관으로 부탁드립니다.",https://www.law.go.kr/LSW/precInfoP.do?mode=0&precSeq=415480
415504,진폐보험급여 부지급 처분 취소 청구의 소,[서울행정법원 2022구단51409],https://www.law.go.kr/LSW/precInfoP.do?mode=0&precSeq=415504
417046,진폐보험급여 부지급처분 취소,[서울행정법원 2023구단50397],https://www.law.go.kr/LSW/precInfoP.do?mode=0&precSeq=417046
389154,진폐보험급여부지급처분취소,[서울행정법원 2014구단51046],https://www.law.go.kr/LSW/precInfoP.do?mode=0&precSeq=389154
393016,진폐보험급여부지급처분취소,[서울행정법원 2015구단50347],https://www.law.go.kr/LSW/precInfoP.do?mode=0&precSeq=393016
393126,진폐보험급여부지급처분취소,[서울행정법원 2015구단53063],https://www.law.go.kr/LSW/precInfoP.do?mode=0&precSeq=393126
393342,진폐보험급여부지급처분취소,[서울행정법원 2015구단57454],https://www.law.go.kr/LSW/precInfoP.do?mode=0&precSeq=393342
397022,진폐보험급여부지급처분취소,[서울행정법원 2016구단51521],https://www.law.go.kr/LSW/precInfoP.do?mode=0&precSeq=397022
397066,진폐보험급여부지급처분취소,[서울행정법원 2016구단52326],https://www.law.go.kr/LSW/precInfoP.do?mode=0&precSeq=397066
400498,진폐보험급여부지급처분취소,[서울행정법원 2017구단50624],https://www.law.go.kr/LSW/precInfoP.do?mode=0&precSeq=400498
415654,진폐보험급여부지급처분취소,[서울행정법원 2022구단57063],https://www.law.go.kr/LSW/precInfoP.do?mode=0&precSeq=415654
413950,진폐보험급여부지급처분취소,[울산지방법원 2021구합6052],https://www.law.go.kr/LSW/precInfoP.do?mode=0&precSeq=413950
413640,진폐요양급여등부지급처분취소,[서울행정법원 2021구단79295],https://www.law.go.kr/LSW/precInfoP.do?mode=0&precSeq=413640
414548,진폐요양급여부지급처분 취소 청구의 소,"본 컨텐츠는
 근로복지공단 산재판례 에서 수집한 데이터로, 관련 문의는 해당 기관으로 부탁드립니다.",https://www.law.go.kr/LSW/precInfoP.do?mode=0&precSeq=414548
390772,진폐요양불승인처분취소,[대전고등법원 2014누319],https://www.law.go.kr/LSW/precInfoP.do?mode=0&precSeq=390772
391774,진폐요양불승인처분취소,[서울고등법원 2014누8348],https://www.law.go.kr/LSW/precInfoP.do?mode=0&precSeq=391774
395242,진폐요양불승인처분취소,[서울고등법원 2015누44402],https://www.law.go.kr/LSW/precInfoP.do?mode=0&precSeq=395242
381056,진폐요양불승인처분취소,[서울행정법원 2012구단27360],https://www.law.go.kr/LSW/precInfoP.do?mode=0&precSeq=381056
389140,진폐요양불승인처분취소,[서울행정법원 2014구단50753],https://www.law.go.kr/LSW/precInfoP.do?mode=0&precSeq=389140
389210,진폐요양불승인처분취소,[서울행정법원 2014구단52384],https://www.law.go.kr/LSW/precInfoP.do?mode=0&precSeq=389210
400838,진폐요양불승인처분취소 청구의 소,[서울행정법원 2017구단62689],https://www.law.go.kr/LSW/precInfoP.do?mode=0&precSeq=400838
389266,진폐요양불허가처분취소,[서울행정법원 2014구단53745],https://www.law.go.kr/LSW/precInfoP.do?mode=0&precSeq=389266
397324,진폐요양신청에 대한 보험급여 부지급처분 취소,[서울행정법원 2016구단59488],https://www.law.go.kr/LSW/precInfoP.do?mode=0&precSeq=397324
395650,진폐유족급여및장의비부지급처분취소,[서울고등법원 2015누63472],https://www.law.go.kr/LSW/precInfoP.do?mode=0&precSeq=395650
394390,진폐유족급여및장의비부지급처분취소,[서울행정법원 2015구합73040],https://www.law.go.kr/LSW/precInfoP.do?mode=0&precSeq=394390
398088,진폐유족급여및장의비부지급처분취소,[서울행정법원 2016구합62900],https://www.law.go.kr/LSW/precInfoP.do?mode=0&precSeq=398088
398202,진폐유족급여및장의비부지급처분취소,[서울행정법원 2016구합69055],https://www.law.go.kr/LSW/precInfoP.do?mode=0&precSeq=398202
398300,진폐유족급여및장의비부지급처분취소,[서울행정법원 2016구합75494],https://www.law.go.kr/LSW/precInfoP.do?mode=0&precSeq=398300
398340,진폐유족급여및장의비부지급처분취소,[서울행정법원 2016구합78677],https://www.law.go.kr/LSW/precInfoP.do?mode=0&precSeq=398340
398408,진폐유족급여및장의비부지급처분취소,[서울행정법원 2016구합83525],https://www.law.go.kr/LSW/precInfoP.do?mode=0&precSeq=398408
398440,진폐유족급여및장의비부지급처분취소,[서울행정법원 2016구합85750],https://www.law.go.kr/LSW/precInfoP.do?mode=0&precSeq=398440
408594,진폐유족급여및장의비부지급처분취소,"본 컨텐츠는
 근로복지공단 산재판례 에서 수집한 데이터로, 관련 문의는 해당 기관으로 부탁드립니다.",https://www.law.go.kr/LSW/precInfoP.do?mode=0&precSeq=408594
408632,진폐유족급여및장의비부지급처분취소,"본 컨텐츠는
 근로복지공단 산재판례 에서 수집한 데이터로, 관련 문의는 해당 기관으로 부탁드립니다.",https://www.law.go.kr/LSW/precInfoP.do?mode=0&precSeq=408632
393992,진폐유족연금 및 장의비 부지급 처분 취소,[서울행정법원 2015구합50269],https://www.law.go.kr/LSW/precInfoP.do?mode=0&precSeq=393992
205713,진폐유족연금및장의비부지급처분취소,,https://www.law.go.kr/LSW/precInfoP.do?mode=0&precSeq=205713
398426,진폐유족연금및장의비부지급처분취소,[서울행정법원 2016구합85149],https://www.law.go.kr/LSW/precInfoP.do?mode=0&precSeq=398426
408596,진폐유족연금및장의비부지급처분취소,"본 컨텐츠는
 근로복지공단 산재판례 에서 수집한 데이터로, 관련 문의는 해당 기관으로 부탁드립니다.",https://www.law.go.kr/LSW/precInfoP.do?mode=0&precSeq=408596
408630,진폐유족연금및장의비부지급처분취소,"본 컨텐츠는
 근로복지공단 산재판례 에서 수집한 데이터로, 관련 문의는 해당 기관으로 부탁드립니다.",https://www.law.go.kr/LSW/precInfoP.do?mode=0&precSeq=408630
414080,진폐유족연금및장의비부지급처분취소,"본 컨텐츠는
 근로복지공단 산재판례 에서 수집한 데이터로, 관련 문의는 해당 기관으로 부탁드립니다.",https://www.law.go.kr/LSW/precInfoP.do?mode=0&precSeq=414080
414202,진폐유족연금및장의비부지급처분취소,"본 컨텐츠는
 근로복지공단 산재판례 에서 수집한 데이터로, 관련 문의는 해당 기관으로 부탁드립니다.",https://www.law.go.kr/LSW/precInfoP.do?mode=0&precSeq=414202
414222,진폐유족연금및장의비부지급처분취소,"본 컨텐츠는
 근로복지공단 산재판례 에서 수집한 데이터로, 관련 문의는 해당 기관으로 부탁드립니다.",https://www.law.go.kr/LSW/precInfoP.do?mode=0&precSeq=414222
414248,진폐유족연금및장의비부지급처분취소,"본 컨텐츠는
 근로복지공단 산재판례 에서 수집한 데이터로, 관련 문의는 해당 기관으로 부탁드립니다.",https://www.law.go.kr/LSW/precInfoP.do?mode=0&precSeq=414248
416176,진폐유족연금및장의비부지급처분취소 청구의 소,"본 컨텐츠는
 근로복지공단 산재판례 에서 수집한 데이터로, 관련 문의는 해당 기관으로 부탁드립니다.",https://www.law.go.kr/LSW/precInfoP.do?mode=0&precSeq=416176
398046,진폐유족위로금부지급처분취소,[서울행정법원 2016구합61099],https://www.law.go.kr/LSW/precInfoP.do?mode=0&precSeq=398046
398276,진폐유족위로금부지급처분취소,[서울행정법원 2016구합73481],https://www.law.go.kr/LSW/precInfoP.do?mode=0&precSeq=398276
397530,진폐장해등급재판정신청불승인처분취소,[서울행정법원 2016구단66226],https://www.law.go.kr/LSW/precInfoP.do?mode=0&precSeq=397530
407716,진폐장해위로금부지급처분취소,[서울행정법원 2019구단67558],https://www.law.go.kr/LSW/precInfoP.do?mode=0&precSeq=407716
241035,진폐장해위로금일부부지급처분취소[진폐장해위로금을 산정하는 방법이 문제된 사건],,https://www.law.go.kr/LSW/precInfoP.do?mode=0&precSeq=241035
397172,진폐재해위로금부지급처분취소,[서울행정법원 2016구단55363],https://www.law.go.kr/LSW/precInfoP.do?mode=0&precSeq=397172
397218,진폐재해위로금부지급처분취소,[서울행정법원 2016구단56328],https://www.law.go.kr/LSW/precInfoP.do?mode=0&precSeq=397218
397464,진폐재해위로금부지급처분취소,[서울행정법원 2016구단64169],https://www.law.go.kr/LSW/precInfoP.do?mode=0&precSeq=397464
398352,진폐재해위로금부지급처분취소,[서울행정법원 2016구합79922],https://www.law.go.kr/LSW/precInfoP.do?mode=0&precSeq=398352
192744,진폐재해위로금지급거부처분취소,[대법원 2017. 4. 7. 선고 2016두51429 판결],https://www.law.go.kr/LSW/precInfoP.do?mode=0&precSeq=192744
397194,진폐재해위로금지급거부처분취소,[서울행정법원 2016구단55745],https://www.law.go.kr/LSW/precInfoP.do?mode=0&precSeq=397194
397356,진폐재해위로금지급거부처분취소,[서울행정법원 2016구단60747],https://www.law.go.kr/LSW/precInfoP.do?mode=0&precSeq=397356
384696,진폐증보험급여부지급처분취소,[서울행정법원 2013구단16961],https://www.law.go.kr/LSW/precInfoP.do?mode=0&precSeq=384696
600979,집단에너지사업법위반·업무방해·노동조합및노동관계조정법위반,,https://www.law.go.kr/LSW/precInfoP.do?mode=0&precSeq=600979
600663,집단에너지사업법위반·업무방해·노동조합및노동관계조정법위반,,https://www.law.go.kr/LSW/precInfoP.do?mode=0&precSeq=600663
77603,집단에너지사업법위반·업무방해·노동조합및노동관계조정법위반,[수원지방법원 2001. 12. 12. 선고 2001고단7648 판결],https://www.law.go.kr/LSW/precInfoP.do?mode=0&precSeq=77603
77595,집단에너지사업법위반·업무방해·노동조합및노동관계조정법위반,[수원지방법원 2002. 6. 20. 선고 2001노4065 판결],https://www.law.go.kr/LSW/precInfoP.do?mode=0&precSeq=77595
115446,징계면직무효확인등,,https://www.law.go.kr/LSW/precInfoP.do?mode=0&precSeq=115446
229573,징계면직처분무효확인등,[대법원 2000. 4. 25. 선고 99다34475 판결],https://www.law.go.kr/LSW/precInfoP.do?mode=0&precSeq=229573
116274,징계무효,[대법원 1998. 1. 23. 선고 97다42489 판결],https://www.law.go.kr/LSW/precInfoP.do?mode=0&precSeq=116274
177692,징계무효확인,[대법원 2014. 11. 27. 선고 2011다41420 판결],https://www.law.go.kr/LSW/precInfoP.do?mode=0&precSeq=177692
165782,징계무효확인등,[대법원 2012. 9. 27. 선고 2010다99279 판결],https://www.law.go.kr/LSW/precInfoP.do?mode=0&precSeq=165782
219689,징계무효확인등,[대법원 2022. 2. 10. 선고 2020다301155 판결],https://www.law.go.kr/LSW/precInfoP.do?mode=0&precSeq=219689
185568,징계처분무효확인,[대법원 2017. 8. 18. 선고 2017다227325 판결],https://www.law.go.kr/LSW/precInfoP.do?mode=0&precSeq=185568
179929,징계처분취소청구의소,[춘천지법 2015. 11. 20. 선고 2015구합4646 판결 : 항소],https://www.law.go.kr/LSW/precInfoP.do?mode=0&precSeq=179929
83319,징계해고무효확인청구등,[대법원 2004. 6. 25. 선고 2002다51555 판결],https://www.law.go.kr/LSW/precInfoP.do?mode=0&precSeq=83319
80458,징계해고재심신청기각결정취소,[대법원 2001. 4. 10. 선고 2000두7605 판결],https://www.law.go.kr/LSW/precInfoP.do?mode=0&precSeq=80458
175038,징계해직무효확인,[대법원 2014. 7. 10. 선고 2012다100760 판결],https://www.law.go.kr/LSW/precInfoP.do?mode=0&precSeq=175038
160584,차별 시정 재심 판정 취소,[서울행정법원 2009. 5. 22. 선고 2008구합48794 판결],https://www.law.go.kr/LSW/precInfoP.do?mode=0&precSeq=160584
159834,차별 시정 재심판정 취소,[대법원 2011. 12. 22. 선고 2010두3237 판결],https://www.law.go.kr/LSW/precInfoP.do?mode=0&precSeq=159834
167793,차별시정 재심판정 취소,[서울행정법원 2010. 6. 4. 선고 2009구합47385 판결],https://www.law.go.kr/LSW/precInfoP.do?mode=0&precSeq=167793
166359,차별시정재심판정취소,[대법원 2012. 10. 25. 선고 2011두7045 판결],https://www.law.go.kr/LSW/precInfoP.do?mode=0&precSeq=166359
175463,차별시정재심판정취소,[대법원 2014. 9. 24. 선고 2012두2207 판결],https://www.law.go.kr/LSW/precInfoP.do?mode=0&precSeq=175463
209681,차별시정재심판정취소,[대법원 2019. 9. 26. 선고 2016두47857 판결],https://www.law.go.kr/LSW/precInfoP.do?mode=0&precSeq=209681
225567,차별시정재심판정취소,[대법원 2019. 9. 26. 선고 2016두51078 판결],https://www.law.go.kr/LSW/precInfoP.do?mode=0&precSeq=225567
167389,차별시정재심판정취소,[서울행법 2012. 11. 13. 선고 2012구합16220 판결 : 항소],https://www.law.go.kr/LSW/precInfoP.do?mode=0&precSeq=167389
187947,차별시정재심판정취소[기간제 근로자의 차별시정 사건],[대법원 2016. 12. 1. 선고 2014두43288 판결],https://www.law.go.kr/LSW/precInfoP.do?mode=0&precSeq=187947
238205,차별시정재심판정취소[시립 의료원 소속 기간제근로자가 정규직 근로자에 비해 차별적 처우를 받았다는 이유로 차별시정을 구한 사건],[대법원 2023. 11. 30. 선고 2019두53952 판결],https://www.law.go.kr/LSW/precInfoP.do?mode=0&precSeq=238205
239695,차별시정재심판정취소청구의소,[대법원 2024. 2. 29. 선고 2020두49355 판결],https://www.law.go.kr/LSW/precInfoP.do?mode=0&precSeq=239695
235535,차별시정재심판정취소청구의소[처우개선수당을 지급하지 않은 것이 기간제근로자임을 이유로 한 차별적 처우에 해당하는지 여부가 문제된 사건],[대법원 2023. 6. 29. 선고 2019두55262 판결],https://www.law.go.kr/LSW/precInfoP.do?mode=0&precSeq=235535
115058,채권압류대금,,https://www.law.go.kr/LSW/precInfoP.do?mode=0&precSeq=115058
382212,채권압류처분취소,[대구지방법원 2012구합4052],https://www.law.go.kr/LSW/precInfoP.do?mode=0&precSeq=382212
71056,채무부존재확인,[대구지법 2008. 5. 9. 선고 2007가단108286 판결 : 확정],https://www.law.go.kr/LSW/precInfoP.do?mode=0&precSeq=71056
171151,채무부존재확인,[대법원 2013. 8. 22. 선고 2013다25118 판결],https://www.law.go.kr/LSW/precInfoP.do?mode=0&precSeq=171151
200714,채무부존재확인,,https://www.law.go.kr/LSW/precInfoP.do?mode=0&precSeq=200714
229783,채무부존재확인,[대법원 2000. 3. 23. 선고 99다58433 판결],https://www.law.go.kr/LSW/precInfoP.do?mode=0&precSeq=229783
413694,채무부존재확인,[대전지방법원 2021구합102200],https://www.law.go.kr/LSW/precInfoP.do?mode=0&precSeq=413694
227595,채무부존재확인,,https://www.law.go.kr/LSW/precInfoP.do?mode=0&precSeq=227595
171701,채무부존재확인,[서울서부지방법원 2013. 2. 15. 선고 2012나1331 판결],https://www.law.go.kr/LSW/precInfoP.do?mode=0&precSeq=171701
200527,채무부존재확인,[울산지법 2018. 6. 28. 선고 2017구합6307 판결 : 항소],https://www.law.go.kr/LSW/precInfoP.do?mode=0&precSeq=200527
226481,채무부존재확인·기타(금전),,https://www.law.go.kr/LSW/precInfoP.do?mode=0&precSeq=226481
203776,채무부존재확인·손해배상(기),,https://www.law.go.kr/LSW/precInfoP.do?mode=0&precSeq=203776
600969,채무부존재확인·손해배상(자),,https://www.law.go.kr/LSW/precInfoP.do?mode=0&precSeq=600969
110417,채무존재확인,,https://www.law.go.kr/LSW/precInfoP.do?mode=0&precSeq=110417
83709,채용장려금부지급처분취소,[대법원 2005. 2. 18. 선고 2002두4808 판결],https://www.law.go.kr/LSW/precInfoP.do?mode=0&precSeq=83709
71484,채용장려금부지급처분취소,[창원지법 2001. 9. 20. 선고 2001구1786 판결：항소],https://www.law.go.kr/LSW/precInfoP.do?mode=0&precSeq=71484
383974,척추기기삽입술불승인처분취소,[대법원 2012두23990],https://www.law.go.kr/LSW/precInfoP.do?mode=0&precSeq=383974
375140,철야간병료부지급처분취소,[부산고등법원 2010누4643],https://www.law.go.kr/LSW/precInfoP.do?mode=0&precSeq=375140
225487,청년인턴지원금반환청구의소,,https://www.law.go.kr/LSW/precInfoP.do?mode=0&precSeq=225487
105851,체당금,,https://www.law.go.kr/LSW/precInfoP.do?mode=0&precSeq=105851
397878,체당금반환처분취소청구,[인천지방법원 2016구합52341],https://www.law.go.kr/LSW/precInfoP.do?mode=0&precSeq=397878
385982,체당금연대반환처분취소,"본 컨텐츠는
 근로복지공단 산재판례 에서 수집한 데이터로, 관련 문의는 해당 기관으로 부탁드립니다.",https://www.law.go.kr/LSW/precInfoP.do?mode=0&precSeq=385982
145382,체당금지급대상부적격처분취소,[부산고등법원 2010. 1. 29. 선고 2009누6216 판결],https://www.law.go.kr/LSW/precInfoP.do?mode=0&precSeq=145382
203067,체불임금,[대법원 1992. 7. 14. 선고 91다5501 판결],https://www.law.go.kr/LSW/precInfoP.do?mode=0&precSeq=203067
110947,체불임금,[대법원 1994. 10. 28. 선고 94다26615 판결],https://www.law.go.kr/LSW/precInfoP.do?mode=0&precSeq=110947
209225,총회결의무효등[노동조합의 조직형태 변경 사건],[대법원 2016. 2. 19. 선고 2012다96120 전원합의체 판결],https://www.law.go.kr/LSW/precInfoP.do?mode=0&precSeq=209225
601341,총회의결무효확인,[대법원 2023. 11. 16. 선고 2019다289310 판결],https://www.law.go.kr/LSW/precInfoP.do?mode=0&precSeq=601341
199740,최저임금법위반·근로기준법위반,[대법원 2017. 7. 11. 선고 2015도13909 판결],https://www.law.go.kr/LSW/precInfoP.do?mode=0&precSeq=199740
408032,최초 요양상병불승인처분취소,[광주지방법원 2019구단937],https://www.law.go.kr/LSW/precInfoP.do?mode=0&precSeq=408032
363244,최초상병일부불승인처분취소,[서울행정법원 2008구단11498],https://www.law.go.kr/LSW/precInfoP.do?mode=0&precSeq=363244
370490,최초요양 불승인처분 취소청구,[광주고등법원 2009누514],https://www.law.go.kr/LSW/precInfoP.do?mode=0&precSeq=370490
364688,최초요양 불승인처분 취소청구,[광주지방법원 2008구합1450],https://www.law.go.kr/LSW/precInfoP.do?mode=0&precSeq=364688
415890,최초요양 상병 일부 불승인처분 취소,"본 컨텐츠는
 근로복지공단 산재판례 에서 수집한 데이터로, 관련 문의는 해당 기관으로 부탁드립니다.",https://www.law.go.kr/LSW/precInfoP.do?mode=0&precSeq=415890
401284,최초요양 일부 불승인 처분 취소,[인천지방법원 2017구단968],https://www.law.go.kr/LSW/precInfoP.do?mode=0&precSeq=401284
397456,최초요양급여 불승인 처분취소 청구,[수원지방법원 2016구단6379],https://www.law.go.kr/LSW/precInfoP.do?mode=0&precSeq=397456
379008,최초요양급여 불승인 취소청구,"본 컨텐츠는
 근로복지공단 산재판례 에서 수집한 데이터로, 관련 문의는 해당 기관으로 부탁드립니다.",https://www.law.go.kr/LSW/precInfoP.do?mode=0&precSeq=379008
400262,최초요양급여 불승인처분 취소,[서울행정법원 2017구단20647],https://www.law.go.kr/LSW/precInfoP.do?mode=0&precSeq=400262
393718,최초요양급여불승인처분취소,[광주지방법원 2015구단779],https://www.law.go.kr/LSW/precInfoP.do?mode=0&precSeq=393718
387424,최초요양급여불승인처분취소,[대전고등법원 2013누404],https://www.law.go.kr/LSW/precInfoP.do?mode=0&precSeq=387424
387596,최초요양급여불승인처분취소,[대전고등법원청주재판부 2013누520],https://www.law.go.kr/LSW/precInfoP.do?mode=0&precSeq=387596
396950,최초요양급여불승인처분취소,[대전지방법원 2016구단501],https://www.law.go.kr/LSW/precInfoP.do?mode=0&precSeq=396950
392872,최초요양급여불승인처분취소,[부산지방법원 2015구단282],https://www.law.go.kr/LSW/precInfoP.do?mode=0&precSeq=392872
390950,최초요양급여불승인처분취소,[서울고등법원 2014누4629],https://www.law.go.kr/LSW/precInfoP.do?mode=0&precSeq=390950
395774,최초요양급여불승인처분취소,[서울고등법원 2015누69395],https://www.law.go.kr/LSW/precInfoP.do?mode=0&precSeq=395774
380370,최초요양급여불승인처분취소,[서울행정법원 2012구단11532],https://www.law.go.kr/LSW/precInfoP.do?mode=0&precSeq=380370
380418,최초요양급여불승인처분취소,[서울행정법원 2012구단12429],https://www.law.go.kr/LSW/precInfoP.do?mode=0&precSeq=380418
380808,최초요양급여불승인처분취소,"본 컨텐츠는
 근로복지공단 산재판례 에서 수집한 데이터로, 관련 문의는 해당 기관으로 부탁드립니다.",https://www.law.go.kr/LSW/precInfoP.do?mode=0&precSeq=380808
392682,최초요양급여불승인처분취소,[서울행정법원 2015구단17050],https://www.law.go.kr/LSW/precInfoP.do?mode=0&precSeq=392682
393568,최초요양급여불승인처분취소,[서울행정법원 2015구단61712],https://www.law.go.kr/LSW/precInfoP.do?mode=0&precSeq=393568
394586,최초요양급여불승인처분취소,"본 컨텐츠는
 근로복지공단 산재판례 에서 수집한 데이터로, 관련 문의는 해당 기관으로 부탁드립니다.",https://www.law.go.kr/LSW/precInfoP.do?mode=0&precSeq=394586
405560,최초요양급여승인결정취소,[부산고등법원 2018누23893],https://www.law.go.kr/LSW/precInfoP.do?mode=0&precSeq=405560
371956,최초요양급여신청 불승인처분취소 청구의 소,[대구지방법원 2010구단1809],https://www.law.go.kr/LSW/precInfoP.do?mode=0&precSeq=371956
380884,최초요양급여신청결정처분취소,"본 컨텐츠는
 근로복지공단 산재판례 에서 수집한 데이터로, 관련 문의는 해당 기관으로 부탁드립니다.",https://www.law.go.kr/LSW/precInfoP.do?mode=0&precSeq=380884
371852,최초요양급여신청불승인처분취소,[대전지방법원 2010구단1595],https://www.law.go.kr/LSW/precInfoP.do?mode=0&precSeq=371852
372966,최초요양급여신청불승인처분취소,[대전지방법원 2010구단769],https://www.law.go.kr/LSW/precInfoP.do?mode=0&precSeq=372966
374680,최초요양급여신청불승인처분취소,[서울고등법원 2010누27839],https://www.law.go.kr/LSW/precInfoP.do?mode=0&precSeq=374680
391592,최초요양급여신청불승인처분취소,[서울고등법원 2014누68425],https://www.law.go.kr/LSW/precInfoP.do?mode=0&precSeq=391592
385164,최초요양급여신청불승인처분취소,[서울행정법원 2013구단4715],https://www.law.go.kr/LSW/precInfoP.do?mode=0&precSeq=385164
412626,최초요양급여신청불승인처분취소,[서울행정법원 2021구단23704],https://www.law.go.kr/LSW/precInfoP.do?mode=0&precSeq=412626
392884,최초요양급여신청불승인처분취소,[수원지방법원 2015구단3021],https://www.law.go.kr/LSW/precInfoP.do?mode=0&precSeq=392884
367924,최초요양급여신청서불승인취소청구의소,"본 컨텐츠는
 근로복지공단 산재판례 에서 수집한 데이터로, 관련 문의는 해당 기관으로 부탁드립니다.",https://www.law.go.kr/LSW/precInfoP.do?mode=0&precSeq=367924
381914,최초요양불승인 처분취소,"본 컨텐츠는
 근로복지공단 산재판례 에서 수집한 데이터로, 관련 문의는 해당 기관으로 부탁드립니다.",https://www.law.go.kr/LSW/precInfoP.do?mode=0&precSeq=381914
373890,최초요양불승인결정처분취소,"본 컨텐츠는
 근로복지공단 산재판례 에서 수집한 데이터로, 관련 문의는 해당 기관으로 부탁드립니다.",https://www.law.go.kr/LSW/precInfoP.do?mode=0&precSeq=373890
380876,최초요양불승인및부당이득금결정처분취소,"본 컨텐츠는
 근로복지공단 산재판례 에서 수집한 데이터로, 관련 문의는 해당 기관으로 부탁드립니다.",https://www.law.go.kr/LSW/precInfoP.do?mode=0&precSeq=380876
415854,최초요양불승인처분 취소 청구의 소,"본 컨텐츠는
 근로복지공단 산재판례 에서 수집한 데이터로, 관련 문의는 해당 기관으로 부탁드립니다.",https://www.law.go.kr/LSW/precInfoP.do?mode=0&precSeq=415854
414282,최초요양불승인처분 취소청구의 소,"본 컨텐츠는
 근로복지공단 산재판례 에서 수집한 데이터로, 관련 문의는 해당 기관으로 부탁드립니다.",https://www.law.go.kr/LSW/precInfoP.do?mode=0&precSeq=414282
361554,최초요양불승인처분및재요양·척추기기고정술불승인처분취소,[서울행정법원 2006구단12275],https://www.law.go.kr/LSW/precInfoP.do?mode=0&precSeq=361554
369270,최초요양불승인처분취소,[광주고등법원 2009누1197],https://www.law.go.kr/LSW/precInfoP.do?mode=0&precSeq=369270
370764,최초요양불승인처분취소,[광주고등법원 2009누903],https://www.law.go.kr/LSW/precInfoP.do?mode=0&precSeq=370764
374574,최초요양불승인처분취소,[광주고등법원 2010누251],https://www.law.go.kr/LSW/precInfoP.do?mode=0&precSeq=374574
381904,최초요양불승인처분취소,"본 컨텐츠는
 근로복지공단 산재판례 에서 수집한 데이터로, 관련 문의는 해당 기관으로 부탁드립니다.",https://www.law.go.kr/LSW/precInfoP.do?mode=0&precSeq=381904
397622,최초요양불승인처분취소,[광주지방법원 2016구단820],https://www.law.go.kr/LSW/precInfoP.do?mode=0&precSeq=397622
68064,최초요양불승인처분취소,,https://www.law.go.kr/LSW/precInfoP.do?mode=0&precSeq=68064
67562,최초요양불승인처분취소,,https://www.law.go.kr/LSW/precInfoP.do?mode=0&precSeq=67562
383824,최초요양불승인처분취소,"본 컨텐츠는
 근로복지공단 산재판례 에서 수집한 데이터로, 관련 문의는 해당 기관으로 부탁드립니다.",https://www.law.go.kr/LSW/precInfoP.do?mode=0&precSeq=383824
366466,최초요양불승인처분취소,[대전고등법원 2008누974],https://www.law.go.kr/LSW/precInfoP.do?mode=0&precSeq=366466
371628,최초요양불승인처분취소,"본 컨텐츠는
 근로복지공단 산재판례 에서 수집한 데이터로, 관련 문의는 해당 기관으로 부탁드립니다.",https://www.law.go.kr/LSW/precInfoP.do?mode=0&precSeq=371628
366420,최초요양불승인처분취소,[부산고등법원 2008누747],https://www.law.go.kr/LSW/precInfoP.do?mode=0&precSeq=366420
370530,최초요양불승인처분취소,[부산고등법원 2009누5633],https://www.law.go.kr/LSW/precInfoP.do?mode=0&precSeq=370530
374964,최초요양불승인처분취소,[부산고등법원 2010누3831],https://www.law.go.kr/LSW/precInfoP.do?mode=0&precSeq=374964
378996,최초요양불승인처분취소,"본 컨텐츠는
 근로복지공단 산재판례 에서 수집한 데이터로, 관련 문의는 해당 기관으로 부탁드립니다.",https://www.law.go.kr/LSW/precInfoP.do?mode=0&precSeq=378996
380336,최초요양불승인처분취소,[부산지방법원 2012구단1062],https://www.law.go.kr/LSW/precInfoP.do?mode=0&precSeq=380336
369762,최초요양불승인처분취소,[서울고등법원 2009누22777],https://www.law.go.kr/LSW/precInfoP.do?mode=0&precSeq=369762
374636,최초요양불승인처분취소,[서울고등법원 2010누2663],https://www.law.go.kr/LSW/precInfoP.do?mode=0&precSeq=374636
375054,최초요양불승인처분취소,[서울고등법원 2010누41804],https://www.law.go.kr/LSW/precInfoP.do?mode=0&precSeq=375054
382780,최초요양불승인처분취소,"본 컨텐츠는
 근로복지공단 산재판례 에서 수집한 데이터로, 관련 문의는 해당 기관으로 부탁드립니다.",https://www.law.go.kr/LSW/precInfoP.do?mode=0&precSeq=382780
387072,최초요양불승인처분취소,[서울고등법원 2013누26691],https://www.law.go.kr/LSW/precInfoP.do?mode=0&precSeq=387072
387336,최초요양불승인처분취소,[서울고등법원 2013누32092],https://www.law.go.kr/LSW/precInfoP.do?mode=0&precSeq=387336
395778,최초요양불승인처분취소,[서울고등법원 2015누69760],https://www.law.go.kr/LSW/precInfoP.do?mode=0&precSeq=395778
140298,최초요양불승인처분취소,[서울행법 2009. 8. 13. 선고 2008구단10891 판결 : 항소],https://www.law.go.kr/LSW/precInfoP.do?mode=0&precSeq=140298
362504,최초요양불승인처분취소,[서울행정법원 2007구단8099],https://www.law.go.kr/LSW/precInfoP.do?mode=0&precSeq=362504
362530,최초요양불승인처분취소,"본 컨텐츠는
 근로복지공단 산재판례 에서 수집한 데이터로, 관련 문의는 해당 기관으로 부탁드립니다.",https://www.law.go.kr/LSW/precInfoP.do?mode=0&precSeq=362530
362556,최초요양불승인처분취소,"본 컨텐츠는
 근로복지공단 산재판례 에서 수집한 데이터로, 관련 문의는 해당 기관으로 부탁드립니다.",https://www.law.go.kr/LSW/precInfoP.do?mode=0&precSeq=362556
362590,최초요양불승인처분취소,[서울행정법원 2007구단9962],https://www.law.go.kr/LSW/precInfoP.do?mode=0&precSeq=362590
363742,최초요양불승인처분취소,[서울행정법원 2008구단17830],https://www.law.go.kr/LSW/precInfoP.do?mode=0&precSeq=363742
364614,최초요양불승인처분취소,[서울행정법원 2008구단9747],https://www.law.go.kr/LSW/precInfoP.do?mode=0&precSeq=364614
367886,최초요양불승인처분취소,[서울행정법원 2009구단5261],https://www.law.go.kr/LSW/precInfoP.do?mode=0&precSeq=367886
368116,최초요양불승인처분취소,[서울행정법원 2009구단8260],https://www.law.go.kr/LSW/precInfoP.do?mode=0&precSeq=368116
371600,최초요양불승인처분취소,[서울행정법원 2010구단11842],https://www.law.go.kr/LSW/precInfoP.do?mode=0&precSeq=371600
371748,최초요양불승인처분취소,"본 컨텐츠는
 근로복지공단 산재판례 에서 수집한 데이터로, 관련 문의는 해당 기관으로 부탁드립니다.",https://www.law.go.kr/LSW/precInfoP.do?mode=0&precSeq=371748
371766,최초요양불승인처분취소,"본 컨텐츠는
 근로복지공단 산재판례 에서 수집한 데이터로, 관련 문의는 해당 기관으로 부탁드립니다.",https://www.law.go.kr/LSW/precInfoP.do?mode=0&precSeq=371766
372580,최초요양불승인처분취소,[서울행정법원 2010구단3216],https://www.law.go.kr/LSW/precInfoP.do?mode=0&precSeq=372580
372902,최초요양불승인처분취소,[서울행정법원 2010구단6741],https://www.law.go.kr/LSW/precInfoP.do?mode=0&precSeq=372902
376476,최초요양불승인처분취소,[서울행정법원 2011구단19560],https://www.law.go.kr/LSW/precInfoP.do?mode=0&precSeq=376476
380488,최초요양불승인처분취소,[서울행정법원 2012구단14050],https://www.law.go.kr/LSW/precInfoP.do?mode=0&precSeq=380488
380860,최초요양불승인처분취소,"본 컨텐츠는
 근로복지공단 산재판례 에서 수집한 데이터로, 관련 문의는 해당 기관으로 부탁드립니다.",https://www.law.go.kr/LSW/precInfoP.do?mode=0&precSeq=380860
381354,최초요양불승인처분취소,[서울행정법원 2012구단5605],https://www.law.go.kr/LSW/precInfoP.do?mode=0&precSeq=381354
381422,최초요양불승인처분취소,"본 컨텐츠는
 근로복지공단 산재판례 에서 수집한 데이터로, 관련 문의는 해당 기관으로 부탁드립니다.",https://www.law.go.kr/LSW/precInfoP.do?mode=0&precSeq=381422
384608,최초요양불승인처분취소,[서울행정법원 2013구단15012],https://www.law.go.kr/LSW/precInfoP.do?mode=0&precSeq=384608
384886,최초요양불승인처분취소,[서울행정법원 2013구단2269],https://www.law.go.kr/LSW/precInfoP.do?mode=0&precSeq=384886
389382,최초요양불승인처분취소,[서울행정법원 2014구단55949],https://www.law.go.kr/LSW/precInfoP.do?mode=0&precSeq=389382
393358,최초요양불승인처분취소,[서울행정법원 2015구단57706],https://www.law.go.kr/LSW/precInfoP.do?mode=0&precSeq=393358
393612,최초요양불승인처분취소,[서울행정법원 2015구단62845],https://www.law.go.kr/LSW/precInfoP.do?mode=0&precSeq=393612
406822,최초요양불승인처분취소,[서울행정법원 2019구단16185],https://www.law.go.kr/LSW/precInfoP.do?mode=0&precSeq=406822
410598,최초요양불승인처분취소,"본 컨텐츠는
 근로복지공단 산재판례 에서 수집한 데이터로, 관련 문의는 해당 기관으로 부탁드립니다.",https://www.law.go.kr/LSW/precInfoP.do?mode=0&precSeq=410598
362714,최초요양불승인처분취소,"본 컨텐츠는
 근로복지공단 산재판례 에서 수집한 데이터로, 관련 문의는 해당 기관으로 부탁드립니다.",https://www.law.go.kr/LSW/precInfoP.do?mode=0&precSeq=362714
369180,최초요양불승인처분취소,[울산지방법원 2009구합984],https://www.law.go.kr/LSW/precInfoP.do?mode=0&precSeq=369180
381984,최초요양불승인처분취소,[울산지방법원 2012구합2713],https://www.law.go.kr/LSW/precInfoP.do?mode=0&precSeq=381984
397002,최초요양불승인처분취소,[인천지방법원 2016구단51167],https://www.law.go.kr/LSW/precInfoP.do?mode=0&precSeq=397002
362712,최초요양불승인처분취소,"본 컨텐츠는
 근로복지공단 산재판례 에서 수집한 데이터로, 관련 문의는 해당 기관으로 부탁드립니다.",https://www.law.go.kr/LSW/precInfoP.do?mode=0&precSeq=362712
373402,최초요양불승인처분취소,[전주지방법원 2010구합2316],https://www.law.go.kr/LSW/precInfoP.do?mode=0&precSeq=373402
396872,최초요양불승인처분취소,[전주지방법원 2016구단32],https://www.law.go.kr/LSW/precInfoP.do?mode=0&precSeq=396872
361596,최초요양불승인처분취소,[창원지방법원 2006구단3804],https://www.law.go.kr/LSW/precInfoP.do?mode=0&precSeq=361596
374686,최초요양불승인처분취소결정취소,[서울고등법원 2010누28030],https://www.law.go.kr/LSW/precInfoP.do?mode=0&precSeq=374686
381192,최초요양불승인처분취소등,[대구지방법원 2012구단3472],https://www.law.go.kr/LSW/precInfoP.do?mode=0&precSeq=381192
367126,최초요양불승인처분취소및장애급여청구의소,[서울행정법원 2009구단15206],https://www.law.go.kr/LSW/precInfoP.do?mode=0&precSeq=367126
400636,최초요양불승인처분취소처분취소,[서울행정법원 2017구단54893],https://www.law.go.kr/LSW/precInfoP.do?mode=0&precSeq=400636
415538,최초요양불승인처분취소청구의소,"본 컨텐츠는
 근로복지공단 산재판례 에서 수집한 데이터로, 관련 문의는 해당 기관으로 부탁드립니다.",https://www.law.go.kr/LSW/precInfoP.do?mode=0&precSeq=415538
394658,최초요양상병불승인처분 취소,[광주고등법원전주부 2015누115],https://www.law.go.kr/LSW/precInfoP.do?mode=0&precSeq=394658
416022,최초요양상병일부불승인처분취소,"본 컨텐츠는
 근로복지공단 산재판례 에서 수집한 데이터로, 관련 문의는 해당 기관으로 부탁드립니다.",https://www.law.go.kr/LSW/precInfoP.do?mode=0&precSeq=416022
367474,최초요양상병일부불승인처분취소청구의소,[서울행정법원 2009구단2309],https://www.law.go.kr/LSW/precInfoP.do?mode=0&precSeq=367474
397756,최초요양승인 취소 및 부당이득금 징수결정 처,[부산지방법원 2016구합24633],https://www.law.go.kr/LSW/precInfoP.do?mode=0&precSeq=397756
415436,최초요양승인처분취소,[서울행정법원 2022구단3301],https://www.law.go.kr/LSW/precInfoP.do?mode=0&precSeq=415436
398124,최초요양승인처분취소,[수원지방법원 2016구합65177],https://www.law.go.kr/LSW/precInfoP.do?mode=0&precSeq=398124
391220,최초요양승인취소,[서울고등법원 2014누5639],https://www.law.go.kr/LSW/precInfoP.do?mode=0&precSeq=391220
380898,최초요양승인취소,"본 컨텐츠는
 근로복지공단 산재판례 에서 수집한 데이터로, 관련 문의는 해당 기관으로 부탁드립니다.",https://www.law.go.kr/LSW/precInfoP.do?mode=0&precSeq=380898
385092,최초요양신청 불승인처분취소,[서울행정법원 2013구단3682],https://www.law.go.kr/LSW/precInfoP.do?mode=0&precSeq=385092
365224,최초요양신청불승인결정처분취소,[전주지방법원 2008구합508],https://www.law.go.kr/LSW/precInfoP.do?mode=0&precSeq=365224
379180,최초요양신청불승인처분취소,"본 컨텐츠는
 근로복지공단 산재판례 에서 수집한 데이터로, 관련 문의는 해당 기관으로 부탁드립니다.",https://www.law.go.kr/LSW/precInfoP.do?mode=0&precSeq=379180
383226,최초요양신청불승인처분취소,"본 컨텐츠는
 근로복지공단 산재판례 에서 수집한 데이터로, 관련 문의는 해당 기관으로 부탁드립니다.",https://www.law.go.kr/LSW/precInfoP.do?mode=0&precSeq=383226
361802,최초요양신청불승인처분취소,"본 컨텐츠는
 근로복지공단 산재판례 에서 수집한 데이터로, 관련 문의는 해당 기관으로 부탁드립니다.",https://www.law.go.kr/LSW/precInfoP.do?mode=0&precSeq=361802
371972,최초요양신청불승인처분취소,[서울행정법원 2010구단18409],https://www.law.go.kr/LSW/precInfoP.do?mode=0&precSeq=371972
396614,최초요양신청상병 일부불승인처분취소,"본 컨텐츠는
 근로복지공단 산재판례 에서 수집한 데이터로, 관련 문의는 해당 기관으로 부탁드립니다.",https://www.law.go.kr/LSW/precInfoP.do?mode=0&precSeq=396614
397702,최초요양신청상병변경승인처분취소,[대전지방법원 2016구합1280],https://www.law.go.kr/LSW/precInfoP.do?mode=0&precSeq=397702
381902,최초요양신청상병변경승인처분취소,"본 컨텐츠는
 근로복지공단 산재판례 에서 수집한 데이터로, 관련 문의는 해당 기관으로 부탁드립니다.",https://www.law.go.kr/LSW/precInfoP.do?mode=0&precSeq=381902
142293,최초요양신청상병일부불승인처분등취소,[대법원 2009. 8. 20. 선고 2009두6919 판결],https://www.law.go.kr/LSW/precInfoP.do?mode=0&precSeq=142293
397346,최초요양신청상병일부불승인처분취소,[수원지방법원 2016구단6027],https://www.law.go.kr/LSW/precInfoP.do?mode=0&precSeq=397346
414286,최초요양일부불승인처분 취소청구의 소,"본 컨텐츠는
 근로복지공단 산재판례 에서 수집한 데이터로, 관련 문의는 해당 기관으로 부탁드립니다.",https://www.law.go.kr/LSW/precInfoP.do?mode=0&precSeq=414286
380392,최초요양일부상병불승인처분취소,[서울행정법원 2012구단12139],https://www.law.go.kr/LSW/precInfoP.do?mode=0&precSeq=380392
384926,최초평균임금정정신청 불승인처분취소,[부산지방법원 2013구단2451],https://www.law.go.kr/LSW/precInfoP.do?mode=0&precSeq=384926
415550,추가상병 및 재요양 불승인 처분 취소,"본 컨텐츠는
 근로복지공단 산재판례 에서 수집한 데이터로, 관련 문의는 해당 기관으로 부탁드립니다.",https://www.law.go.kr/LSW/precInfoP.do?mode=0&precSeq=415550
396792,추가상병 및 재요양 불승인처분취소,[서울행정법원 2016구단22189],https://www.law.go.kr/LSW/precInfoP.do?mode=0&precSeq=396792
398930,추가상병 및 재요양급여 불승인 처분 취소,[서울고등법원 2016누46191],https://www.law.go.kr/LSW/precInfoP.do?mode=0&precSeq=398930
394710,추가상병 및 재요양급여불승인처분 취소,[대전고등법원 2015누13268],https://www.law.go.kr/LSW/precInfoP.do?mode=0&precSeq=394710
390642,추가상병 및 재요양불승인처분취소,[부산고등법원 2014누21],https://www.law.go.kr/LSW/precInfoP.do?mode=0&precSeq=390642
394904,추가상병 및 재요양불승인처분취소,"본 컨텐츠는
 근로복지공단 산재판례 에서 수집한 데이터로, 관련 문의는 해당 기관으로 부탁드립니다.",https://www.law.go.kr/LSW/precInfoP.do?mode=0&precSeq=394904
380384,추가상병 및 재요양불승인처분취소,[부산지방법원 2012구단1192],https://www.law.go.kr/LSW/precInfoP.do?mode=0&precSeq=380384
380828,추가상병 및 재요양불승인처분취소,[서울행정법원 2012구단21256],https://www.law.go.kr/LSW/precInfoP.do?mode=0&precSeq=380828
371894,추가상병 및 재요양불승인처분취소,[창원지방법원 2010구단1683],https://www.law.go.kr/LSW/precInfoP.do?mode=0&precSeq=371894
372354,추가상병 및 재요양불승인처분취소,[창원지방법원 2010구단2525],https://www.law.go.kr/LSW/precInfoP.do?mode=0&precSeq=372354
394682,추가상병 불승인 결정 처분 취소,[대전고등법원 2015누11927],https://www.law.go.kr/LSW/precInfoP.do?mode=0&precSeq=394682
396444,추가상병 불승인 처분 취소,[대전지방법원 2016구단101008],https://www.law.go.kr/LSW/precInfoP.do?mode=0&precSeq=396444
401340,추가상병 불승인 처분 취소,[춘천지방법원 2017구합211],https://www.law.go.kr/LSW/precInfoP.do?mode=0&precSeq=401340
394576,추가상병 불승인처분취소,[청주지방법원 2015구합894],https://www.law.go.kr/LSW/precInfoP.do?mode=0&precSeq=394576
415788,추가상병 일부승인 처분 취소,"본 컨텐츠는
 근로복지공단 산재판례 에서 수집한 데이터로, 관련 문의는 해당 기관으로 부탁드립니다.",https://www.law.go.kr/LSW/precInfoP.do?mode=0&precSeq=415788
363656,"추가상병,재요양불승인처분취소",[대전지방법원 2008구단1684],https://www.law.go.kr/LSW/precInfoP.do?mode=0&precSeq=363656
370920,추가상병및요양연기불승인처분취소,[대법원 2009두14163],https://www.law.go.kr/LSW/precInfoP.do?mode=0&precSeq=370920
392666,추가상병및재요양급여불승인처분취소,[서울행정법원 2015구단16101],https://www.law.go.kr/LSW/precInfoP.do?mode=0&precSeq=392666
387296,추가상병및재요양불승인처분취소,[서울고등법원 2013누31419],https://www.law.go.kr/LSW/precInfoP.do?mode=0&precSeq=387296
363746,추가상병및재요양불승인처분취소,[서울행정법원 2008구단17922],https://www.law.go.kr/LSW/precInfoP.do?mode=0&precSeq=363746
364616,추가상병및재요양불승인처분취소,[서울행정법원 2008구단9754],https://www.law.go.kr/LSW/precInfoP.do?mode=0&precSeq=364616
372386,추가상병및재요양불승인처분취소,[서울행정법원 2010구단26189],https://www.law.go.kr/LSW/precInfoP.do?mode=0&precSeq=372386
376642,추가상병및재요양불승인처분취소,[서울행정법원 2011구단23811],https://www.law.go.kr/LSW/precInfoP.do?mode=0&precSeq=376642
376758,추가상병및재요양불승인처분취소,[서울행정법원 2011구단26285],https://www.law.go.kr/LSW/precInfoP.do?mode=0&precSeq=376758
393236,추가상병및재요양불승인처분취소,[서울행정법원 2015구단55779],https://www.law.go.kr/LSW/precInfoP.do?mode=0&precSeq=393236
393378,추가상병및재요양불승인처분취소,[서울행정법원 2015구단58068],https://www.law.go.kr/LSW/precInfoP.do?mode=0&precSeq=393378
394450,추가상병및재요양불승인처분취소,[춘천지방법원 2015구합774],https://www.law.go.kr/LSW/precInfoP.do?mode=0&precSeq=394450
397742,추가상병및재요양불승인처분취소,[춘천지방법원 2016구합214],https://www.law.go.kr/LSW/precInfoP.do?mode=0&precSeq=397742
396664,추가상병및재요양불승인취소,"본 컨텐츠는
 근로복지공단 산재판례 에서 수집한 데이터로, 관련 문의는 해당 기관으로 부탁드립니다.",https://www.law.go.kr/LSW/precInfoP.do?mode=0&precSeq=396664
361514,추가상병및척추고정술불승인처분취소,[서울행정법원 2006구단10088],https://www.law.go.kr/LSW/precInfoP.do?mode=0&precSeq=361514
369358,추가상병및척추기기고정술불승인처분취소,[서울고등법원 2009누13797],https://www.law.go.kr/LSW/precInfoP.do?mode=0&precSeq=369358
395886,추가상병변경승인처분취소,[서울고등법원 2015누78],https://www.law.go.kr/LSW/precInfoP.do?mode=0&precSeq=395886
361736,추가상병불승인 취소,[광주지방법원 2006구합5168],https://www.law.go.kr/LSW/precInfoP.do?mode=0&precSeq=361736
396506,추가상병불승인결정처분취소,[광주지방법원 2016구단11],https://www.law.go.kr/LSW/precInfoP.do?mode=0&precSeq=396506
380362,추가상병불승인처분일부취소,[창원지방법원 2012구단1113],https://www.law.go.kr/LSW/precInfoP.do?mode=0&precSeq=380362
369240,추가상병불승인처분취소,[대구고등법원 2009누1113],https://www.law.go.kr/LSW/precInfoP.do?mode=0&precSeq=369240
374608,추가상병불승인처분취소,[대구고등법원 2010누2587],https://www.law.go.kr/LSW/precInfoP.do?mode=0&precSeq=374608
379456,추가상병불승인처분취소,"본 컨텐츠는
 근로복지공단 산재판례 에서 수집한 데이터로, 관련 문의는 해당 기관으로 부탁드립니다.",https://www.law.go.kr/LSW/precInfoP.do?mode=0&precSeq=379456
391580,추가상병불승인처분취소,[대구고등법원 2014누6815],https://www.law.go.kr/LSW/precInfoP.do?mode=0&precSeq=391580
363756,추가상병불승인처분취소,[대구지방법원 2008구단1820],https://www.law.go.kr/LSW/precInfoP.do?mode=0&precSeq=363756
371618,추가상병불승인처분취소,[대구지방법원 2010구단1212],https://www.law.go.kr/LSW/precInfoP.do?mode=0&precSeq=371618
388556,추가상병불승인처분취소,[대구지방법원 2014구단11170],https://www.law.go.kr/LSW/precInfoP.do?mode=0&precSeq=388556
388958,추가상병불승인처분취소,[대구지방법원 2014구단2763],https://www.law.go.kr/LSW/precInfoP.do?mode=0&precSeq=388958
388962,추가상병불승인처분취소,[대구지방법원 2014구단2794],https://www.law.go.kr/LSW/precInfoP.do?mode=0&precSeq=388962
392648,추가상병불승인처분취소,[대구지방법원 2015구단153],https://www.law.go.kr/LSW/precInfoP.do?mode=0&precSeq=392648
396490,추가상병불승인처분취소,[대구지방법원 2016구단10607],https://www.law.go.kr/LSW/precInfoP.do?mode=0&precSeq=396490
375668,추가상병불승인처분취소,"본 컨텐츠는
 근로복지공단 산재판례 에서 수집한 데이터로, 관련 문의는 해당 기관으로 부탁드립니다.",https://www.law.go.kr/LSW/precInfoP.do?mode=0&precSeq=375668
145713,추가상병불승인처분취소,,https://www.law.go.kr/LSW/precInfoP.do?mode=0&precSeq=145713
383810,추가상병불승인처분취소,[대법원 2012두16855],https://www.law.go.kr/LSW/precInfoP.do?mode=0&precSeq=383810
369674,추가상병불승인처분취소,[대전고등법원 2009누2045],https://www.law.go.kr/LSW/precInfoP.do?mode=0&precSeq=369674
370808,추가상병불승인처분취소,[대전고등법원 2009누988],https://www.law.go.kr/LSW/precInfoP.do?mode=0&precSeq=370808
387786,추가상병불승인처분취소,[대전고등법원 2013누817],https://www.law.go.kr/LSW/precInfoP.do?mode=0&precSeq=387786
380504,추가상병불승인처분취소,[대전지방법원 2012구단1421],https://www.law.go.kr/LSW/precInfoP.do?mode=0&precSeq=380504
389066,추가상병불승인처분취소,[대전지방법원 2014구단422],https://www.law.go.kr/LSW/precInfoP.do?mode=0&precSeq=389066
370590,추가상병불승인처분취소,[부산고등법원 2009누6124],https://www.law.go.kr/LSW/precInfoP.do?mode=0&precSeq=370590
362372,추가상병불승인처분취소,[부산지방법원 2007구단4562],https://www.law.go.kr/LSW/precInfoP.do?mode=0&precSeq=362372
389262,추가상병불승인처분취소,[부산지방법원 2014구단537],https://www.law.go.kr/LSW/precInfoP.do?mode=0&precSeq=389262
392742,추가상병불승인처분취소,[부산지방법원 2015구단190],https://www.law.go.kr/LSW/precInfoP.do?mode=0&precSeq=392742
393238,추가상병불승인처분취소,[부산지방법원 2015구단558],https://www.law.go.kr/LSW/precInfoP.do?mode=0&precSeq=393238
365686,추가상병불승인처분취소,[서울고등법원 2008누20507],https://www.law.go.kr/LSW/precInfoP.do?mode=0&precSeq=365686
369272,추가상병불승인처분취소,[서울고등법원 2009누12039],https://www.law.go.kr/LSW/precInfoP.do?mode=0&precSeq=369272
369580,추가상병불승인처분취소,[서울고등법원 2009누18709],https://www.law.go.kr/LSW/precInfoP.do?mode=0&precSeq=369580
369594,추가상병불승인처분취소,[서울고등법원 2009누18891],https://www.law.go.kr/LSW/precInfoP.do?mode=0&precSeq=369594
369624,추가상병불승인처분취소,[서울고등법원 2009누19788],https://www.law.go.kr/LSW/precInfoP.do?mode=0&precSeq=369624
370224,추가상병불승인처분취소,"본 컨텐츠는
 근로복지공단 산재판례 에서 수집한 데이터로, 관련 문의는 해당 기관으로 부탁드립니다.",https://www.law.go.kr/LSW/precInfoP.do?mode=0&precSeq=370224
370760,추가상병불승인처분취소,[서울고등법원 2009누8986],https://www.law.go.kr/LSW/precInfoP.do?mode=0&precSeq=370760
374622,추가상병불승인처분취소,[서울고등법원 2010누26386],https://www.law.go.kr/LSW/precInfoP.do?mode=0&precSeq=374622
374994,추가상병불승인처분취소,[서울고등법원 2010누39658],https://www.law.go.kr/LSW/precInfoP.do?mode=0&precSeq=374994
390940,추가상병불승인처분취소,[서울고등법원 2014누46029],https://www.law.go.kr/LSW/precInfoP.do?mode=0&precSeq=390940
391598,추가상병불승인처분취소,[서울고등법원 2014누68593],https://www.law.go.kr/LSW/precInfoP.do?mode=0&precSeq=391598
395010,추가상병불승인처분취소,"본 컨텐츠는
 근로복지공단 산재판례 에서 수집한 데이터로, 관련 문의는 해당 기관으로 부탁드립니다.",https://www.law.go.kr/LSW/precInfoP.do?mode=0&precSeq=395010
395204,추가상병불승인처분취소,[서울고등법원 2015누42710],https://www.law.go.kr/LSW/precInfoP.do?mode=0&precSeq=395204
399202,추가상병불승인처분취소,[서울고등법원 2016누63363],https://www.law.go.kr/LSW/precInfoP.do?mode=0&precSeq=399202
399208,추가상병불승인처분취소,[서울고등법원 2016누63653],https://www.law.go.kr/LSW/precInfoP.do?mode=0&precSeq=399208
416466,추가상병불승인처분취소,[서울고등법원 2022누36539],https://www.law.go.kr/LSW/precInfoP.do?mode=0&precSeq=416466
417202,추가상병불승인처분취소,[서울고등법원 2023누30378],https://www.law.go.kr/LSW/precInfoP.do?mode=0&precSeq=417202
120766,추가상병불승인처분취소,,https://www.law.go.kr/LSW/precInfoP.do?mode=0&precSeq=120766
361602,추가상병불승인처분취소,[서울행정법원 2006구단4038],https://www.law.go.kr/LSW/precInfoP.do?mode=0&precSeq=361602
362264,추가상병불승인처분취소,"본 컨텐츠는
 근로복지공단 산재판례 에서 수집한 데이터로, 관련 문의는 해당 기관으로 부탁드립니다.",https://www.law.go.kr/LSW/precInfoP.do?mode=0&precSeq=362264
362708,추가상병불승인처분취소,"본 컨텐츠는
 근로복지공단 산재판례 에서 수집한 데이터로, 관련 문의는 해당 기관으로 부탁드립니다.",https://www.law.go.kr/LSW/precInfoP.do?mode=0&precSeq=362708
363118,추가상병불승인처분취소,[서울행정법원 2008구단10082],https://www.law.go.kr/LSW/precInfoP.do?mode=0&precSeq=363118
363176,추가상병불승인처분취소,[서울행정법원 2008구단10716],https://www.law.go.kr/LSW/precInfoP.do?mode=0&precSeq=363176
363278,추가상병불승인처분취소,[서울행정법원 2008구단11863],https://www.law.go.kr/LSW/precInfoP.do?mode=0&precSeq=363278
363362,추가상병불승인처분취소,[서울행정법원 2008구단12729],https://www.law.go.kr/LSW/precInfoP.do?mode=0&precSeq=363362
363408,추가상병불승인처분취소,"본 컨텐츠는
 근로복지공단 산재판례 에서 수집한 데이터로, 관련 문의는 해당 기관으로 부탁드립니다.",https://www.law.go.kr/LSW/precInfoP.do?mode=0&precSeq=363408
363652,추가상병불승인처분취소,[서울행정법원 2008구단16790],https://www.law.go.kr/LSW/precInfoP.do?mode=0&precSeq=363652
363724,추가상병불승인처분취소,[서울행정법원 2008구단17700],https://www.law.go.kr/LSW/precInfoP.do?mode=0&precSeq=363724
371580,추가상병불승인처분취소,[서울행정법원 2010구단11392],https://www.law.go.kr/LSW/precInfoP.do?mode=0&precSeq=371580
371582,추가상병불승인처분취소,[서울행정법원 2010구단11415],https://www.law.go.kr/LSW/precInfoP.do?mode=0&precSeq=371582
371594,추가상병불승인처분취소,[서울행정법원 2010구단11613],https://www.law.go.kr/LSW/precInfoP.do?mode=0&precSeq=371594
371684,추가상병불승인처분취소,"본 컨텐츠는
 근로복지공단 산재판례 에서 수집한 데이터로, 관련 문의는 해당 기관으로 부탁드립니다.",https://www.law.go.kr/LSW/precInfoP.do?mode=0&precSeq=371684
371690,추가상병불승인처분취소,"본 컨텐츠는
 근로복지공단 산재판례 에서 수집한 데이터로, 관련 문의는 해당 기관으로 부탁드립니다.",https://www.law.go.kr/LSW/precInfoP.do?mode=0&precSeq=371690
371692,추가상병불승인처분취소,"본 컨텐츠는
 근로복지공단 산재판례 에서 수집한 데이터로, 관련 문의는 해당 기관으로 부탁드립니다.",https://www.law.go.kr/LSW/precInfoP.do?mode=0&precSeq=371692
371728,추가상병불승인처분취소,"본 컨텐츠는
 근로복지공단 산재판례 에서 수집한 데이터로, 관련 문의는 해당 기관으로 부탁드립니다.",https://www.law.go.kr/LSW/precInfoP.do?mode=0&precSeq=371728
371936,추가상병불승인처분취소,[서울행정법원 2010구단17765],https://www.law.go.kr/LSW/precInfoP.do?mode=0&precSeq=371936
372716,추가상병불승인처분취소,[서울행정법원 2010구단4356],https://www.law.go.kr/LSW/precInfoP.do?mode=0&precSeq=372716
376054,추가상병불승인처분취소,"본 컨텐츠는
 근로복지공단 산재판례 에서 수집한 데이터로, 관련 문의는 해당 기관으로 부탁드립니다.",https://www.law.go.kr/LSW/precInfoP.do?mode=0&precSeq=376054
376514,추가상병불승인처분취소,[서울행정법원 2011구단21020],https://www.law.go.kr/LSW/precInfoP.do?mode=0&precSeq=376514
376586,추가상병불승인처분취소,[서울행정법원 2011구단22825],https://www.law.go.kr/LSW/precInfoP.do?mode=0&precSeq=376586
380420,추가상병불승인처분취소,[서울행정법원 2012구단12504],https://www.law.go.kr/LSW/precInfoP.do?mode=0&precSeq=380420
380456,추가상병불승인처분취소,[서울행정법원 2012구단13576],https://www.law.go.kr/LSW/precInfoP.do?mode=0&precSeq=380456
380518,추가상병불승인처분취소,[서울행정법원 2012구단14692],https://www.law.go.kr/LSW/precInfoP.do?mode=0&precSeq=380518
381392,추가상병불승인처분취소,[서울행정법원 2012구단6561],https://www.law.go.kr/LSW/precInfoP.do?mode=0&precSeq=381392
388540,추가상병불승인처분취소,[서울행정법원 2014구단10939],https://www.law.go.kr/LSW/precInfoP.do?mode=0&precSeq=388540
392732,추가상병불승인처분취소,[서울행정법원 2015구단18633],https://www.law.go.kr/LSW/precInfoP.do?mode=0&precSeq=392732
392830,추가상병불승인처분취소,[서울행정법원 2015구단21363],https://www.law.go.kr/LSW/precInfoP.do?mode=0&precSeq=392830
393226,추가상병불승인처분취소,[서울행정법원 2015구단55632],https://www.law.go.kr/LSW/precInfoP.do?mode=0&precSeq=393226
393396,추가상병불승인처분취소,[서울행정법원 2015구단58396],https://www.law.go.kr/LSW/precInfoP.do?mode=0&precSeq=393396
393470,추가상병불승인처분취소,[서울행정법원 2015구단59658],https://www.law.go.kr/LSW/precInfoP.do?mode=0&precSeq=393470
393518,추가상병불승인처분취소,[서울행정법원 2015구단60283],https://www.law.go.kr/LSW/precInfoP.do?mode=0&precSeq=393518
393534,추가상병불승인처분취소,[서울행정법원 2015구단60818],https://www.law.go.kr/LSW/precInfoP.do?mode=0&precSeq=393534
393580,추가상병불승인처분취소,[서울행정법원 2015구단62319],https://www.law.go.kr/LSW/precInfoP.do?mode=0&precSeq=393580
396526,추가상병불승인처분취소,[서울행정법원 2016구단11288],https://www.law.go.kr/LSW/precInfoP.do?mode=0&precSeq=396526
396624,추가상병불승인처분취소,[서울행정법원 2016구단13260],https://www.law.go.kr/LSW/precInfoP.do?mode=0&precSeq=396624
396654,추가상병불승인처분취소,"본 컨텐츠는
 근로복지공단 산재판례 에서 수집한 데이터로, 관련 문의는 해당 기관으로 부탁드립니다.",https://www.law.go.kr/LSW/precInfoP.do?mode=0&precSeq=396654
396884,추가상병불승인처분취소,"본 컨텐츠는
 근로복지공단 산재판례 에서 수집한 데이터로, 관련 문의는 해당 기관으로 부탁드립니다.",https://www.law.go.kr/LSW/precInfoP.do?mode=0&precSeq=396884
396922,추가상병불승인처분취소,"본 컨텐츠는
 근로복지공단 산재판례 에서 수집한 데이터로, 관련 문의는 해당 기관으로 부탁드립니다.",https://www.law.go.kr/LSW/precInfoP.do?mode=0&precSeq=396922
396976,추가상병불승인처분취소,[서울행정법원 2016구단50566],https://www.law.go.kr/LSW/precInfoP.do?mode=0&precSeq=396976
397096,추가상병불승인처분취소,[서울행정법원 2016구단53008],https://www.law.go.kr/LSW/precInfoP.do?mode=0&precSeq=397096
397164,추가상병불승인처분취소,[서울행정법원 2016구단55059],https://www.law.go.kr/LSW/precInfoP.do?mode=0&precSeq=397164
397176,추가상병불승인처분취소,[서울행정법원 2016구단55448],https://www.law.go.kr/LSW/precInfoP.do?mode=0&precSeq=397176
397536,추가상병불승인처분취소,[서울행정법원 2016구단66424],https://www.law.go.kr/LSW/precInfoP.do?mode=0&precSeq=397536
397538,추가상병불승인처분취소,[서울행정법원 2016구단66431],https://www.law.go.kr/LSW/precInfoP.do?mode=0&precSeq=397538
397554,추가상병불승인처분취소,[서울행정법원 2016구단66691],https://www.law.go.kr/LSW/precInfoP.do?mode=0&precSeq=397554
397634,추가상병불승인처분취소,[서울행정법원 2016구단899],https://www.law.go.kr/LSW/precInfoP.do?mode=0&precSeq=397634
397652,추가상병불승인처분취소,[서울행정법원 2016구단9599],https://www.law.go.kr/LSW/precInfoP.do?mode=0&precSeq=397652
400632,추가상병불승인처분취소,[서울행정법원 2017구단54749],https://www.law.go.kr/LSW/precInfoP.do?mode=0&precSeq=400632
410888,추가상병불승인처분취소,"본 컨텐츠는
 근로복지공단 산재판례 에서 수집한 데이터로, 관련 문의는 해당 기관으로 부탁드립니다.",https://www.law.go.kr/LSW/precInfoP.do?mode=0&precSeq=410888
415472,추가상병불승인처분취소,"본 컨텐츠는
 근로복지공단 산재판례 에서 수집한 데이터로, 관련 문의는 해당 기관으로 부탁드립니다.",https://www.law.go.kr/LSW/precInfoP.do?mode=0&precSeq=415472
415490,추가상병불승인처분취소,"본 컨텐츠는
 근로복지공단 산재판례 에서 수집한 데이터로, 관련 문의는 해당 기관으로 부탁드립니다.",https://www.law.go.kr/LSW/precInfoP.do?mode=0&precSeq=415490
415494,추가상병불승인처분취소,"본 컨텐츠는
 근로복지공단 산재판례 에서 수집한 데이터로, 관련 문의는 해당 기관으로 부탁드립니다.",https://www.law.go.kr/LSW/precInfoP.do?mode=0&precSeq=415494
415544,추가상병불승인처분취소,"본 컨텐츠는
 근로복지공단 산재판례 에서 수집한 데이터로, 관련 문의는 해당 기관으로 부탁드립니다.",https://www.law.go.kr/LSW/precInfoP.do?mode=0&precSeq=415544
415554,추가상병불승인처분취소,"본 컨텐츠는
 근로복지공단 산재판례 에서 수집한 데이터로, 관련 문의는 해당 기관으로 부탁드립니다.",https://www.law.go.kr/LSW/precInfoP.do?mode=0&precSeq=415554
415574,추가상병불승인처분취소,"본 컨텐츠는
 근로복지공단 산재판례 에서 수집한 데이터로, 관련 문의는 해당 기관으로 부탁드립니다.",https://www.law.go.kr/LSW/precInfoP.do?mode=0&precSeq=415574
415580,추가상병불승인처분취소,"본 컨텐츠는
 근로복지공단 산재판례 에서 수집한 데이터로, 관련 문의는 해당 기관으로 부탁드립니다.",https://www.law.go.kr/LSW/precInfoP.do?mode=0&precSeq=415580
415590,추가상병불승인처분취소,"본 컨텐츠는
 근로복지공단 산재판례 에서 수집한 데이터로, 관련 문의는 해당 기관으로 부탁드립니다.",https://www.law.go.kr/LSW/precInfoP.do?mode=0&precSeq=415590
415684,추가상병불승인처분취소,"본 컨텐츠는
 근로복지공단 산재판례 에서 수집한 데이터로, 관련 문의는 해당 기관으로 부탁드립니다.",https://www.law.go.kr/LSW/precInfoP.do?mode=0&precSeq=415684
415732,추가상병불승인처분취소,"본 컨텐츠는
 근로복지공단 산재판례 에서 수집한 데이터로, 관련 문의는 해당 기관으로 부탁드립니다.",https://www.law.go.kr/LSW/precInfoP.do?mode=0&precSeq=415732
415766,추가상병불승인처분취소,"본 컨텐츠는
 근로복지공단 산재판례 에서 수집한 데이터로, 관련 문의는 해당 기관으로 부탁드립니다.",https://www.law.go.kr/LSW/precInfoP.do?mode=0&precSeq=415766
415774,추가상병불승인처분취소,"본 컨텐츠는
 근로복지공단 산재판례 에서 수집한 데이터로, 관련 문의는 해당 기관으로 부탁드립니다.",https://www.law.go.kr/LSW/precInfoP.do?mode=0&precSeq=415774
415778,추가상병불승인처분취소,"본 컨텐츠는
 근로복지공단 산재판례 에서 수집한 데이터로, 관련 문의는 해당 기관으로 부탁드립니다.",https://www.law.go.kr/LSW/precInfoP.do?mode=0&precSeq=415778
415796,추가상병불승인처분취소,"본 컨텐츠는
 근로복지공단 산재판례 에서 수집한 데이터로, 관련 문의는 해당 기관으로 부탁드립니다.",https://www.law.go.kr/LSW/precInfoP.do?mode=0&precSeq=415796
415800,추가상병불승인처분취소,"본 컨텐츠는
 근로복지공단 산재판례 에서 수집한 데이터로, 관련 문의는 해당 기관으로 부탁드립니다.",https://www.law.go.kr/LSW/precInfoP.do?mode=0&precSeq=415800
415856,추가상병불승인처분취소,"본 컨텐츠는
 근로복지공단 산재판례 에서 수집한 데이터로, 관련 문의는 해당 기관으로 부탁드립니다.",https://www.law.go.kr/LSW/precInfoP.do?mode=0&precSeq=415856
415866,추가상병불승인처분취소,"본 컨텐츠는
 근로복지공단 산재판례 에서 수집한 데이터로, 관련 문의는 해당 기관으로 부탁드립니다.",https://www.law.go.kr/LSW/precInfoP.do?mode=0&precSeq=415866
415962,추가상병불승인처분취소,"본 컨텐츠는
 근로복지공단 산재판례 에서 수집한 데이터로, 관련 문의는 해당 기관으로 부탁드립니다.",https://www.law.go.kr/LSW/precInfoP.do?mode=0&precSeq=415962
416044,추가상병불승인처분취소,"본 컨텐츠는
 근로복지공단 산재판례 에서 수집한 데이터로, 관련 문의는 해당 기관으로 부탁드립니다.",https://www.law.go.kr/LSW/precInfoP.do?mode=0&precSeq=416044
417040,추가상병불승인처분취소,[서울행정법원 2023구단50151],https://www.law.go.kr/LSW/precInfoP.do?mode=0&precSeq=417040
417064,추가상병불승인처분취소,[서울행정법원 2023구단51659],https://www.law.go.kr/LSW/precInfoP.do?mode=0&precSeq=417064
417096,추가상병불승인처분취소,[서울행정법원 2023구단55064],https://www.law.go.kr/LSW/precInfoP.do?mode=0&precSeq=417096
417102,추가상병불승인처분취소,[서울행정법원 2023구단55491],https://www.law.go.kr/LSW/precInfoP.do?mode=0&precSeq=417102
417104,추가상병불승인처분취소,[서울행정법원 2023구단55569],https://www.law.go.kr/LSW/precInfoP.do?mode=0&precSeq=417104
417120,추가상병불승인처분취소,[서울행정법원 2023구단57725],https://www.law.go.kr/LSW/precInfoP.do?mode=0&precSeq=417120
362700,추가상병불승인처분취소,"본 컨텐츠는
 근로복지공단 산재판례 에서 수집한 데이터로, 관련 문의는 해당 기관으로 부탁드립니다.",https://www.law.go.kr/LSW/precInfoP.do?mode=0&precSeq=362700
364686,추가상병불승인처분취소,[울산지방법원 2008구합1430],https://www.law.go.kr/LSW/precInfoP.do?mode=0&precSeq=364686
382172,추가상병불승인처분취소,"본 컨텐츠는
 근로복지공단 산재판례 에서 수집한 데이터로, 관련 문의는 해당 기관으로 부탁드립니다.",https://www.law.go.kr/LSW/precInfoP.do?mode=0&precSeq=382172
393906,추가상병불승인처분취소,[울산지방법원 2015구합220],https://www.law.go.kr/LSW/precInfoP.do?mode=0&precSeq=393906
397684,추가상병불승인처분취소,[울산지방법원 2016구합1084],https://www.law.go.kr/LSW/precInfoP.do?mode=0&precSeq=397684
414004,추가상병불승인처분취소,"본 컨텐츠는
 근로복지공단 산재판례 에서 수집한 데이터로, 관련 문의는 해당 기관으로 부탁드립니다.",https://www.law.go.kr/LSW/precInfoP.do?mode=0&precSeq=414004
414010,추가상병불승인처분취소,"본 컨텐츠는
 근로복지공단 산재판례 에서 수집한 데이터로, 관련 문의는 해당 기관으로 부탁드립니다.",https://www.law.go.kr/LSW/precInfoP.do?mode=0&precSeq=414010
414014,추가상병불승인처분취소,"본 컨텐츠는
 근로복지공단 산재판례 에서 수집한 데이터로, 관련 문의는 해당 기관으로 부탁드립니다.",https://www.law.go.kr/LSW/precInfoP.do?mode=0&precSeq=414014
415906,추가상병불승인처분취소,"본 컨텐츠는
 근로복지공단 산재판례 에서 수집한 데이터로, 관련 문의는 해당 기관으로 부탁드립니다.",https://www.law.go.kr/LSW/precInfoP.do?mode=0&precSeq=415906
362104,추가상병불승인처분취소,[인천지방법원 2007구단1580],https://www.law.go.kr/LSW/precInfoP.do?mode=0&precSeq=362104
397582,추가상병불승인처분취소,[인천지방법원 2016구단725],https://www.law.go.kr/LSW/precInfoP.do?mode=0&precSeq=397582
362694,추가상병불승인처분취소,"본 컨텐츠는
 근로복지공단 산재판례 에서 수집한 데이터로, 관련 문의는 해당 기관으로 부탁드립니다.",https://www.law.go.kr/LSW/precInfoP.do?mode=0&precSeq=362694
362742,추가상병불승인처분취소,"본 컨텐츠는
 근로복지공단 산재판례 에서 수집한 데이터로, 관련 문의는 해당 기관으로 부탁드립니다.",https://www.law.go.kr/LSW/precInfoP.do?mode=0&precSeq=362742
382170,추가상병불승인처분취소,"본 컨텐츠는
 근로복지공단 산재판례 에서 수집한 데이터로, 관련 문의는 해당 기관으로 부탁드립니다.",https://www.law.go.kr/LSW/precInfoP.do?mode=0&precSeq=382170
362296,추가상병불승인처분취소,[창원지방법원 2007구단3245],https://www.law.go.kr/LSW/precInfoP.do?mode=0&precSeq=362296
363802,추가상병불승인처분취소,[창원지방법원 2008구단2058],https://www.law.go.kr/LSW/precInfoP.do?mode=0&precSeq=363802
400124,추가상병불승인처분취소,[창원지방법원 2017구단10983],https://www.law.go.kr/LSW/precInfoP.do?mode=0&precSeq=400124
415290,추가상병불승인처분취소,"본 컨텐츠는
 근로복지공단 산재판례 에서 수집한 데이터로, 관련 문의는 해당 기관으로 부탁드립니다.",https://www.law.go.kr/LSW/precInfoP.do?mode=0&precSeq=415290
415292,추가상병불승인처분취소,"본 컨텐츠는
 근로복지공단 산재판례 에서 수집한 데이터로, 관련 문의는 해당 기관으로 부탁드립니다.",https://www.law.go.kr/LSW/precInfoP.do?mode=0&precSeq=415292
364794,추가상병불승인처분취소,[청주지방법원 2008구합2052],https://www.law.go.kr/LSW/precInfoP.do?mode=0&precSeq=364794
398464,추가상병불승인처분취소,[청주지방법원 2016구합952],https://www.law.go.kr/LSW/precInfoP.do?mode=0&precSeq=398464
397770,추가상병불승인처분취소,[춘천지방법원 2016구합290],https://www.law.go.kr/LSW/precInfoP.do?mode=0&precSeq=397770
397760,추가상병불승인처분취소,[춘천지방법원강릉지원 2016구합26],https://www.law.go.kr/LSW/precInfoP.do?mode=0&precSeq=397760
369230,추가상병불승인처분취소등,[서울고등법원 2009누10934],https://www.law.go.kr/LSW/precInfoP.do?mode=0&precSeq=369230
374440,추가상병불승인처분취소청구의소,[서울고등법원 2010누20746],https://www.law.go.kr/LSW/precInfoP.do?mode=0&precSeq=374440
363406,추가상병불승인처분취소청구의소,"본 컨텐츠는
 근로복지공단 산재판례 에서 수집한 데이터로, 관련 문의는 해당 기관으로 부탁드립니다.",https://www.law.go.kr/LSW/precInfoP.do?mode=0&precSeq=363406
369150,추가상병승인취소처분 취소 등,[전주지방법원 2009구합86],https://www.law.go.kr/LSW/precInfoP.do?mode=0&precSeq=369150
362136,추가상병신청불승인처분취소,[서울행정법원 2007구단16373],https://www.law.go.kr/LSW/precInfoP.do?mode=0&precSeq=362136
362572,추가상병요양불승인차분취소,"본 컨텐츠는
 근로복지공단 산재판례 에서 수집한 데이터로, 관련 문의는 해당 기관으로 부탁드립니다.",https://www.law.go.kr/LSW/precInfoP.do?mode=0&precSeq=362572
364352,추가상병요양불승인처분취소,"본 컨텐츠는
 근로복지공단 산재판례 에서 수집한 데이터로, 관련 문의는 해당 기관으로 부탁드립니다.",https://www.law.go.kr/LSW/precInfoP.do?mode=0&precSeq=364352
416036,추가상병요양불승인처분취소,"본 컨텐츠는
 근로복지공단 산재판례 에서 수집한 데이터로, 관련 문의는 해당 기관으로 부탁드립니다.",https://www.law.go.kr/LSW/precInfoP.do?mode=0&precSeq=416036
362860,추가상병요양불승인처분취소,"본 컨텐츠는
 근로복지공단 산재판례 에서 수집한 데이터로, 관련 문의는 해당 기관으로 부탁드립니다.",https://www.law.go.kr/LSW/precInfoP.do?mode=0&precSeq=362860
387150,추가상병일부불승인처분취소,[서울고등법원 2013누28468],https://www.law.go.kr/LSW/precInfoP.do?mode=0&precSeq=387150
415838,추가상병일부불승인처분취소,"본 컨텐츠는
 근로복지공단 산재판례 에서 수집한 데이터로, 관련 문의는 해당 기관으로 부탁드립니다.",https://www.law.go.kr/LSW/precInfoP.do?mode=0&precSeq=415838
415294,추가상병일부불승인처분취소,"본 컨텐츠는
 근로복지공단 산재판례 에서 수집한 데이터로, 관련 문의는 해당 기관으로 부탁드립니다.",https://www.law.go.kr/LSW/precInfoP.do?mode=0&precSeq=415294
383804,추가상병일부승인처분취소,"본 컨텐츠는
 근로복지공단 산재판례 에서 수집한 데이터로, 관련 문의는 해당 기관으로 부탁드립니다.",https://www.law.go.kr/LSW/precInfoP.do?mode=0&precSeq=383804
361582,추가상병일부요양불승인처분취소,[창원지방법원 2006구단2993],https://www.law.go.kr/LSW/precInfoP.do?mode=0&precSeq=361582
396800,추가상병재요양불승인처분및장해급여부지급처분취소,[대구지방법원 2016구단2316],https://www.law.go.kr/LSW/precInfoP.do?mode=0&precSeq=396800
417150,추가징수 보험료 등 부가처분 취소,[부산지방법원 2023구합20165],https://www.law.go.kr/LSW/precInfoP.do?mode=0&precSeq=417150
212119,추심금,[광주고법 2000. 9. 20. 선고 2000나569 판결：확정],https://www.law.go.kr/LSW/precInfoP.do?mode=0&precSeq=212119
175551,추심금,[대구지법 2014. 9. 26. 선고 2014나3113 판결 : 확정],https://www.law.go.kr/LSW/precInfoP.do?mode=0&precSeq=175551
191882,추심금,[대법원 2003. 6. 27. 선고 2003다7623 판결],https://www.law.go.kr/LSW/precInfoP.do?mode=0&precSeq=191882
178631,추심금,,https://www.law.go.kr/LSW/precInfoP.do?mode=0&precSeq=178631
172533,추심금,[대법원 2014. 1. 23. 선고 2013다71180 판결],https://www.law.go.kr/LSW/precInfoP.do?mode=0&precSeq=172533
195101,추심금,,https://www.law.go.kr/LSW/precInfoP.do?mode=0&precSeq=195101
83057,출입금지,,https://www.law.go.kr/LSW/precInfoP.do?mode=0&precSeq=83057
70384,출입금지가처분,[대전지법 2006. 4. 5. 자 2006카합260 결정 : 확정],https://www.law.go.kr/LSW/precInfoP.do?mode=0&precSeq=70384
600573,출입방해금지가처분[수급인 소속 근로자들이 도급인의 사업장에서 노동조합 가입을 홍보하는 조합활동을 한다는 이유로 도급인으로부터 사업장 출입권한을 제한하는 등의 조치를 당하자 출입방해금지 등 가처분을 신청한 사건],[대법원 2024. 12. 24. 자 2024마6760 결정],https://www.law.go.kr/LSW/precInfoP.do?mode=0&precSeq=600573
80659,출판물에의한명예훼손·공직선거및선거부정방지법위반·명예훼손,[대법원 2001. 6. 12. 선고 2001도1012 판결],https://www.law.go.kr/LSW/precInfoP.do?mode=0&precSeq=80659
205726,취업규칙무효확인,,https://www.law.go.kr/LSW/precInfoP.do?mode=0&precSeq=205726
372368,치료불승인처분취소,[부산지방법원 2010구단2573],https://www.law.go.kr/LSW/precInfoP.do?mode=0&precSeq=372368
196296,치료비,[대법원 1998. 5. 12. 선고 97다54222 판결],https://www.law.go.kr/LSW/precInfoP.do?mode=0&precSeq=196296
185269,택시부가세환급금,[대법원 2017. 6. 19. 선고 2014다63087 판결],https://www.law.go.kr/LSW/precInfoP.do?mode=0&precSeq=185269
209166,통보처분취소,[대법원 2016. 12. 27. 선고 2011두921 판결],https://www.law.go.kr/LSW/precInfoP.do?mode=0&precSeq=209166
407222,통상근로계수 적용제외 불승인처분 취소,[서울행정법원 2019구단52990],https://www.law.go.kr/LSW/precInfoP.do?mode=0&precSeq=407222
410526,통상근로계수 적용제외 불승인처분취소,"본 컨텐츠는
 근로복지공단 산재판례 에서 수집한 데이터로, 관련 문의는 해당 기관으로 부탁드립니다.",https://www.law.go.kr/LSW/precInfoP.do?mode=0&precSeq=410526
70275,퇴직금,[대구고법 2006. 1. 13. 선고 2005나4889 판결 : 상고],https://www.law.go.kr/LSW/precInfoP.do?mode=0&precSeq=70275
161168,퇴직금,,https://www.law.go.kr/LSW/precInfoP.do?mode=0&precSeq=161168
191723,퇴직금,[대법원 2001. 11. 13. 선고 2000다18608 판결],https://www.law.go.kr/LSW/precInfoP.do?mode=0&precSeq=191723
81458,퇴직금,[대법원 2002. 4. 23. 선고 2000다50701 판결],https://www.law.go.kr/LSW/precInfoP.do?mode=0&precSeq=81458
191491,퇴직금,[대법원 2001. 6. 26. 선고 2000다65239 판결],https://www.law.go.kr/LSW/precInfoP.do?mode=0&precSeq=191491
194483,퇴직금,[대법원 2003. 7. 25. 선고 2001다12669 판결],https://www.law.go.kr/LSW/precInfoP.do?mode=0&precSeq=194483
80979,퇴직금,[대법원 2001. 10. 23. 선고 2001다25184 판결],https://www.law.go.kr/LSW/precInfoP.do?mode=0&precSeq=80979
81799,퇴직금,[대법원 2002. 8. 23. 선고 2002다4399 판결],https://www.law.go.kr/LSW/precInfoP.do?mode=0&precSeq=81799
194442,퇴직금,[대법원 2003. 9. 26. 선고 2002다64681 판결],https://www.law.go.kr/LSW/precInfoP.do?mode=0&precSeq=194442
67507,퇴직금,[대법원 2005. 3. 25. 선고 2003다22509 판결],https://www.law.go.kr/LSW/precInfoP.do?mode=0&precSeq=67507
83733,퇴직금,[대법원 2005. 3. 11. 선고 2003다27429 판결],https://www.law.go.kr/LSW/precInfoP.do?mode=0&precSeq=83733
194093,퇴직금,[대법원 2006. 12. 7. 선고 2004다29736 판결],https://www.law.go.kr/LSW/precInfoP.do?mode=0&precSeq=194093
83707,퇴직금,[대법원 2005. 2. 25. 선고 2004다34790 판결],https://www.law.go.kr/LSW/precInfoP.do?mode=0&precSeq=83707
67955,퇴직금,[대법원 2006. 4. 28. 선고 2004다66995 판결],https://www.law.go.kr/LSW/precInfoP.do?mode=0&precSeq=67955
84999,퇴직금,[대법원 2007. 3. 30. 선고 2004다8333 판결],https://www.law.go.kr/LSW/precInfoP.do?mode=0&precSeq=84999
216361,퇴직금,[대법원 2007. 7. 12. 선고 2005다25113 판결],https://www.law.go.kr/LSW/precInfoP.do?mode=0&precSeq=216361
68355,퇴직금,,https://www.law.go.kr/LSW/precInfoP.do?mode=0&precSeq=68355
85515,퇴직금,[대법원 2008. 2. 1. 선고 2006다20542 판결],https://www.law.go.kr/LSW/precInfoP.do?mode=0&precSeq=85515
68252,퇴직금,[대법원 2006. 11. 9. 선고 2006다42313 판결],https://www.law.go.kr/LSW/precInfoP.do?mode=0&precSeq=68252
68925,퇴직금,,https://www.law.go.kr/LSW/precInfoP.do?mode=0&precSeq=68925
140053,퇴직금,[대법원 2009. 10. 15. 선고 2007다72519 판결],https://www.law.go.kr/LSW/precInfoP.do?mode=0&precSeq=140053
157916,퇴직금,[대법원 2011. 4. 14. 선고 2009다35040 판결],https://www.law.go.kr/LSW/precInfoP.do?mode=0&precSeq=157916
160403,퇴직금,,https://www.law.go.kr/LSW/precInfoP.do?mode=0&precSeq=160403
143557,퇴직금,,https://www.law.go.kr/LSW/precInfoP.do?mode=0&precSeq=143557
144507,퇴직금,,https://www.law.go.kr/LSW/precInfoP.do?mode=0&precSeq=144507
171968,퇴직금,[대법원 2013. 6. 27. 선고 2010다57459 판결],https://www.law.go.kr/LSW/precInfoP.do?mode=0&precSeq=171968
157616,퇴직금,,https://www.law.go.kr/LSW/precInfoP.do?mode=0&precSeq=157616
163733,퇴직금,[대법원 2012. 5. 10. 선고 2011다45217 판결],https://www.law.go.kr/LSW/precInfoP.do?mode=0&precSeq=163733
179077,퇴직금,[대법원 2015. 5. 28. 선고 2011다53638 판결],https://www.law.go.kr/LSW/precInfoP.do?mode=0&precSeq=179077
178632,퇴직금,[대법원 2015. 7. 9. 선고 2012다20550 판결],https://www.law.go.kr/LSW/precInfoP.do?mode=0&precSeq=178632
166372,퇴직금,[대법원 2012. 10. 25. 선고 2012다41045 판결],https://www.law.go.kr/LSW/precInfoP.do?mode=0&precSeq=166372
176265,퇴직금,[대법원 2014. 10. 27. 선고 2012다70388 판결],https://www.law.go.kr/LSW/precInfoP.do?mode=0&precSeq=176265
166720,퇴직금,[대법원 2012. 12. 13. 선고 2012다77006 판결],https://www.law.go.kr/LSW/precInfoP.do?mode=0&precSeq=166720
209199,퇴직금,[대법원 2013. 12. 18. 선고 2012다89399 전원합의체 판결],https://www.law.go.kr/LSW/precInfoP.do?mode=0&precSeq=209199
179066,퇴직금,[대법원 2015. 4. 23. 선고 2013다215225 판결],https://www.law.go.kr/LSW/precInfoP.do?mode=0&precSeq=179066
172020,퇴직금,[대법원 2013. 7. 12. 선고 2013다27336 판결],https://www.law.go.kr/LSW/precInfoP.do?mode=0&precSeq=172020
177686,퇴직금,,https://www.law.go.kr/LSW/precInfoP.do?mode=0&precSeq=177686
176316,퇴직금,[대법원 2014. 11. 13. 선고 2013다77805 판결],https://www.law.go.kr/LSW/precInfoP.do?mode=0&precSeq=176316
207147,퇴직금,[대법원 2019. 4. 23. 선고 2014다27807 판결],https://www.law.go.kr/LSW/precInfoP.do?mode=0&precSeq=207147
177708,퇴직금,[대법원 2014. 11. 13. 선고 2014다42745 판결],https://www.law.go.kr/LSW/precInfoP.do?mode=0&precSeq=177708
183984,퇴직금,[대법원 2016. 10. 27. 선고 2016다29890 판결],https://www.law.go.kr/LSW/precInfoP.do?mode=0&precSeq=183984
227195,퇴직금,[대법원 2022. 3. 17. 선고 2018다244877 판결],https://www.law.go.kr/LSW/precInfoP.do?mode=0&precSeq=227195
211725,퇴직금,[대법원 2020. 6. 25. 선고 2020다207864 판결],https://www.law.go.kr/LSW/precInfoP.do?mode=0&precSeq=211725
220337,퇴직금,[대법원 2022. 4. 14. 선고 2020다237117 판결],https://www.law.go.kr/LSW/precInfoP.do?mode=0&precSeq=220337
232567,퇴직금,[대법원 2022. 12. 1. 선고 2021다210829 판결],https://www.law.go.kr/LSW/precInfoP.do?mode=0&precSeq=232567
94583,퇴직금,[대법원 1979. 10. 16. 선고 79다1489 판결],https://www.law.go.kr/LSW/precInfoP.do?mode=0&precSeq=94583
206431,퇴직금,[대법원 1982. 4. 13. 선고 81다카137 판결],https://www.law.go.kr/LSW/precInfoP.do?mode=0&precSeq=206431
104893,퇴직금,[대법원 1989. 2. 28. 선고 88다카2974 판결],https://www.law.go.kr/LSW/precInfoP.do?mode=0&precSeq=104893
107694,퇴직금,[대법원 1990. 11. 27. 선고 89다카15939 판결],https://www.law.go.kr/LSW/precInfoP.do?mode=0&precSeq=107694
189229,퇴직금,,https://www.law.go.kr/LSW/precInfoP.do?mode=0&precSeq=189229
189234,퇴직금,,https://www.law.go.kr/LSW/precInfoP.do?mode=0&precSeq=189234
107711,퇴직금,[대법원 1990. 11. 27. 선고 90다카23868 판결],https://www.law.go.kr/LSW/precInfoP.do?mode=0&precSeq=107711
107573,퇴직금,[대법원 1990. 11. 9. 선고 90다카6948 판결],https://www.law.go.kr/LSW/precInfoP.do?mode=0&precSeq=107573
110052,퇴직금,,https://www.law.go.kr/LSW/precInfoP.do?mode=0&precSeq=110052
199494,퇴직금,[대법원 1995. 2. 28. 선고 94다8631 판결],https://www.law.go.kr/LSW/precInfoP.do?mode=0&precSeq=199494
115313,퇴직금,,https://www.law.go.kr/LSW/precInfoP.do?mode=0&precSeq=115313
197105,퇴직금,,https://www.law.go.kr/LSW/precInfoP.do?mode=0&precSeq=197105
114804,퇴직금,,https://www.law.go.kr/LSW/precInfoP.do?mode=0&precSeq=114804
114736,퇴직금,,https://www.law.go.kr/LSW/precInfoP.do?mode=0&precSeq=114736
196421,퇴직금,[대법원 1998. 3. 13. 선고 95다55733 판결],https://www.law.go.kr/LSW/precInfoP.do?mode=0&precSeq=196421
114571,퇴직금,[대법원 1996. 12. 10. 선고 96다42024 판결],https://www.law.go.kr/LSW/precInfoP.do?mode=0&precSeq=114571
196046,퇴직금,,https://www.law.go.kr/LSW/precInfoP.do?mode=0&precSeq=196046
196066,퇴직금,[대법원 1998. 1. 20. 선고 97다18936 판결],https://www.law.go.kr/LSW/precInfoP.do?mode=0&precSeq=196066
196094,퇴직금,[대법원 1998. 1. 20. 선고 97다21086 판결],https://www.law.go.kr/LSW/precInfoP.do?mode=0&precSeq=196094
196424,퇴직금,[대법원 1998. 3. 13. 선고 97다25095 판결],https://www.law.go.kr/LSW/precInfoP.do?mode=0&precSeq=196424
600821,퇴직금,,https://www.law.go.kr/LSW/precInfoP.do?mode=0&precSeq=600821
195107,퇴직금,[대법원 1999. 5. 12. 선고 97다5015 전원합의체 판결],https://www.law.go.kr/LSW/precInfoP.do?mode=0&precSeq=195107
117342,퇴직금,[대법원 1999. 1. 26. 선고 97다53496 판결],https://www.law.go.kr/LSW/precInfoP.do?mode=0&precSeq=117342
196329,퇴직금,[대법원 1998. 4. 24. 선고 97다54727 판결],https://www.law.go.kr/LSW/precInfoP.do?mode=0&precSeq=196329
195198,퇴직금,,https://www.law.go.kr/LSW/precInfoP.do?mode=0&precSeq=195198
196332,퇴직금,[대법원 1998. 4. 24. 선고 97다57672 판결],https://www.law.go.kr/LSW/precInfoP.do?mode=0&precSeq=196332
229905,퇴직금,[대법원 2000. 2. 25. 선고 98다11628 판결],https://www.law.go.kr/LSW/precInfoP.do?mode=0&precSeq=229905
229757,퇴직금,[대법원 2000. 3. 24. 선고 98다18612 판결],https://www.law.go.kr/LSW/precInfoP.do?mode=0&precSeq=229757
195010,퇴직금,[대법원 1998. 10. 23. 선고 98다33932 판결],https://www.law.go.kr/LSW/precInfoP.do?mode=0&precSeq=195010
195246,퇴직금,,https://www.law.go.kr/LSW/precInfoP.do?mode=0&precSeq=195246
195211,퇴직금,[대법원 1999. 1. 26. 선고 98다46198 판결],https://www.law.go.kr/LSW/precInfoP.do?mode=0&precSeq=195211
192117,퇴직금,,https://www.law.go.kr/LSW/precInfoP.do?mode=0&precSeq=192117
145327,퇴직금,[대법원 2000. 12. 22. 선고 99다10806 판결],https://www.law.go.kr/LSW/precInfoP.do?mode=0&precSeq=145327
192445,퇴직금,[대법원 2000. 9. 8. 선고 99다1178 판결],https://www.law.go.kr/LSW/precInfoP.do?mode=0&precSeq=192445
191085,퇴직금,[대법원 2000. 12. 12. 선고 99다66373 판결],https://www.law.go.kr/LSW/precInfoP.do?mode=0&precSeq=191085
191127,퇴직금,[대법원 2001. 1. 5. 선고 99다70846 판결],https://www.law.go.kr/LSW/precInfoP.do?mode=0&precSeq=191127
191314,퇴직금,,https://www.law.go.kr/LSW/precInfoP.do?mode=0&precSeq=191314
78003,퇴직금,[부산고등법원 2004. 5. 19. 선고 2003나14492 판결],https://www.law.go.kr/LSW/precInfoP.do?mode=0&precSeq=78003
120992,퇴직금,[부산고법 1999. 10. 27. 선고 98나10052 판결 : 항소기각·상고],https://www.law.go.kr/LSW/precInfoP.do?mode=0&precSeq=120992
69817,퇴직금,,https://www.law.go.kr/LSW/precInfoP.do?mode=0&precSeq=69817
78370,퇴직금,[서울고등법원 2005. 4. 13. 선고 2004나41783 판결],https://www.law.go.kr/LSW/precInfoP.do?mode=0&precSeq=78370
78769,퇴직금,[서울고등법원 2006. 2. 10. 선고 2005나31912 판결],https://www.law.go.kr/LSW/precInfoP.do?mode=0&precSeq=78769
144490,퇴직금,,https://www.law.go.kr/LSW/precInfoP.do?mode=0&precSeq=144490
120263,퇴직금,,https://www.law.go.kr/LSW/precInfoP.do?mode=0&precSeq=120263
146821,퇴직금,,https://www.law.go.kr/LSW/precInfoP.do?mode=0&precSeq=146821
207127,퇴직금,[서울남부지법 2019. 4. 19. 선고 2018가합106952 판결 : 확정],https://www.law.go.kr/LSW/precInfoP.do?mode=0&precSeq=207127
144069,퇴직금,[서울동부지방법원 2009. 4. 8. 선고 2008가합17005 판결],https://www.law.go.kr/LSW/precInfoP.do?mode=0&precSeq=144069
127763,퇴직금,[서울북부지법 2009. 1. 14. 선고 2008가합5589 판결 : 항소],https://www.law.go.kr/LSW/precInfoP.do?mode=0&precSeq=127763
145781,퇴직금,,https://www.law.go.kr/LSW/precInfoP.do?mode=0&precSeq=145781
142387,퇴직금,[서울중앙지법 2009. 6. 4. 선고 2007가합34949 판결 : 항소],https://www.law.go.kr/LSW/precInfoP.do?mode=0&precSeq=142387
139111,퇴직금,,https://www.law.go.kr/LSW/precInfoP.do?mode=0&precSeq=139111
167388,퇴직금,[서울중앙지법 2012. 10. 30. 선고 2010가합83217 판결 : 항소],https://www.law.go.kr/LSW/precInfoP.do?mode=0&precSeq=167388
119871,퇴직금,[서울지법 1994. 10. 6. 선고 91가합89078 제41부판결 : 항소],https://www.law.go.kr/LSW/precInfoP.do?mode=0&precSeq=119871
120262,퇴직금,,https://www.law.go.kr/LSW/precInfoP.do?mode=0&precSeq=120262
120617,퇴직금,[서울지법 1998. 6. 12. 선고 97가합64767 판결 ： 확정],https://www.law.go.kr/LSW/precInfoP.do?mode=0&precSeq=120617
120617,퇴직금,,https://www.law.go.kr/LSW/precInfoP.do?mode=0&precSeq=120617
190295,퇴직금,,https://www.law.go.kr/LSW/precInfoP.do?mode=0&precSeq=190295
134214,퇴직금,[수원지법 2009. 4. 22. 선고 2008나21324 판결 : 상고],https://www.law.go.kr/LSW/precInfoP.do?mode=0&precSeq=134214
152182,퇴직금,,https://www.law.go.kr/LSW/precInfoP.do?mode=0&precSeq=152182
152080,퇴직금,[의정부지방법원 2007. 9. 13. 선고 2006나10096 판결],https://www.law.go.kr/LSW/precInfoP.do?mode=0&precSeq=152080
70734,퇴직금,[인천지법 2007. 4. 5. 선고 2006나12992 판결 : 확정],https://www.law.go.kr/LSW/precInfoP.do?mode=0&precSeq=70734
212229,퇴직금,[창원지법 2000. 9. 29. 선고 99나13236 판결：확정],https://www.law.go.kr/LSW/precInfoP.do?mode=0&precSeq=212229
146675,퇴직금(퇴직금 분할지급 약정 사건),[대법원 2010. 5. 20. 선고 2007다90760 전원합의체 판결],https://www.law.go.kr/LSW/precInfoP.do?mode=0&precSeq=146675
606507,퇴직금[퇴직금 청구에 대한 소멸시효 항변이 권리남용에 해당하는지 여부가 문제된 사건],[대법원 2025. 5. 29. 선고 2024다294705 판결],https://www.law.go.kr/LSW/precInfoP.do?mode=0&precSeq=606507
199858,퇴직금·부당이득금반환,"[대법원 2018. 7. 12. 선고 2018다21821, 25502 판결]",https://www.law.go.kr/LSW/precInfoP.do?mode=0&precSeq=199858
67279,퇴직금등,[대법원 2004. 6. 25. 선고 2002다68058 판결],https://www.law.go.kr/LSW/precInfoP.do?mode=0&precSeq=67279
168333,퇴직금등,[대법원 2012. 10. 11. 선고 2010다95147 판결],https://www.law.go.kr/LSW/precInfoP.do?mode=0&precSeq=168333
158790,퇴직금등,[대법원 2011. 10. 27. 선고 2011다42324 판결],https://www.law.go.kr/LSW/precInfoP.do?mode=0&precSeq=158790
193177,퇴직금등,[대법원 2013. 6. 27. 선고 2011다44276 판결],https://www.law.go.kr/LSW/precInfoP.do?mode=0&precSeq=193177
184246,퇴직금등,[대법원 2017. 1. 25. 선고 2015다59146 판결],https://www.law.go.kr/LSW/precInfoP.do?mode=0&precSeq=184246
204346,퇴직금등,[대법원 2019. 1. 17. 선고 2018다260602 판결],https://www.law.go.kr/LSW/precInfoP.do?mode=0&precSeq=204346
232979,퇴직금등,,https://www.law.go.kr/LSW/precInfoP.do?mode=0&precSeq=232979
203476,퇴직금등,[대법원 1992. 3. 10. 선고 91다11391 판결],https://www.law.go.kr/LSW/precInfoP.do?mode=0&precSeq=203476
203545,퇴직금등,[대법원 1992. 2. 25. 선고 91다18125 판결],https://www.law.go.kr/LSW/precInfoP.do?mode=0&precSeq=203545
199785,퇴직금등,[대법원 1994. 5. 24. 선고 93다5697 판결],https://www.law.go.kr/LSW/precInfoP.do?mode=0&precSeq=199785
200869,퇴직금등,[대법원 1993. 11. 9. 선고 93다8658 판결],https://www.law.go.kr/LSW/precInfoP.do?mode=0&precSeq=200869
229351,퇴직금등,[대법원 2000. 6. 9. 선고 98다13747 판결],https://www.law.go.kr/LSW/precInfoP.do?mode=0&precSeq=229351
195129,퇴직금등,,https://www.law.go.kr/LSW/precInfoP.do?mode=0&precSeq=195129
153096,퇴직금등,[부산고법 2011. 5. 4. 선고 2010나3094 판결 : 상고],https://www.law.go.kr/LSW/precInfoP.do?mode=0&precSeq=153096
120260,퇴직금등,,https://www.law.go.kr/LSW/precInfoP.do?mode=0&precSeq=120260
67619,퇴직금등·부당이득금,,https://www.law.go.kr/LSW/precInfoP.do?mode=0&precSeq=67619
231469,퇴직금등청구,[대법원 2022. 2. 11. 선고 2017다238004 판결],https://www.law.go.kr/LSW/precInfoP.do?mode=0&precSeq=231469
76429,퇴직금등청구사건,[서울지법 남부지원 1986. 1. 17. 선고 85가합346 제2민사부판결 : 확정],https://www.law.go.kr/LSW/precInfoP.do?mode=0&precSeq=76429
231755,퇴직금등청구의소,[대구고법 2022. 3. 23. 선고 2020나22408 판결 : 상고],https://www.law.go.kr/LSW/precInfoP.do?mode=0&precSeq=231755
225643,퇴직금등청구의소,[대법원 2019. 10. 18. 선고 2018다239110 판결],https://www.law.go.kr/LSW/precInfoP.do?mode=0&precSeq=225643
219163,퇴직금등청구의소,,https://www.law.go.kr/LSW/precInfoP.do?mode=0&precSeq=219163
211737,퇴직금등청구의소,[대법원 2020. 6. 25. 선고 2018다292418 판결],https://www.law.go.kr/LSW/precInfoP.do?mode=0&precSeq=211737
120266,퇴직금반환,,https://www.law.go.kr/LSW/precInfoP.do?mode=0&precSeq=120266
171283,퇴직금지급,[대법원 2013. 4. 11. 선고 2012다48077 판결],https://www.law.go.kr/LSW/precInfoP.do?mode=0&precSeq=171283
140492,퇴직금청구,[대법원 2009. 10. 29. 선고 2009다51417 판결],https://www.law.go.kr/LSW/precInfoP.do?mode=0&precSeq=140492
207582,퇴직금청구,,https://www.law.go.kr/LSW/precInfoP.do?mode=0&precSeq=207582
240683,퇴직금청구,[서울중앙지법 2024. 4. 4. 선고 2021가합564798 판결 : 항소],https://www.law.go.kr/LSW/precInfoP.do?mode=0&precSeq=240683
228549,퇴직금청구[채권추심원의 근로기준법상 근로자성 인정 여부가 쟁점이 된 사건],[대법원 2022. 8. 19. 선고 2020다296819 판결],https://www.law.go.kr/LSW/precInfoP.do?mode=0&precSeq=228549
225697,퇴직금청구등,[대구지법 2019. 11. 8. 선고 2018가단139279 판결 : 항소],https://www.law.go.kr/LSW/precInfoP.do?mode=0&precSeq=225697
76783,퇴직금청구사건,[서울민사지법 1987. 3. 19. 선고 86가합5289 제9부판결 : 항소],https://www.law.go.kr/LSW/precInfoP.do?mode=0&precSeq=76783
201347,퇴직금청구의소,[대법원 2018. 8. 30. 선고 2016다228802 판결],https://www.law.go.kr/LSW/precInfoP.do?mode=0&precSeq=201347
211387,퇴직금청구의소,[대법원 2020. 4. 29. 선고 2018다229120 판결],https://www.law.go.kr/LSW/precInfoP.do?mode=0&precSeq=211387
223423,퇴직금청구의소,[대법원 2021. 11. 11. 선고 2019다221352 판결],https://www.law.go.kr/LSW/precInfoP.do?mode=0&precSeq=223423
235591,퇴직금청구의소,[대법원 2022. 9. 29. 선고 2020다256385 판결],https://www.law.go.kr/LSW/precInfoP.do?mode=0&precSeq=235591
223411,퇴직금청구의소,[대법원 2021. 11. 11. 선고 2020다273939 판결],https://www.law.go.kr/LSW/precInfoP.do?mode=0&precSeq=223411
219429,퇴직금청구의소,[대법원 2021. 8. 12. 선고 2021다222914 판결],https://www.law.go.kr/LSW/precInfoP.do?mode=0&precSeq=219429
197614,퇴직연금,[대법원 2018. 5. 30. 선고 2015다51968 판결],https://www.law.go.kr/LSW/precInfoP.do?mode=0&precSeq=197614
239241,퇴직연금,[대법원 2024. 1. 4. 선고 2022다285097 판결],https://www.law.go.kr/LSW/precInfoP.do?mode=0&precSeq=239241
184418,퇴직연금반환등청구,[대법원 2016. 12. 1. 선고 2015다244333 판결],https://www.law.go.kr/LSW/precInfoP.do?mode=0&precSeq=184418
64902,퇴직위로금,[대법원 2008. 7. 10. 선고 2006다12527 판결],https://www.law.go.kr/LSW/precInfoP.do?mode=0&precSeq=64902
141763,특수건강진단기관지정취소,[대법원 2009. 7. 9. 선고 2007두15391 판결],https://www.law.go.kr/LSW/precInfoP.do?mode=0&precSeq=141763
81490,특수공무집행방해·폭력행위등처벌에관한법률위반·업무방해·집회및시위에관한법률위반,[대법원 2002. 2. 26. 선고 99도5380 판결],https://www.law.go.kr/LSW/precInfoP.do?mode=0&precSeq=81490
82383,특정경제범죄가중처벌등에관한법률위반(배임)(피고인1·2·3·4에대하여일부인정된죄명:업무상배임)·사기·상호신용금고법위반·상호저축은행법위반·무고·선원법위반,[대법원 2003. 2. 11. 선고 2002도5679 판결],https://www.law.go.kr/LSW/precInfoP.do?mode=0&precSeq=82383
77638,특정경제범죄가중처벌등에관한법률위반(사기)·사기·근로기준법위반·유사수신행위의규제에관한법률위반·배상명령신청,[서울중앙지방법원 2005. 11. 18. 선고 2005고합343 판결],https://www.law.go.kr/LSW/precInfoP.do?mode=0&precSeq=77638
77630,특정경제범죄가중처벌등에관한법률위반(사기)·사기·유사수신행위의규제에관한법률위반·근로기준법위반,[서울고등법원 2006. 2. 8. 선고 2005노177 판결],https://www.law.go.kr/LSW/precInfoP.do?mode=0&precSeq=77630
208878,특정경제범죄가중처벌등에관한법률위반(사기)·사기·증거인멸교사·입찰방해·증거은닉교사,[대법원 2018. 10. 12. 선고 2018도10212 판결],https://www.law.go.kr/LSW/precInfoP.do?mode=0&precSeq=208878
82177,특정경제범죄가중처벌등에관한법률위반(횡령)·근로기준법위반,[대법원 2002. 11. 22. 선고 2001도3889 판결],https://www.law.go.kr/LSW/precInfoP.do?mode=0&precSeq=82177
178731,특정경제범죄가중처벌등에관한법률위반(횡령)·주식회사의외부감사에관한법률위반·증권거래법위반·공문서위조·위조공문서행사·자본시장과금융투자업에관한법률위반·근로기준법위반·공문서변조·변조공문서행사·특정범죄가중처벌등에관한법률위반(허위세금계산서교부등)·업무방해,[대법원 2015. 1. 15. 선고 2014도9691 판결],https://www.law.go.kr/LSW/precInfoP.do?mode=0&precSeq=178731
152378,특정경제범죄가중처벌에관한법률위반(횡령)·부정수표단속법위반·근로기준법위반,,https://www.law.go.kr/LSW/precInfoP.do?mode=0&precSeq=152378
182079,파견근로자보호등에관한법률위반·근로기준법위반,[대법원 2016. 1. 28. 선고 2015도11659 판결],https://www.law.go.kr/LSW/precInfoP.do?mode=0&precSeq=182079
64710,파면처분등취소,[대법원 2008. 10. 9. 선고 2006두13626 판결],https://www.law.go.kr/LSW/precInfoP.do?mode=0&precSeq=64710
194378,파산채권확정,[대법원 2002. 11. 26. 선고 2001다36504 판결],https://www.law.go.kr/LSW/precInfoP.do?mode=0&precSeq=194378
160613,평균 임금 정정 및 보험 급여 차액 부지급 처분 취소,,https://www.law.go.kr/LSW/precInfoP.do?mode=0&precSeq=160613
405748,평균 임금 정정 불승인 및 보험급여 차액 부지급 처분 취소,[서울고등법원 2018누41428],https://www.law.go.kr/LSW/precInfoP.do?mode=0&precSeq=405748
159942,평균 임금 정정 불승인 및 보험급여 차액 부지급 처분취소,[대법원 2011. 12. 8. 선고 2010두10655 판결],https://www.law.go.kr/LSW/precInfoP.do?mode=0&precSeq=159942
160371,평균 임금 정정 불승인및 보험 급여 차액 부지급 처분 취소,[서울고등법원 2010. 5. 4. 선고 2009누26076 판결],https://www.law.go.kr/LSW/precInfoP.do?mode=0&precSeq=160371
160377,평균 임금 정정 불승인및 보험 급여 차액 부지급 처분 취소,,https://www.law.go.kr/LSW/precInfoP.do?mode=0&precSeq=160377
160298,평균 임금 정정 신청 불승인 취소,[대법원 2011. 6. 10. 선고 2010두19461 판결],https://www.law.go.kr/LSW/precInfoP.do?mode=0&precSeq=160298
160213,평균 임금 정정및 보험급여 차액부 지급 처분 취소,,https://www.law.go.kr/LSW/precInfoP.do?mode=0&precSeq=160213
389790,평균임금 정정 및 보험급여 차액 부지급 처분 취소,"본 컨텐츠는
 근로복지공단 산재판례 에서 수집한 데이터로, 관련 문의는 해당 기관으로 부탁드립니다.",https://www.law.go.kr/LSW/precInfoP.do?mode=0&precSeq=389790
407586,평균임금 정정 및 보험급여 차액청구부지급,"본 컨텐츠는
 근로복지공단 산재판례 에서 수집한 데이터로, 관련 문의는 해당 기관으로 부탁드립니다.",https://www.law.go.kr/LSW/precInfoP.do?mode=0&precSeq=407586
402848,평균임금 정정 불승인 및 보험급여 차액 부지급 처분 취소,[서울고등법원 2017누89331],https://www.law.go.kr/LSW/precInfoP.do?mode=0&precSeq=402848
401392,평균임금 정정 불승인 및 보험급여 차액 부지급 처분 취소,[춘천지방법원 2017구합50001],https://www.law.go.kr/LSW/precInfoP.do?mode=0&precSeq=401392
411944,평균임금 정정 불승인 및 보험급여 차액 부지급처분 취소 청구의 소,"본 컨텐츠는
 근로복지공단 산재판례 에서 수집한 데이터로, 관련 문의는 해당 기관으로 부탁드립니다.",https://www.law.go.kr/LSW/precInfoP.do?mode=0&precSeq=411944
401630,평균임금 정정 불승인 및 보험급여 차액 청구 부지급 처분 취소,[울산지방법원 2017구합6383],https://www.law.go.kr/LSW/precInfoP.do?mode=0&precSeq=401630
167112,평균임금 정정 불승인 처분 취소,,https://www.law.go.kr/LSW/precInfoP.do?mode=0&precSeq=167112
417142,평균임금 정정신청 및 보험급여 차액청구 불승인 처분취소,[서울행정법원 2023구단62666],https://www.law.go.kr/LSW/precInfoP.do?mode=0&precSeq=417142
405368,평균임금 정정신청 및 보험급여차액청구 불승인처분 취소 청구의 소,[서울행정법원 2018구합89411],https://www.law.go.kr/LSW/precInfoP.do?mode=0&precSeq=405368
410412,평균임금결정처분 심사청구 기각결정 취소,[서울행정법원 2020구단61433],https://www.law.go.kr/LSW/precInfoP.do?mode=0&precSeq=410412
414580,평균임금결정처분 취소청구,[서울고등법원 2021누40364],https://www.law.go.kr/LSW/precInfoP.do?mode=0&precSeq=414580
410512,평균임금결정처분 취소청구,"본 컨텐츠는
 근로복지공단 산재판례 에서 수집한 데이터로, 관련 문의는 해당 기관으로 부탁드립니다.",https://www.law.go.kr/LSW/precInfoP.do?mode=0&precSeq=410512
85056,평균임금결정처분등취소,[대법원 2007. 4. 26. 선고 2005두2810 판결],https://www.law.go.kr/LSW/precInfoP.do?mode=0&precSeq=85056
194513,평균임금결정처분취소,[대법원 2003. 6. 27. 선고 2003두2151 판결],https://www.law.go.kr/LSW/precInfoP.do?mode=0&precSeq=194513
144504,평균임금결정처분취소,,https://www.law.go.kr/LSW/precInfoP.do?mode=0&precSeq=144504
196655,평균임금결정처분취소,,https://www.law.go.kr/LSW/precInfoP.do?mode=0&precSeq=196655
195003,평균임금결정처분취소,[대법원 1998. 10. 23. 선고 97누19755 판결],https://www.law.go.kr/LSW/precInfoP.do?mode=0&precSeq=195003
361618,평균임금결정처분취소,[부산지방법원 2006구단4732],https://www.law.go.kr/LSW/precInfoP.do?mode=0&precSeq=361618
366026,평균임금결정처분취소,[서울고등법원 2008누30702],https://www.law.go.kr/LSW/precInfoP.do?mode=0&precSeq=366026
121018,평균임금결정처분취소,,https://www.law.go.kr/LSW/precInfoP.do?mode=0&precSeq=121018
364034,평균임금결정처분취소,"본 컨텐츠는
 근로복지공단 산재판례 에서 수집한 데이터로, 관련 문의는 해당 기관으로 부탁드립니다.",https://www.law.go.kr/LSW/precInfoP.do?mode=0&precSeq=364034
372438,평균임금결정처분취소,[서울행정법원 2010구단26974],https://www.law.go.kr/LSW/precInfoP.do?mode=0&precSeq=372438
376490,평균임금결정처분취소,[서울행정법원 2011구단20249],https://www.law.go.kr/LSW/precInfoP.do?mode=0&precSeq=376490
380438,평균임금결정처분취소,[서울행정법원 2012구단12900],https://www.law.go.kr/LSW/precInfoP.do?mode=0&precSeq=380438
380608,평균임금결정처분취소,"본 컨텐츠는
 근로복지공단 산재판례 에서 수집한 데이터로, 관련 문의는 해당 기관으로 부탁드립니다.",https://www.law.go.kr/LSW/precInfoP.do?mode=0&precSeq=380608
362790,평균임금결정처분취소,[울산지방법원 2007구합3026],https://www.law.go.kr/LSW/precInfoP.do?mode=0&precSeq=362790
393498,평균임금결정처분취소청구의 소,[서울행정법원 2015구단60030],https://www.law.go.kr/LSW/precInfoP.do?mode=0&precSeq=393498
392368,평균임금결정처분취소청구의소,[대전지방법원 2015구단100503],https://www.law.go.kr/LSW/precInfoP.do?mode=0&precSeq=392368
120307,평균임금등에관한처분취소,,https://www.law.go.kr/LSW/precInfoP.do?mode=0&precSeq=120307
197359,평균임금산정처분취소,,https://www.law.go.kr/LSW/precInfoP.do?mode=0&precSeq=197359
70207,평균임금산정처분취소,,https://www.law.go.kr/LSW/precInfoP.do?mode=0&precSeq=70207
363714,평균임금산정처분취소,[서울행정법원 2008구단17588],https://www.law.go.kr/LSW/precInfoP.do?mode=0&precSeq=363714
371914,평균임금산정특례신청불승인처분취소,[서울행정법원 2010구단17208],https://www.law.go.kr/LSW/precInfoP.do?mode=0&precSeq=371914
413006,평균임금정정 및 보험급여(휴업)차액신청 불승인처분 취소,[창원지방법원 2021구단587],https://www.law.go.kr/LSW/precInfoP.do?mode=0&precSeq=413006
390682,평균임금정정 및 보험급여차액 부지급 처분취소,[부산고등법원 2014누22755],https://www.law.go.kr/LSW/precInfoP.do?mode=0&precSeq=390682
384524,평균임금정정 불승인처분취소등,[서울행정법원 2013구단13382],https://www.law.go.kr/LSW/precInfoP.do?mode=0&precSeq=384524
234597,평균임금정정(유족급여및장의비)및보험금차액부지급처분취소,[대법원 2023. 4. 13. 선고 2022두64518 판결],https://www.law.go.kr/LSW/precInfoP.do?mode=0&precSeq=234597
128317,평균임금정정및구직급여차액분부지급처분취소,[광주고등법원 2005. 12. 22. 선고 2004누1062 판결],https://www.law.go.kr/LSW/precInfoP.do?mode=0&precSeq=128317
125316,평균임금정정및구직급여차액분부지급처분취소,[대법원 2009. 1. 30. 선고 2006두2121 판결],https://www.law.go.kr/LSW/precInfoP.do?mode=0&precSeq=125316
372204,평균임금정정및보험급여차액반려처분취소,[서울행정법원 2010구단22408],https://www.law.go.kr/LSW/precInfoP.do?mode=0&precSeq=372204
379990,평균임금정정및보험급여차액부지급처분취소,[대법원 2011두26657],https://www.law.go.kr/LSW/precInfoP.do?mode=0&precSeq=379990
374330,평균임금정정및보험급여차액부지급처분취소,[서울고등법원 2010누17412],https://www.law.go.kr/LSW/precInfoP.do?mode=0&precSeq=374330
374356,평균임금정정및보험급여차액부지급처분취소,[서울고등법원 2010누18187],https://www.law.go.kr/LSW/precInfoP.do?mode=0&precSeq=374356
378242,평균임금정정및보험급여차액부지급처분취소,[서울고등법원 2011누11558],https://www.law.go.kr/LSW/precInfoP.do?mode=0&precSeq=378242
379442,평균임금정정및보험급여차액부지급처분취소,[서울고등법원 2011누6075],https://www.law.go.kr/LSW/precInfoP.do?mode=0&precSeq=379442
383488,평균임금정정및보험급여차액부지급처분취소,"본 컨텐츠는
 근로복지공단 산재판례 에서 수집한 데이터로, 관련 문의는 해당 기관으로 부탁드립니다.",https://www.law.go.kr/LSW/precInfoP.do?mode=0&precSeq=383488
367350,평균임금정정및보험급여차액부지급처분취소,[서울행정법원 2009구단17905],https://www.law.go.kr/LSW/precInfoP.do?mode=0&precSeq=367350
371644,평균임금정정및보험급여차액부지급처분취소,[서울행정법원 2010구단12579],https://www.law.go.kr/LSW/precInfoP.do?mode=0&precSeq=371644
372608,평균임금정정및보험급여차액부지급처분취소,"본 컨텐츠는
 근로복지공단 산재판례 에서 수집한 데이터로, 관련 문의는 해당 기관으로 부탁드립니다.",https://www.law.go.kr/LSW/precInfoP.do?mode=0&precSeq=372608
397224,평균임금정정및보험급여차액부지급처분취소,[서울행정법원 2016구단56465],https://www.law.go.kr/LSW/precInfoP.do?mode=0&precSeq=397224
414170,평균임금정정및보험급여차액부지급처분취소,"본 컨텐츠는
 근로복지공단 산재판례 에서 수집한 데이터로, 관련 문의는 해당 기관으로 부탁드립니다.",https://www.law.go.kr/LSW/precInfoP.do?mode=0&precSeq=414170
414186,평균임금정정및보험급여차액부지급처분취소청구의소,"본 컨텐츠는
 근로복지공단 산재판례 에서 수집한 데이터로, 관련 문의는 해당 기관으로 부탁드립니다.",https://www.law.go.kr/LSW/precInfoP.do?mode=0&precSeq=414186
397242,평균임금정정및보험급여차액지급거부처분취소,[서울행정법원 2016구단56922],https://www.law.go.kr/LSW/precInfoP.do?mode=0&precSeq=397242
412060,평균임금정정및보험급여차액지급처분취소,[서울고등법원 2020누64387],https://www.law.go.kr/LSW/precInfoP.do?mode=0&precSeq=412060
410304,평균임금정정및보험급여차액지급처분취소,"본 컨텐츠는
 근로복지공단 산재판례 에서 수집한 데이터로, 관련 문의는 해당 기관으로 부탁드립니다.",https://www.law.go.kr/LSW/precInfoP.do?mode=0&precSeq=410304
386208,평균임금정정및보험급여차액청구불승인처분,[서울행정법원 2013구합54854],https://www.law.go.kr/LSW/precInfoP.do?mode=0&precSeq=386208
415734,평균임금정정및장해급여차액일부부지급처분취소,[서울행정법원 2022구단60786],https://www.law.go.kr/LSW/precInfoP.do?mode=0&precSeq=415734
367048,평균임금정정및증감신청반려처분취소청구의소,[서울행정법원 2009구단14388],https://www.law.go.kr/LSW/precInfoP.do?mode=0&precSeq=367048
374740,평균임금정정및휴업급여차액부지급처분취소,[서울고등법원 2010누30453],https://www.law.go.kr/LSW/precInfoP.do?mode=0&precSeq=374740
372680,평균임금정정및휴업급여차액부지급처분취소,[서울행정법원 2010구단4042],https://www.law.go.kr/LSW/precInfoP.do?mode=0&precSeq=372680
417062,평균임금정정불승인 및 보험급여차액 부지급처분,[서울행정법원 2023구단51475],https://www.law.go.kr/LSW/precInfoP.do?mode=0&precSeq=417062
415996,평균임금정정불승인 및 보험급여차액부지급처분,[서울행정법원 2022구단72321],https://www.law.go.kr/LSW/precInfoP.do?mode=0&precSeq=415996
415004,평균임금정정불승인 및 보험급여차액부지급처분취소 청구의 소,[대법원 2021두35438],https://www.law.go.kr/LSW/precInfoP.do?mode=0&precSeq=415004
363600,평균임금정정불승인결정처분등취소,[서울행정법원 2008구단15933],https://www.law.go.kr/LSW/precInfoP.do?mode=0&precSeq=363600
416574,평균임금정정불승인등처분취소,[서울고등법원 2022누46635],https://www.law.go.kr/LSW/precInfoP.do?mode=0&precSeq=416574
416676,평균임금정정불승인등처분취소,"본 컨텐츠는
 근로복지공단 산재판례 에서 수집한 데이터로, 관련 문의는 해당 기관으로 부탁드립니다.",https://www.law.go.kr/LSW/precInfoP.do?mode=0&precSeq=416676
175131,평균임금정정불승인등처분취소,[서울행법 2014. 6. 13. 선고 2013구단56204 판결 : 항소],https://www.law.go.kr/LSW/precInfoP.do?mode=0&precSeq=175131
603387,평균임금정정불승인등처분취소,[서울행법 2024. 8. 21. 선고 2023구단73161 판결 : 확정 ],https://www.law.go.kr/LSW/precInfoP.do?mode=0&precSeq=603387
385214,평균임금정정불승인등처분취소,[서울행정법원 2013구단51360],https://www.law.go.kr/LSW/precInfoP.do?mode=0&precSeq=385214
403998,평균임금정정불승인등처분취소,[서울행정법원 2018구단53927],https://www.law.go.kr/LSW/precInfoP.do?mode=0&precSeq=403998
404394,평균임금정정불승인등처분취소,[서울행정법원 2018구단69625],https://www.law.go.kr/LSW/precInfoP.do?mode=0&precSeq=404394
410268,평균임금정정불승인등처분취소,"본 컨텐츠는
 근로복지공단 산재판례 에서 수집한 데이터로, 관련 문의는 해당 기관으로 부탁드립니다.",https://www.law.go.kr/LSW/precInfoP.do?mode=0&precSeq=410268
412892,평균임금정정불승인등처분취소,[서울행정법원 2021구단55541],https://www.law.go.kr/LSW/precInfoP.do?mode=0&precSeq=412892
412926,평균임금정정불승인등처분취소,"본 컨텐츠는
 근로복지공단 산재판례 에서 수집한 데이터로, 관련 문의는 해당 기관으로 부탁드립니다.",https://www.law.go.kr/LSW/precInfoP.do?mode=0&precSeq=412926
412988,평균임금정정불승인등처분취소,[서울행정법원 2021구단58144],https://www.law.go.kr/LSW/precInfoP.do?mode=0&precSeq=412988
412992,평균임금정정불승인등처분취소,[서울행정법원 2021구단58243],https://www.law.go.kr/LSW/precInfoP.do?mode=0&precSeq=412992
415566,평균임금정정불승인등처분취소,"본 컨텐츠는
 근로복지공단 산재판례 에서 수집한 데이터로, 관련 문의는 해당 기관으로 부탁드립니다.",https://www.law.go.kr/LSW/precInfoP.do?mode=0&precSeq=415566
417048,평균임금정정불승인등처분취소,[서울행정법원 2023구단50410],https://www.law.go.kr/LSW/precInfoP.do?mode=0&precSeq=417048
388770,평균임금정정불승인등처분취소,[인천지방법원 2014구단1656],https://www.law.go.kr/LSW/precInfoP.do?mode=0&precSeq=388770
383940,평균임금정정불승인및보험급여차액부지급처분취소,[대법원 2012두22720],https://www.law.go.kr/LSW/precInfoP.do?mode=0&precSeq=383940
383958,평균임금정정불승인및보험급여차액부지급처분취소,"본 컨텐츠는
 근로복지공단 산재판례 에서 수집한 데이터로, 관련 문의는 해당 기관으로 부탁드립니다.",https://www.law.go.kr/LSW/precInfoP.do?mode=0&precSeq=383958
384052,평균임금정정불승인및보험급여차액부지급처분취소,[대법원 2012두27602],https://www.law.go.kr/LSW/precInfoP.do?mode=0&precSeq=384052
203765,평균임금정정불승인및보험급여차액부지급처분취소,,https://www.law.go.kr/LSW/precInfoP.do?mode=0&precSeq=203765
210561,평균임금정정불승인및보험급여차액부지급처분취소,[대법원 2019. 11. 14. 선고 2016두54640 판결],https://www.law.go.kr/LSW/precInfoP.do?mode=0&precSeq=210561
406466,평균임금정정불승인및보험급여차액부지급처분취소,[대법원 2018두60380],https://www.law.go.kr/LSW/precInfoP.do?mode=0&precSeq=406466
606853,평균임금정정불승인및보험급여차액부지급처분취소,[대법원 2025. 4. 24. 선고 2024두36401 판결],https://www.law.go.kr/LSW/precInfoP.do?mode=0&precSeq=606853
375092,평균임금정정불승인및보험급여차액부지급처분취소,[서울고등법원 2010누44063],https://www.law.go.kr/LSW/precInfoP.do?mode=0&precSeq=375092
382542,평균임금정정불승인및보험급여차액부지급처분취소,[서울고등법원 2012누13803],https://www.law.go.kr/LSW/precInfoP.do?mode=0&precSeq=382542
394940,평균임금정정불승인및보험급여차액부지급처분취소,"본 컨텐츠는
 근로복지공단 산재판례 에서 수집한 데이터로, 관련 문의는 해당 기관으로 부탁드립니다.",https://www.law.go.kr/LSW/precInfoP.do?mode=0&precSeq=394940
395466,평균임금정정불승인및보험급여차액부지급처분취소,[서울고등법원 2015누549],https://www.law.go.kr/LSW/precInfoP.do?mode=0&precSeq=395466
366860,평균임금정정불승인및보험급여차액부지급처분취소,[서울행정법원 2009구단12290],https://www.law.go.kr/LSW/precInfoP.do?mode=0&precSeq=366860
371596,평균임금정정불승인및보험급여차액부지급처분취소,[서울행정법원 2010구단1166],https://www.law.go.kr/LSW/precInfoP.do?mode=0&precSeq=371596
376068,평균임금정정불승인및보험급여차액부지급처분취소,[서울행정법원 2011구단1026],https://www.law.go.kr/LSW/precInfoP.do?mode=0&precSeq=376068
377026,평균임금정정불승인및보험급여차액부지급처분취소,"본 컨텐츠는
 근로복지공단 산재판례 에서 수집한 데이터로, 관련 문의는 해당 기관으로 부탁드립니다.",https://www.law.go.kr/LSW/precInfoP.do?mode=0&precSeq=377026
377124,평균임금정정불승인및보험급여차액부지급처분취소,"본 컨텐츠는
 근로복지공단 산재판례 에서 수집한 데이터로, 관련 문의는 해당 기관으로 부탁드립니다.",https://www.law.go.kr/LSW/precInfoP.do?mode=0&precSeq=377124
377184,평균임금정정불승인및보험급여차액부지급처분취소,"본 컨텐츠는
 근로복지공단 산재판례 에서 수집한 데이터로, 관련 문의는 해당 기관으로 부탁드립니다.",https://www.law.go.kr/LSW/precInfoP.do?mode=0&precSeq=377184
397068,평균임금정정불승인및보험급여차액부지급처분취소,[서울행정법원 2016구단52333],https://www.law.go.kr/LSW/precInfoP.do?mode=0&precSeq=397068
397286,평균임금정정불승인및보험급여차액부지급처분취소,[서울행정법원 2016구단58379],https://www.law.go.kr/LSW/precInfoP.do?mode=0&precSeq=397286
401200,평균임금정정불승인및보험급여차액부지급처분취소,[서울행정법원 2017구단79168],https://www.law.go.kr/LSW/precInfoP.do?mode=0&precSeq=401200
404672,평균임금정정불승인및보험급여차액부지급처분취소,[서울행정법원 2018구단76654],https://www.law.go.kr/LSW/precInfoP.do?mode=0&precSeq=404672
412508,평균임금정정불승인및보험급여차액부지급처분취소,[서울행정법원 2021구단12384],https://www.law.go.kr/LSW/precInfoP.do?mode=0&precSeq=412508
413168,평균임금정정불승인및보험급여차액부지급처분취소,[서울행정법원 2021구단63610],https://www.law.go.kr/LSW/precInfoP.do?mode=0&precSeq=413168
413576,평균임금정정불승인및보험급여차액부지급처분취소,"본 컨텐츠는
 근로복지공단 산재판례 에서 수집한 데이터로, 관련 문의는 해당 기관으로 부탁드립니다.",https://www.law.go.kr/LSW/precInfoP.do?mode=0&precSeq=413576
235023,평균임금정정불승인및보험급여차액부지급처분취소[여러 사업장에서 근무하다 퇴직한 후 진폐 진단을 받은 경우 산업재해보상보험법상 보험급여의 산정기준이 되는 평균임금을 계산하는 방법이 문제된 사건],[대법원 2023. 6. 1. 선고 2018두60380 판결],https://www.law.go.kr/LSW/precInfoP.do?mode=0&precSeq=235023
235945,평균임금정정불승인및보험급여차액부지급처분취소청구의소[최초 진폐 진단을 받은 후 진폐 및 활동성 폐결핵 진단을 받고 재요양을 받던 중 사망한 근로자에 대한 유족급여 산정이 문제된 사건],,https://www.law.go.kr/LSW/precInfoP.do?mode=0&precSeq=235945
417260,평균임금정정불승인및보헙급여차액부지급처분취소,[서울고등법원 2023누39177],https://www.law.go.kr/LSW/precInfoP.do?mode=0&precSeq=417260
415768,평균임금정정불승인및보헙급여차액부지급처분취소,[서울행정법원 2022구단62003],https://www.law.go.kr/LSW/precInfoP.do?mode=0&precSeq=415768
364970,평균임금정정불승인및유족보상장의비차액분부지급처분취소,[서울행정법원 2008구합32447],https://www.law.go.kr/LSW/precInfoP.do?mode=0&precSeq=364970
408820,평균임금정정불승인처분 취소 등 청구의 소,[부산고등법원 2019누21542],https://www.law.go.kr/LSW/precInfoP.do?mode=0&precSeq=408820
405174,평균임금정정불승인처분 취소 등 청구의 소,"본 컨텐츠는
 근로복지공단 산재판례 에서 수집한 데이터로, 관련 문의는 해당 기관으로 부탁드립니다.",https://www.law.go.kr/LSW/precInfoP.do?mode=0&precSeq=405174
194780,평균임금정정불승인처분취소,,https://www.law.go.kr/LSW/precInfoP.do?mode=0&precSeq=194780
175433,평균임금정정불승인처분취소,[대법원 2014. 9. 4. 선고 2013두1232 판결],https://www.law.go.kr/LSW/precInfoP.do?mode=0&precSeq=175433
406564,평균임금정정불승인처분취소,[대전지방법원 2019구단100150],https://www.law.go.kr/LSW/precInfoP.do?mode=0&precSeq=406564
374798,평균임금정정불승인처분취소,[서울고등법원 2010누3222],https://www.law.go.kr/LSW/precInfoP.do?mode=0&precSeq=374798
363672,평균임금정정불승인처분취소,[서울행정법원 2008구단16974],https://www.law.go.kr/LSW/precInfoP.do?mode=0&precSeq=363672
366822,평균임금정정불승인처분취소,[서울행정법원 2009구단11815],https://www.law.go.kr/LSW/precInfoP.do?mode=0&precSeq=366822
367840,평균임금정정불승인처분취소,[서울행정법원 2009구단4787],https://www.law.go.kr/LSW/precInfoP.do?mode=0&precSeq=367840
372172,평균임금정정불승인처분취소,"본 컨텐츠는
 근로복지공단 산재판례 에서 수집한 데이터로, 관련 문의는 해당 기관으로 부탁드립니다.",https://www.law.go.kr/LSW/precInfoP.do?mode=0&precSeq=372172
380430,평균임금정정불승인처분취소,[서울행정법원 2012구단12818],https://www.law.go.kr/LSW/precInfoP.do?mode=0&precSeq=380430
393414,평균임금정정불승인처분취소,[서울행정법원 2015구단58624],https://www.law.go.kr/LSW/precInfoP.do?mode=0&precSeq=393414
396930,평균임금정정불승인처분취소,[서울행정법원 2016구단4266],https://www.law.go.kr/LSW/precInfoP.do?mode=0&precSeq=396930
389744,평균임금정정불승인처분취소,"본 컨텐츠는
 근로복지공단 산재판례 에서 수집한 데이터로, 관련 문의는 해당 기관으로 부탁드립니다.",https://www.law.go.kr/LSW/precInfoP.do?mode=0&precSeq=389744
192876,평균임금정정불승인처분취소,[울산지법 2002. 2. 6. 선고 2001구3139 판결 : 확정],https://www.law.go.kr/LSW/precInfoP.do?mode=0&precSeq=192876
381458,평균임금정정불승인처분취소,"본 컨텐츠는
 근로복지공단 산재판례 에서 수집한 데이터로, 관련 문의는 해당 기관으로 부탁드립니다.",https://www.law.go.kr/LSW/precInfoP.do?mode=0&precSeq=381458
605985,평균임금정정불승인처분취소[최초 진폐 진단을 받은 후 진폐 및 고도의 심폐기능장해 진단을 받고 재요양을 받던 중 사망한 근로자에 대한 유족급여 산정이 문제된 사건],[대법원 2025. 4. 24. 선고 2023두63413 판결],https://www.law.go.kr/LSW/precInfoP.do?mode=0&precSeq=605985
392734,평균임금정정불승인처분취소등,[서울행정법원 2015구단18725],https://www.law.go.kr/LSW/precInfoP.do?mode=0&precSeq=392734
394714,평균임금정정신청 등 불승인처분취소,[대전고등법원 2015누13350],https://www.law.go.kr/LSW/precInfoP.do?mode=0&precSeq=394714
393796,평균임금정정신청 및 보험급여 차액청구,"본 컨텐츠는
 근로복지공단 산재판례 에서 수집한 데이터로, 관련 문의는 해당 기관으로 부탁드립니다.",https://www.law.go.kr/LSW/precInfoP.do?mode=0&precSeq=393796
120891,평균임금정정신청거부처분취소,[서울행법 1999. 6. 8. 선고 99구2610 판결 ： 항소기각·확정],https://www.law.go.kr/LSW/precInfoP.do?mode=0&precSeq=120891
120891,평균임금정정신청거부처분취소,,https://www.law.go.kr/LSW/precInfoP.do?mode=0&precSeq=120891
373080,평균임금정정신청및보험급여차액부지급처분취소,"본 컨텐츠는
 근로복지공단 산재판례 에서 수집한 데이터로, 관련 문의는 해당 기관으로 부탁드립니다.",https://www.law.go.kr/LSW/precInfoP.do?mode=0&precSeq=373080
379486,평균임금정정신청및보험급여차액청구불승인처분취소청구,[대전고등법원 2011누660],https://www.law.go.kr/LSW/precInfoP.do?mode=0&precSeq=379486
368182,평균임금정정신청및보험급여차액청구서부지급처분취소,[서울행정법원 2009구단9256],https://www.law.go.kr/LSW/precInfoP.do?mode=0&precSeq=368182
379156,평균임금정정신청및보험급여청구서부지급처분취소,[서울고등법원 2011누38591],https://www.law.go.kr/LSW/precInfoP.do?mode=0&precSeq=379156
371540,평균임금정정신청및보험급여청구서부지급처분취소,[서울행정법원 2010구단1043],https://www.law.go.kr/LSW/precInfoP.do?mode=0&precSeq=371540
380094,평균임금정정신청및휴업급여청구서부지급처분취소,[대법원 2011두31161],https://www.law.go.kr/LSW/precInfoP.do?mode=0&precSeq=380094
379458,평균임금정정신청및휴업급여청구서부지급처분취소,"본 컨텐츠는
 근로복지공단 산재판례 에서 수집한 데이터로, 관련 문의는 해당 기관으로 부탁드립니다.",https://www.law.go.kr/LSW/precInfoP.do?mode=0&precSeq=379458
368226,평균임금정정신청및휴업급여청구서부지급처분취소,[서울행정법원 2009구단9775],https://www.law.go.kr/LSW/precInfoP.do?mode=0&precSeq=368226
372642,평균임금정정신청및휴업급여청구서부지급처분취소,[서울행정법원 2010구단3629],https://www.law.go.kr/LSW/precInfoP.do?mode=0&precSeq=372642
372932,평균임금정정신청및휴업급여청구서부지급처분취소,[서울행정법원 2010구단7256],https://www.law.go.kr/LSW/precInfoP.do?mode=0&precSeq=372932
367564,평균임금정정신청반려처분취소등,[서울행정법원 2009구단2774],https://www.law.go.kr/LSW/precInfoP.do?mode=0&precSeq=367564
410648,평균임금정정신청불승인및보험급여차액청구부지급처분취소,"본 컨텐츠는
 근로복지공단 산재판례 에서 수집한 데이터로, 관련 문의는 해당 기관으로 부탁드립니다.",https://www.law.go.kr/LSW/precInfoP.do?mode=0&precSeq=410648
410180,평균임금정정신청불승인처분및보험급여차액,"본 컨텐츠는
 근로복지공단 산재판례 에서 수집한 데이터로, 관련 문의는 해당 기관으로 부탁드립니다.",https://www.law.go.kr/LSW/precInfoP.do?mode=0&precSeq=410180
229565,평균임금정정신청불승인처분취소,,https://www.law.go.kr/LSW/precInfoP.do?mode=0&precSeq=229565
372684,평균임금정정신청불승인처분취소,[부산지방법원 2010구단4067],https://www.law.go.kr/LSW/precInfoP.do?mode=0&precSeq=372684
368446,평균임금정정신청불승인처분취소,[서울행정법원 2009구합18622],https://www.law.go.kr/LSW/precInfoP.do?mode=0&precSeq=368446
372514,평균임금정정신청불승인처분취소,[서울행정법원 2010구단28598],https://www.law.go.kr/LSW/precInfoP.do?mode=0&precSeq=372514
404450,평균임금정정일부불승인및보험급여차액일부부지급처분취소,[서울행정법원 2018구단71055],https://www.law.go.kr/LSW/precInfoP.do?mode=0&precSeq=404450
374370,평균임금증가거부처분취소,[서울고등법원 2010누18583],https://www.law.go.kr/LSW/precInfoP.do?mode=0&precSeq=374370
215991,평균임금증가신청불승인처분취소,[대법원 2006. 9. 22. 선고 2004두2103 판결],https://www.law.go.kr/LSW/precInfoP.do?mode=0&precSeq=215991
77842,평균임금증가신청불승인처분취소,,https://www.law.go.kr/LSW/precInfoP.do?mode=0&precSeq=77842
400302,평균임금증감기준변경무효확인,"본 컨텐츠는
 근로복지공단 산재판례 에서 수집한 데이터로, 관련 문의는 해당 기관으로 부탁드립니다.",https://www.law.go.kr/LSW/precInfoP.do?mode=0&precSeq=400302
373004,평균임금증감부지급청구금,[서울행정법원 2010구단8297],https://www.law.go.kr/LSW/precInfoP.do?mode=0&precSeq=373004
398730,평균임금증감불승인처분취소,[광주고등법원 2016누3375],https://www.law.go.kr/LSW/precInfoP.do?mode=0&precSeq=398730
68228,평균임금증감불승인처분취소,,https://www.law.go.kr/LSW/precInfoP.do?mode=0&precSeq=68228
372672,평균임금증감불승인처분취소,[서울행정법원 2010구단3957],https://www.law.go.kr/LSW/precInfoP.do?mode=0&precSeq=372672
68162,평균임금증감신청서반려처분등취소,,https://www.law.go.kr/LSW/precInfoP.do?mode=0&precSeq=68162
371980,평균임금차액분결정처분취소청구,[대전지방법원 2010구단1847],https://www.law.go.kr/LSW/precInfoP.do?mode=0&precSeq=371980
193763,폐광대책비청구,[대법원 2005. 4. 29. 선고 2004두14090 판결],https://www.law.go.kr/LSW/precInfoP.do?mode=0&precSeq=193763
396434,폐질등급 결정 취소처분 취소 청구 등의 소,[대전지방법원 2016구단100531],https://www.law.go.kr/LSW/precInfoP.do?mode=0&precSeq=396434
374398,폐질등급취소처분등취소,[대전고등법원 2010누1949],https://www.law.go.kr/LSW/precInfoP.do?mode=0&precSeq=374398
363570,폐질등급취소처분등취소,"본 컨텐츠는
 근로복지공단 산재판례 에서 수집한 데이터로, 관련 문의는 해당 기관으로 부탁드립니다.",https://www.law.go.kr/LSW/precInfoP.do?mode=0&precSeq=363570
126272,폭력행위등처벌에관한법률위반,[대법원 2002. 9. 24. 선고 2002도2243 판결],https://www.law.go.kr/LSW/precInfoP.do?mode=0&precSeq=126272
226387,폭력행위등처벌에관한법률위반(공동상해)·집회및시위에관한법률위반,[대법원 2020. 6. 11. 선고 2016도3048 판결],https://www.law.go.kr/LSW/precInfoP.do?mode=0&precSeq=226387
167288,폭력행위등처벌에관한법률위반(공동주거침입),[대법원 2012. 5. 24. 선고 2010도9963 판결],https://www.law.go.kr/LSW/precInfoP.do?mode=0&precSeq=167288
143417,폭력행위등처벌에관한법률위반(공동주거침입),[서울남부지방법원 2009. 5. 15. 선고 2008노1784 판결],https://www.law.go.kr/LSW/precInfoP.do?mode=0&precSeq=143417
226477,폭력행위등처벌에관한법률위반(공동주거침입)[산업별 노동조합 간부가 소속 지회 사업장에 들어가 조합활동을 한 사건],[대법원 2020. 7. 29. 선고 2017도2478 판결],https://www.law.go.kr/LSW/precInfoP.do?mode=0&precSeq=226477
231805,폭력행위등처벌에관한법률위반(공동주거침입)·업무방해,[대법원 2022. 10. 27. 선고 2019도10516 판결],https://www.law.go.kr/LSW/precInfoP.do?mode=0&precSeq=231805
85457,폭력행위등처벌에관한법률위반(야간집단·흉기등감금)·폭력행위등처벌에관한법률위반(집단·흉기등주거침입)·업무방해·폭력행위등처벌에관한법률위반(집단·흉기등상해)·폭력행위등처벌에관한법률위반(집단·흉기등손괴)·노동조합및노동관계조정법위반,[대법원 2007. 12. 13. 선고 2005도7517 판결],https://www.law.go.kr/LSW/precInfoP.do?mode=0&precSeq=85457
78689,폭력행위등처벌에관한법률위반(야간집단·흉기등감금)·폭력행위등처벌에관한법률위반(집단·흉기등주거침입)·폭력행위등처벌에관한법률위반(집단·흉기등협박)·업무방해·폭력행위등처벌에관한법률위반(집단·흉기등상해)·폭력행위등처벌에관한법률위반(집단·흉기등손괴)·폭력행위등처벌에관한법률위반(야간·공동감금)·폭력행위등처벌에관한법률위반(야간·공동폭행)·명예훼손·노동조합및노동관계조정법위반,[광주지방법원 2005. 9. 14. 선고 2005노907 판결],https://www.law.go.kr/LSW/precInfoP.do?mode=0&precSeq=78689
83858,"폭력행위등처벌에관한법률위반(야간집단·흉기등감금)·폭력행위등처벌에관한법률위반(집단·흉기등주거침입)·폭력행위등처벌에관한법률위반(집단·흉기등협박)·업무방해·폭력행위등처벌에관한법률위반(집단·흉기등상해)·폭력행위등처벌에관한법률위반(집단·흉기등손괴)·폭력행위등처벌에관한법률위반(야간·공동감금)·폭력행위등처벌에관한법률위반(야간·공동폭행)·명예훼손·노동조합및노동관계조정법위반,",,https://www.law.go.kr/LSW/precInfoP.do?mode=0&precSeq=83858
67499,폭력행위등처벌에관한법률위반(야간집단·흉기등손괴)·특수공무집행방해치상·폭력행 위등처벌에관한법률위반(집단·흉기등손괴)·일반교통방해·특수 공무집행방해·업무방해·폭력행위등처벌에관한법률위반(야간· 공동손괴)·집회및시위에관한법률위반,[대법원 2005. 2. 25. 선고 2004도8530 판결],https://www.law.go.kr/LSW/precInfoP.do?mode=0&precSeq=67499
67617,폭력행위등처벌에관한법률위반(집단·흉기등상해)·폭력행위등처벌에관한법률위반(집단·흉기등손괴)·폭력행위등처벌에관한법률위반(집단·흉기등협박)·폭력행위등처벌에관한법률위반(집단·흉기등주거침입)·폭력행위등처벌에관한법률위반(집단·흉기등폭행)·업무방해·노동조합및노동관계조정법위반,[대법원 2005. 6. 24. 선고 2005도825 판결],https://www.law.go.kr/LSW/precInfoP.do?mode=0&precSeq=67617
121062,폭력행위등처벌에관한법률위반·특수공무집행방해·업무방해,[춘천지법 1999. 10. 7. 선고 98노1147 판결 : 상고],https://www.law.go.kr/LSW/precInfoP.do?mode=0&precSeq=121062
82925,폭력행위등처벌에관한법률위반·특수공무집행방해·업무방해·공문서위조·위조공문서행사,[대법원 2003. 11. 13. 선고 2003도687 판결],https://www.law.go.kr/LSW/precInfoP.do?mode=0&precSeq=82925
404930,피보험자격 직권취득 처분 취소,"본 컨텐츠는
 근로복지공단 산재판례 에서 수집한 데이터로, 관련 문의는 해당 기관으로 부탁드립니다.",https://www.law.go.kr/LSW/precInfoP.do?mode=0&precSeq=404930
408374,피보험자격 확인청구 불인정처분 취소청구의 소,[서울행정법원 2019구합65801],https://www.law.go.kr/LSW/precInfoP.do?mode=0&precSeq=408374
416058,피보험자격확인,"본 컨텐츠는
 근로복지공단 산재판례 에서 수집한 데이터로, 관련 문의는 해당 기관으로 부탁드립니다.",https://www.law.go.kr/LSW/precInfoP.do?mode=0&precSeq=416058
416142,피보험자자격 직권상실처분 취소청구,"본 컨텐츠는
 근로복지공단 산재판례 에서 수집한 데이터로, 관련 문의는 해당 기관으로 부탁드립니다.",https://www.law.go.kr/LSW/precInfoP.do?mode=0&precSeq=416142
415444,합병증 등 예방관리불승인처분취소청구,"본 컨텐츠는
 근로복지공단 산재판례 에서 수집한 데이터로, 관련 문의는 해당 기관으로 부탁드립니다.",https://www.law.go.kr/LSW/precInfoP.do?mode=0&precSeq=415444
388576,합병증 등 예방관리카드발급신청불승인처분,[대구지방법원 2014구단11347],https://www.law.go.kr/LSW/precInfoP.do?mode=0&precSeq=388576
397086,합병증등예방관리불승인처분취소,[인천지방법원 2016구단527],https://www.law.go.kr/LSW/precInfoP.do?mode=0&precSeq=397086
417176,합병증등예방관리불승인취소청구,[대구고등법원 2023누10663],https://www.law.go.kr/LSW/precInfoP.do?mode=0&precSeq=417176
145805,항소,[부산지법 2003. 9. 3. 선고 2002가합14061 판결],https://www.law.go.kr/LSW/precInfoP.do?mode=0&precSeq=145805
160248,해고 무효 확인등,[대법원 2012. 1. 27. 선고 2010다100919 판결],https://www.law.go.kr/LSW/precInfoP.do?mode=0&precSeq=160248
160654,해고 무효 확인등,,https://www.law.go.kr/LSW/precInfoP.do?mode=0&precSeq=160654
192380,해고등무효확인,[대법원 2011. 3. 24. 선고 2010다21962 판결],https://www.law.go.kr/LSW/precInfoP.do?mode=0&precSeq=192380
149538,해고등무효확인,[서울고등법원 2010. 2. 5. 선고 2007나49139 판결],https://www.law.go.kr/LSW/precInfoP.do?mode=0&precSeq=149538
194357,해고무효,[대법원 2003. 4. 11. 선고 2002다60528 판결],https://www.law.go.kr/LSW/precInfoP.do?mode=0&precSeq=194357
79050,해고무효,[대법원 1999. 11. 23. 선고 99다45246 판결],https://www.law.go.kr/LSW/precInfoP.do?mode=0&precSeq=79050
157275,해고무효 확인,,https://www.law.go.kr/LSW/precInfoP.do?mode=0&precSeq=157275
85521,해고무효등확인청구,[대법원 2008. 1. 31. 선고 2005두8269 판결],https://www.law.go.kr/LSW/precInfoP.do?mode=0&precSeq=85521
183579,해고무효확인,[광주고법 2015. 8. 27. 선고 2015누5558 판결 : 상고],https://www.law.go.kr/LSW/precInfoP.do?mode=0&precSeq=183579
176569,해고무효확인,[광주지법 2014. 11. 13. 선고 2014가합54221 판결 : 항소],https://www.law.go.kr/LSW/precInfoP.do?mode=0&precSeq=176569
218379,해고무효확인,[광주지법 2021. 10. 7. 선고 2020가합56617 판결 : 항소],https://www.law.go.kr/LSW/precInfoP.do?mode=0&precSeq=218379
78876,해고무효확인,[대구고등법원 2006. 12. 1. 선고 2006나2149 판결],https://www.law.go.kr/LSW/precInfoP.do?mode=0&precSeq=78876
69678,해고무효확인,[대구고법 2004. 2. 4. 선고 2003나5543 판결 : 상고],https://www.law.go.kr/LSW/precInfoP.do?mode=0&precSeq=69678
230737,해고무효확인,[대구고법 2021. 9. 15. 선고 2021나21372 판결 : 상고],https://www.law.go.kr/LSW/precInfoP.do?mode=0&precSeq=230737
601887,해고무효확인,[대구고법 2024. 3. 27. 선고 2023나13849 판결 : 확정],https://www.law.go.kr/LSW/precInfoP.do?mode=0&precSeq=601887
194778,해고무효확인,[대법원 2002. 10. 25. 선고 2000다23815 판결],https://www.law.go.kr/LSW/precInfoP.do?mode=0&precSeq=194778
191161,해고무효확인,"[대법원 2001. 1. 19. 선고 2000다51919, 51926 판결]",https://www.law.go.kr/LSW/precInfoP.do?mode=0&precSeq=191161
80634,해고무효확인,[대법원 2001. 6. 12. 선고 2001다13044 판결],https://www.law.go.kr/LSW/precInfoP.do?mode=0&precSeq=80634
126706,해고무효확인,[대법원 2002. 7. 9. 선고 2001다29452 판결],https://www.law.go.kr/LSW/precInfoP.do?mode=0&precSeq=126706
191826,해고무효확인,[대법원 2001. 12. 24. 선고 2001다54038 판결],https://www.law.go.kr/LSW/precInfoP.do?mode=0&precSeq=191826
209811,해고무효확인,[대법원 2003. 10. 10. 선고 2001다76229 판결],https://www.law.go.kr/LSW/precInfoP.do?mode=0&precSeq=209811
216137,해고무효확인,[대법원 2006. 2. 24. 선고 2002다62432 판결],https://www.law.go.kr/LSW/precInfoP.do?mode=0&precSeq=216137
84271,해고무효확인,[대법원 2006. 1. 26. 선고 2003다69393 판결],https://www.law.go.kr/LSW/precInfoP.do?mode=0&precSeq=84271
216029,해고무효확인,[대법원 2006. 9. 22. 선고 2005다30580 판결],https://www.law.go.kr/LSW/precInfoP.do?mode=0&precSeq=216029
67689,해고무효확인,[대법원 2005. 9. 9. 선고 2005다34407 판결],https://www.law.go.kr/LSW/precInfoP.do?mode=0&precSeq=67689
85603,해고무효확인,[대법원 2008. 3. 14. 선고 2007다1418 판결],https://www.law.go.kr/LSW/precInfoP.do?mode=0&precSeq=85603
148842,해고무효확인,[대법원 2011. 2. 24. 선고 2008다29123 판결],https://www.law.go.kr/LSW/precInfoP.do?mode=0&precSeq=148842
159437,해고무효확인,[대법원 2011. 11. 10. 선고 2009다63205 판결],https://www.law.go.kr/LSW/precInfoP.do?mode=0&precSeq=159437
157925,해고무효확인,[대법원 2011. 3. 24. 선고 2010다92148 판결],https://www.law.go.kr/LSW/precInfoP.do?mode=0&precSeq=157925
171987,해고무효확인,[대법원 2013. 6. 13. 선고 2011다60193 판결],https://www.law.go.kr/LSW/precInfoP.do?mode=0&precSeq=171987
177859,해고무효확인,[대법원 2014. 12. 24. 선고 2012다116864 판결],https://www.law.go.kr/LSW/precInfoP.do?mode=0&precSeq=177859
177707,해고무효확인,,https://www.law.go.kr/LSW/precInfoP.do?mode=0&precSeq=177707
187542,해고무효확인,[대법원 2014. 11. 27. 선고 2013다2672 판결],https://www.law.go.kr/LSW/precInfoP.do?mode=0&precSeq=187542
197928,해고무효확인,[대법원 2018. 6. 19. 선고 2013다85523 판결],https://www.law.go.kr/LSW/precInfoP.do?mode=0&precSeq=197928
210761,해고무효확인,[대법원 2016. 8. 18. 선고 2014다211053 판결],https://www.law.go.kr/LSW/precInfoP.do?mode=0&precSeq=210761
179716,해고무효확인,[대법원 2015. 8. 27. 선고 2015다211630 판결],https://www.law.go.kr/LSW/precInfoP.do?mode=0&precSeq=179716
210563,해고무효확인,[대법원 2019. 11. 14. 선고 2015두52531 판결],https://www.law.go.kr/LSW/precInfoP.do?mode=0&precSeq=210563
184386,해고무효확인,[대법원 2017. 2. 3. 선고 2016다255910 판결],https://www.law.go.kr/LSW/precInfoP.do?mode=0&precSeq=184386
225753,해고무효확인,[대법원 2019. 11. 28. 선고 2017다257869 판결],https://www.law.go.kr/LSW/precInfoP.do?mode=0&precSeq=225753
214209,해고무효확인,[대법원 2021. 2. 25. 선고 2018다253680 판결],https://www.law.go.kr/LSW/precInfoP.do?mode=0&precSeq=214209
212933,해고무효확인,[대법원 2020. 7. 23. 선고 2020다221396 판결],https://www.law.go.kr/LSW/precInfoP.do?mode=0&precSeq=212933
232983,해고무효확인,[대법원 2022. 4. 14. 선고 2020다238691 판결],https://www.law.go.kr/LSW/precInfoP.do?mode=0&precSeq=232983
219687,해고무효확인,[대법원 2022. 2. 10. 선고 2020다279951 판결],https://www.law.go.kr/LSW/precInfoP.do?mode=0&precSeq=219687
114679,해고무효확인,,https://www.law.go.kr/LSW/precInfoP.do?mode=0&precSeq=114679
115961,해고무효확인,[대법원 1997. 11. 11. 선고 96다23627 판결],https://www.law.go.kr/LSW/precInfoP.do?mode=0&precSeq=115961
115530,해고무효확인,,https://www.law.go.kr/LSW/precInfoP.do?mode=0&precSeq=115530
114921,해고무효확인,,https://www.law.go.kr/LSW/precInfoP.do?mode=0&precSeq=114921
116717,해고무효확인,[대법원 1998. 5. 22. 선고 98다2365 판결],https://www.law.go.kr/LSW/precInfoP.do?mode=0&precSeq=116717
239985,해고무효확인,[대전고법(청주) 2023. 11. 30. 선고 2023나51568 판결 : 상고],https://www.law.go.kr/LSW/precInfoP.do?mode=0&precSeq=239985
120995,해고무효확인,[부산지법 1999. 7. 7. 선고 98가합15852 판결 : 항소],https://www.law.go.kr/LSW/precInfoP.do?mode=0&precSeq=120995
77326,해고무효확인,[서울고등법원 2003. 11. 28. 선고 2003나35163 판결],https://www.law.go.kr/LSW/precInfoP.do?mode=0&precSeq=77326
69739,해고무효확인,[서울남부지법 2004. 4. 22. 선고 2003가합6980 판결 : 항소],https://www.law.go.kr/LSW/precInfoP.do?mode=0&precSeq=69739
159763,해고무효확인,[서울중앙지방법원 2008. 11. 21. 선고 2008가합37365 판결],https://www.law.go.kr/LSW/precInfoP.do?mode=0&precSeq=159763
129681,해고무효확인,,https://www.law.go.kr/LSW/precInfoP.do?mode=0&precSeq=129681
214511,해고무효확인,[수원지법 2020. 10. 29. 선고 2019가합20989 판결 : 확정],https://www.law.go.kr/LSW/precInfoP.do?mode=0&precSeq=214511
188004,해고무효확인[갱신기대권을 가지는 기간제 시립교향악단 단원들이 재위촉 거부의 무효를 주장하며 단원 지위 확인 등을 구한 사건],[대법원 2017. 10. 12. 선고 2015두44493 판결],https://www.law.go.kr/LSW/precInfoP.do?mode=0&precSeq=188004
214235,해고무효확인[근로자에 대한 계약종료통지서에 해고사유가 전혀 기재되어 있지 않았던 사건],,https://www.law.go.kr/LSW/precInfoP.do?mode=0&precSeq=214235
226657,해고무효확인[보조금 수령을 부관으로 하는 임금지급약정에 관한 사건],[대법원 2020. 12. 24. 선고 2019다293098 판결],https://www.law.go.kr/LSW/precInfoP.do?mode=0&precSeq=226657
235015,해고무효확인[부당해고기간 중에 정년에 도달한 근로자에게 정년 후 기간제 근로자로 재고용되리라는 기대권이 인정되는지 여부가 문제된 사건],[대법원 2023. 6. 1. 선고 2018다275925 판결],https://www.law.go.kr/LSW/precInfoP.do?mode=0&precSeq=235015
177821,해고무효확인등,[대구고법 2015. 1. 21. 선고 2013나6064 판결 : 상고],https://www.law.go.kr/LSW/precInfoP.do?mode=0&precSeq=177821
191726,해고무효확인등,[대법원 2001. 11. 13. 선고 2001다27975 판결],https://www.law.go.kr/LSW/precInfoP.do?mode=0&precSeq=191726
146512,해고무효확인등,[대법원 2004. 1. 29. 선고 2001다6800 판결],https://www.law.go.kr/LSW/precInfoP.do?mode=0&precSeq=146512
67319,해고무효확인등,[대법원 2004. 7. 22. 선고 2002다59702 판결],https://www.law.go.kr/LSW/precInfoP.do?mode=0&precSeq=67319
67583,해고무효확인등,[대법원 2005. 6. 9. 선고 2002다70822 판결],https://www.law.go.kr/LSW/precInfoP.do?mode=0&precSeq=67583
67624,해고무효확인등,,https://www.law.go.kr/LSW/precInfoP.do?mode=0&precSeq=67624
83108,해고무효확인등,[대법원 2004. 2. 27. 선고 2003다51675 판결],https://www.law.go.kr/LSW/precInfoP.do?mode=0&precSeq=83108
146213,해고무효확인등,[대법원 2010. 6. 24. 선고 2007다31471 판결],https://www.law.go.kr/LSW/precInfoP.do?mode=0&precSeq=146213
85471,해고무효확인등,[대법원 2007. 12. 27. 선고 2007다51758 판결],https://www.law.go.kr/LSW/precInfoP.do?mode=0&precSeq=85471
125864,해고무효확인등,[대법원 2009. 2. 12. 선고 2007다62840 판결],https://www.law.go.kr/LSW/precInfoP.do?mode=0&precSeq=125864
85565,해고무효확인등,[대법원 2008. 2. 29. 선고 2007다85997 판결],https://www.law.go.kr/LSW/precInfoP.do?mode=0&precSeq=85565
142514,해고무효확인등,[대법원 2009. 9. 10. 선고 2008다21983 판결],https://www.law.go.kr/LSW/precInfoP.do?mode=0&precSeq=142514
136149,해고무효확인등,[대법원 2009. 3. 12. 선고 2008다2241 판결],https://www.law.go.kr/LSW/precInfoP.do?mode=0&precSeq=136149
134206,해고무효확인등,[대법원 2009. 2. 12. 선고 2008다70336 판결],https://www.law.go.kr/LSW/precInfoP.do?mode=0&precSeq=134206
144450,해고무효확인등,[대법원 2010. 3. 25. 선고 2009다95974 판결],https://www.law.go.kr/LSW/precInfoP.do?mode=0&precSeq=144450
144537,해고무효확인등,,https://www.law.go.kr/LSW/precInfoP.do?mode=0&precSeq=144537
186219,해고무효확인등,,https://www.law.go.kr/LSW/precInfoP.do?mode=0&precSeq=186219
192510,해고무효확인등,[대법원 2014. 5. 29. 선고 2012다98720 판결],https://www.law.go.kr/LSW/precInfoP.do?mode=0&precSeq=192510
175515,해고무효확인등,[대법원 2014. 6. 26. 선고 2013다10079 판결],https://www.law.go.kr/LSW/precInfoP.do?mode=0&precSeq=175515
184029,해고무효확인등,[대법원 2016. 7. 29. 선고 2013다47125 판결],https://www.law.go.kr/LSW/precInfoP.do?mode=0&precSeq=184029
176257,해고무효확인등,[대법원 2014. 2. 13. 선고 2013다51674 판결],https://www.law.go.kr/LSW/precInfoP.do?mode=0&precSeq=176257
180036,해고무효확인등,[대법원 2015. 4. 9. 선고 2013두11499 판결],https://www.law.go.kr/LSW/precInfoP.do?mode=0&precSeq=180036
185707,해고무효확인등,,https://www.law.go.kr/LSW/precInfoP.do?mode=0&precSeq=185707
183591,해고무효확인등,,https://www.law.go.kr/LSW/precInfoP.do?mode=0&precSeq=183591
237021,해고무효확인등,[대법원 2022. 9. 15. 선고 2018다251486 판결],https://www.law.go.kr/LSW/precInfoP.do?mode=0&precSeq=237021
115243,해고무효확인등,,https://www.law.go.kr/LSW/precInfoP.do?mode=0&precSeq=115243
114861,해고무효확인등,[대법원 1997. 3. 11. 선고 95다46715 판결],https://www.law.go.kr/LSW/precInfoP.do?mode=0&precSeq=114861
115514,해고무효확인등,[대법원 1997. 7. 22. 선고 95다53096 판결],https://www.law.go.kr/LSW/precInfoP.do?mode=0&precSeq=115514
115452,해고무효확인등,,https://www.law.go.kr/LSW/precInfoP.do?mode=0&precSeq=115452
114991,해고무효확인등,[대법원 1997. 4. 8. 선고 96다33556 판결],https://www.law.go.kr/LSW/precInfoP.do?mode=0&precSeq=114991
114924,해고무효확인등,,https://www.law.go.kr/LSW/precInfoP.do?mode=0&precSeq=114924
115184,해고무효확인등,[대법원 1997. 5. 16. 선고 96다47074 판결],https://www.law.go.kr/LSW/precInfoP.do?mode=0&precSeq=115184
196068,해고무효확인등,[대법원 1998. 1. 20. 선고 96다56313 판결],https://www.law.go.kr/LSW/precInfoP.do?mode=0&precSeq=196068
115334,해고무효확인등,[대법원 1997. 6. 13. 선고 97다13627 판결],https://www.law.go.kr/LSW/precInfoP.do?mode=0&precSeq=115334
116619,해고무효확인등,,https://www.law.go.kr/LSW/precInfoP.do?mode=0&precSeq=116619
115086,해고무효확인등,[대법원 1997. 4. 25. 선고 97다6926 판결],https://www.law.go.kr/LSW/precInfoP.do?mode=0&precSeq=115086
115199,해고무효확인등,[대법원 1997. 5. 23. 선고 97다9239 판결],https://www.law.go.kr/LSW/precInfoP.do?mode=0&precSeq=115199
229295,해고무효확인등,,https://www.law.go.kr/LSW/precInfoP.do?mode=0&precSeq=229295
118207,해고무효확인등,[대법원 1999. 11. 12. 선고 99다30473 판결],https://www.law.go.kr/LSW/precInfoP.do?mode=0&precSeq=118207
190374,해고무효확인등,[대법원 1999. 12. 21. 선고 99다53865 판결],https://www.law.go.kr/LSW/precInfoP.do?mode=0&precSeq=190374
117815,해고무효확인등,[대법원 1999. 6. 25. 선고 99다8377 판결],https://www.law.go.kr/LSW/precInfoP.do?mode=0&precSeq=117815
70593,해고무효확인등,[대전지법 2006. 11. 1. 선고 2006가합5370 판결 : 확정],https://www.law.go.kr/LSW/precInfoP.do?mode=0&precSeq=70593
71457,해고무효확인등,[부산고법 2001. 10. 17. 선고 2001나2914 판결：확정],https://www.law.go.kr/LSW/precInfoP.do?mode=0&precSeq=71457
186656,해고무효확인등,[부산고법 2012. 6. 20. 선고 2011나6946 판결 : 상고],https://www.law.go.kr/LSW/precInfoP.do?mode=0&precSeq=186656
78710,해고무효확인등,[서울고등법원 2007. 6. 22. 선고 2006나30305 판결],https://www.law.go.kr/LSW/precInfoP.do?mode=0&precSeq=78710
78830,해고무효확인등,[서울고등법원 2007. 11. 16. 선고 2007나6064 판결],https://www.law.go.kr/LSW/precInfoP.do?mode=0&precSeq=78830
71645,해고무효확인등,,https://www.law.go.kr/LSW/precInfoP.do?mode=0&precSeq=71645
169182,해고무효확인등,[서울고법 2013. 3. 13. 선고 2012나59376 판결 : 확정],https://www.law.go.kr/LSW/precInfoP.do?mode=0&precSeq=169182
153155,해고무효확인등,,https://www.law.go.kr/LSW/precInfoP.do?mode=0&precSeq=153155
128271,해고무효확인등,[서울중앙지방법원 2006. 12. 22. 선고 2006가합42011 판결],https://www.law.go.kr/LSW/precInfoP.do?mode=0&precSeq=128271
70480,해고무효확인등,[서울중앙지법 2006. 7. 14. 선고 2006가합17954 판결 : 확정],https://www.law.go.kr/LSW/precInfoP.do?mode=0&precSeq=70480
125075,해고무효확인등,[울산지법 2008. 10. 15. 선고 2007가합6358 판결 : 항소],https://www.law.go.kr/LSW/precInfoP.do?mode=0&precSeq=125075
141558,해고무효확인등·부당이득반환,"[서울중앙지법 2009. 3. 27. 선고 2008가합61153,98711 판결 : 항소]",https://www.law.go.kr/LSW/precInfoP.do?mode=0&precSeq=141558
177709,해고무효확인등·해고무효확인,"[대법원 2014. 11. 13. 선고 2014다20875,20882 판결]",https://www.law.go.kr/LSW/precInfoP.do?mode=0&precSeq=177709
226871,해고무효확인등청구의소,,https://www.law.go.kr/LSW/precInfoP.do?mode=0&precSeq=226871
208478,해고무효확인및임금,[대구지법 2019. 6. 13. 선고 2018가합972 판결 : 확정],https://www.law.go.kr/LSW/precInfoP.do?mode=0&precSeq=208478
84831,해고무효확인및임금,[대법원 2006. 11. 23. 선고 2006다48069 판결],https://www.law.go.kr/LSW/precInfoP.do?mode=0&precSeq=84831
68325,해고무효확인및임금,[대법원 2006. 11. 23. 선고 2006다49901 판결],https://www.law.go.kr/LSW/precInfoP.do?mode=0&precSeq=68325
177447,해고무효확인및임금,[대법원 2014. 8. 26. 선고 2014다28305 판결],https://www.law.go.kr/LSW/precInfoP.do?mode=0&precSeq=177447
234265,해고무효확인및임금,[서울고법 2023. 1. 18. 선고 2021나2045702 판결 : 확정],https://www.law.go.kr/LSW/precInfoP.do?mode=0&precSeq=234265
117421,해고무효확인및임금청구,[대법원 1999. 2. 23. 선고 98다12157 판결],https://www.law.go.kr/LSW/precInfoP.do?mode=0&precSeq=117421
194538,해고무효확인및직원지위확인등,[대법원 2003. 5. 30. 선고 2002다23826 판결],https://www.law.go.kr/LSW/precInfoP.do?mode=0&precSeq=194538
117240,해임무효확인,,https://www.law.go.kr/LSW/precInfoP.do?mode=0&precSeq=117240
67546,해임처분취소,[대법원 2005. 4. 29. 선고 2004두10852 판결],https://www.law.go.kr/LSW/precInfoP.do?mode=0&precSeq=67546
69677,해임처분취소,,https://www.law.go.kr/LSW/precInfoP.do?mode=0&precSeq=69677
373656,행정부,[전주지방법원 2010구합365],https://www.law.go.kr/LSW/precInfoP.do?mode=0&precSeq=373656
374808,행정처분(반려처분)취소,[서울고등법원 2010누32572],https://www.law.go.kr/LSW/precInfoP.do?mode=0&precSeq=374808
392920,행정처분변경청구,[수원지방법원 2015구단32692],https://www.law.go.kr/LSW/precInfoP.do?mode=0&precSeq=392920
151848,행정처분취소,,https://www.law.go.kr/LSW/precInfoP.do?mode=0&precSeq=151848
98580,행정처분취소,,https://www.law.go.kr/LSW/precInfoP.do?mode=0&precSeq=98580
102496,행정처분취소,,https://www.law.go.kr/LSW/precInfoP.do?mode=0&precSeq=102496
226381,호봉재획정거부처분취소[공무원들이 임용 전 민간경력에 관한 호봉재획정거부처분의 취소를 구하는 사건],[대법원 2020. 6. 4. 선고 2020두32012 판결],https://www.law.go.kr/LSW/precInfoP.do?mode=0&precSeq=226381
600585,호봉정정등,[대법원 2024. 7. 11. 선고 2021다251295 판결],https://www.law.go.kr/LSW/precInfoP.do?mode=0&precSeq=600585
223345,확약서무효확인의소·손해배상(기),"[대법원 2022. 6. 30. 선고 2019다246696, 246702 판결]",https://www.law.go.kr/LSW/precInfoP.do?mode=0&precSeq=223345
399976,확정보험료 부과처분취소,[대전지방법원 2017구단100378],https://www.law.go.kr/LSW/precInfoP.do?mode=0&precSeq=399976
142493,확정보험료및개산보험료경정청구거부처분취소,[대법원 2009. 9. 10. 선고 2008두2927 판결],https://www.law.go.kr/LSW/precInfoP.do?mode=0&precSeq=142493
361496,확정보험료및개산보험료경정청구에대한거부처분취소의소,"본 컨텐츠는
 근로복지공단 산재판례 에서 수집한 데이터로, 관련 문의는 해당 기관으로 부탁드립니다.",https://www.law.go.kr/LSW/precInfoP.do?mode=0&precSeq=361496
365180,확정보험료부담금조사징수처분통지취소,[서울행정법원 2008구합4626],https://www.law.go.kr/LSW/precInfoP.do?mode=0&precSeq=365180
117933,휴가일수계산착오취소,[대법원 1999. 7. 23. 선고 97누10857 판결],https://www.law.go.kr/LSW/precInfoP.do?mode=0&precSeq=117933
371856,휴업급여 부지급 처분취소청구,[서울행정법원 2010구단16021],https://www.law.go.kr/LSW/precInfoP.do?mode=0&precSeq=371856
393380,휴업급여 일부 부지급 처분 취소,[서울행정법원 2015구단58167],https://www.law.go.kr/LSW/precInfoP.do?mode=0&precSeq=393380
398126,휴업급여 일부 부지급 처분 취소 청구의 소,[수원지방법원 2016구합65245],https://www.law.go.kr/LSW/precInfoP.do?mode=0&precSeq=398126
415812,휴업급여 일부 부지급 처분 취소청구,"본 컨텐츠는
 근로복지공단 산재판례 에서 수집한 데이터로, 관련 문의는 해당 기관으로 부탁드립니다.",https://www.law.go.kr/LSW/precInfoP.do?mode=0&precSeq=415812
396896,휴업급여 일부 부지급 처분취소,"본 컨텐츠는
 근로복지공단 산재판례 에서 수집한 데이터로, 관련 문의는 해당 기관으로 부탁드립니다.",https://www.law.go.kr/LSW/precInfoP.do?mode=0&precSeq=396896
381440,휴업급여(장애급여)불지급처분취소,[서울행정법원 2012구단7618],https://www.law.go.kr/LSW/precInfoP.do?mode=0&precSeq=381440
361494,휴업급여등부지급처분취소,[창원지방법원 2005구단1689],https://www.law.go.kr/LSW/precInfoP.do?mode=0&precSeq=361494
361492,휴업급여등부지급처분취소청구,[창원지방법원 2005구단1603],https://www.law.go.kr/LSW/precInfoP.do?mode=0&precSeq=361492
362740,휴업급여및장해급여일부부지급처분취소,"본 컨텐츠는
 근로복지공단 산재판례 에서 수집한 데이터로, 관련 문의는 해당 기관으로 부탁드립니다.",https://www.law.go.kr/LSW/precInfoP.do?mode=0&precSeq=362740
361940,휴업급여반려처분취소,"본 컨텐츠는
 근로복지공단 산재판례 에서 수집한 데이터로, 관련 문의는 해당 기관으로 부탁드립니다.",https://www.law.go.kr/LSW/precInfoP.do?mode=0&precSeq=361940
389182,휴업급여부당이득징수결정처분취소,[서울행정법원 2014구단51794],https://www.law.go.kr/LSW/precInfoP.do?mode=0&precSeq=389182
363470,휴업급여부지급결정처분취소,"본 컨텐츠는
 근로복지공단 산재판례 에서 수집한 데이터로, 관련 문의는 해당 기관으로 부탁드립니다.",https://www.law.go.kr/LSW/precInfoP.do?mode=0&precSeq=363470
362608,휴업급여부지급처분및부당이득결정처분취소,"본 컨텐츠는
 근로복지공단 산재판례 에서 수집한 데이터로, 관련 문의는 해당 기관으로 부탁드립니다.",https://www.law.go.kr/LSW/precInfoP.do?mode=0&precSeq=362608
396540,휴업급여부지급처분취소,[광주지방법원 2016구단11479],https://www.law.go.kr/LSW/precInfoP.do?mode=0&precSeq=396540
136141,휴업급여부지급처분취소,,https://www.law.go.kr/LSW/precInfoP.do?mode=0&precSeq=136141
185272,휴업급여부지급처분취소,[대법원 2017. 6. 19. 선고 2017두36618 판결],https://www.law.go.kr/LSW/precInfoP.do?mode=0&precSeq=185272
64506,휴업급여부지급처분취소,,https://www.law.go.kr/LSW/precInfoP.do?mode=0&precSeq=64506
390574,휴업급여부지급처분취소,[서울고등법원 2014누1415],https://www.law.go.kr/LSW/precInfoP.do?mode=0&precSeq=390574
391344,휴업급여부지급처분취소,[서울고등법원 2014누60384],https://www.law.go.kr/LSW/precInfoP.do?mode=0&precSeq=391344
391396,휴업급여부지급처분취소,[서울고등법원 2014누61592],https://www.law.go.kr/LSW/precInfoP.do?mode=0&precSeq=391396
395488,휴업급여부지급처분취소,[서울고등법원 2015누56702],https://www.law.go.kr/LSW/precInfoP.do?mode=0&precSeq=395488
64530,휴업급여부지급처분취소,,https://www.law.go.kr/LSW/precInfoP.do?mode=0&precSeq=64530
363766,휴업급여부지급처분취소,[서울행정법원 2008구단184],https://www.law.go.kr/LSW/precInfoP.do?mode=0&precSeq=363766
372352,휴업급여부지급처분취소,[서울행정법원 2010구단25124],https://www.law.go.kr/LSW/precInfoP.do?mode=0&precSeq=372352
380468,휴업급여부지급처분취소,[서울행정법원 2012구단13729],https://www.law.go.kr/LSW/precInfoP.do?mode=0&precSeq=380468
393450,휴업급여부지급처분취소,[서울행정법원 2015구단59283],https://www.law.go.kr/LSW/precInfoP.do?mode=0&precSeq=393450
396816,휴업급여부지급처분취소,[서울행정법원 2016구단25102],https://www.law.go.kr/LSW/precInfoP.do?mode=0&precSeq=396816
396982,휴업급여부지급처분취소,[서울행정법원 2016구단50627],https://www.law.go.kr/LSW/precInfoP.do?mode=0&precSeq=396982
397112,휴업급여부지급처분취소,[서울행정법원 2016구단53503],https://www.law.go.kr/LSW/precInfoP.do?mode=0&precSeq=397112
397132,휴업급여부지급처분취소,[서울행정법원 2016구단53923],https://www.law.go.kr/LSW/precInfoP.do?mode=0&precSeq=397132
397316,휴업급여부지급처분취소,[서울행정법원 2016구단59303],https://www.law.go.kr/LSW/precInfoP.do?mode=0&precSeq=397316
400766,휴업급여부지급처분취소,[서울행정법원 2017구단60331],https://www.law.go.kr/LSW/precInfoP.do?mode=0&precSeq=400766
407376,휴업급여부지급처분취소,[서울행정법원 2019구단58028],https://www.law.go.kr/LSW/precInfoP.do?mode=0&precSeq=407376
380800,휴업급여불승인처분취소,[서울행정법원 2012구단20581],https://www.law.go.kr/LSW/precInfoP.do?mode=0&precSeq=380800
365254,휴업급여불승인처분취소,[전주지방법원 2008구합546],https://www.law.go.kr/LSW/precInfoP.do?mode=0&precSeq=365254
393708,휴업급여불승인처분취소,[창원지방법원 2015구단753],https://www.law.go.kr/LSW/precInfoP.do?mode=0&precSeq=393708
361586,휴업급여일부부지급결정처분등취소청구의소,[서울행정법원 2006구단3189],https://www.law.go.kr/LSW/precInfoP.do?mode=0&precSeq=361586
391334,휴업급여일부부지급처분취소,[서울고등법원 2014누60162],https://www.law.go.kr/LSW/precInfoP.do?mode=0&precSeq=391334
391740,휴업급여일부부지급처분취소,[서울고등법원 2014누7635],https://www.law.go.kr/LSW/precInfoP.do?mode=0&precSeq=391740
395690,휴업급여일부부지급처분취소,"본 컨텐츠는
 근로복지공단 산재판례 에서 수집한 데이터로, 관련 문의는 해당 기관으로 부탁드립니다.",https://www.law.go.kr/LSW/precInfoP.do?mode=0&precSeq=395690
372842,휴업급여일부부지급처분취소,[서울행정법원 2010구단5908],https://www.law.go.kr/LSW/precInfoP.do?mode=0&precSeq=372842
380478,휴업급여일부부지급처분취소,[서울행정법원 2012구단13811],https://www.law.go.kr/LSW/precInfoP.do?mode=0&precSeq=380478
400426,휴업급여일부부지급처분취소,[서울행정법원 2017구단36567],https://www.law.go.kr/LSW/precInfoP.do?mode=0&precSeq=400426
406820,휴업급여일부부지급처분취소,[서울행정법원 2019구단16116],https://www.law.go.kr/LSW/precInfoP.do?mode=0&precSeq=406820
415818,휴업급여일부부지급처분취소,"본 컨텐츠는
 근로복지공단 산재판례 에서 수집한 데이터로, 관련 문의는 해당 기관으로 부탁드립니다.",https://www.law.go.kr/LSW/precInfoP.do?mode=0&precSeq=415818
105345,휴업급여지급처분취소,,https://www.law.go.kr/LSW/precInfoP.do?mode=0&precSeq=105345
398526,휴업급여차액부지급처분취소,[부산고등법원창원재판부 2016누10995],https://www.law.go.kr/LSW/precInfoP.do?mode=0&precSeq=398526
397648,휴업급여차액부지급처분취소,[창원지방법원 2016구단95],https://www.law.go.kr/LSW/precInfoP.do?mode=0&precSeq=397648
386046,휴업급여청구서불승인처분취소,[인천지방법원 2013구합2765],https://www.law.go.kr/LSW/precInfoP.do?mode=0&precSeq=386046
361564,휴업급여청구에대한결정취소,[부산지방법원 2006구단1689],https://www.law.go.kr/LSW/precInfoP.do?mode=0&precSeq=361564
127984,휴업급여청구에대한반려처분취소,[대법원 2008. 12. 24. 선고 2007두10945 판결],https://www.law.go.kr/LSW/precInfoP.do?mode=0&precSeq=127984
369518,휴업급여회수처분취소,[서울고등법원 2009누17089],https://www.law.go.kr/LSW/precInfoP.do?mode=0&precSeq=369518
363770,휴업급여회수처분취소,[서울행정법원 2008구단1842],https://www.law.go.kr/LSW/precInfoP.do?mode=0&precSeq=363770
